id,x,y,final_sf,dist_closest_gw,packets_sent,packets_success
0,63.245553203367585,0.0,12,63.245553203367585,1330,0
1,-80.77471354515447,73.99625430856781,12,109.54451150103323,1333,0
2,12.363864559502138,-140.87985964343622,12,141.4213562373095,1333,0
3,101.81129471418758,132.79480512663454,12,167.33200530681512,1337,0
4,-186.8362473767714,-33.04870142934326,12,189.73665961010275,1334,0
5,176.98760377793138,-112.58502613112441,12,209.76176963403032,1335,0
6,-59.19888973972419,220.21691909020973,12,228.0350850198276,1335,0
7,-112.89870294121106,-217.37958246852938,12,244.9489742783178,1338,0
8,244.94502617017045,89.4535306988748,12,260.768096208106,1333,0
9,-254.824484191629,105.18784272181945,12,275.68097504180446,1333,0
10,122.84223993205634,-262.5067315107845,12,289.8275349237888,1334,0
11,90.7772906599952,289.41230709911207,12,303.31501776206204,1331,0
12,-273.6038079929897,-158.55899927703643,12,316.22776601683796,1334,0
13,320.9684115509767,-70.56400489231606,12,328.63353450309967,1332,0
14,-195.88202518470624,278.6220239132903,12,340.58772731852804,1336,0
15,-45.25328360112689,-349.2164662831865,12,352.1363372331801,1331,0
16,277.8107762223337,234.13921631103253,12,363.31804249169903,1336,0
17,-373.8462213442385,15.459714959685131,12,374.1657386773942,1335,0
18,272.69212036671496,-271.3650815597045,12,384.7076812334269,1336,0
19,-18.244159333265944,394.546766112995,12,394.96835316262997,1340,0
20,-259.4674279831237,-310.92869570984044,12,404.96913462633177,1336,0
21,411.02505508436303,55.30283982668808,12,414.7288270665544,1333,0
22,-348.26069787725396,242.31072265594858,12,424.26406871192853,1335,0
23,95.16485397402829,-423.01731710191467,12,433.5896677735759,1333,0
24,220.11135635520097,384.1236660288894,12,442.7188724235731,1331,0
25,-430.2966414642805,-137.27636484318907,12,451.66359162544853,1331,0
26,417.9784268948105,-193.11663483641044,12,460.4345773288535,1331,0
27,-181.07869842262465,432.67829270436965,12,469.041575982343,1328,0
28,-161.60874843220628,-449.3134901493342,12,477.4934554525329,1333,0
29,430.02353454350987,226.00831785292056,12,485.7983120596448,1333,0
30,-477.64794755170317,125.90646607559681,12,493.9635614091387,1335,0
31,271.49838991513747,-422.24237621712956,12,501.9960159204453,1334,0
32,86.36524087349,502.53462086593015,12,509.9019513592786,1330,0
33,-409.295469404144,-316.98141700301835,12,517.6871642217914,1328,0
34,523.5632815752956,-43.37614766329248,12,525.3570214625479,1337,0
35,-361.8925911001279,391.1952869179734,12,532.9165037789691,1328,0
36,2.6360758183993527,-540.3638136517651,12,540.3702434442517,1328,0
37,368.0066619833415,405.6736332766508,12,547.722557505166,1336,0
38,-552.6092219901121,-51.215698486723646,12,554.9774770204643,1330,0
39,447.77694712591807,-339.8467384315948,12,562.1387729022078,1341,0
40,-101.87924155858674,560.0184105361601,12,569.2099788303083,1329,0
41,-306.8843668602858,-487.66995537634,12,576.1944116355173,1336,0
42,562.358669553511,154.11919665637066,12,583.0951894845301,1329,0
43,-524.8395155194864,269.3389740629281,12,589.915248150105,1334,0
44,207.4081318296481,-559.4478231711474,12,596.657355607052,1340,0
45,227.4789297159178,558.7963283122936,12,603.3241251599343,1331,0
46,-551.155997706169,-261.20311290740307,12,609.9180272790763,1335,0
47,589.0792657456859,-181.61943362020364,12,616.4414002968977,1330,0
48,-314.9503751604914,537.4069791008169,12,622.8964600958976,1335,0
49,-132.11994767450796,-615.2595545186481,12,629.285308902091,1332,0
50,518.1791346731984,368.09018513040434,12,635.6099432828282,1332,0
51,-636.94475844906,79.38119855651281,12,641.8722614352484,1333,0
52,420.0618357204235,-493.5058805842013,12,648.074069840786,1330,0
53,23.84177939798979,653.7825093677083,12,654.217089351845,1334,0
54,-463.475682173999,-470.3087199205925,12,660.3029607687672,1336,0
55,665.4639413758789,34.02561870827318,12,666.3332499583073,1336,0
56,-518.2834302839859,428.2315797475295,12,672.3094525588645,1329,0
57,93.71831191719784,-671.7267882192809,12,678.2329983125268,1330,0
58,387.9702375643548,563.4528327768512,12,684.1052550594829,1336,0
59,-672.3581081477698,-154.70802955228868,12,689.9275324264136,1336,0
60,605.3030650801052,-342.9405187559936,12,695.7010852370435,1330,0
61,-216.4455823375044,667.1966051221922,12,701.4271166700072,1339,0
62,-293.44159367221323,-643.3444109519502,12,707.1067811865476,1333,0
63,656.1345196776873,278.3657523606858,12,712.7411872482186,1335,0
64,-677.1160039564612,239.8205937488139,12,718.3313998427188,1335,0
65,339.89236228166476,-639.1190672031227,12,723.8784428341544,1333,0
66,182.46982738801412,706.1903157740046,12,729.3833011524188,1332,0
67,-616.1534058722177,-400.4434796972804,12,734.8469228349535,1334,0
68,730.1773864708915,-121.82357853280416,12,740.2702209328698,1330,0
69,-459.4367113126202,587.2971209688023,12,745.6540752922899,1341,0
70,-58.35451258161959,-748.728756534275,12,750.9993342207435,1331,0
71,552.6662168809,516.2945406631314,12,756.3068160475614,1332,0
72,-761.5410631801288,-7.430281991889917,12,761.5773105863908,1336,0
73,570.4496626024995,-512.4326125811027,12,766.8115805072325,1334,0
74,-74.99358449937313,768.3592664137886,12,772.0103626247513,1328,0
75,-466.8231409439072,-621.3502676262922,12,777.1743691090179,1334,0
76,768.9794735535543,143.77263040404674,12,782.3042886243178,1335,0
77,-668.4652293486723,416.1180567481144,12,787.4007874011811,1340,0
78,213.18395937156964,-763.251334402149,12,792.464510246358,1330,0
79,360.64906264783997,711.289149088635,12,797.4960814950755,1332,0
80,-751.0799829475199,-282.628482668597,12,802.4961059095552,1336,0
81,749.3472125529563,-300.7968667375287,12,807.465169527454,1338,0
82,-351.4967274084414,732.4275053690677,12,812.403840463596,1340,0
83,-236.9882895547714,-782.1998150178149,12,817.312669668102,1332,0
84,707.3139181901089,419.1742133463792,12,822.1921916437785,1330,0
85,-809.4469132007123,169.69294242790056,12,827.0429251254135,1331,0
86,485.0469165119606,-675.8176446218604,12,831.8653737234168,1335,0
87,99.41950295205001,830.7320641655571,12,836.6600265340754,1334,0
88,-638.0754814566036,-548.5067729426169,12,841.4273587185052,1333,0
89,845.7461140999801,-26.71161703797576,12,846.1678320522471,1338,0
90,-608.9571751620459,594.2820532530503,12,850.8818954473059,1337,0
91,47.85653960877512,-854.230502626003,12,855.5699854482975,1328,0
92,544.6887549816372,665.8184138310941,12,860.2325267042627,1334,0
93,-855.9801514299925,-123.68500457972732,12,864.8699324175861,1328,0
94,718.5330171929302,-489.6021887242992,12,869.4826047713664,1333,0
95,-200.153037587767,850.8459094009854,12,874.0709353364863,1328,0
96,-429.38210441686937,-766.5709415354463,12,878.6353054595518,1337,0
97,838.7365301199493,276.6243536681963,12,883.1760866327846,1340,0
98,-809.4345668985851,364.4388589457769,12,887.6936408468858,1340,0
99,352.45253722916294,-819.6201614166928,12,892.1883209278185,1327,0
100,295.23041212905684,846.6634536544655,12,896.6604708583957,1334,0
101,-793.5253307744521,-426.9865916153535,12,901.110426085505,1335,0
102,877.838817374052,-222.2588821876992,12,905.5385138137416,1337,0
103,-499.57657742105926,760.5414145806002,12,909.9450532861861,1336,0
104,-146.0666872153691,-902.5876815500683,12,914.3303560529968,1332,0
105,720.818583561484,569.579291751742,12,918.6947262284682,1335,0
106,-920.5866702564829,67.23230284678394,12,923.0384607371461,1329,0
107,636.3639399998265,-674.5672211632412,12,927.3618495495704,1337,0
108,-13.634330222229362,931.5654056690765,12,931.6651759081692,1335,0
109,-622.0568161123394,-699.3177514750926,12,935.9487165438073,1333,0
110,935.3094785269637,95.89671202715576,12,940.2127418834527,1342,0
111,-757.8514904167521,563.6143348719118,12,944.4575162494075,1335,0
112,178.89696271832406,-931.6629630559316,12,948.6832980505136,1330,0
113,499.6220841652738,811.4048145126746,12,952.8903399657277,1334,0
114,-920.5304515731826,-261.961233251167,12,957.0788891204318,1340,0
115,859.4514340576509,-430.5150781288008,12,961.2491872558332,1336,0
116,-344.40530288089116,901.8785879194171,12,965.4014708917737,1330,0
117,-356.7779289456581,-901.5040262900919,12,969.5359714832657,1330,0
118,875.7370829859441,425.54031710669886,12,973.6529155710468,1335,0
119,-937.1188612450024,278.9412839628975,12,977.7525249264253,1331,0
120,504.6786182385934,-842.199199888473,12,981.8350166906862,1333,0
121,197.57783627369727,965.9000976360878,12,985.9006035092989,1331,0
122,-801.4217007486852,-581.1396196862548,12,989.9494936611666,1332,0
123,987.5037098165623,-113.29793951580389,12,993.9818911831342,1331,0
124,-654.2556743985266,753.6242515453768,12,997.9979959899721,1340,0
125,-26.744861170459775,-1001.6410097439964,12,1001.9980039900279,1335,0
126,699.088286049484,723.3778876274798,12,1005.9821071967433,1334,0
127,-1008.0817310695955,-61.41028809350846,12,1009.9504938362078,1332,0
128,787.8818243522875,-638.1553344251785,12,1013.9033484509262,1339,0
129,-150.47390852243242,1006.6566459592777,12,1017.8408519999577,1329,0
130,-571.224826623783,-847.1730622774954,12,1021.7631819555842,1335,0
131,997.2596890058,239.73550568085415,12,1025.6705123966467,1330,0
132,-900.692542314203,498.7513851806105,12,1029.5630140987,1334,0
133,328.47347971764145,-979.8495665775357,12,1033.4408546211052,1330,0
134,421.2416264092687,947.9216698546744,12,1037.3041983911953,1335,0
135,-954.4508341381433,-415.96106213563144,12,1041.1532067856297,1329,0
136,988.3871219510909,-339.25049323654633,12,1044.9880382090507,1339,0
137,-501.4723511690431,921.1544284282586,12,1048.8088481701514,1334,0
138,-253.37714699769492,-1021.6653176942579,12,1052.6157893552615,1336,0
139,880.1176458899198,584.2883957372297,12,1056.4090116995405,1336,0
140,-1047.386511641623,164.2604493820482,12,1060.1886624558858,1337,0
141,663.7032772194135,-831.5635633000103,12,1063.954886261631,1329,0
142,72.57406934942746,1065.238473046324,12,1067.707825203131,1328,0
143,-775.7799012224949,-739.0301379911482,12,1071.4476188783096,1335,0
144,1074.969716867675,20.97874680313814,12,1075.1744044572488,1333,0
145,-809.6071057820952,713.1173355536516,12,1078.8883167408942,1336,0
146,115.67070098415897,-1076.3922560729582,12,1082.5894882179484,1335,0
147,643.9872670781767,874.8030634612461,12,1086.2780491200215,1328,0
148,-1069.383848543217,-210.75622048921352,12,1089.954127475097,1331,0
149,934.0232148213223,-568.8590635428443,12,1093.6178491593853,1342,0
150,-305.47744046690775,1053.8897159408032,12,1097.2693379476161,1336,0
151,-488.25679324556796,-986.7143983187609,12,1100.9087155618306,1335,0
152,1029.9237161522378,399.07034330699736,12,1104.5361017187263,1342,0
153,-1032.3701025158534,402.75547349652027,12,1108.1516141756056,1330,0
154,490.7710049695632,-997.5689553515411,12,1111.7553687749837,1331,0
155,312.9768614964449,1070.5351391560368,12,1115.3474794878948,1328,0
156,-956.9778303010481,-579.8218970617602,12,1118.9280584559492,1329,0
157,1100.80993236541,-219.5848191602999,12,1122.4972160321825,1334,0
158,-665.4781926741422,908.3714961815772,12,1126.0550608207398,1330,0
159,-123.2802871579637,-1122.8543853938718,12,1129.601699715435,1337,0
160,852.0387599835324,747.0140236205237,12,1133.1372379372235,1333,0
161,-1136.3912895654478,24.79590691583317,12,1136.6617790706257,1333,0
162,823.7286367888212,-788.3344042562333,12,1140.175425099138,1332,0
163,-75.10966750620618,1141.2092436740543,12,1143.6782764396637,1331,0
164,-717.6769507652672,-894.9523978068713,12,1147.170431975999,1335,0
165,1137.1650559102434,175.657722906375,12,1150.651989091402,1339,0
166,-960.0525911548077,640.5458783076663,12,1154.1230437002807,1329,0
167,276.0556585575259,-1124.1856045059335,12,1157.5836902790227,1328,0
168,557.4783135432812,1018.4389672086094,12,1161.0340218959993,1339,0
169,-1102.2691376051018,-375.50332659419314,12,1164.474130240771,1330,0
170,1069.5689884690728,-469.065218178927,12,1167.9041056525145,1337,0
171,-473.199490098686,1071.4859973748346,12,1171.324037147706,1334,0
172,-375.94710015425704,-1112.952729403008,12,1174.7340124470732,1333,0
173,1031.9787580256495,568.3483465128032,12,1178.134118001851,1337,0
174,-1148.1573868857581,278.80928058381977,12,1181.524439019354,1339,0
175,660.1660631195707,-983.961772176748,12,1184.9050594878897,1330,0
176,178.37675208071133,1174.8113611627768,12,1188.2760622010358,1335,0
177,-927.7201248405311,-747.8872708943973,12,1191.6375287812984,1333,0
178,1192.6078705250025,-75.40866768361924,12,1194.9895397031723,1337,0
179,-830.7714630176002,863.6079991730021,12,1198.3321743156193,1334,0
180,29.30749709533222,-1201.3080664900272,12,1201.6655108639843,1337,0
181,792.0464630022553,908.1092447748879,12,1204.9896265113657,1327,0
182,-1200.7436201718392,-134.9620636202112,12,1208.3045973594571,1331,0
183,979.2283824471282,-713.5206899662969,12,1211.6104984688766,1341,0
184,-240.7295027890924,1190.8187546755034,12,1214.9074038789954,1328,0
185,-628.5766338241949,-1043.499600100663,12,1218.1953866272847,1334,0
186,1171.5117027367123,345.7749706831444,12,1221.4745187681979,1328,0
187,-1100.3420749259126,537.8171791117661,12,1224.7448713915892,1334,0
188,449.2609750625304,-1142.875573405025,12,1228.0065146407003,1332,0
189,441.8977957563616,1149.2285839230021,12,1231.2595177297108,1325,0
190,-1105.0386163071755,-550.3541191541339,12,1234.5039489608769,1327,0
191,1189.6902572830245,-341.5217295075837,12,1237.7398757412643,1335,0
192,-648.2318681961681,1058.2038768852183,12,1240.9673645990858,1330,0
193,-237.43476404634822,-1221.3208967434623,12,1244.1864811996631,1325,0
194,1002.6482409439636,742.0892836660395,12,1247.397290361014,1333,0
195,-1243.780820484308,130.41959436902766,12,1250.5998560690787,1323,0
196,831.1456700248464,-938.7208718245003,12,1253.7942414925985,1329,0
197,21.289854477105123,1256.8001997518713,12,1256.9805089976535,1337,0
198,-866.8410485021176,-914.6510791726805,12,1260.158720161869,1337,0
199,1260.1818563236106,89.11615449950241,12,1263.3289357883007,1330,0
200,-991.8926186150933,787.4954178513633,12,1266.4912159190053,1339,0
201,199.94198687382524,-1253.8034941269495,12,1269.6456198483106,1329,0
202,701.234679183429,1062.2005105960518,12,1272.7922061357854,1338,0
203,-1237.6193427672251,-310.31977443988507,12,1275.9310326189263,1333,0
204,1124.9538511433211,-608.6697239043605,12,1279.0621564255584,1332,0
205,-419.3770947953997,1211.6611953681484,12,1282.1856339859685,1329,0
206,-510.46725772622364,-1179.5860200890263,12,1285.30152104477,1330,0
207,1176.0388279462743,526.2439312360319,12,1288.4098726725126,1329,0
208,-1225.5896956555855,407.34493724956104,12,1291.510743277035,1329,0
209,630.0596684137752,-1130.9397924904417,12,1294.6041866145806,1331,0
210,300.06605688744344,1262.5214301167412,12,1297.6902558006666,1330,0
211,-1076.628580958295,-729.9800673057641,12,1300.769003320728,1334,0
212,1290.0057463333135,-189.43382598424947,12,1303.8404810405298,1333,0
213,-825.1841628489851,1013.4451624943597,12,1306.904740216363,1328,0
214,-76.28527956304772,-1307.7387185986304,12,1309.9618315050252,1337,0
215,941.8029012765354,914.8810278648805,12,1313.0118049735881,1335,0
216,-1315.491005181561,-38.51513061650704,12,1316.0547101089683,1334,0
217,998.316347625811,-862.1858674688774,12,1319.0905958272917,1333,0
218,-154.08221512056923,1313.1103041951724,12,1322.1195104830724,1328,0
219,-775.1455587568638,-1074.7787505991685,12,1325.1415018781956,1327,0
220,1300.523208913268,269.51694395331896,12,1328.1566172707194,1333,0
221,-1143.6058425372803,681.2970548260115,12,1331.164903383499,1336,0
222,383.91350755549513,-1277.7364433702423,12,1334.1664064126333,1332,0
223,581.314631875555,1204.1898931511541,12,1337.1611720357423,1326,0
224,-1244.8374639747228,-496.3664858599751,12,1340.1492454200763,1327,0
225,1255.9831270989646,-475.9268687967786,12,1343.1306712304652,1333,0
226,-605.9780683522723,1201.9944179055278,12,1346.1054936371072,1334,0
227,-365.91128095278117,-1298.502573917932,12,1349.073756323204,1325,0
228,1149.4554541995512,711.8652673160167,12,1352.0355024924459,1331,0
229,-1331.3344348094295,252.08852153689475,12,1354.990774876346,1333,0
230,813.1670661392071,-1087.5473886440784,12,1357.9396157414362,1334,0
231,135.3161942267846,1354.1379278271393,12,1360.8820668963199,1338,0
232,-1016.6737288091485,-909.0514447209804,12,1363.8181696985855,1338,0
233,1366.6485769893727,-16.482324257292564,12,1366.747965061591,1335,0
234,-998.7222246528647,937.3120707557504,12,1369.6714934611146,1337,0
235,103.50146191635609,-1368.6809151081113,12,1372.588794941879,1329,0
236,850.0108840944407,1081.42567794601,12,1375.499909123952,1332,0
237,-1360.1305746676533,-223.70699554157645,12,1378.404875209022,1333,0
238,1156.456844640087,-755.3857070961128,12,1381.303731986561,1332,0
239,-343.19680800338335,1340.9757458568326,12,1384.196517839862,1333,0
240,-654.114778443441,-1223.165506635095,12,1387.0832707519762,1334,0
241,1311.2779858262174,461.031499886438,12,1389.9640283115243,1334,0
242,-1280.9617675353904,546.9341369055395,12,1392.8388277184115,1332,0
243,576.2771784131041,-1271.1823683642845,12,1395.707705789432,1334,0
244,434.6322246888374,1329.3211911581157,12,1398.570698963767,1334,0
245,-1220.9169684247154,-688.0129041032602,12,1401.4278433083878,1331,0
246,1367.789454619244,-318.0440344235234,12,1404.279174523357,1331,0
247,-795.338087069706,1160.7916812487508,12,1407.1247279470292,1331,0
248,-198.04484365276025,-1395.9864755442848,12,1409.9645385611655,1331,0
249,1091.1963811695775,897.3797734083479,12,1412.7986409959487,1335,0
250,-1413.60997692996,75.5435842681442,12,1415.6270695349112,1327,0
251,993.2997626669624,-1012.5984305171306,12,1418.4498581197715,1334,0
252,-48.52410245084207,1420.4384574775986,12,1421.2670403551895,1332,0
253,-925.5395543184416,-1082.3014983783496,12,1424.0786495134319,1328,0
254,1416.3335397955725,173.20307171105028,12,1426.8847185389575,1333,0
255,-1163.6366751174578,830.6321016681142,12,1429.6852800529214,1334,0
256,297.52608610097985,-1401.2416736913847,12,1432.4803663575988,1336,0
257,728.5547196834069,1236.6115074780087,12,1435.2700094407326,1332,0
258,-1375.1951768064848,-420.52137364012884,12,1438.054240979804,1332,0
259,1300.5926087490518,-620.0474708176265,12,1440.83309234623,1331,0
260,-541.2202735946532,1338.31260004908,12,1443.606594609487,1338,0
261,-505.9064289440945,-1355.012429888757,12,1446.3747785411636,1334,0
262,1290.79841061118,658.6649096191868,12,1449.137674618944,1335,0
263,-1399.374212621111,386.97779400250704,12,1451.895313030523,1333,0
264,771.9158292112779,-1232.9419907737206,12,1454.6477236774545,1331,0
265,264.15156908364236,1433.25641409716,12,1457.3949361789341,1334,0
266,-1165.115956164721,-880.0595483774766,12,1460.1369798755184,1331,0
267,1456.3165645388842,-138.3548475828093,12,1462.8738838327795,1329,0
268,-982.2159408117545,1087.773802596514,12,1465.605676844901,1340,0
269,-10.544761445489415,-1468.2945235905697,12,1468.3323874382124,1332,0
270,1001.4468960252892,1077.5454117768372,12,1471.0540438746634,1334,0
271,-1469.0151057068103,-118.29885546871778,12,1473.7706741552431,1333,0
272,1165.2557982524195,-906.7408255058975,12,1476.48230602334,1335,0
273,-247.1810322914348,1458.3900497724678,12,1479.188966968048,1330,0
274,-804.3311442139294,-1244.608938762498,12,1481.8906842274164,1331,0
275,1436.4193132404348,375.0993955605339,12,1484.5874847916507,1332,0
276,-1314.9268586046744,694.9585286332151,12,1487.2793954062568,1330,0
277,501.052012696524,-1403.1916763481609,12,1489.966442575134,1333,0
278,579.4233908190233,1375.597518961046,12,1492.6486525636233,1332,0
279,-1358.8846473922736,-624.0452828774341,12,1495.3260514014996,1335,0
280,1426.0800815532657,-458.5799832057999,12,1497.9986648859208,1336,0
281,-743.1018129210184,1303.763665559635,12,1500.6665185843256,1329,0
282,-333.3300396957522,-1465.909644090122,12,1503.3296378372906,1336,0
283,1238.1806033892315,857.268215549065,12,1505.9880477613358,1332,0
284,-1494.70140571819,204.61600070392055,12,1508.6417732516888,1335,0
285,965.6227676743301,-1162.571576527212,12,1511.2908389850052,1333,0
286,73.41387341947555,1512.1542259933506,12,1513.935269422045,1333,0
287,-1077.4540739960214,-1067.2828671113275,12,1516.57508881031,1337,0
288,1518.0535455141876,59.274218272402116,12,1519.2103211866354,1332,0
289,-1161.4122273762164,983.4234276754928,12,1521.8409903797437,1331,0
290,192.42773698514463,-1512.273641256362,12,1524.4671200127602,1334,0
291,881.1486450564087,1247.2277519824738,12,1527.088733505686,1337,0
292,-1494.7791947880996,-325.01562859136595,12,1529.7058540778355,1330,0
293,1324.0060318646333,-771.367634520705,12,1532.3185047502366,1336,0
294,-456.0043511290573,1465.6261568870034,12,1534.9267083479915,1329,0
295,-654.8818573923328,-1391.089412244363,12,1537.5304875026052,1338,0
296,1424.9618975776548,584.3659730441954,12,1540.1298646542764,1329,0
297,-1447.891578377632,532.5504457449355,12,1542.7248620541513,1335,0
298,709.0862770644264,-1373.0246362243145,12,1545.3155017665486,1336,0
299,405.2838294086863,1493.9026131645364,12,1547.9018056711477,1340,0
300,-1310.1421519993448,-829.1728056047942,12,1550.4837954651446,1338,0
301,1528.6934835384345,-274.03691975193044,12,1553.061492665374,1331,0
302,-943.6627837207178,1236.7297807607229,12,1555.6349186104046,1331,0
303,-139.80190158918478,-1551.9199168488196,12,1558.2040944625962,1334,0
304,1153.2877100658638,1051.6308562471127,12,1560.7690412101335,1333,0
305,-1563.3256330804081,3.600687953835245,12,1563.3297796690242,1332,0
306,1152.1965768930938,-1060.3975896784364,12,1565.886330485071,1340,0
307,-133.52290455728973,1562.7449036738483,12,1568.4387141358122,1336,0
308,-958.7184804448442,-1244.5315886925205,12,1570.9869509324385,1337,0
309,1550.104412893544,270.51119963498974,12,1573.5310610216754,1332,0
310,-1327.86643733109,848.9821697831105,12,1576.0710643876437,1336,0
311,406.3008620123394,-1525.4244030852626,12,1578.6069808536893,1336,0
312,731.9878871956022,1401.496961466174,12,1581.1388300841897,1332,0
313,-1488.819090738573,-539.8311912555339,12,1583.6666315863324,1333,0
314,1464.790207207735,-608.5964581463824,12,1586.1904047118683,1336,0
315,-670.0524436473095,1440.4963459732444,12,1588.71016865884,1336,0
316,-479.7239392936222,-1517.1898174152793,12,1591.2259424732868,1328,0
317,1380.756633859781,795.9341166530094,12,1593.7377450509225,1332,0
318,-1558.220850361232,346.33478239922675,12,1596.2455951387933,1325,0
319,916.4731304098773,-1309.9912218166658,12,1598.7495113369075,1335,0
320,209.43457821570766,1587.4939865862827,12,1601.2495120998476,1332,0
321,-1228.6796631545049,-1030.7018411502588,12,1603.7456157383567,1341,0
322,1604.7090873949949,-70.06243524116525,12,1606.237840420901,1330,0
323,-1137.6958224577702,1137.3865726137872,12,1608.7262041752165,1333,0
324,70.7169485933026,-1609.658073375104,12,1611.2107248898265,1340,0
325,1036.7577154223045,1236.5813517566583,12,1613.6914203155447,1342,0
326,-1602.2270965338275,-211.8214605104521,12,1616.1683080669538,1330,0
327,1326.542541439001,-927.5154369349093,12,1618.6414056238643,1333,0
328,-352.1599306938695,1582.397985088988,12,1621.1107303327556,1334,0
329,-810.4534652676351,-1406.8280565284738,12,1623.5762994081924,1337,0
330,1550.2489455897653,490.640608488353,12,1626.0381299342278,1334,0
331,-1476.7573637455691,686.4311244569534,12,1628.4962388657827,1325,0
332,626.1796908989256,-1505.9545128275709,12,1630.9506430300091,1331,0
333,556.367000521687,1535.7264602560253,12,1633.4013591276334,1333,0
334,-1449.784743886809,-757.7098365423661,12,1635.8484037342826,1329,0
335,1583.21303422727,-421.2321073385566,12,1638.2917933017916,1342,0
336,-884.1885979803016,1382.1036586311566,12,1640.7315441594947,1326,0
337,-282.04260343144034,-1618.7810135560696,12,1643.1676725154987,1331,0
338,1303.3669348796027,1004.6067056627434,12,1645.600194457937,1337,0
339,-1642.0844637381842,139.85211456992693,12,1648.0291259562132,1336,0
340,1117.9961375495018,-1214.1188724438787,12,1650.4544828622206,1339,0
341,-4.256279535550867,1652.8708007840528,12,1652.876280911551,1335,0
342,-1114.988646038044,-1223.4379098287945,12,1655.294535724685,1326,0
343,1650.9832903147724,149.178333217021,12,1657.7092628081684,1337,0
344,-1320.0695260304403,1006.6858727754991,12,1660.1204775557705,1337,0
345,293.7971338130311,-1636.3628094537128,12,1662.5281952496325,1335,0
346,889.9955254992173,1407.0920242085706,12,1664.9324310613931,1334,0
347,-1609.048853821401,-436.9917459358183,12,1667.3332000533067,1330,0
348,1483.776564735293,-765.7722285003109,12,1669.7305171793441,1335,0
349,-577.645933893068,1569.1797778001107,12,1672.1243972862783,1333,0
350,-634.9339772258412,-1549.47050458025,12,1674.5148551147583,1331,0
351,1516.9922622143254,714.6568941680082,12,1676.9019053003667,1327,0
352,-1603.6029077273095,498.4553283179128,12,1679.2855623746666,1338,0
353,846.9439294468054,-1452.8200096272094,12,1681.6658407662326,1338,0
354,357.3601107237349,1645.6894455709194,12,1684.0427548016708,1333,0
355,-1377.0916735338553,-973.4569958060425,12,1686.4163187066235,1329,0
356,1675.3366457095647,-212.71371263419806,12,1688.786546606764,1334,0
357,-1093.1850553368486,1290.3280337914741,12,1691.1534525287764,1335,0
358,-65.61500261320488,-1692.2454524778811,12,1693.5170504013238,1337,0
359,1193.1384366168816,1205.1641676831516,12,1695.877354056006,1327,0
360,-1696.2140677949164,-82.81205355878532,12,1698.2343772283025,1335,0
361,1308.4852557024087,-1086.2165233549906,12,1700.5881335585054,1340,0
362,-231.42701611269442,1687.1400464138044,12,1702.93863659264,1333,0
363,-970.3352779316542,-1402.3014827066609,12,1705.2858997833764,1329,0
364,1665.0216253954366,379.0817681787646,12,1707.6299364909248,1334,0
365,-1485.8351814943887,846.3414284043629,12,1709.9707599839246,1338,0
366,524.6294182389958,-1629.9582735512627,12,1712.3083834403194,1333,0
367,715.1492432706011,1558.3842786198422,12,1714.6428199482245,1334,0
368,-1582.1504526622568,-666.9332388932315,12,1716.9740825067806,1333,0
369,1619.328161042869,-577.7337681437017,12,1719.3021840269964,1338,0
370,-804.8755720727595,1521.8985884350338,12,1721.6271373325876,1335,0
371,-435.1235530193933,-1668.13293643156,12,1723.948955160796,1336,0
372,1449.6012553540438,937.366630767268,12,1726.2676501632068,1334,0
373,-1704.3560429216234,288.39292459515224,12,1728.583234906552,1335,0
374,1063.3531278130997,-1365.7525857819553,12,1730.8957218735043,1335,0
375,138.65386193386968,1727.6501690362038,12,1733.2051234634637,1335,0
376,-1270.938919799951,-1181.8266633215437,12,1735.511451993331,1332,0
377,1737.7664497009239,12.952462848678739,12,1737.8147196982768,1335,0
378,-1291.8318038996151,1165.8347183170806,12,1740.1149387324965,1334,0
379,165.2644142751186,-1734.5569098113504,12,1742.4121211699598,1333,0
380,1051.1977678650103,1392.473788922298,12,1744.7062790051511,1330,0
381,-1717.976132581648,-317.1088265561256,12,1746.9974241537961,1329,0
382,1482.9258017402365,-927.8637111845024,12,1749.2855684535905,1335,0
383,-467.31007107128244,1688.082135879458,12,1751.5707236649055,1329,0
384,-796.7399431572226,-1562.435746831794,12,1753.8529014715002,1331,0
385,1645.0364458869005,614.6991879804259,12,1756.1321134812154,1334,0
386,-1630.3324775115625,658.7989167955658,12,1758.4083712266615,1324,0
387,758.1230108391554,-1589.1033636727893,12,1760.6816861659008,1337,0
388,515.0709088385355,1686.0314228590894,12,1762.9520696831212,1336,0
389,-1520.6484265703652,-896.453212816527,12,1765.2195330892985,1334,0
390,1729.0395670098019,-366.6362989592785,12,1767.4840876228564,1334,0
391,-1028.5952034076306,1440.1360725732882,12,1769.745744450315,1336,0
392,-214.61742065486428,-1758.9597388091213,12,1772.0045146669347,1332,0
393,1348.126522248516,1153.4968053749092,12,1774.26040929735,1329,0
394,-1775.4941750464336,60.17004550592357,12,1776.5134392961963,1331,0
395,1270.1566430593432,-1245.2718988607348,12,1778.7636155487328,1330,0
396,-95.52543435304477,1778.4473260098716,12,1781.010948871455,1333,0
397,-1132.311613465127,-1377.6321751512633,12,1783.2554500127007,1327,0
398,1767.7278778973541,251.27305805540874,12,1785.4971296532515,1329,0
399,-1475.0473074943566,1010.0670476031033,12,1787.735998406924,1338,0
400,405.87051248052455,-1743.3499726385394,12,1789.9720668211555,1332,0
401,879.4355718827678,1561.5995244963508,12,1792.205345377588,1339,0
402,-1705.4336118801093,-558.1184421514529,12,1794.435844492636,1337,0
403,1636.566481214651,-741.3839440969134,12,1796.6635745180565,1334,0
404,-706.8297802663637,1654.204238215041,12,1798.8885457415088,1337,0
405,-596.9411355829285,-1699.3120021493887,12,1801.1107683871085,1329,0
406,1589.991493146095,850.8390280911251,12,1803.330252615976,1335,0
407,-1749.2914371807476,447.19063922013714,12,1805.5470085267789,1330,0
408,989.0114100226208,-1513.22715771462,12,1807.7610461562667,1335,0
409,293.26231675246964,1786.0563298991926,12,1809.9723754798026,1338,0
410,-1424.4422881474723,-1120.2518322846847,12,1812.1810064118872,1334,0
411,1809.2583587602555,-136.32384698264374,12,1814.3869488066764,1333,0
412,-1243.5135744384013,1324.2635652268889,12,1816.590212458495,1328,0
413,22.42816022383126,-1818.6525170105954,12,1818.790807102345,1342,0
414,1213.408882320334,1357.8066446685689,12,1820.9887424144058,1327,0
415,-1814.0995031372327,-181.77731628904243,12,1823.184028012532,1334,0
416,1462.205732136695,-1092.6822030703127,12,1825.3766734567416,1334,0
417,-340.49680241359465,1795.5672996426833,12,1827.5666882497067,1340,0
418,-962.967725589592,-1555.857692551863,12,1829.7540818372286,1331,0
419,1763.1319241988022,497.35884215627374,12,1831.9388636087176,1327,0
420,-1637.988506483916,825.2233955884853,12,1834.1210428976597,1329,0
421,651.1442247694515,-1716.9773436331038,12,1836.3006289820846,1336,0
422,680.4738161329689,1707.9096538041565,12,1838.4776310850234,1340,0
423,-1657.3945477036823,-800.6518052450184,12,1840.6520583749664,1330,0
424,1765.0238519589038,-529.8026066528489,12,1842.8239199663108,1332,0
425,-944.7079068902626,1584.779786171889,12,1844.9932249198098,1336,0
426,-374.3442683479695,-1808.830110528632,12,1847.1599822430107,1334,0
427,1499.6319792345491,1082.1755526979296,12,1849.3242008906932,1337,0
428,-1838.9280596645751,215.27561724050634,12,1851.4858897652987,1334,0
429,1211.9634527985156,-1402.5493178782342,12,1853.6450577173614,1339,0
430,53.80684975888498,1855.0215154868217,12,1855.8017135459272,1331,0
431,-1294.225077115907,-1333.0346768799093,12,1857.9558659989746,1329,0
432,1856.9212513314187,108.82769111654615,12,1860.1075237738273,1332,0
433,-1444.4149426195431,1175.4426713104224,12,1862.2566955175648,1329,0
434,271.37897849083,-1844.5469498045513,12,1864.403389827427,1335,0
435,1047.069986830521,1545.2004538825158,12,1866.5476152512156,1331,0
436,-1817.9283168929815,-432.5929202363947,12,1868.6893802876925,1332,0
437,1634.5652256766327,-910.0530330748303,12,1870.8286933869706,1329,0
438,-591.2200594588725,1777.2053458431433,12,1872.9655629509048,1339,0
439,-765.4089583917544,-1711.7678365986578,12,1875.0999973334756,1336,0
440,1722.6277251066801,746.0252815379546,12,1877.2320048411705,1333,0
441,-1776.1575537279361,614.2184825737446,12,1879.3615937333611,1333,0
442,895.7974521708113,-1654.5533913066338,12,1881.4887722226779,1333,0
443,457.6178023716939,1827.1797795927203,12,1883.6135484753768,1328,0
444,-1573.446234854145,-1039.358911071298,12,1885.7359306117066,1328,0
445,1864.3807759161548,-296.79003082023604,12,1887.8559267062728,1343,0
446,-1175.5747467937078,1479.8729724881491,12,1889.973544788392,1330,0
447,-132.9562350519543,-1887.4116243047804,12,1892.0887928424502,1334,0
448,1374.499207568091,1303.3617795511307,12,1894.201678808252,1334,0
449,-1896.0313898312977,-32.63385932429262,12,1896.3122105813695,1334,0
450,1421.697180876784,-1258.0847053704313,12,1898.4203960134857,1335,0
451,-198.71142632698755,1890.1094595411914,12,1900.5262429127363,1325,0
452,-1131.4779168729267,-1529.6266615187192,12,1902.6297590440447,1334,0
453,1869.6270342331534,363.998286897814,12,1904.7309521294603,1336,0
454,-1626.2721620463396,995.6097905068651,12,1906.8298298484842,1333,0
455,527.2167703276075,-1834.6777583775652,12,1908.9263998384015,1337,0
456,851.4869170687824,1710.8389842590975,12,1911.0206696946007,1331,0
457,-1785.4674796953536,-687.0996135571046,12,1913.1126469708993,1335,0
458,1782.6223055972814,-700.184058363965,12,1915.202339179858,1340,0
459,-842.3998214948776,1722.3131366698096,12,1917.2897537930985,1331,0
460,-542.8361151608945,-1841.0130233317275,12,1919.3748982416123,1334,0
461,1645.6407790542091,991.9004114899112,12,1921.4577799160718,1335,0
462,-1885.5028803194302,380.6295946286007,12,1923.5384061671346,1332,0
463,1134.4239656943842,-1555.982733213395,12,1925.6167843057456,1337,0
464,214.79364156635972,1915.6888295186832,12,1927.6929216034384,1332,0
465,-1453.9739308526555,-1268.841916237353,12,1929.7668252926312,1338,0
466,1931.2766002163407,-46.59070139858853,12,1931.8385025669202,1338,0
467,-1394.0834899270385,1340.3474262715797,12,1933.9079605813713,1332,0
468,122.69311396897498,-1932.0834349956515,12,1935.9752064528097,1333,0
469,1215.92913370865,1509.1442415483457,12,1938.0402472601024,1333,0
470,-1918.0399728066075,-291.7578837255791,12,1940.1030900444441,1337,0
471,1613.094107755246,-1081.631822537275,12,1942.1637418096343,1331,0
472,-459.2998834366659,1889.1912600568173,12,1944.222209522358,1331,0
473,-938.4484140035781,-1705.084917021486,12,1946.278500112458,1336,0
474,1845.6968783598202,624.0216608522616,12,1948.3326204732086,1339,0
475,-1784.3572950966163,787.444628806043,12,1950.3845774615836,1330,0
476,784.642104214546,-1787.8301844117548,12,1952.4343778985249,1330,0
477,629.7510400638492,1850.2469098848674,12,1954.4820285692065,1335,0
478,-1715.9766643623714,-939.9064247912072,12,1956.5275362232958,1336,0
479,1902.1900045891955,-466.55459106192103,12,1958.5709075752147,1336,0
480,-1088.5959757252451,1630.6314119490037,12,1960.6121493043952,1334,0
481,-299.0896415570497,-1939.7281733050315,12,1962.651268055535,1338,0
482,1532.3957465184462,1229.53783026476,12,1964.68827043885,1333,0
483,-1962.512338967761,128.62861034501375,12,1966.7231630303238,1334,0
484,1361.6140440125846,-1421.9729938179892,12,1968.7559523719542,1332,0
485,-43.527714808921665,1970.3058996114064,12,1970.7866449720023,1330,0
486,-1300.1634590400633,-1483.7705280052494,12,1972.8152473052307,1337,0
487,1962.987015237377,216.06012591279594,12,1974.8417658131498,1338,0
488,-1595.025462178927,1167.8586280029363,12,1976.8662069042507,1338,0
489,387.64112590555783,-1940.550014172959,12,1978.8885769542458,1340,0
490,1026.03463849199,1694.4771820873275,12,1980.9088823063012,1327,0
491,-1903.1059045690597,-556.9451642616001,12,1982.92712927127,1335,0
492,1781.3114755791985,-875.7450696234945,12,1984.943324127921,1331,0
493,-722.6588979661165,1850.8819835933348,12,1986.9574731231667,1328,0
494,-718.1131025787641,-1854.8082304930342,12,1988.969582472291,1334,0
495,1784.2205438648775,883.4913982889249,12,1990.9796583591703,1332,0
496,-1914.3473792517666,554.3231111471833,12,1992.9877069364977,1335,0
497,1038.1842239061789,-1703.5766836959012,12,1994.9937343260003,1329,0
498,385.61174517058566,1959.414091504523,12,1996.9977466186585,1325,0
499,-1609.5152346996206,-1185.5212816604455,12,1998.999749874922,1339,0
500,1989.6031716266334,-213.25857416113703,12,2000.999750124922,1330,0
501,-1324.338397606365,1502.7068272372373,12,2002.997753368685,1338,0
502,-38.576362035831,-2004.6226239100667,12,2004.9937655763422,1336,0
503,1383.9231209563256,1453.5325229531338,12,2006.987792688336,1330,0
504,-2004.2963546087653,-137.09895295739372,12,2008.9798406156294,1333,0
505,1572.0705020731689,-1254.0312342646869,12,2010.969915239907,1328,0
506,-312.41849648041244,1988.5659865986136,12,2012.9580224137808,1331,0
507,-1113.9874129358432,-1678.997332880701,12,2014.9441679609884,1331,0
508,1957.4917692195245,486.0308358919382,12,2016.9283576765934,1337,0
509,-1773.4438535722295,964.8299841043918,12,2018.9105973271824,1331,0
510,656.5924175859575,-1911.2525728350577,12,2020.8908926510605,1337,0
511,807.6716476332172,1854.6337939360008,12,2022.8692493584454,1328,0
512,-1850.1449647193188,-822.7779831301697,12,2024.8456731316585,1334,0
513,1921.8901341488775,-643.6911621742291,12,2026.8201696253172,1335,0
514,-983.2908833221929,1774.5813700068707,12,2028.7927444665215,1331,0
515,-474.12448815696115,-1974.6407191511823,12,2030.7634032550418,1329,0
516,1685.087328563691,1136.8732097793861,12,2032.7321515635062,1333,0
517,-2012.4230822846173,300.25545438522926,12,2034.6989949375804,1336,0
518,1282.3156648034292,-1582.2978657003043,12,2036.6639388961546,1334,0
519,123.40601886489954,2034.888437853023,12,2038.626988931521,1338,0
520,-1466.9530015968676,-1418.4670920066985,12,2040.5881505095533,1333,0
521,2041.804808575369,55.07380210681773,12,2042.5474290698858,1334,0
522,-1544.2435925424834,1339.8924310897069,12,2044.5048300260873,1339,0
523,233.81625971661487,-2033.0592604968824,12,2046.4603587658369,1333,0
524,1202.049412026175,1658.6371547290041,12,2048.414020651099,1335,0
525,-2008.6592247573126,-411.44637414534566,12,2050.3658210182884,1336,0
526,1760.7237283770069,-1054.443906677909,12,2052.3157651784477,1331,0
527,-586.5925310356715,1968.7328926325085,12,2054.2638584174138,1334,0
528,-898.1750266617424,-1849.6706791970234,12,2056.21010599598,1332,0
529,1913.5286774128294,757.8970911137661,12,2058.1545131500698,1328,0
530,-1924.743563245359,734.4128374052017,12,2060.0970850908943,1338,0
531,924.0269307685332,-1843.4137439040874,12,2062.0378270051206,1335,0
532,564.3895833648704,1985.3121664335886,12,2063.9767440550295,1341,0
533,-1758.871613577909,-1083.683831636259,12,2065.913841378677,1340,0
534,2030.8557596369687,-389.39039991934874,12,2067.849124090053,1334,0
535,-1235.6146381210253,1660.4988606021527,12,2069.7825972792407,1330,0
536,-210.7435820757712,-2060.967525851359,12,2071.714266012569,1337,0
537,1549.000921092257,1378.621103296819,12,2073.644135332772,1340,0
538,-2075.358122121261,29.810483815441042,12,2075.572210259137,1329,0
539,1511.569345776404,-1425.18704488537,12,2077.4984957876623,1335,0
540,-152.0248749704075,2073.858345545865,12,2079.4229968912055,1332,0
541,-1289.964425896242,-1633.3988428801397,12,2081.345718519631,1333,0
542,2056.4208795152736,333.3664144655694,12,2083.266665599966,1334,0
543,-1743.130888775648,1144.33155361382,12,2085.1858430365387,1333,0
544,512.81673241629,-2023.1211033830573,12,2087.1032557111303,1333,0
545,989.3708344889016,1839.8764501625465,12,2089.018908483118,1333,0
546,-1974.1569559896718,-688.9878903998197,12,2090.9328061896204,1328,0
547,1922.843356516901,-826.2405377968433,12,2092.8449536456346,1332,0
548,-860.5121654879672,1909.8478507585908,12,2094.755355644186,1334,0
549,-656.1661259886637,-1991.3427668548247,12,2096.6640169564603,1333,0
550,1830.6326474366992,1026.0526839002482,12,2098.570942331948,1333,0
551,-2044.794860386957,480.4310345253365,12,2100.4761364985798,1331,0
552,1184.313853869742,-1737.0666928855094,12,2102.379604162864,1334,0
553,300.36697068344745,2082.7337042748527,12,2104.281350010022,1334,0
554,-1629.8179505931046,-1334.0515162183551,12,2106.181378704123,1341,0
555,2104.8112579225744,-117.3438047891242,12,2108.079694888217,1330,0
556,-1474.0827330489944,1509.662245711539,12,2109.9763031844695,1336,0
557,67.24086925129875,-2110.8004797948884,12,2111.871208194288,1334,0
558,1377.4776593749584,1603.2951374974243,12,2113.7644144984556,1334,0
559,-2100.5975095974854,-251.97242442942056,12,2115.655926657262,1332,0
560,1720.6557706286683,-1234.2381127652247,12,2117.545749210628,1333,0
561,-435.4300602106633,2074.2229057323943,12,2119.4338866782327,1340,0
562,-1081.0061878114257,-1825.2193352891616,12,2121.3203435596424,1337,0
563,2031.8219251987884,616.1977477088752,12,2123.2051243344345,1333,0
564,-1916.135801009322,918.9252374869053,12,2125.0882334623193,1328,0
565,792.8751760151679,-1973.6638404902988,12,2126.969675383267,1337,0
566,749.2108443501198,1992.6572988620446,12,2128.8494545176272,1327,0
567,-1900.1402954859502,-964.0886149470736,12,2130.7275752662517,1334,0
568,2054.1442504774695,-573.1416912338119,12,2132.604042010612,1332,0
569,-1128.5016098387516,1811.7627097915847,12,2134.478859112922,1328,0
570,-392.0499127424065,-2100.070681172105,12,2136.3520309162527,1332,0
571,1709.1587483901865,1284.8254250291327,12,2138.2235617446554,1329,0
572,-2130.0286732994273,207.31100048545358,12,2140.0934559032694,1330,0
573,1431.8291543592882,-1593.0678807655265,12,2141.9617176784463,1334,0
574,20.333338667069146,2143.731922451744,12,2143.8283513378587,1331,0
575,-1464.3360607971908,-1568.349419309666,12,2145.6933611306163,1330,0
576,2141.018365970357,167.45255022728827,12,2147.556751287379,1331,0
577,-1693.2995783376973,1323.909565643129,12,2149.418526020468,1334,0
578,354.6049673959678,-2121.8518603093157,12,2151.278689523977,1332,0
579,1172.828038468672,1805.6783745123957,12,2153.1372459738836,1331,0
580,-2086.322891090937,-539.6821232076845,12,2154.9941995281565,1334,0
581,1904.577952655238,-1012.2167861972958,12,2156.849554326866,1339,0
582,-721.2532608458151,2034.6483071330235,12,2158.7033144922902,1334,0
583,-843.2783893980466,-1989.1911818561423,12,2160.5554841290236,1339,0
584,1967.1700772610084,897.9097321718474,12,2162.4060673240815,1332,0
585,-2058.818224405328,667.2836869401893,12,2164.255068147005,1333,0
586,1068.2759399592478,-1884.353076284852,12,2166.1024906499692,1336,0
587,485.5622030931198,2112.8722978276173,12,2167.94833886788,1336,0
588,-1786.781914061817,-1231.0200614050086,12,2169.7926168184836,1337,0
589,2150.884582783038,-299.4920892882432,12,2171.635328502463,1341,0
590,-1384.8644692444784,1675.156829023542,12,2173.476477903545,1338,0
591,-110.48965675255526,-2172.5082360604997,12,2175.3160689885967,1332,0
592,1550.288674861058,1528.5957688668202,12,2177.1541057077243,1331,0
593,-2177.52147469092,-80.001420361644,12,2178.990591994376,1339,0
594,1661.0743725395141,-1413.0930361771864,12,2180.8255317654366,1335,0
595,-270.52114891840375,2165.829704290683,12,2182.6589289213284,1332,0
596,-1264.5835157764286,-1781.2435351816796,12,2184.490787346104,1329,0
597,2137.4666720616233,459.60442320087725,12,2186.321110907545,1335,0
598,-1888.137780053633,1105.8642428137994,12,2188.149903457256,1334,0
599,645.7923076362837,-2092.594632363804,12,2189.9771688307624,1333,0
600,938.1216572144012,1980.8906472254614,12,2191.8029108475976,1334,0
601,-2031.503520384536,-827.6433088385585,12,2193.6271333114023,1330,0
602,2058.7417027172114,-762.615631555658,12,2195.4498400100147,1332,0
603,-1003.7445497702905,1954.609137092743,12,2197.271034715563,1336,0
604,-580.6699969279518,-2121.042751730312,12,2199.090721184554,1338,0
605,1862.4503563326064,1172.7227593069683,12,2200.908903157966,1327,0
606,-2167.263205372511,393.66254411420533,12,2202.7255843613384,1331,0
607,1333.2549916415956,-1755.685372514896,12,2204.5407685048604,1339,0
608,203.01457571580838,2196.9945566721217,12,2206.3544592834583,1334,0
609,-1635.0870148493875,-1484.0789917894929,12,2208.1666603768836,1331,0
610,2209.953928433076,-10.180088566264702,12,2209.9773754498033,1333,0
611,-1624.003125929421,1501.5371613687983,12,2211.7866081518805,1341,0
612,183.36533111547342,-2205.9866625491895,12,2213.5943621178653,1335,0
613,1356.0202930665541,1751.9157984308765,12,2215.400640967678,1335,0
614,-2185.067927719967,-376.1358148987803,12,2217.205448306494,1336,0
615,1866.7942811462033,-1199.6162352518536,12,2219.0087877248257,1334,0
616,-566.6466348782935,2147.3033300353973,12,2220.81066279861,1334,0
617,-1033.4921396624159,-1967.7128848630334,12,2222.611077089287,1329,0
618,2092.9285185656527,753.4256540459602,12,2224.4100341438852,1336,0
619,-2053.8504076857525,858.8937669171138,12,2226.207537495101,1336,0
620,935.0247158836996,-2022.3077858443323,12,2228.0035906613793,1342,0
621,677.136134489252,2124.496800508053,12,2229.7981971469976,1335,0
622,-1935.93167091111,-1110.030884959206,12,2231.59136044214,1331,0
623,2179.0589956119484,-489.59360049192475,12,2233.3830840229803,1334,0
624,-1277.077451188394,1834.413580321013,12,2235.173371351762,1334,0
625,-297.6894581485203,-2217.0658507376907,12,2236.9622258768695,1329,0
626,1718.4854501730267,1434.8546119881307,12,2238.749651032915,1339,0
627,-2238.1721676663146,102.88511983697356,12,2240.535650240807,1331,0
628,1582.1197487721208,-1588.9924797006565,12,2242.320226907834,1330,0
629,-93.33102698700813,2242.161751391177,12,2244.1033844277317,1327,0
630,-1446.8869742429897,-1717.7072171257726,12,2245.885126180767,1335,0
631,2228.94948327335,289.4550068930691,12,2247.6654555338077,1335,0
632,-1840.5375735122213,1293.2213424196736,12,2249.444375840398,1331,0
633,483.9787993721816,-2198.5823891221953,12,2251.2218904408332,1331,0
634,1129.1402990118856,1949.626165485924,12,2252.99800266223,1338,0
635,-2151.239690858985,-675.4019488222833,12,2254.772715818603,1330,0
636,2044.0910170922577,-955.8723313511797,12,2256.5460332109337,1334,0
637,-862.2431521331558,2087.2318382488033,12,2258.317958127243,1330,0
638,-774.7204928890533,-2123.159946376566,12,2260.088493842664,1340,0
639,2006.998525063796,1043.0517342834662,12,2261.8576436195094,1333,0
640,-2186.1768576750146,587.0525930154799,12,2263.625410707346,1331,0
641,1216.418922959548,-1911.1057019081736,12,2265.3917983430592,1325,0
642,394.2908570712519,2232.6071575693777,12,2267.1568097509266,1331,0
643,-1800.2416057313062,-1380.9888344928675,12,2268.9204481426846,1333,0
644,2262.0422500116856,-197.9011348175367,12,2270.682716717595,1335,0
645,-1535.4690853832137,1675.2118337190784,12,2272.443618662518,1337,0
646,0.6182606485493684,-2274.2030731123755,12,2274.2031571519733,1329,0
647,1536.9334967256739,1678.6409463141886,12,2275.9613353482086,1335,0
648,-2268.9426473841218,-199.747998441871,12,2277.71815640127,1333,0
649,1809.3689588580032,-1386.4284946296746,12,2279.473623449063,1334,0
650,-397.95937235808674,2246.247612787236,12,2281.227739617419,1336,0
651,-1224.8159629131214,-1926.6099389843298,12,2282.9805080201627,1333,0
652,2206.2387396735608,593.7260509389987,12,2284.7319317591723,1332,0
653,-2029.4212960043894,1053.3039463155276,12,2286.482013924448,1335,0
654,785.5358447144878,-2149.17040661477,12,2288.2307575941722,1330,0
655,873.1803615549919,2116.9686006633856,12,2289.9781658347747,1332,0
656,-2075.429046067105,-971.9023998020516,12,2291.7242417009948,1337,0
657,2188.5323417039754,-685.8033167867553,12,2293.468988235943,1334,0
658,-1151.3767273475692,1985.5305668063638,12,2295.2124084711636,1335,0
659,-492.59086064049995,-2243.513816318823,12,2296.954505426696,1332,0
660,1880.1167700026983,1322.5584792948182,12,2298.695282111137,1331,0
661,-2281.4401064455355,295.0102382999301,12,2300.434741521697,1339,0
662,1484.106882670664,-1759.950783632759,12,2302.1728866442672,1328,0
663,94.56673612431213,2301.968099783052,12,2303.909720453473,1338,0
664,-1625.911547586159,-1634.7512469565459,12,2305.645245912736,1333,0
665,2304.887521672373,107.207800271178,12,2307.379465974333,1332,0
666,-1773.3009621680005,1478.987389254568,12,2309.1123835794565,1333,0
667,308.7666867889679,-2290.1229515310665,12,2310.844001658269,1332,0
668,1320.2687365333904,1898.65490896385,12,2312.5743231299616,1337,0
669,-2257.734805302073,-508.5602706932698,12,2314.3033509028155,1331,0
670,2009.8102064160512,-1150.9400219758932,12,2316.031087874254,1334,0
671,-705.047858319839,2207.919273315628,12,2317.757536930902,1334,0
672,-972.2708382313218,-2105.870227987699,12,2319.4827009486403,1331,0
673,2141.0072110028887,896.7096087550489,12,2321.206582792665,1332,0
674,-2186.0518217095027,785.6064108703333,12,2322.929185317538,1336,0
675,1082.0583015690822,-2057.4619879855454,12,2324.6505113672465,1333,0
676,592.3574601569123,2249.691676518463,12,2326.3705637752555,1333,0
677,-1957.8763091291016,-1259.650887409288,12,2328.089345364563,1333,0
678,2296.25178315138,-393.9895282543769,12,2329.806858947754,1333,0
679,-1428.0997316736582,1842.9680291295413,12,2331.523107327054,1339,0
680,-192.01185270077093,-2325.323944834873,12,2333.238093294381,1326,0
681,1713.5749900404714,1586.0834636007646,12,2334.951819631403,1328,0
682,-2336.6333002276097,-12.03412927592387,12,2336.6642891095844,1334,0
683,1732.3573459122338,-1570.6489187797258,12,2338.375504490243,1329,0
684,-216.5865579407481,2330.0408285949366,12,2340.0854685246004,1339,0
685,-1415.2484290212283,-1865.763083607601,12,2341.794183953833,1336,0
686,2305.5448149737294,420.0751196485592,12,2343.5016535091245,1333,0
687,-1985.2379946142473,1248.531178921857,12,2345.207879911715,1334,0
688,620.9331150378136,-2263.2812610564856,12,2346.9128658729533,1332,0
689,1071.7452427987146,2089.823469707029,12,2348.6166140943483,1326,0
690,-2203.5232356273777,-817.609533977101,12,2350.3191272676145,1330,0
691,2178.6726543983955,-886.2197611070583,12,2352.020408074726,1335,0
692,-1008.5810441077876,2126.6791665567343,12,2353.720459187964,1329,0
693,-693.354938823626,-2251.0572913208775,12,2355.419283269966,1337,0
694,2033.2900845412412,1192.3638002330802,12,2357.116882973774,1339,0
695,-2306.3736679362487,494.61146756852975,12,2358.8132609428835,1330,0
696,1367.5249829289041,-1924.0258369017033,12,2360.5084198112913,1333,0
697,291.4994514592584,2344.147621161891,12,2362.2023622035435,1329,0
698,-1799.6802977555212,-1532.6939765884767,12,2363.895090734781,1332,0
699,2364.038557653871,-85.56692074514832,12,2365.586608010791,1332,0
700,-1686.5730996480281,1661.1656087048166,12,2367.2769166280486,1328,0
701,121.61197931312077,-2365.842455973674,12,2368.966019173766,1334,0
702,1509.5054917623988,1827.9478029580496,12,2370.65391822594,1333,0
703,-2349.4938246344686,-328.4490341049849,12,2372.340616353394,1337,0
704,1955.696256139694,-1345.8276835171669,12,2374.0261161158273,1331,0
705,-533.3541475987244,2315.0665980138106,12,2375.7104200638596,1334,0
706,-1171.355546461009,-2068.798246271258,12,2377.3935307390743,1334,0
707,2262.7739602716415,734.7475789116909,12,2379.0754506740636,1328,0
708,-2166.3433183519082,987.3989199062573,12,2380.756182392477,1334,0
709,931.0721332640959,-2192.967095662643,12,2382.4357284090584,1337,0
710,795.3442789649017,2247.538092651112,12,2384.114091229696,1331,0
711,-2106.13287191694,-1120.805213152982,12,2385.791273351464,1331,0
712,2311.7127002302127,-596.64427559002,12,2387.4672772626645,1336,0
713,-1302.470636405491,2002.8904716188244,12,2389.1421054428724,1330,0
714,-392.8067406522045,-2358.3262845709437,12,2390.815760362977,1337,0
715,1883.986994675602,1474.650129316508,12,2392.4882444852265,1337,0
716,-2386.9715243141827,185.3832303991521,12,2394.1595602632665,1330,0
717,1635.994405335191,-1750.2920629746206,12,2395.8297101421877,1332,0
718,-24.042795610325133,2397.3781395472934,12,2397.4986965585617,1330,0
719,-1602.791466113488,-1785.2337427221614,12,2399.1665219404845,1332,0
720,2389.415351823578,233.8680749264516,12,2400.8331887076197,1333,0
721,-1921.1879782332155,1442.5798945958493,12,2402.49869927124,1337,0
722,442.48182841970663,-2363.0932760935093,12,2404.163056034262,1328,0
723,1270.852814053936,2042.7758381700116,12,2405.826261391292,1338,0
724,-2318.563230913303,-648.2781380371127,12,2407.4883177286656,1337,0
725,2149.0235330418072,-1088.897540833162,12,2409.1492274244865,1330,0
726,-849.6683208983433,2256.1169616094353,12,2410.808992848666,1329,0
727,-898.0835855999242,-2239.0725475687436,12,2412.467616362964,1326,0
728,2176.1847794536643,1045.0932043000785,12,2414.125100321025,1333,0
729,-2312.1865637854257,699.8523374613717,12,2415.781447068422,1333,0
730,1233.0352067073354,-2079.332628277688,12,2417.4366589426904,1331,0
731,495.70616636891197,2367.75746152849,12,2419.0907382733703,1334,0
732,-1966.2580982647814,-1412.030131055342,12,2420.743687382041,1337,0
733,2405.310347564271,-287.1970262733307,12,2422.395508582362,1335,0
734,-1580.6785786572198,1837.785414833351,12,2424.04620418011,1339,0
735,-75.91464557086647,-2424.507571979896,12,2425.6957764732165,1337,0
736,1694.8594385106956,1737.656894697918,12,2427.344227751804,1335,0
737,-2425.151698167132,-136.5256052067692,12,2428.9915602982232,1327,0
738,1881.7275596745521,-1538.5387194221842,12,2430.6377763870946,1332,0
739,-348.495075777597,2407.1874007145284,12,2432.282878285336,1336,0
740,-1369.987657431184,-2011.7489451932659,12,2433.926868252208,1338,0
741,2370.702273728626,558.3643338698506,12,2435.5697485393434,1339,0
742,-2126.684357223281,1190.4678260002663,12,2437.211521390788,1329,0
743,764.5157023647603,-2315.9265404666266,12,2438.8521890430343,1335,0
744,1001.3285244492048,2225.6102952054252,12,2440.4917537250567,1332,0
745,-2243.231663616468,-965.355739273609,12,2442.1302176583463,1338,0
746,2307.723861275607,-803.9966294078638,12,2443.7675830569488,1327,0
747,-1159.3275641900998,2153.1278640408354,12,2445.403852127497,1333,0
748,-599.9658218537526,-2372.349260249711,12,2447.0390270692455,1334,0
749,2046.2605642436472,1344.9229357927059,12,2448.673110074107,1331,0
750,-2418.9433378770727,390.78527114020727,12,2450.306103326684,1329,0
751,1520.693986644525,-1923.4057811557034,12,2451.938009004306,1332,0
752,178.04786182164727,2447.100112153309,12,2453.568829277059,1325,0
753,-1785.4645010058216,-1685.264523939204,12,2455.1985663078253,1336,0
754,2456.5542601346287,36.62194716842164,12,2456.8272222523096,1336,0
755,-1837.3408079539906,1633.4560769812501,12,2458.454799259079,1329,0
756,251.58053836363797,-2447.1835306565513,12,2460.081299469593,1326,0
757,1468.5106980246453,1975.7217237726497,12,2461.7067250182345,1334,0
758,-2419.0100615695974,-465.1777316521634,12,2463.331078032346,1330,0
759,2099.3082663042446,-1291.8609844045386,12,2464.9543606322604,1338,0
760,-675.7694635893629,2372.200588500084,12,2466.576574931336,1338,0
761,-1104.8327725748607,-2207.112263715769,12,2468.1977230359807,1338,0
762,2307.065540661304,881.7304526288997,12,2469.817807045694,1327,0
763,-2298.264270079519,908.8351582525031,12,2471.436829053091,1330,0
764,1081.4667526247968,-2224.057027813625,12,2473.0547911439407,1333,0
765,705.3498725394497,2372.020564267642,12,2474.6716953971895,1338,0
766,-2123.765731035226,-1273.4280975698668,12,2476.2875438849983,1330,0
767,2427.7691988594465,-495.9200712507608,12,2477.902338672773,1330,0
768,-1456.1199418988735,2006.916718452567,12,2479.516081819192,1335,0
769,-282.13862233970826,-2465.0350500113072,12,2481.1287753762394,1333,0
770,1874.3642154224726,1628.1151027933183,12,2482.7404213892355,1330,0
771,-2483.483826820257,65.63598039345791,12,2484.3510218968654,1335,0
772,1788.0649137477446,-1727.085366802773,12,2485.9605789312104,1333,0
773,-151.93225940604705,2482.9250066306417,12,2487.569094517778,1333,0
774,-1566.173036805639,-1934.7098022140176,12,2489.176570675532,1330,0
775,2463.313670934754,368.8980327759245,12,2490.7830094169185,1338,0
776,-2066.8892083453898,1392.8276994751964,12,2492.388412747901,1328,0
777,583.593606203546,-2424.7512249297533,12,2493.992782667985,1341,0
778,1208.3484799707012,2183.5507667449588,12,2495.596121170251,1338,0
779,-2367.4849923615293,-794.3644068958091,12,2497.198430241378,1332,0
780,2283.758678607288,-1014.1234135379651,12,2498.799711861677,1336,0
781,-999.5817840253316,2291.9066859374393,12,2500.3999680051193,1336,0
782,-811.618995251185,-2366.701207703976,12,2501.999200639361,1336,0
783,2198.5497622612643,1197.655602776081,12,2503.5974117257747,1332,0
784,-2431.6972402539304,602.369099258434,12,2505.1946032194783,1339,0
785,1387.046573734829,-2088.0856788672418,12,2506.7907770693587,1328,0
786,387.9633513215347,2478.2018557880556,12,2508.3859352181034,1334,0
787,-1961.3190794391953,-1566.278221973283,12,2509.980079602227,1338,0
788,2505.8108636124384,-170.03504286436365,12,2511.5732121520964,1331,0
789,-1733.948402706709,1819.1819416294927,12,2513.165334791963,1334,0
790,49.75132150284649,-2514.26426733721,12,2514.7564494399844,1330,0
791,1662.7267299761747,1888.7402736805125,12,2516.3465580082566,1333,0
792,-2503.448628110127,-269.71274796256955,12,2517.935662402834,1331,0
793,2029.432638403106,-1493.118604191981,12,2519.5237645237644,1336,0
794,-488.1606516243708,2473.3983056122743,12,2521.1108662651072,1323,0
795,-1311.626740505536,-2154.909578982567,12,2522.6969695149673,1332,0
796,2424.295564473749,703.4138298845888,12,2524.2820761555154,1328,0
797,-2264.169302601803,1119.6148307144144,12,2525.866188063018,1333,0
798,913.8114112587056,-2356.4695424837078,12,2527.44930710786,1332,0
799,918.5308301073861,2356.3321315430544,12,2529.0314351545726,1330,0
800,-2270.3940857347875,-1117.7256798787876,12,2530.6125740618613,1331,0
801,2430.647573103613,-709.8960313774936,12,2532.1927256826243,1332,0
802,-1313.5746765632273,2166.6844645891138,12,2533.7718918639857,1331,0
803,-495.29354703139825,-2486.5004126822614,12,2535.350074447314,1332,0
804,2046.092993014197,1499.8344788469847,12,2536.9272752682527,1335,0
805,-2523.415780707896,276.3562875607463,12,2538.503496156741,1336,0
806,1675.0510645980814,-1909.503582345117,12,2540.0787389370435,1334,0
807,54.7545267398923,2541.063151871966,12,2541.653005427767,1337,0
808,-1757.925268818247,-1837.8516668246907,12,2543.226297441893,1329,0
809,2539.2592432556676,167.8168511820299,12,2544.7986167867975,1332,0
810,-1986.9555309756122,1592.4847622270743,12,2546.3699652642777,1331,0
811,389.6513249458719,-2517.969786349298,12,2547.9403446705737,1339,0
812,1414.4180707098217,2121.183990428342,12,2549.509756796392,1336,0
813,-2477.3101565804927,-609.0438310196839,12,2551.078203426935,1334,0
814,2239.4697809111008,-1225.061263931721,12,2552.6456863419176,1327,0
815,-824.3038790503514,2417.54485273439,12,2554.2122073155942,1334,0
816,-1025.8404437149607,-2340.8655202806276,12,2555.777768116782,1335,0
817,2339.0858274945163,1033.7685870707696,12,2557.3423705088844,1332,0
818,-2424.5512863339345,818.2609974430306,12,2558.906016249913,1338,0
819,1235.8155358805209,-2242.489679190596,12,2560.468707092512,1336,0
820,603.8962152738225,2489.8412321226333,12,2562.0304447839803,1338,0
821,-2128.453723639928,-1428.8753431714492,12,2563.5912310662948,1336,0
822,2536.189185511731,-384.37535729198487,12,2565.151067676132,1336,0
823,-1611.4438598924958,1997.8109736445974,12,2566.7099563448924,1335,0
824,-161.37126117500097,-2563.1931874259476,12,2568.2678987987215,1329,0
825,1851.5240621902853,1782.09389402758,12,2569.824896758532,1334,0
826,-2570.5989312971883,-63.41241529664325,12,2571.380951940027,1332,0
827,1939.4863703772853,-1690.678153617874,12,2572.9360660537213,1334,0
828,-288.25421951750417,2558.302074605412,12,2574.490240804964,1324,0
829,-1516.4728949423975,-2082.3808390649924,12,2576.0434778939575,1330,0
830,2526.349402027806,511.42809746214374,12,2577.595779015787,1334,0
831,-2209.645250300644,1330.2134670133978,12,2579.147145860429,1332,0
832,731.2166540252338,-2474.938828511958,12,2580.6975801127883,1338,0
833,1133.3008022874951,2320.264918394992,12,2582.2470834527044,1340,0
834,-2404.418239500113,-945.9243783512384,12,2583.7956575549856,1330,0
835,2413.3506040833545,-927.2210425624023,12,2585.34330408942,1329,0
836,-1153.89073223863,2315.2831744850987,12,2586.8900247208035,1334,0
837,-713.5343160497251,-2488.145650845113,12,2588.4358211089566,1334,0
838,2208.1733690051246,1353.5030005199678,12,2589.9806949087474,1333,0
839,-2544.032118043683,493.8629185939881,12,2591.5246477701116,1332,0
840,1543.2088039169207,-2083.868179015484,12,2593.0676813380715,1337,0
841,269.8789886341204,2580.5358613074586,12,2594.609797252759,1332,0
842,-1943.2809202418453,-1721.5281772378885,12,2596.150997149434,1339,0
843,2597.3305185678237,-43.29176961270714,12,2597.691282658507,1336,0
844,-1887.065118908774,1787.452163555102,12,2599.2306554055567,1333,0
845,184.1654430655646,-2594.240368504905,12,2600.7691170113508,1337,0
846,1617.5420355460092,2038.5185216822715,12,2602.3066690918654,1333,0
847,-2571.2420367617697,-410.7485707695006,12,2603.8433132583077,1332,0
848,2174.692398929762,-1434.8215812557034,12,2605.3790511171305,1332,0
849,-634.7161344218764,2528.465034107561,12,2606.9138842700577,1332,0
850,-1240.663253374754,-2294.505326148878,12,2608.4478143140987,1338,0
851,2466.191119691898,854.3426485625195,12,2609.9808428415713,1334,0
852,-2396.999023180293,1036.5305991010202,12,2611.5129714401187,1333,0
853,1067.9319236082163,-2384.852491568075,12,2613.044201692731,1337,0
854,823.96722219111,2481.3460090754506,12,2614.57453517776,1334,0
855,-2285.0288157015825,-1273.8301736940537,12,2616.1039734689443,1334,0
856,2546.8562685444267,-604.585103501532,12,2617.6325181354237,1331,0
857,-1470.43882874326,2167.443113653539,12,2619.1601707417585,1330,0
858,-380.0523684479415,-2592.9828763871756,12,2620.686932847951,1332,0
859,2032.9565379664116,1656.2269514591355,12,2622.2128060094587,1329,0
860,-2619.3265342155228,152.08059427322863,12,2623.7377917772196,1328,0
861,1829.7431627492863,-1882.5620729134644,12,2625.261891697665,1334,0
862,-77.58824622835466,2625.6389820474574,12,2626.7851073127395,1337,0
863,-1717.377206636649,-1989.626982659037,12,2628.307440159922,1332,0
864,2611.825255936489,307.1951048638186,12,2629.8288917722384,1328,0
865,-2134.6194981818117,1538.6356287250173,12,2631.3494636782852,1334,0
866,534.9773401449547,-2577.9447716216555,12,2632.8691574022437,1329,0
867,1347.6780149145902,2263.5732742979344,12,2634.3879744638984,1335,0
868,-2524.211223180629,-759.1822579387334,12,2635.9059163786555,1337,0
869,2375.4614302328014,-1145.941967761167,12,2637.4229846575618,1340,0
870,-978.0806065760114,2450.9912947703224,12,2638.9391808073183,1337,0
871,-934.9511887935915,-2469.385809178762,12,2640.454506330302,1332,0
872,2358.802192676444,1189.9799224460887,12,2641.968962724581,1333,0
873,-2544.5841765453056,716.3039637439188,12,2643.482551483932,1332,0
874,1393.2376230222662,-2248.3080139952503,12,2644.9952740978574,1335,0
875,491.66104792465524,2600.4363891381054,12,2646.507132051602,1338,0
876,-2120.3149772670085,-1586.2737459774098,12,2648.0181268261736,1334,0
877,2636.469485463587,-262.73304363815805,12,2649.528259898354,1336,0
878,-1767.5832355471166,1975.7655492018241,12,2651.037532740719,1334,0
879,-31.267365620785817,-2652.3616555528647,12,2652.5459468216563,1331,0
880,1815.7315102160796,1935.7476805638778,12,2654.053503605381,1330,0
881,-2647.9450572349015,-200.96510608872796,12,2655.560204551951,1330,0
882,2089.446412595165,-1641.4060097651638,12,2657.0660511172846,1329,0
883,-432.1835838387298,2623.2074545983414,12,2658.571044753177,1334,0
884,-1454.0946703509287,-2227.4668773422927,12,2660.0751869073174,1337,0
885,2578.2926633975553,660.611036745785,12,2661.5784790233033,1331,0
886,-2348.714197860437,1255.2058065388333,12,2663.0809225406574,1335,0
887,884.4878568494133,-2513.499797311695,12,2664.5825188948456,1337,0
888,1046.2398322814652,2452.2198542030546,12,2666.083269517289,1339,0
889,-2429.2813181859624,-1102.085421876486,12,2667.583175835385,1332,0
890,2537.1494107310373,-828.7779362574443,12,2669.0822392725177,1333,0
891,-1311.7194500152286,2326.2399026007074,12,2670.5804612480792,1329,0
892,-604.4701107468718,-2602.8092295083143,12,2672.0778431774775,1334,0
893,2205.124146255469,1511.763043469806,12,2673.574386472163,1335,0
894,-2648.6521158771066,375.02262473046295,12,2675.0700925396327,1338,0
895,1700.659319735813,-2066.8231366509617,12,2676.564962783455,1337,0
896,142.1850363780437,2674.2818504095962,12,2678.0589986032796,1334,0
897,-1912.359933332602,-1876.9335324896633,12,2679.5522013948525,1328,0
898,2679.456569906801,92.26315615281628,12,2681.044572550035,1333,0
899,-2039.2045876997806,1742.8840034563882,12,2682.536113456816,1334,0
900,326.52612368609385,-2664.0909688954944,12,2684.026825499328,1337,0
901,1559.6626685856409,2186.1958650176607,12,2685.5167100578615,1332,0
902,-2628.2573020929713,-558.8054706201207,12,2687.0057685088805,1331,0
903,2316.745259659551,-1364.0716263616805,12,2688.4940022250375,1338,0
904,-787.3140495745248,2572.185177498417,12,2689.9814125751873,1334,0
905,-1157.584617952577,-2429.8143658064882,12,2691.4680009244025,1340,0
906,2496.260139058023,1010.289719907126,12,2692.953768633988,1335,0
907,-2524.4967289883134,941.762318914548,12,2694.438717061496,1329,0
908,1226.0089441184548,-2401.0210471675487,12,2695.9228475607383,1326,0
909,718.2405372475004,2600.0251019277525,12,2697.406161481804,1335,0
910,-2287.156274548869,-1432.80011718025,12,2698.888660171071,1337,0
911,2655.777645850915,-488.7178079409125,12,2700.3703449712225,1333,0
912,-1629.0565256536856,2155.498744194749,12,2701.851217221259,1330,0
913,-254.94247814495068,-2691.283027263634,12,2703.331278256514,1334,0
914,2007.019845047703,1813.2488360908142,12,2704.8105294086677,1337,0
915,-2706.224368588417,18.699381225644885,12,2706.288972005761,1335,0
916,1983.9370156202194,-1842.8222697948754,12,2707.7666073722085,1334,0
917,-218.2037986611668,2700.4420197904337,12,2709.2434368288136,1331,0
918,-1664.13182755368,-2139.781591780537,12,2710.719461692781,1336,0
919,2673.935127126442,453.9503672421697,12,2712.1946832777326,1332,0
920,-2279.554163552849,1472.2882922270603,12,2713.669102893719,1334,0
921,686.7285600073014,-2626.861984358961,12,2715.1427218472327,1326,0
922,1268.735354861346,2402.147081118235,12,2716.615541441225,1333,0
923,-2559.5391611192313,-914.7454742697884,12,2718.087562975115,1338,0
924,2506.5822180938003,-1055.0097553747862,12,2719.5587877448065,1332,0
925,-1136.2408862167688,2472.439412501211,12,2721.0292170426987,1339,0
926,-832.7296755245477,-2592.0187668110702,12,2722.498852157701,1336,0
927,2366.1883833669035,1349.5008463945178,12,2723.967694375247,1327,0
928,-2657.759994594675,603.5824808028416,12,2725.435744977305,1335,0
929,1552.8709485928825,-2241.5601301362053,12,2726.903005242394,1332,0
930,369.3119041871883,2703.25890684293,12,2728.369476445593,1338,0
931,-2099.4714919969847,-1744.7691693435997,12,2729.835159858558,1333,0
932,2728.1227710251073,-131.7047691402635,12,2731.300056749533,1340,0
933,-1923.6981783598717,1940.9753523872762,12,2732.7641683833604,1335,0
934,107.42264698605337,-2732.116464376017,12,2734.2274960214995,1328,0
935,1767.252840231144,2088.2570240980767,12,2735.6900409220343,1332,0
936,-2715.1646170443814,-346.2385050080898,12,2737.151804339686,1332,0
937,2237.1521032314936,-1579.6045286738404,12,2738.6127875258308,1333,0
938,-582.9094451098672,2677.3525316628943,12,2740.0729917285057,1337,0
939,-1379.4406968988174,-2369.207328145704,12,2741.5324181924243,1334,0
940,2618.925869685039,815.6146694944011,12,2742.9910681589904,1339,0
941,-2483.3734125575997,1168.2707279573608,12,2744.4489428663087,1334,0
942,1042.559958252093,-2540.289104304743,12,2745.906043549196,1332,0
943,947.6917223435064,2578.7362019798766,12,2747.3623714391956,1332,0
944,-2442.002749267004,-1261.991510499335,12,2748.8179277645872,1337,0
945,2654.5239829508273,-719.3764132489152,12,2750.2727137504016,1337,0
946,-1472.2095039601008,2324.779382317719,12,2751.7267306184312,1332,0
947,-485.0604749855467,-2710.11371267089,12,2753.1799795872407,1331,0
948,2189.4784913561066,1671.5812681078319,12,2754.6324618721824,1334,0
949,-2745.0361188743386,246.52932092412112,12,2756.0841786854044,1332,0
950,1858.553968741032,-2037.1001804714856,12,2757.5351312358653,1337,0
951,5.604491424703424,2758.9796283546334,12,2758.9853207293436,1335,0
952,-1868.7777818969435,-2031.6667054141387,12,2760.4347483684523,1334,0
953,2751.793091489868,235.87026440108068,12,2761.883415352647,1335,0
954,-2189.5619274596434,1685.769428427035,12,2763.3313228782395,1341,0
955,476.043106686098,-2723.487279312435,12,2764.77847213841,1326,0
956,1489.448648958661,2330.9960793864966,12,2766.224864323217,1335,0
957,-2674.2351390641315,-713.0683143953644,12,2767.67050061961,1340,0
958,2454.8493921860836,-1281.2940574605097,12,2769.1153822114384,1332,0
959,-945.1204774112708,2604.3708037024785,12,2770.5595102794673,1339,0
960,-1062.8782127969776,-2560.134743477676,12,2772.002886001384,1332,0
961,2514.387360402915,1170.4085619329953,12,2773.445510551812,1336,0
962,-2646.005516432284,835.85573337145,12,2774.887385102322,1333,0
963,1387.1897407577749,-2404.9333926610893,12,2776.328510821441,1333,0
964,601.9507564596553,2711.762394974465,12,2777.768888874666,1336,0
965,-2276.808320066002,-1593.7828815990688,12,2779.2085204244754,1336,0
966,2756.8590408188006,-362.94383732974694,12,2780.6474066303335,1334,0
967,-1788.5815890097879,2130.9565691151997,12,2782.085548648711,1333,0
968,-120.65838775020649,-2780.906606390355,12,2783.522947633089,1328,0
969,1968.4606175055671,1970.0666987007323,12,2784.959604733972,1332,0
970,-2783.6770465419713,-123.05324276656103,12,2786.395521098898,1333,0
971,2136.81812705199,-1790.5329630872545,12,2787.830697872451,1331,0
972,-366.3239366783091,2765.105201148142,12,2789.2651361962708,1331,0
973,-1598.5070770458829,-2287.5259833790365,12,2790.69883720906,1331,0
974,2725.289630055506,607.2861206317173,12,2792.1318020466006,1329,0
975,-2421.00085800039,1393.8274088140818,12,2793.5640318417622,1337,0
976,844.0861104170291,-2664.4921914318024,12,2794.9955277245076,1331,0
977,1178.0385176456834,2536.183205319198,12,2796.4262908219125,1338,0
978,-2583.1363642049782,-1074.8983784162508,12,2797.8563222581674,1334,0
979,2632.1517479308486,-952.7734126562193,12,2799.2856231545934,1340,0
980,-1297.9396336767613,2481.8043249480884,12,2800.714194629649,1333,0
981,-719.7411893877667,-2708.1308351515595,12,2802.1420377989407,1332,0
982,2361.2327991690977,1511.48260596279,12,2803.5691537752373,1333,0
983,-2763.496697273184,480.7140565452652,12,2804.9955436684745,1334,0
984,1713.8694271965583,-2222.307716433739,12,2806.4212085857675,1331,0
985,237.51385143080446,2797.7825452272923,12,2807.8461496314217,1337,0
986,-2066.057708010924,-1903.5245065847314,12,2809.270367906941,1331,0
987,2810.682474123375,8.001853266896314,12,2810.6938645110395,1335,0
988,-2078.9667994136416,1893.6464947121995,12,2812.116640539649,1336,0
989,253.95394532182178,-2802.0541382449205,12,2813.538697085932,1332,0
990,1706.3642212295738,2238.821373961663,12,2814.960035240287,1336,0
991,-2771.9201744735983,-498.4561629133078,12,2816.3806560903663,1330,0
992,2381.8301861863347,-1505.617801492653,12,2817.8005607210744,1331,0
993,-739.6295684074232,2720.4683606940644,12,2819.2197502145877,1329,0
994,-1292.9203473022267,-2506.861977758626,12,2820.638225650358,1326,0
995,2648.0505054365995,975.6169948586235,12,2822.0559881051263,1331,0
996,-2612.9212195930504,1069.8797596928196,12,2823.473038652928,1333,0
997,1204.59735410284,-2555.1800747674197,12,2824.8893783651065,1335,0
998,838.1865690747437,2699.156030210686,12,2826.3050083103203,1333,0
999,-2442.528572162032,-1424.7996961580618,12,2827.719929554552,1333,0
1000,2764.865006018521,-599.6011161549026,12,2829.1341431611195,1330,0
1001,-1634.51691134375,2310.9206967205278,12,2830.5476501906837,1337,0
1002,-355.940170887961,-2809.502908834274,12,2831.9604517012585,1344,0
1003,2161.3283145309247,1832.1189690647577,12,2833.3725487482225,1330,0
1004,-2832.6851646684518,109.06309122367965,12,2834.783942384322,1330,0
1005,2016.0655905608676,-1994.863287184478,12,2836.194633659686,1336,0
1006,-139.14237284394488,2834.191136828876,12,2837.604623621832,1336,0
1007,-1812.769210323987,-2184.9182570753874,12,2839.013913315678,1335,0
1008,2813.966145768305,386.77452148489795,12,2840.4225037835486,1329,0
1009,-2337.351459815064,1616.4121235936057,12,2841.8303960651842,1337,0
1010,631.9322829514907,-2772.1222176815577,12,2843.237591197753,1332,0
1011,1407.2702613903282,2472.163103722405,12,2844.6440902158565,1329,0
1012,-2708.9375536014504,-872.7298153998121,12,2846.0498941515416,1338,0
1013,2588.28398341838,-1186.922921330566,12,2847.4550040343047,1338,0
1014,-1107.3110204054262,2624.85472056811,12,2848.8594208911045,1330,0
1015,-957.0385342811154,-2684.7862566508074,12,2850.2631457463713,1333,0
1016,2520.4775762783993,1333.8638564252974,12,2851.666179622012,1337,0
1017,-2760.8908481491812,719.3620261079225,12,2853.0685235374212,1329,0
1018,1550.6343417795513,-2396.5669483855227,12,2854.47017850949,1331,0
1019,475.7015669185491,2815.9737248829642,12,2855.871145552614,1330,0
1020,-2254.035099238213,-1755.940138900577,12,2857.2714256787017,1335,0
1021,2849.5709922863466,-227.91480847063636,12,2858.671019897183,1336,0
1022,-1948.183614608028,2093.939016249709,12,2860.0699292150184,1335,0
1023,22.105285450208495,-2861.3827699829267,12,2861.468154636707,1332,0
1024,1917.4725771964563,2125.8642749948967,12,2862.865697164294,1332,0
1025,-2851.2758148505545,-272.44490754702133,12,2864.2625577973813,1333,0
1026,2287.5904781241434,-1725.9576484942356,12,2865.6587375331346,1332,0
1027,-521.1840637795173,2819.2848688385975,12,2867.05423736629,1336,0
1028,-1520.834182817307,-2432.0903331032778,12,2868.449058289165,1334,0
1029,2765.612718714012,766.4113060800273,12,2869.843201291667,1338,0
1030,-2558.221700186011,1303.6493902493094,12,2871.2366673612955,1337,0
1031,1006.2384279142639,-2690.6289647940366,12,2872.629457483161,1331,0
1032,1076.0460644218817,2664.981213300045,12,2874.021572639983,1333,0
1033,-2594.8675056461825,-1238.8150096529998,12,2875.4130138121036,1331,0
1034,2751.5122537676734,-839.750151751305,12,2876.8037819774922,1336,0
1035,-1462.3427016597038,2479.0227556241994,12,2878.193878111758,1339,0
1036,-596.5576578725279,-2817.1118119154667,12,2879.583303188154,1330,0
1037,2343.9446218857424,1675.0891348023551,12,2880.9720581775864,1337,0
1038,-2861.236181701036,348.3209906463802,12,2882.360144048623,1334,0
1039,1875.4013507528002,-2190.6322771279015,12,2883.7475617675004,1334,0
1040,96.93484363763443,2883.5054423546603,12,2885.134312298129,1334,0
1041,-2020.2267736066535,-2061.718647925282,12,2886.52039660211,1325,0
1042,2883.706690274064,155.6782723073611,12,2887.9058156387305,1332,0
1043,-2232.58474320189,1834.002553003172,12,2889.2905703649817,1332,0
1044,407.58273884468605,-2861.7959939513266,12,2890.6746617355607,1331,0
1045,1633.3579152939662,2386.659154665062,12,2892.058090702882,1335,0
1046,-2817.8990544790295,-656.8446686745607,12,2893.4408582170818,1332,0
1047,2522.7277163683634,-1419.8045179062015,12,2894.8229652260256,1332,0
1048,-901.5467590340984,2752.3105641033885,12,2896.204412675321,1331,0
1049,-1194.9559840307122,-2639.712142683212,12,2897.5852015083183,1341,0
1050,2665.4922652894397,1139.8030460049547,12,2898.9653326661223,1334,0
1051,-2736.6785669122037,960.5157059639207,12,2900.344807087599,1339,0
1052,1369.7734460476731,-2558.069722760246,12,2901.723625709382,1331,0
1053,718.2639357009938,2812.8449866054334,12,2903.101789465881,1332,0
1054,-2430.827830891959,-1589.6779725973095,12,2904.479299289289,1339,0
1055,2867.587556296096,-470.04426065614854,12,2905.85615610959,1328,0
1056,-1797.8105178431917,2284.7050886126185,12,2907.2323608545635,1337,0
1057,-217.74956729717917,-2900.445677123068,12,2908.6079144497976,1329,0
1058,2120.786683489593,1992.5520929534598,12,2909.9828178186895,1330,0
1059,-2911.1258419645287,-36.69240038910875,12,2911.3570718824585,1331,0
1060,2172.383423969712,-1940.2964359245807,12,2912.7306775601483,1334,0
1061,-291.333777369039,2899.5042041983465,12,2914.103635768639,1335,0
1062,-1744.5876632345862,-2335.8968053597073,12,2915.4759474226503,1336,0
1063,2865.6278479594425,544.2214962672197,12,2916.84761343475,1334,0
1064,-2481.807118741435,1535.1330318133137,12,2918.2186347153634,1327,0
1065,793.412273989477,-2809.714747707113,12,2919.589012172775,1332,0
1066,1313.5134734744738,2608.9619305388537,12,2920.9587467131405,1332,0
1067,-2732.152414970143,-1036.9875512140025,12,2922.3278392404914,1336,0
1068,2716.3505892514595,-1081.4062494147367,12,2923.696290656743,1340,0
1069,-1273.0682698504152,2633.4952402273425,12,2925.0641018617007,1333,0
1070,-840.5722519420361,-2803.1122505645562,12,2926.431273753067,1332,0
1071,2514.4605479282504,1499.8293745997778,12,2927.797807226448,1330,0
1072,-2868.542766637735,592.8426401418258,12,2929.163703175362,1335,0
1073,1715.5139266596682,-2375.923392585865,12,2930.5289624912425,1331,0
1074,340.10491095213905,2912.1003845242417,12,2931.89358606345,1333,0
1075,-2218.910133603692,-1918.446720394092,12,2933.257574779276,1332,0
1076,2933.410207728292,-84.28851164577033,12,2934.620929523948,1334,0
1077,-2107.047297408543,2044.5908359579805,12,2935.983651180639,1337,0
1078,172.64989656163283,-2932.267384332005,12,2937.345740630476,1333,0
1079,1854.2705529694242,2279.8422569095574,12,2938.7071987525396,1330,0
1080,-2908.6389948467863,-428.7414111754013,12,2940.068026423878,1330,0
1081,2435.476766452955,-1649.3795560961273,12,2941.4282245195104,1331,0
1082,-682.0199827328547,2862.6646228912455,12,2942.7877939124323,1334,0
1083,-1431.4625848935839,-2572.725183156914,12,2944.146735473624,1337,0
1084,2794.6556018930796,930.5375149920768,12,2945.5050500720586,1336,0
1085,-2690.500702130393,1202.167197953704,12,2946.862738574703,1329,0
1086,1172.3788549726826,-2705.0929411783513,12,2948.2198018465315,1335,0
1087,963.2313126936051,2787.86395619416,12,2949.576240750525,1337,0
1088,-2594.6239449700875,-1405.676557458315,12,2950.9320561476843,1334,0
1089,2864.030498895629,-716.4700282605372,12,2952.2872488970315,1337,0
1090,-1628.6253100947172,2464.057547891057,12,2953.641819855617,1337,0
1091,-463.76183150154554,-2918.377111279886,12,2954.995769878529,1339,0
1092,2314.358400475189,1839.4959076197827,12,2956.3490998188972,1329,0
1093,-2950.446881813641,207.03429087028564,12,2957.701810527897,1333,0
1094,2036.6486670261102,-2146.6397478619388,12,2959.0539028547623,1333,0
1095,-51.75065273043318,2959.9530181984264,12,2960.4053776467845,1334,0
1096,-1962.1551542030659,-2218.5461795586634,12,2961.756235749323,1338,0
1097,2946.7813594830845,310.61168587647546,12,2963.1064780058114,1332,0
1098,-2383.765300360146,1762.2891342793055,12,2964.4561052577587,1332,0
1099,567.5632985890068,-2910.9915668195886,12,2965.8051183447633,1332,0
1100,1548.546762335589,2531.0082822582717,12,2967.153518104515,1331,0
1101,-2852.81698132459,-820.6310200486299,12,2968.5013053727976,1335,0
1102,2659.1129665999456,-1322.5423361314508,12,2969.8484809834995,1334,0
1103,-1067.866597097514,2772.66314773421,12,2971.195045768621,1332,0
1104,-1085.9871816057623,-2767.0619511293876,12,2972.5410005582767,1335,0
1105,2671.10501279314,1307.3629988000116,12,2973.886346180701,1335,0
1106,-2853.9906626271404,840.6766903138791,12,2975.231083462258,1326,0
1107,1537.2691314603105,-2548.8828175220733,12,2976.5752132274433,1335,0
1108,588.4766878576288,2919.1942703164027,12,2977.9187362988937,1335,0
1109,-2406.896712581463,-1755.804150514671,12,2979.2616534973895,1340,0
1110,2962.1333848394297,-331.30923684634047,12,2980.6039656418634,1334,0
1111,-1961.2712586118244,2246.2001358167513,12,2981.9456735494027,1338,0
1112,-71.13798245819635,-2982.438496843108,12,2983.28677803526,1333,0
1113,2067.992000654289,2152.0708829473692,12,2984.6272799128533,1332,0
1114,-2979.913118818973,-190.04684762074163,12,2985.9671799937787,1330,0
1115,2326.7131294992,-1873.6077532440017,12,2987.3064790878084,1333,0
1116,-450.2436742473424,2954.535603745579,12,2988.6451780029024,1335,0
1117,-1664.5093650427402,-2483.829417187302,12,2989.9832775452105,1332,0
1118,2906.4596242047032,707.4549122508467,12,2991.3207785190807,1330,0
1119,-2622.1832011127276,1442.2743358328917,12,2992.657681727063,1332,0
1120,959.7023125441754,-2836.0133059097875,12,2993.993987969916,1329,0
1121,1208.5837899093751,2740.6797008713534,12,2995.3296980466107,1333,0
1122,-2743.697019916619,-1205.0421830378655,12,2996.6648127543394,1331,0
1123,2838.3745574367535,-965.2097552841622,12,2997.999332888518,1333,0
1124,-1441.5803712009817,2630.1798481031747,12,2999.3332592427937,1326,0
1125,-714.0017221951374,-2914.4813502066495,12,3000.666592609048,1333,0
1126,2496.294746728366,1667.4868927389994,12,3001.9993337774076,1332,0
1127,-2968.377914447492,456.8725829160233,12,3003.331483536241,1335,0
1128,1881.010093374386,-2343.0324429302473,12,3004.663042672173,1339,0
1129,195.78405978902865,2999.611408488194,12,3005.9940119700836,1332,0
1130,-2171.5341088178393,-2080.4902341132756,12,3007.3243922131182,1330,0
1131,3007.9020895292447,67.26826744908435,12,3008.654184182688,1334,0
1132,-2264.3723945976576,1983.082867301332,12,3009.9833886584825,1343,0
1133,330.2702207496312,-2993.145766795528,12,3011.3120064184645,1328,0
1134,1779.094192850382,2431.2185942374754,12,3012.640038238886,1334,0
1135,-2955.4149108622387,-591.2044524977339,12,3013.967484894288,1329,0
1136,2579.7190366149134,-1561.105279001587,12,3015.2943471575045,1329,0
1137,-848.0659256959784,2894.9584082804067,12,3016.6206257996714,1336,0
1138,-1330.7634524858054,-2708.7023892498896,12,3017.94632159023,1338,0
1139,2812.1999610187845,1098.8773267503266,12,3019.271435296932,1334,0
1140,-2817.145018068521,1089.8137213174145,12,3020.5959676858474,1338,0
1141,1341.7042923353258,-2707.73514065334,12,3021.9199195213628,1333,0
1142,840.0855509942438,2904.1791038106967,12,3023.2432915661952,1336,0
1143,-2582.327117591311,-1574.6703330388082,12,3024.56608458139,1334,0
1144,2969.099576079206,-583.478969052252,12,3025.888299326332,1332,0
1145,-1795.971338613345,2436.9010958345,12,3027.2099365587446,1332,0
1146,-321.9501035541984,-3011.3698097081074,12,3028.530997034701,1339,0
1147,2272.5374937871507,2003.8895526778963,12,3029.851481508624,1337,0
1148,-3030.6260375439383,57.49626562418476,12,3031.171390733292,1336,0
1149,2196.806908596685,-2090.4639213203072,12,3032.490725459849,1334,0
1150,-207.85931016610996,3026.6804435184877,12,3033.809486437802,1334,0
1151,-1892.0460126417142,-2373.2176229850033,12,3035.127674415032,1334,0
1152,2999.5229099713147,472.0829509283526,12,3036.445290137796,1337,0
1153,-2531.7399488184146,1678.7771834156351,12,3037.7623343507307,1335,0
1154,733.14613754092,-2949.3214034772186,12,3039.0788077968627,1337,0
1155,1452.267388961411,2671.1269964116655,12,3040.394711217608,1335,0
1156,-2876.420993869461,-989.041084094599,12,3041.710045352778,1339,0
1157,2790.276537539367,-1214.23096816764,12,3043.0248109405884,1335,0
1158,-1237.796185002716,2781.341511643747,12,3044.339008717656,1338,0
1159,-966.4736649296179,-2888.23971563953,12,3045.6526394190128,1326,0
1160,2664.7738594002444,1477.491210889976,12,3046.965703778105,1337,0
1161,-2964.228593315533,710.8789253949061,12,3048.278202526797,1340,0
1162,1706.2721361017595,-2527.5750033505906,12,3049.5901363953813,1335,0
1163,449.3935750345315,3017.62247716935,12,3050.9015061125788,1339,0
1164,-2370.7616811040266,-1922.3654833066496,12,3052.2123124055443,1336,0
1165,3047.972969292108,-184.01298450014744,12,3053.522555999873,1338,0
1166,-2124.0920741808172,2195.502871872919,12,3054.8322376196047,1330,0
1167,83.23416265896233,-3055.0077044365144,12,3056.141357987225,1335,0
1168,2003.1110848261058,2309.8800795380657,12,3057.449917823675,1330,0
1169,-3038.6327419255463,-350.30138409380686,12,3058.7579178483543,1335,0
1170,2478.277267471572,-1795.0325304945413,12,3060.065358779122,1334,0
1171,-615.1400758806706,2998.9335916364544,12,3061.3722413323085,1330,0
1172,-1572.8362488262667,-2627.9623540640982,12,3062.6785662227107,1334,0
1173,2936.1748638599333,875.7152327309951,12,3063.9843341636065,1326,0
1174,-2757.755367957921,1338.2022756292379,12,3065.2895458667517,1337,0
1175,1130.0210905107592,-2850.7985433911103,12,3066.59420204239,1331,0
1176,1092.9089366674084,2866.6269475033746,12,3067.8983033992504,1335,0
1177,-2743.4208987807788,-1376.0965707874077,12,3069.201850644561,1329,0
1178,2953.7064972697995,-838.8193655288209,12,3070.5048444840468,1327,0
1179,-1612.0404084410482,2614.8280481808397,12,3071.807285621935,1335,0
1180,-577.8673475104761,-3018.2891393438777,12,3073.1091747609617,1328,0
1181,2465.97021357621,1836.0258456119016,12,3074.4105126023746,1328,0
1182,-3059.8414039923136,312.0425971151175,12,3075.7112998459397,1338,0
1183,2046.3147783922361,-2297.9547053267893,12,3077.0115371899396,1335,0
1184,43.375581287357726,3078.0056138590758,12,3078.3112253311883,1330,0
1185,-2112.0376887689677,-2241.2712466855587,12,3079.6103649650227,1330,0
1186,3072.6029258289464,226.07799580542425,12,3080.9089567853184,1331,0
1187,-2419.3741625193275,1909.6147940707576,12,3082.207001484488,1336,0
1188,494.2529278479643,-3043.635004942891,12,3083.504499753486,1333,0
1189,1692.2106395245235,2579.2291777738565,12,3084.8014522818157,1335,0
1190,-2991.2843152184532,-759.090340821217,12,3086.097859757529,1337,0
1191,2719.579598737112,-1461.467346926672,12,3087.3937228672335,1330,0
1192,-1018.5535053649559,2915.913022829858,12,3088.6890422961,1334,0
1193,-1219.1321355686337,-2839.3162620644894,12,3089.9838187278588,1338,0
1194,2818.0605177564835,1270.6435055758393,12,3091.2780528448093,1332,0
1195,-2937.486294560391,967.0440885863815,12,3092.5717453278266,1334,0
1196,1513.4146436592396,-2698.439570632957,12,3093.8648968563575,1331,0
1197,707.1201919301221,3013.3006876454774,12,3095.157508108432,1330,0
1198,-2557.9311520477286,-1744.9894616827282,12,3096.4495797606646,1336,0
1199,3066.1406263657072,-441.3407519702988,12,3097.7411124882597,1332,0
1200,-1963.5732644243976,2397.5779518584404,12,3099.0321069650117,1332,0
1201,-171.73430270525262,-3095.5625222686654,12,3100.3225638633153,1334,0
1202,2218.5766461421144,2167.468030950585,12,3101.6124838541646,1332,0
1203,-3101.3017093470435,-99.63788235960334,12,3102.9018676071596,1334,0
1204,2355.0856070685295,-2022.2689690984857,12,3104.19071579051,1337,0
1205,-370.69755536437543,3083.274772453288,12,3105.479029071038,1331,0
1206,-1810.1316565004295,-2524.960076146752,12,3106.7668081141846,1332,0
1207,3041.5804880454502,639.3654156593082,12,3108.0540535840105,1336,0
1208,-2675.7592119397623,1583.7653360645004,12,3109.3407661432025,1340,0
1209,903.5770657618882,-2976.4993677521816,12,3110.626946453078,1339,0
1210,1344.882448328738,2806.294923948176,12,3111.912595173585,1330,0
1211,-2888.491805963185,-1161.2988792225449,12,3113.197712963313,1332,0
1212,2915.5326134385555,-1095.294289210049,12,3114.4823004794875,1336,0
1213,-1410.5436583912597,2778.1948433780167,12,3115.7663583779836,1339,0
1214,-836.8972723103362,-3002.599366482235,12,3117.049887313323,1330,0
1215,2646.4175690984675,1649.3859614920204,12,3118.332887938682,1332,0
1216,-3066.7909191865524,571.6585151949535,12,3119.615360905892,1338,0
1217,1875.9769807557263,-2494.135194345854,12,3120.8973068654473,1337,0
1218,301.6008592305174,3107.5773396186637,12,3122.1787264665036,1331,0
1219,-2322.481841143434,-2088.5588566183637,12,3123.459620356889,1335,0
1220,3124.6073806904546,-28.787437099095495,12,3124.7399891830996,1341,0
1221,-2285.47831713648,2132.742099246649,12,3126.019833590312,1328,0
1222,244.69409423385162,-3117.7114684086905,12,3127.2991542223776,1325,0
1223,1926.34141415295,2465.199536775718,12,3128.5779517218366,1340,0
1224,-3086.903300320076,-516.7475345592105,12,3129.856226729912,1338,0
1225,2626.3161145533845,-1704.8353781046471,12,3131.1339798865206,1334,0
1226,-785.2842130937264,3032.3800396166985,12,3132.4112118302733,1336,0
1227,-1469.8980045419216,-2767.5620781192383,12,3133.6879231984794,1329,0
1228,2954.5211011319548,1048.2390294994839,12,3134.9641146271515,1334,0
1229,-2887.8218276903885,1223.309074402272,12,3136.2397867510067,1330,0
1230,1303.5863400175617,-2853.885536267987,12,3137.514940203472,1329,0
1231,966.9406499353629,2986.1389417611795,12,3138.7895756166895,1331,0
1232,-2731.2080346698085,-1549.3555664711323,12,3140.0636936215164,1332,0
1233,3061.7237751267935,-702.7428582513916,12,3141.3372948475303,1337,0
1234,-1783.6464078253055,2587.393571115899,12,3142.6103799230345,1335,0
1235,-432.72905259528653,-3113.9597889247034,12,3143.8829494750594,1335,0
1236,2423.510736547877,2004.6435368506707,12,3145.155004129367,1332,0
1237,-3142.4085620415217,158.96046429265212,12,3146.4265445104547,1338,0
1238,2210.630668204209,-2240.783802332347,12,3147.6975712415574,1336,0
1239,-116.4695375930213,3146.8134432808165,12,3148.9680849446536,1330,0
1240,-2040.5835766574921,-2400.003888887624,12,3150.238086240467,1334,0
1241,3127.101814063554,391.45145865155325,12,3151.50757574847,1341,0
1242,-2571.2841475347072,1824.4171213395014,12,3152.7765540868895,1332,0
1243,663.8758410433821,-3083.3859420576828,12,3154.0450218727065,1331,0
1244,1593.9164061766987,2723.1288052754235,12,3155.312979721663,1332,0
1245,-3015.9624169257777,-931.6494510765432,12,3156.5804282482654,1335,0
1246,2854.342157977646,-1350.825986273403,12,3157.8473680657835,1343,0
1247,-1192.7113681823705,2925.3101702569147,12,3159.113799786263,1333,0
1248,-1096.9897953964917,-2963.8848474250753,12,3160.379724020517,1332,0
1249,2812.0870926275297,1445.04885158864,12,3161.64514137814,1331,0
1250,-3050.8820873931636,834.337155365581,12,3162.910052467505,1333,0
1251,1686.7128624999043,-2677.1252715323913,12,3164.1744578957714,1335,0
1252,564.8681076583147,3114.630639570367,12,3165.4383582688824,1336,0
1253,-2521.4248845578095,-1915.8331220470736,12,3166.701754191575,1332,0
1254,3154.604483771548,-290.6381787866939,12,3167.9646462673795,1328,0
1255,-2130.6325886444565,2346.1467925528914,12,3169.2270350986214,1335,0
1256,-13.742695526186157,-3170.45913683171,12,3170.4889212864314,1331,0
1257,2152.603887610788,2329.4412426680615,12,3171.7503054307413,1337,0
1258,-3162.0345848756797,-263.6992302796619,12,3173.0111881302905,1337,0
1259,2510.709071512431,-1942.2512603227183,12,3174.2715699826313,1331,0
1260,-539.5609248895271,3129.356804254248,12,3175.5314515841283,1331,0
1261,-1716.675259938251,-2673.01815405656,12,3176.7908335299635,1336,0
1262,3072.63785723869,811.7244595696459,12,3178.049716414141,1332,0
1263,-2815.0937503278337,1477.5815296846304,12,3179.308100829487,1337,0
1264,1078.0969161557607,-2992.2745594907296,12,3180.5659873676573,1333,0
1265,1226.782107498814,2935.814309645753,12,3181.823376619136,1327,0
1266,-2888.8457272901974,-1336.6264863143972,12,3183.0802691732424,1328,0
1267,3034.220318698028,-966.1816897457949,12,3184.336665618132,1320,0
1268,-1585.318280627598,2763.108023423615,12,3185.5925665408,1333,0
1269,-697.7631620784833,-3109.5219197886736,12,3186.8479725270863,1329,0
1270,2615.990431429718,1822.2497256600589,12,3188.1028841616767,1337,0
1271,-3161.1052388344524,423.57250738614005,12,3189.3573020281065,1333,0
1272,2045.5854301417326,-2448.5873984793484,12,3190.6112267087633,1339,0
1273,145.7032057343589,3188.537372501494,12,3191.8646587848925,1334,0
1274,-2262.1506974556114,-2253.591405290917,12,3193.1175988365976,1330,0
1275,3191.5699940934664,133.71975471946075,12,3194.3700474428447,1334,0
1276,-2444.648529084215,2058.0800687160795,12,3195.622005181464,1332,0
1277,412.5561336780974,-3170.141548348367,12,3196.8734726291564,1329,0
1278,1837.9127114854814,2617.2651499150948,12,3198.1244503614926,1333,0
1279,-3124.3780160923275,-688.6668371273394,12,3199.37493895292,1326,0
1280,2770.088731530155,-1603.3117037711836,12,3200.6249389767618,1332,0
1281,-959.9303325457586,3054.592240653176,12,3201.8744510052234,1338,0
1282,-1356.053438045376,-2901.9164483432864,12,3203.123475609393,1337,0
1283,2961.2818189700106,1224.2589548938033,12,3204.3720133592483,1331,0
1284,-3011.7046481484767,1098.014167632121,12,3205.6200648236527,1335,0
1285,1479.6149780184312,-2845.125571362979,12,3206.867630570367,1330,0
1286,831.1557657141344,3098.5771078222583,12,3208.1147111660457,1337,0
1287,-2706.978614865117,-1724.0263277174547,12,3209.3613071762425,1341,0
1288,3161.8320167618813,-557.5108050786939,12,3210.607419165414,1334,0
1289,-1955.6018152689128,2547.8660757812477,12,3211.853047696921,1339,0
1290,-279.1670721054736,-3200.9476324757416,12,3213.0981933330327,1330,0
1291,2368.975487644639,2172.545773726953,12,3214.34285663493,1338,0
1292,-3215.586562854886,-1.7483669811672264,12,3215.5870381627055,1331,0
1293,2373.171983691387,-2171.647930909217,12,3216.8307384753703,1331,0
1294,-283.085425952959,3205.598640131517,12,3218.0739581308567,1329,0
1295,-1957.3679804649732,-2555.9167805408833,12,3219.316697686017,1334,0
1296,3171.0223622923827,562.687460178061,12,3220.5589576966295,1335,0
1297,-2719.3512412403406,1727.7525363212806,12,3221.8007387174025,1330,0
1298,838.4078039074839,-3112.0848886794574,12,3223.042041301975,1338,0
1299,1484.5386214952032,2862.1923557457003,12,3224.2828660029195,1333,0
1300,-3029.200587593524,-1108.1262563999862,12,3225.5232133717464,1324,0
1301,2983.313095682198,-1229.570239201934,12,3226.7630839589074,1329,0
1302,-1369.7653902369666,2922.9681448330853,12,3228.002478313794,1327,0
1303,-964.7843888093197,-3081.7513013073963,12,3229.241396984747,1332,0
1304,2794.1662531661523,1621.306556351213,12,3230.4798405190527,1331,0
1305,-3156.7173167250103,692.1963466303852,12,3231.717809462949,1335,0
1306,1860.8054624313813,-2643.7479136607435,12,3232.95530436163,1335,0
1307,413.8843234349125,3207.6003128218495,12,3234.192325759246,1333,0
1308,-2472.8333905072373,-2086.407204452784,12,3235.4288741989058,1331,0
1309,3233.973247385823,-131.97361551761736,12,3236.664950222682,1328,0
1310,-2296.3606351021695,2282.7018713693565,12,3237.9005543716135,1331,0
1311,151.3796297730539,-3235.596422251974,12,3239.135687185704,1330,0
1312,2074.7818953202727,2489.0319577802165,12,3240.37034920393,1331,0
1313,-3212.419608036591,-434.00490999761115,12,3241.6045409642425,1334,0
1314,2662.9174406440015,-1850.6406199783894,12,3242.8382630035676,1337,0
1315,-713.7339988360641,3164.5827179749117,12,3244.0715158578114,1334,0
1316,-1611.9720084797489,-2816.655151749636,12,3245.30430006186,1339,0
1317,3092.41502349178,988.4175850733992,12,3246.536616149585,1335,0
1318,-2949.035623723139,1360.5840253405427,12,3247.7684646538455,1333,0
1319,1255.9417916351015,-2996.432915321885,12,3248.9998461064906,1337,0
1320,1098.384938008363,3059.0113644699595,12,3250.23076103836,1331,0
1321,-2877.3362251708813,-1514.2444476765904,12,3251.4612099792917,1333,0
1322,3145.7051391693126,-827.3688279139925,12,3252.6911934581185,1328,0
1323,-1761.3309884357984,2736.003133985005,12,3253.920712002675,1335,0
1324,-549.6004210618644,-3208.416958122591,12,3255.1497661398007,1331,0
1325,2573.4837037894226,1995.2898602284015,12,3256.3783563953375,1327,0
1326,-3246.6297148646822,267.19935358767685,12,3257.6064832941383,1331,0
1327,2214.3073115813877,-2390.992080680571,12,3258.8341473600644,1332,0
1328,-17.676007776538107,3260.013429228334,12,3260.0613491159947,1338,0
1329,-2189.8974268331294,-2416.6814560362805,12,3261.2880890838205,1329,0
1330,3248.4280606963644,302.8450667923441,12,3262.514367784455,1338,0
1331,-2600.8354975749835,1971.7136492284792,12,3263.740185737829,1330,0
1332,586.1216941671045,-3211.9248683035353,12,3264.9655434629017,1331,0
1333,1738.0880021536077,2765.3300158877387,12,3266.190441477655,1338,0
1334,-3150.746304473555,-865.33099149761,12,3267.4148802991026,1330,0
1335,2908.8742157743745,-1490.7886492736031,12,3268.638860443288,1330,0
1336,-1138.3259940947912,3065.324441420207,12,3269.862382425291,1330,0
1337,-1231.6912792236712,-3030.336052764504,12,3271.085446759225,1338,0
1338,2956.277940000207,1403.0041844086334,12,3272.3080539582456,1338,0
1339,-3128.7511555700553,962.7648760310294,12,3273.530204534548,1327,0
1340,1657.3236889847358,-2824.407582118775,12,3274.7518989993723,1340,0
1341,686.0567523596543,3203.3304750746092,12,3275.973137863007,1331,0
1342,-2670.690398846459,-1899.3190341565428,12,3277.1939216347882,1333,0
1343,3253.4665992564,-403.67695936601945,12,3278.4142508231016,1331,0
1344,-2127.116338870392,2496.2724372372936,12,3279.6341259353917,1333,0
1345,-117.78219191738715,-3278.7386835896414,12,3280.8535474781556,1332,0
1346,2302.4602193545566,2338.9478271842163,12,3282.0725159569524,1334,0
1347,-3278.9159570262,-169.4406880266884,12,3283.2910318764,1336,0
1348,2533.165548031126,-2090.71095713113,12,3284.509095740184,1336,0
1349,-455.79138395592554,3253.959774538023,12,3285.7267080510514,1334,0
1350,-1862.6215963384732,-2708.2541957603457,12,3286.9438693108223,1332,0
1351,3204.0241983180185,739.073025209676,12,3288.1605800203865,1330,0
1352,-2862.842931715722,1619.9167720365542,12,3289.3768406797053,1332,0
1353,1017.1090260016914,-3129.455101008143,12,3290.5926517878197,1329,0
1354,1364.4357663561032,2995.7161146357366,12,3291.8080138428486,1334,0
1355,-3030.7877956619745,-1287.7598136556485,12,3293.0229273419886,1328,0
1356,3105.822855901912,-1098.1185672582417,12,3294.2373927815224,1335,0
1357,-1548.939297452188,2908.743208467932,12,3295.451410656816,1328,0
1358,-822.9911339639449,-3192.285324562443,12,3296.6649814623265,1335,0
1359,2764.2226214717507,1798.6309512915218,12,3297.8781056915977,1336,0
1360,-3254.4057365473964,541.1499809917767,12,3299.090783837268,1332,0
1361,2034.9033861553646,-2598.301023556245,12,3300.3030163910707,1334,0
1362,254.74619813769752,3291.671972498838,12,3301.514803843836,1334,0
1363,-2412.2191186782193,-2255.9252920882095,12,3302.726146685492,1334,0
1364,3303.7617790876784,34.0309717671875,12,3303.9370454050727,1333,0
1365,-2459.9796340833727,2207.374050743335,12,3305.1475004907124,1337,0
1366,322.9708719121598,-3290.545519499206,12,3306.3575124296526,1331,0
1367,1985.3089144398439,2645.4769918193747,12,3307.5670817082455,1332,0
1368,-3252.0874498587086,-609.8583593519738,12,3308.776208811953,1335,0
1369,2810.9679396056304,-1747.7011307741593,12,3309.9848942253493,1335,0
1370,-892.4907919822516,3188.645509652475,12,3311.193138432127,1330,0
1371,-1496.3497748821949,-2955.1543701150376,12,3312.400941915094,1329,0
1372,3100.6696255914135,1168.6949443438207,12,3313.6083051561786,1330,0
1373,-3076.899673450675,1233.1619518616085,12,3314.815228636432,1336,0
1374,1436.343722312282,-2988.7985397771627,12,3316.0217128360305,1334,0
1375,960.1383238177551,3175.237691754183,12,3317.227758234276,1332,0
1376,-2853.8551843762953,-1693.372548085194,12,3318.4333653096005,1335,0
1377,3249.380378849082,-679.3578979820554,12,3319.6385345395665,1332,0
1378,-1937.795289224846,2696.8406361996986,12,3320.84326640087,1339,0
1379,-392.9621915933255,-3298.7241042527594,12,3322.0475613693434,1332,0
1380,2518.9266955353833,2167.719608833024,12,3323.251419919956,1338,0
1381,-3322.8545512114174,103.13889418435019,12,3324.4548425268163,1341,0
1382,2381.3616182014084,-2321.447144209226,12,3325.6578296631783,1335,0
1383,-187.89484805164625,3321.550169134233,12,3326.860381801437,1344,0
1384,-2105.887748067521,-2577.0597184658145,12,3328.0624994131344,1329,0
1385,3294.784151844642,477.9093980592771,12,3329.2641829689633,1326,0
1386,-2753.2875238558677,1873.8750788085172,12,3330.465432938766,1333,0
1387,764.6797140246449,-3242.724924343597,12,3331.6662497915363,1336,0
1388,1627.164239261974,2908.665766028645,12,3332.8666339954266,1333,0
1389,-3165.7351322055815,-1046.0024248152145,12,3334.0665860177414,1333,0
1390,3041.973086653439,-1367.6255847548882,12,3335.2661063249516,1338,0
1391,-1319.7127636811588,3064.369139215613,12,3336.465195382682,1334,0
1392,-1097.2305410414115,-3152.1556338172727,12,3337.6638536557275,1329,0
1393,2939.3690503161324,1583.70123004424,12,3338.8620816080443,1328,0
1394,-3238.335386883609,818.0366263544607,12,3340.059879702758,1337,0
1395,1835.929851102024,-2791.6592882786576,12,3341.2572484021644,1333,0
1396,532.1717914000621,3299.817144091177,12,3342.4541881677305,1336,0
1397,-2622.3397636589316,-2074.4479178647075,12,3343.6506994600977,1336,0
1398,3336.094117352621,-241.81819651389424,12,3344.846782739083,1332,0
1399,-2297.40707409823,2432.6776884502,12,3346.0424384636844,1337,0
1400,50.80445030996178,-3346.852089326432,12,3347.2376670920753,1335,0
1401,2224.0980943334107,2503.0756414424413,12,3348.4324690816147,1337,0
1402,-3331.97209880934,-343.45586726111026,12,3349.6268448888454,1332,0
1403,2689.852069671345,-1998.1731264544583,12,3350.8207949694956,1334,0
1404,-633.892354594074,3291.5316317464094,12,3352.014319778482,1329,0
1405,-1756.610193159453,-2856.2774076213796,12,3353.2074197699135,1333,0
1406,3225.804306596234,919.8840011355734,12,3354.400095397089,1336,0
1407,-3001.0466976841485,1501.2390610156222,12,3355.5923471125034,1335,0
1408,1199.2318094302318,-3135.258054331524,12,3356.7841753678476,1335,0
1409,1233.997992668664,3123.019204886468,12,3357.9755806140097,1337,0
1410,-3020.5518049123043,-1469.7846079752721,12,3359.166563301082,1332,0
1411,3221.227400401797,-956.9190325731236,12,3360.3571238783534,1337,0
1412,-1729.4556204437195,2882.530703551244,12,3361.5472627943227,1334,0
1413,-672.1125523220257,-3294.884628786139,12,3362.7369804966906,1336,0
1414,2722.219891410023,1976.2385642456231,12,3363.9262774323697,1335,0
1415,-3343.391398236798,381.7511731431742,12,3365.1151540474807,1334,0
1416,2208.223154210423,-2540.8168964348783,12,3366.3036107873572,1332,0
1417,88.05318807610043,3366.340243657737,12,3367.491648096547,1334,0
1418,-2339.682690773278,-2423.6098915658667,12,3368.6792664188138,1332,0
1419,3363.5191232009806,206.7343896435904,12,3369.86646619714,1333,0
1420,-2620.7240237073397,2120.331481529059,12,3371.053247873727,1332,0
1421,500.3530224189039,-3334.9133201563527,12,3372.2396118899974,1339,0
1422,1884.4193114305804,2798.0285664566577,12,3373.4255586866,1334,0
1423,-3280.70583349638,-790.5499567154644,12,3374.611088703408,1336,0
1424,2954.136287554765,-1633.7315552293624,12,3375.7962023795217,1334,0
1425,-1075.0955113968528,3201.2762519617613,12,3376.9809001532717,1329,0
1426,-1370.16940624353,-3087.820557965481,12,3378.1651824622195,1337,0
1427,3097.198118206844,1351.8002132622953,12,3379.3490497431603,1337,0
1428,-3198.024986128403,1095.7354553442317,12,3380.5325024321246,1333,0
1429,1618.5316480656973,-2969.2348011246495,12,3381.7155409643788,1337,0
1430,812.5184717925317,3283.8717595234943,12,3382.89816577443,1334,0
1431,-2818.333905948082,-1873.2308972957471,12,3384.080377296024,1333,0
1432,3344.668627727894,-522.6775016133817,12,3385.2621759621516,1331,0
1433,-2113.9284339963647,2645.620262989698,12,3386.443562205046,1331,0
1434,-228.42540459281898,-3379.9144714824674,12,3387.624536456188,1337,0
1435,2452.387546850032,2338.7593548834566,12,3388.805099146305,1332,0
1436,-3389.303413062908,-67.9880445381694,12,3389.9852507053774,1336,0
1437,2545.977830938581,-2240.0885885092302,12,3391.1649915626335,1335,0
1438,-364.29336165032134,3372.7274343856348,12,3392.344322146559,1335,0
1439,-2010.324452836952,-2733.9706644962025,12,3393.5232428848926,1335,0
1440,3330.2774806872826,658.218733877398,12,3394.701754204631,1340,0
1441,-2901.269847545156,1764.8323636326784,12,3395.87985653203,1337,0
1442,947.5074422501517,-3262.2430392109923,12,3397.0575502926054,1331,0
1443,1505.4725672685013,3046.5640234864563,12,3398.2348359111375,1330,0
1444,-3169.110194024241,-1229.935192655139,12,3399.4117138116703,1333,0
1445,3168.708762872032,-1234.2142342794443,12,3400.5881844175133,1334,0
1446,-1503.3272219901244,3051.558169791861,12,3401.764248151244,1336,0
1447,-953.1205057679538,-3266.7355726297533,12,3402.9399054347114,1336,0
1448,2910.4543889444485,1765.5750479302762,12,3404.115156689033,1339,0
1449,-3339.8595678912898,664.3327982005786,12,3405.2900023346033,1332,0
1450,2014.6527332741957,-2746.848078127149,12,3406.4644427910885,1335,0
1451,370.05448602339567,3387.4857457078633,12,3407.6384784774336,1337,0
1452,-2561.9624709987575,-2248.632539387869,12,3408.812109811862,1334,0
1453,3409.2138105875783,-72.53408646232354,12,3409.9853372118773,1335,0
1454,-2465.699847781932,2357.1856652898928,12,3411.1581610942635,1329,0
1455,225.95192513403128,-3404.8415128355423,12,3412.330581875091,1334,0
1456,2134.0602024380337,2664.167234309839,12,3413.502599969714,1335,0
1457,-3374.366472040215,-523.1165380399234,12,3414.6742157927747,1337,0
1458,2842.4875868210625,-1894.2714480158786,12,3415.8454297582025,1333,0
1459,-816.6797336104104,3317.986469639385,12,3417.01624227922,1335,0
1460,-1639.6348604811255,-2999.2661642967005,12,3418.1866537683404,1337,0
1461,3236.0982062283356,1104.385983090037,12,3419.3566646373697,1338,0
1462,-3133.271503480872,1372.082244428051,12,3420.526275297414,1343,0
1463,1384.0215814552041,-3129.294531051086,12,3421.695486158872,1334,0
1464,1093.6470924468683,3243.4450877396566,12,3422.8642976314436,1331,0
1465,-2998.3601628528195,-1653.4316840490312,12,3424.032710124131,1329,0
1466,3328.9097022642154,-806.4491268339088,12,3425.200724045235,1336,0
1467,-1910.536914867818,2844.2659328774726,12,3426.3683398023627,1341,0
1468,-512.6781586883324,-3388.9764097148773,12,3427.5355578024273,1334,0
1469,2668.1615921796824,2153.3494184681654,12,3428.7023784516505,1332,0
1470,-3423.1500909026295,214.57738732988287,12,3429.868802155557,1336,0
1471,2379.988231560922,-2471.3672364971408,12,3431.0348293189913,1339,0
1472,-85.57373256553824,3431.133506043564,12,3432.2004603461023,1329,0
1473,-2255.363412612451,-2588.6938554122453,12,3433.3656956403574,1333,0
1474,3412.829843417149,385.47692522546805,12,3434.530535604539,1336,0
1475,-2777.8419161456636,2021.7799803401424,12,3435.6949806407433,1331,0
1476,682.832696058579,-3368.3437338242916,12,3436.85903115039,1335,0
1477,1772.3838139257275,2945.9558068874844,12,3438.0226875342164,1335,0
1478,-3297.9807209877426,-975.3579671039585,12,3439.185950192283,1331,0
1479,3091.718213369793,-1509.0654356645687,12,3440.3488195239734,1328,0
1480,-1260.803610369276,3202.2451898753466,12,3441.5112959279963,1335,0
1481,-1233.8246828688277,-3213.9814330427666,12,3442.6733798023884,1329,0
1482,3081.836766765367,1536.9717443769719,12,3443.8350715445135,1336,0
1483,-3311.776406887426,948.7555168660748,12,3444.9963715510653,1332,0
1484,1801.732660874184,-2937.645216621509,12,3446.157280218069,1335,0
1485,656.0300894441497,3384.3203928918874,12,3447.3177979408856,1337,0
1486,-2770.743874913179,-2053.041251322317,12,3448.4779251142095,1333,0
1487,3431.0232204846066,-357.8821880108527,12,3449.6376621320674,1333,0
1488,-2288.9528064468154,2582.3816623147027,12,3450.797009387831,1329,0
1489,-56.59018566786669,-3451.4920760282907,12,3451.9559672742066,1330,0
1490,2373.973741658769,2507.6380667701355,12,3453.114536183241,1336,0
1491,-3445.5347806858817,-245.54037363312287,12,3454.272716506327,1328,0
1492,2707.397407636635,-2147.090887019557,12,3455.430508634199,1339,0
1493,-546.1944217095818,3413.161533489638,12,3456.587912956938,1335,0
1494,-1903.4476447788304,-2886.674048725613,12,3457.7449298639713,1336,0
1495,3354.5851041878213,843.0651094436221,12,3458.901559744076,1339,0
1496,-3044.066185389302,1644.889375906301,12,3460.0578029853773,1334,0
1497,1133.8715107330372,-3270.219472321083,12,3461.213659975356,1334,0
1498,1373.3782773910177,3178.3379472910806,12,3462.369131100842,1332,0
1499,-3160.676920901123,-1416.3761511981893,12,3463.524216748022,1328,0
1500,3288.4290986940446,-1090.9784887257263,12,3464.6789173024385,1332,0
1501,-1688.4022269095915,3026.763604936258,12,3465.833233148993,1332,0
1502,-799.8403965088546,-3373.4634042942516,12,3466.987164671944,1332,0
1503,2869.4736267808507,1947.8503806014348,12,3468.1407122549113,1337,0
1504,-3432.755594633904,502.18425653303206,12,3469.293876280878,1335,0
1505,2192.7149060570277,-2689.9816617879237,12,3470.446657132191,1331,0
1506,200.28325812525983,3465.8168757905732,12,3471.5990551905616,1331,0
1507,-2489.6341889280357,-2421.099255569801,12,3472.751070837068,1329,0
1508,3472.3589391378846,103.55384005059462,12,3473.9027044521554,1332,0
1509,-2631.230730567051,2269.9393918163505,12,3475.053956415641,1339,0
1510,407.0003700587856,-3452.2964384264583,12,3476.204827106711,1334,0
1511,2032.5558058805575,2821.474241594496,12,3477.3553169039255,1330,0
1512,-3405.7479131537,-707.7295755083381,12,3478.505426185217,1332,0
1513,2990.3450308521947,-1779.2797971251136,12,3479.655155327895,1334,0
1514,-1003.4324565939118,3333.035149087676,12,3480.8045047086457,1331,0
1515,-1512.0319670269296,-3136.520258294002,12,3481.953474703532,1333,0
1516,3234.680978792695,1291.8355024679936,12,3483.1020656879987,1338,0
1517,-3258.8493608944436,1232.842586463446,12,3484.2502780368695,1332,0
1518,1570.7181747364657,-3111.405536980441,12,3485.3981121243523,1332,0
1519,943.8361691609266,3356.363103983779,12,3486.54556832404,1331,0
1520,-2964.1209973885757,-1837.9300076009847,12,3487.6926470089074,1336,0
1521,3428.2812534836135,-647.2153018994705,12,3488.8393485513197,1329,0
1522,-2091.4071929375627,2793.9248295773855,12,3489.9856733230295,1332,0
1523,-345.2438545687656,-3474.018808366256,12,3491.1316216951777,1338,0
1524,2602.091625444243,2329.188522381333,12,3492.277194038297,1330,0
1525,-3493.1907436313404,40.229698088898765,12,3493.422390722313,1331,0
1526,2549.4305632550245,-2390.0635562974403,12,3494.567212116545,1333,0
1527,-265.49293784544534,3485.6152254593735,12,3495.711658589708,1324,0
1528,-2159.439531920101,-2750.4219508978426,12,3496.8557305099107,1337,0
1529,3451.315271877102,569.5813323028448,12,3497.999428244664,1334,0
1530,-2930.5966865795444,1911.9631431094576,12,3499.1427521608775,1333,0
1531,869.7022291359333,-3390.5188441647083,12,3500.2857026248585,1335,0
1532,1649.5094786189352,3088.5463376718644,12,3501.428280002319,1330,0
1533,-3303.657366258702,-1163.549743829038,12,3502.570484658375,1334,0
1534,3223.0310450396228,-1374.0709161869333,12,3503.712316957544,1332,0
1535,-1448.8630837151527,3191.3626814649915,12,3504.8537772637537,1334,0
1536,-1087.7419953402893,-3332.989251643804,12,3505.9948659403367,1330,0
1537,3054.4624678020255,1723.4439453573073,12,3507.1355833500365,1333,0
1538,-3417.5460760548226,792.7034868362094,12,3508.275929855005,1336,0
1539,1985.1734552002617,-2893.97414514509,12,3509.415905816807,1330,0
1540,491.2057799519052,3476.0202648635172,12,3510.5555115964194,1339,0
1541,-2711.097318975778,-2232.028522900715,12,3511.6947475542343,1334,0
1542,3507.9296688172585,-185.55171417057113,12,3512.8336140500587,1334,0
1543,-2462.097481132284,2507.2048168033784,12,3513.9721114431172,1327,0
1544,121.92101370833902,-3512.995198746553,12,3515.1102400920513,1330,0
1545,2283.8323842223217,2673.594890924461,12,3516.248000354923,1331,0
1546,-3491.1432289695927,-428.85773261043994,12,3517.385392589217,1330,0
1547,2864.875397872822,-2042.667117927696,12,3518.5224171518357,1331,0
1548,-732.9048335451195,3442.506427730557,12,3519.6590743991096,1335,0
1549,-1785.5347228078094,-3034.4465316837664,12,3520.795364686792,1333,0
1550,3367.4230062728907,1031.7278210962634,12,3521.931288370061,1337,0
1551,-3180.980349489216,1514.3856893682887,12,3523.0668458035257,1329,0
1552,1323.0292415659812,-3266.43439027349,12,3524.2020373412192,1338,0
1553,1231.280496151143,3303.3238321118015,12,3525.336863336609,1329,0
1554,-3140.2813294753228,-1604.5663500611915,12,3526.47132414259,1330,0
1555,3400.507951914478,-938.3739494286943,12,3527.6054201114957,1327,0
1556,-1874.1683806398055,2989.8984733615907,12,3528.7391515950853,1330,0
1557,-637.898779216544,-3471.755340958525,12,3529.872518944558,1338,0
1558,2816.4074525216347,2129.753286505411,12,3531.0055225105502,1335,0
1559,-3516.4864988438603,332.1486165090124,12,3532.138162643132,1340,0
1560,2369.343821136174,-2621.1085168767495,12,3533.270439691816,1331,0
1561,23.460481548454503,3534.324490734476,12,3534.4023540055537,1339,0
1562,-2405.4707930738123,-2591.0828361264034,12,3535.533905932738,1331,0
1563,3525.098097594787,285.8030831422458,12,3536.665095821203,1336,0
1564,-2793.2476773716767,2171.121234030411,12,3537.79592401823,1334,0
1565,593.2720983382832,-3488.843392491742,12,3538.9263908705416,1335,0
1566,1919.8323437442812,2974.263567996848,12,3540.056496724311,1331,0
1567,-3425.803728862358,-896.5873138254653,12,3541.1862419251547,1331,0
1568,3132.715874059811,-1653.5087699839019,12,3542.3156268181415,1336,0
1569,-1193.418314978563,3336.42813881458,12,3543.4446517477872,1330,0
1570,-1374.172866282349,-3267.361157505143,12,3544.5733170580625,1338,0
1571,3221.368151727934,1481.4814312143608,12,3545.7016230923887,1335,0
1572,-3377.136930026865,1083.9493326944394,12,3546.8295701936395,1331,0
1573,1758.5573086724196,-3081.4730555555434,12,3547.9571587041464,1331,0
1574,785.0490519851513,3461.1700313589354,12,3549.084388965695,1331,0
1575,-2917.7836352076743,-2022.5080118788867,12,3550.211261319528,1333,0
1576,3518.7835659710163,-479.7522442389375,12,3551.3377761063507,1334,0
1577,-2271.2935225920496,2731.524434126738,12,3552.463933666322,1334,0
1578,-170.3910682651366,-3549.5023431257887,12,3553.5897343390666,1333,0
1579,2524.094596554342,2502.987508487642,12,3554.71517846367,1335,0
1580,-3553.056776669227,-140.6681974181978,12,3555.84026637868,1337,0
1581,2715.792239784208,-2297.057358954685,12,3556.964998422109,1336,0
1582,-451.0432578462163,3529.385212689523,12,3558.089374931439,1333,0
1583,-2052.1282695105683,-2908.0525382935502,12,3559.2133962436137,1339,0
1584,3478.634665204018,758.3540505864847,12,3560.3370626950473,1329,0
1585,-3078.268650660596,1791.1622244677324,12,3561.4603746216244,1337,0
1586,1060.2410006146615,-3401.159952224479,12,3562.5833323586976,1330,0
1587,1516.139419293658,3225.1079456762204,12,3563.7059362410923,1329,0
1588,-3297.521236816099,-1354.3831410449645,12,3564.8281866031075,1331,0
1589,3347.4153444442422,-1229.1503210670523,12,3565.9500837785154,1334,0
1590,-1638.515960527424,3168.4799900104927,12,3567.071628100563,1341,0
1591,-932.3797761581002,-3444.222401792801,12,3568.192819901974,1340,0
1592,3014.993404563819,1910.4488400469336,12,3569.3136595149494,1335,0
1593,-3514.7549675676214,628.0903740376295,12,3570.434147271169,1335,0
1594,2168.081944838003,-2838.207300474626,12,3571.5542835017927,1330,0
1595,318.60519391240257,3558.439367252453,12,3572.674068537459,1328,0
1596,-2639.447574800365,-2409.4224411423734,12,3573.793502708292,1332,0
1597,3574.907052648014,-6.290065777751713,12,3574.9125863438953,1333,0
1598,-2632.5999125547073,2420.210259547081,12,3576.0313197733603,1330,0
1599,306.46451863106864,-3563.997685018921,12,3577.149703325261,1331,0
1600,2182.1502621669215,2835.880856687184,12,3578.2677373276583,1336,0
1601,-3525.760625099323,-617.261706652236,12,3579.385422108103,1335,0
1602,3017.682149792237,-1927.0688733995223,12,3580.5027579936313,1336,0
1603,-923.7166571417923,3460.4548165405645,12,3581.619745310772,1335,0
1604,-1656.9001367571204,-3176.5833747619845,12,3582.7363843855446,1329,0
1605,3368.5470616949237,1223.4748436917268,12,3583.8526755434577,1335,0
1606,-3311.337916514499,1373.696182805142,12,3584.9686191095175,1336,0
1607,1514.2301481206237,-3250.708700963929,12,3586.0842154082216,1331,0
1608,1079.6116394612286,3420.8827381159736,12,3587.1994647635647,1329,0
1609,-3107.810719203289,-1793.742605170857,12,3588.3143674990347,1337,0
1610,3504.346761003303,-776.8872367632611,12,3589.428923937622,1334,0
1611,-2059.8556618504404,2940.917314774879,12,3590.5431344018134,1336,0
1612,-467.8327308844121,-3561.057783287605,12,3591.656999213594,1336,0
1613,2751.2779786763945,2310.512818412902,12,3592.7705186944518,1330,0
1614,-3590.547881254917,154.8092775509041,12,3593.8836931653764,1323,0
1615,2543.773522548962,-2540.3181426700958,12,3594.996522946858,1335,0
1616,-159.78861059644004,3592.5572507510105,12,3596.1090083588956,1331,0
1617,-2309.628466384756,-2757.828193935438,12,3597.2211497209896,1339,0
1618,3567.036457054562,473.55138479750696,12,3598.3329473521485,1334,0
1619,-2951.012262808159,2060.9528438942675,12,3599.444401570887,1336,0
1620,784.0729189216243,-3514.147074015788,12,3600.5555126952286,1323,0
1621,1796.1752202007622,3121.819113647801,12,3601.666281042706,1340,0
1622,-3434.2607055730737,-1088.96896473533,12,3602.776706930365,1334,0
1623,3268.911833334632,-1517.305317292737,12,3603.8867906747564,1338,0
1624,-1385.895462107763,3327.956395163421,12,3604.9965325919525,1333,0
1625,-1226.4633779376952,-3391.133672177736,12,3606.1059329975315,1331,0
1626,3196.016440918761,1672.5665635115922,12,3607.2149922065914,1336,0
1627,-3487.5171359878577,925.8640430382027,12,3608.323710533743,1333,0
1628,1946.7722341971978,-3039.4206467941967,12,3609.4320882931156,1339,0
1629,617.7994851700919,3557.291637766514,12,3610.540125798355,1339,0
1630,-2859.339051811887,-2206.39529250393,12,3611.647823362627,1342,0
1631,3599.8896485483615,-304.6219267786807,12,3612.7551812986167,1338,0
1632,-2449.4277589022563,2657.1231913328875,12,3613.86219991853,1334,0
1633,11.274323612819195,-3614.95129837555,12,3614.9688795340962,1331,0
1634,2434.2959555984207,2673.986387504089,12,3616.075220456565,1334,0
1635,-3602.3273902146375,-327.47117996764564,12,3617.181222996714,1328,0
1636,2878.32725989725,-2192.5401216243213,12,3618.2868874648407,1337,0
1637,-641.5452920449687,3562.080801758283,12,3619.3922141707712,1337,0
1638,-1933.6856448039841,-3060.8593282081747,12,3620.497203423861,1331,0
1639,3494.4862623926356,951.0866216855043,12,3621.60185553299,1336,0
1640,-3220.1568022215547,1659.6958061965001,12,3622.70617080657,1332,0
1641,1253.7169396486931,-3400.028505062555,12,3623.8101495525393,1334,0
1642,1372.6523203731201,3354.9702841268636,12,3624.9137920783714,1332,0
1643,-3279.398805235253,-1547.108101013499,12,3626.0170986910694,1337,0
1644,3464.236563953659,-1074.7395167976977,12,3627.1200696971696,1335,0
1645,-1828.99995868164,3133.4899315527664,12,3628.222705402743,1334,0
1646,-768.2277149620088,-3547.086998928029,12,3629.325006113396,1333,0
1647,2963.389544979843,2097.217777128584,12,3630.4269721342694,1335,0
1648,-3602.8544107545217,455.45591982834577,12,3631.528603770043,1336,0
1649,2349.689012215165,-2770.372095202253,12,3632.629901324934,1335,0
1650,138.8139694997376,3631.0784461192416,12,3633.730865102698,1330,0
1651,-2555.889274619251,-2584.459327574392,12,3634.8314954066304,1339,0
1652,3631.5093574345947,179.27572859976326,12,3635.931792539568,1330,0
1653,-2799.707723789052,2321.5591014135143,12,3637.0317568038913,1331,0
1654,496.37673343075113,-3604.1101729148927,12,3638.13138850152,1337,0
1655,2069.1537137863443,2993.760663233482,12,3639.2306879339208,1333,0
1656,-3549.057237392426,-810.0572360718976,12,3640.329655402104,1335,0
1657,3165.105081017485,-1800.5859674331855,12,3641.4282912066255,1335,0
1658,-1117.9087124545963,3466.739117761547,12,3642.5265956475873,1331,0
1659,-1517.8949376272071,-3312.400180884806,12,3643.624569024641,1330,0
1660,3357.7538794780394,1417.5644200000843,12,3644.722211636986,1338,0
1661,-3434.4879241192675,1223.2304358046854,12,3645.8195237833697,1330,0
1662,1706.71759608612,-3222.904753046546,12,3646.916505762094,1330,0
1663,918.8366582387789,3530.4021294289682,12,3648.0131578710075,1338,0
1664,-3063.1942218039535,-1983.139218387572,12,3649.109480407514,1335,0
1665,3599.3761123375643,-607.0350911880842,12,3650.205473668572,1335,0
1666,-2244.6951903290524,2879.8165744563703,12,3651.30113795069,1336,0
1667,-290.2068027597377,-3640.848803731346,12,3652.3964735499353,1340,0
1668,2674.1489776580215,2489.36281913476,12,3653.4914807619302,1332,0
1669,-3654.469298806874,-29.225743412200156,12,3654.5861598818547,1330,0
1670,2715.2464592297183,-2447.7411353410066,12,3655.6805112044462,1333,0
1671,-348.81721374228823,3640.099799647953,12,3656.7745350240016,1327,0
1672,-2202.3036124271134,-2920.5921999982274,12,3657.8682316343766,1328,0
1673,3597.8169269411737,666.1181278238597,12,3658.9616013289883,1329,0
1674,-3103.8014840929754,1939.694910892495,12,3660.0546444008182,1328,0
1675,978.6936357299967,-3527.9113888222305,12,3661.1473611424053,1330,0
1676,1661.907395832806,3263.443550557635,12,3662.2397518458565,1330,0
1677,-3430.8860074351487,-1284.1422055153023,12,3663.3318168028404,1331,0
1678,3398.2666059161616,-1371.0521781154246,12,3664.4235563045927,1338,0
1679,-1580.1140774662742,3307.452116387009,12,3665.514970641915,1332,0
1680,-1069.3430683371027,-3507.207636026044,12,3666.606060105176,1338,0
1681,3158.524354794902,1864.3293432672901,12,3667.696824984311,1326,0
1682,-3589.4007818173773,759.0797240664523,12,3668.7872655688284,1333,0
1683,2134.5955109586835,-2985.213895953695,12,3669.877382147802,1336,0
1684,442.63011868434955,3644.1842129663914,12,3670.9671750098773,1334,0
1685,-2788.820160707762,-2388.824420343599,12,3672.0566444432743,1330,0
1686,3671.1054449977596,-122.4124654918899,12,3673.145790735783,1330,0
1687,-2625.0483783235304,2570.8210772943735,12,3674.234614174767,1328,0
1688,199.1232649072851,-3669.925057187498,12,3675.323115047165,1334,0
1689,2332.8619606507364,2841.435389472864,12,3676.411293639492,1336,0
1690,-3640.618780856837,-519.5140926601287,12,3677.4991502378352,1338,0
1691,3036.3033639568102,-2076.743094854189,12,3678.5866851278624,1339,0
1692,-836.3028986595973,3583.377940113707,12,3679.6738985948195,1339,0
1693,-1804.4061124130528,-3208.133192603825,12,3680.7607909235285,1337,0
1694,3498.608239717157,1147.0572718845447,12,3681.8473623983923,1327,0
1695,-3355.580587504852,1517.9192734663438,12,3682.9336133033944,1325,0
1696,1449.3881894899687,-3386.9269074142994,12,3684.0195439221,1332,0
1697,1219.4617565114754,3477.486595862872,12,3685.1051545376554,1335,0
1698,-3249.1582107321838,-1740.9683861666276,12,3686.190445432791,1337,0
1699,3572.8867048863576,-911.3070799935134,12,3687.2754168898205,1331,0
1700,-2019.550271504444,3086.3273807012642,12,3688.360069190642,1333,0
1701,-595.8057808973949,-3641.018466232936,12,3689.4444026167407,1334,0
1702,2899.6529872468004,2282.9832573960553,12,3690.5284174491862,1331,0
1703,-3681.3275797833994,275.3674823324301,12,3691.612113968639,1329,0
1704,2529.2303618812743,-2690.537822915322,12,3692.6954924553424,1336,0
1705,-47.55751305962393,3693.472388275237,12,3693.7785531891323,1332,0
1706,-2460.558363113128,-2756.3839612278334,12,3694.861296449435,1334,0
1707,3677.3267464597543,370.4969632422306,12,3695.943722515265,1337,0
1708,-2962.6805684284295,2211.452882034025,12,3697.025831665232,1331,0
1709,690.9756171254289,-3632.981240873414,12,3698.107624177533,1333,0
1710,1945.1083138589363,3146.5145236208336,12,3699.1891003299625,1336,0
1711,-3560.742748942295,-1006.5341901072571,12,3700.270260399908,1331,0
1712,3306.4504901516834,-1663.545958540277,12,3701.3511046643494,1332,0
1713,-1314.7482393545843,3461.132338861665,12,3702.431633399866,1332,0
1714,-1368.9061404634754,-3441.234659043377,12,3703.511846882631,1335,0
1715,3334.8815244261705,1613.246793903829,12,3704.591745388417,1334,0
1716,-3549.804574418955,1063.4319364370542,12,3705.6713291925935,1329,0
1717,1899.730596409745,-3182.9269016213166,12,3706.7505985701277,1331,0
1718,749.4520967376557,3631.297502917591,12,3707.8295537955896,1331,0
1719,-3006.4032062327387,-2171.9898161716847,12,3708.9081951431476,1336,0
1720,3685.057281213802,-429.36328927044906,12,3709.9865228865724,1334,0
1721,-2427.9210969617225,2806.6348438883506,12,3711.064537299237,1327,0
1722,-105.61180224883357,-3710.63958735226,12,3712.1422386541167,1327,0
1723,2585.1259557267445,2665.5438081239417,12,3713.2196272237925,1340,0
1724,-3707.815593638878,-219.32515489194049,12,3714.296703280447,1330,0
1725,2883.015373374053,-2343.549094192155,12,3715.373467095872,1333,0
1726,-542.9584093889099,3676.5739711957194,12,3716.449918941462,1335,0
1727,-2083.7325942047105,-3078.645558658695,12,3717.5260590882212,1329,0
1728,3617.1212288977913,862.8058967444147,12,3718.6018878067603,1341,0
1729,-3250.909608282254,1807.646735061396,12,3719.677405367299,1329,0
1730,1176.4116998694485,-3529.8803821674,12,3720.752612039666,1332,0
1731,1517.388797809829,3398.4601272166256,12,3721.827508093302,1333,0
1732,-3415.4879599087985,-1481.3649097092964,12,3722.902093797257,1330,0
1733,3520.1376170101908,-1215.1671314308228,12,3723.976369420193,1334,0
1734,-1775.3181624847123,3274.7893706239956,12,3725.0503352303845,1340,0
1735,-903.2843488998129,-3614.9795829344102,12,3726.123991495721,1330,0
1736,3108.8326613620484,2056.0057109960967,12,3727.1973384837033,1325,0
1737,-3682.2281408722206,584.11978101132,12,3728.27037646145,1332,0
1738,2321.2608908487114,-2918.860715521768,12,3729.3431056956933,1332,0
1739,260.11132169131116,3721.3360638792083,12,3730.415526452784,1336,0
1740,-2706.3019475565184,-2569.0328469390565,12,3731.4876389986875,1334,0
1741,3731.971220249278,66.2631966563184,12,3732.5594435989897,1331,0
1742,-2797.402391062894,2472.759564226899,12,3733.630940518894,1334,0
1743,392.5049554590276,-3714.0193672004602,12,3734.7021300232236,1332,0
1744,2219.9994731230922,3004.5968680229294,12,3735.773012376422,1338,0
1745,-3667.585276869786,-716.113284954257,12,3736.8435878425526,1335,0
1746,3189.0039150799057,-1949.9369296479904,12,3737.9138566853035,1331,0
1747,-1034.6048352840123,3592.99218407262,12,3738.983819167983,1334,0
1748,-1664.6220234337839,-3349.1840079486847,12,3740.0534755535245,1336,0
1749,3490.779558143775,1345.5326367076916,12,3741.122826104484,1338,0
1750,-3483.8816957275694,1366.2241141827344,12,3742.1918710830423,1337,0
1751,1646.5049026184195,-3361.699214036483,12,3743.260610751007,1341,0
1752,1057.0153351072424,3592.035437095258,12,3744.329045369811,1333,0
1753,-3206.7097906123204,-1935.2034308545153,12,3745.3971752005154,1336,0
1754,3672.785960739757,-739.3532894313386,12,3746.465000503808,1340,0
1755,-2209.4014617148114,3026.969636612243,12,3747.5325215400067,1336,0
1756,-415.6630717484155,-3725.4830842166857,12,3748.599738569056,1339,0
1757,2823.8281570596887,2466.9808550933026,12,3749.666651850535,1334,0
1758,-3749.6909371851116,88.41875135873383,12,3750.733261643648,1335,0
1759,2705.948454215495,-2598.815684716554,12,3751.7995682072356,1337,0
1760,-239.87554100707297,3745.1915471476977,12,3752.865571799768,1329,0
1761,-2353.6319526004345,-2924.451509548119,12,3753.93127267935,1333,0
1762,3711.9867583357136,566.7047784696346,12,3754.996671103717,1333,0
1763,-3120.7920435200895,2090.1332543887493,12,3756.0617673302445,1334,0
1764,889.5623085819748,-3650.2984671325585,12,3757.1265616159376,1337,0
1765,1810.318389698757,3293.4400446825352,12,3758.191054217441,1334,0
1766,-3560.5671703243497,-1205.969081530889,12,3759.255245391034,1333,0
1767,3441.045388789111,-1516.3135006631044,12,3760.3191353926336,1328,0
1768,-1513.4926884376478,3443.4488354040896,12,3761.382724477795,1337,0
1769,-1210.355914845442,-3562.4483939277857,12,3762.4460129017143,1335,0
1770,3299.810115037613,1809.7660635273987,12,3763.5090009192218,1332,0
1771,-3656.6889272085577,894.7771172925302,12,3764.5716887847952,1331,0
1772,2092.505706350288,-3130.7219405260953,12,3765.6340767525458,1331,0
1773,571.9849813378008,3723.0139915294435,12,3766.6961650762332,1336,0
1774,-2937.4515415735614,-2359.52928375706,12,3767.7579540092534,1331,0
1775,3760.8837325216828,-244.44539360310307,12,3768.819443804651,1333,0
1776,-2608.772475931935,2721.4529517924725,12,3769.88063471511,1335,0
1777,85.33658655546722,-3769.9758178262978,12,3770.9415269929605,1336,0
1778,2484.356071062795,2838.3049364318545,12,3772.002120890178,1329,0
1779,-3750.188153285857,-414.8358891831959,12,3773.0624166583834,1330,0
1780,3046.345242831533,-2227.954367009721,12,3774.1224145488445,1337,0
1781,-741.526770841196,3701.639913352706,12,3775.1821148124764,1331,0
1782,-1954.1913083963366,-3231.2747221782633,12,3776.241517699841,1331,0
1783,3624.6708759206335,1062.902178590649,12,3777.300623461151,1334,0
1784,-3391.650043961829,1665.1456330584792,12,3778.359432346266,1330,0
1785,1376.492992366036,-3519.839064782251,12,3779.4179446046974,1326,0
1786,1363.0155620636285,3526.2144826389062,12,3780.4761604856076,1325,0
1787,-3387.916715899559,-1679.8869980234833,12,3781.534080237808,1335,0
1788,3633.907761847331,-1050.102079983522,12,3782.5917041097628,1335,0
1789,-1970.7474452513738,3229.8845965506544,12,3783.6490323495914,1332,0
1790,-728.7914084674272,-3713.8744032269137,12,3784.7060652050645,1333,0
1791,3046.924719082435,2246.83104755218,12,3785.762802923606,1332,0
1792,-3765.4705141481722,401.53680663259456,12,3786.819245752298,1333,0
1793,2506.0052856250877,-2840.4115033598778,12,3787.875393937873,1326,0
1794,70.83983710071955,3788.268960551711,12,3788.9312477267254,1333,0
1795,-2611.9014539620994,-2746.2648806680454,12,3789.9868073649022,1334,0
1796,3782.0628834282593,260.76875923761,12,3791.0420730981077,1331,0
1797,-2965.7473103367097,2363.121429641433,12,3792.097045171708,1336,0
1798,590.748433488337,-3746.8675301284775,12,3793.151723830725,1333,0
1799,2095.955593445933,3162.7472472998384,12,3794.20610931984,1337,0
1800,-3682.9203845858256,-916.568295765347,12,3795.2602018833963,1337,0
1801,3335.7298084617664,-1812.4311421236473,12,3796.314001765397,1335,0
1802,-1235.726529757582,3590.679593566277,12,3797.3675092095054,1334,0
1803,-1514.7029228997583,-3483.3425119214057,12,3798.420724459048,1336,0
1804,3470.8206991257534,1545.7696058986985,12,3799.4736477570154,1335,0
1805,-3604.425848535581,1205.0370543715896,12,3800.5262793460593,1334,0
1806,1844.3111455662224,-3324.2317004595525,12,3801.5786194684965,1329,0
1807,885.7936760343572,3698.0223854781543,12,3802.630668366309,1334,0
1808,-3152.006481167889,-2129.0502912509182,12,3803.6824262811424,1335,0
1809,3763.384330355424,-559.4089577717335,12,3804.733893454311,1340,0
1810,-2397.789441266443,2955.436650539334,12,3805.785070126793,1336,0
1811,-228.3765064664739,-3799.9794961676002,12,3806.835956539236,1337,0
1812,2736.0018596725686,2648.451212287711,12,3807.8865529319537,1337,0
1813,-3807.495619606508,-104.77168833827328,12,3808.936859544931,1331,0
1814,2879.0944987787207,-2495.358665022347,12,3809.986876617819,1332,0
1815,-437.4846241045547,3785.8429977578435,12,3811.0366043899394,1335,0
1816,-2235.328023177109,-3087.9295051537556,12,3812.0860431002866,1334,0
1817,3735.1554211362945,767.2118220909716,12,3813.1351929875236,1338,0
1818,-3273.331634258942,1957.8815112666255,12,3814.1840542899868,1332,0
1819,1091.422881624083,-3655.789394025234,12,3815.232627245684,1337,0
1820,1665.1263772763916,3433.854124405753,12,3816.280912092295,1328,0
1821,-3548.321646219619,-1407.6269019059314,12,3817.3289090671765,1332,0
1822,3568.2393366688684,-1359.2895336347267,12,3818.3766184073565,1335,0
1823,-1713.3916222655553,3413.5449533806072,12,3819.42404034954,1334,0
1824,-1042.7006156679752,-3675.4286044059713,12,3820.4711751301047,1333,0
1825,3252.462296202512,2006.3621337587806,12,3821.5180229851076,1338,0
1826,-3754.570567888836,717.7742338248844,12,3822.564584150279,1336,0
1827,2284.279018147671,-3066.279401367447,12,3823.610858861032,1336,0
1828,386.9915548959759,3805.027928470328,12,3824.656847352452,1333,0
1829,-2856.395719721855,-2544.9957745258953,12,3825.702549859306,1335,0
1830,3826.382568762765,-52.88135274804226,12,3826.7479666160402,1330,0
1831,-2786.495399167739,2624.393909156364,12,3827.793097856779,1337,0
1832,281.9993266840298,-3818.4389977777246,12,3828.8379438153293,1328,0
1833,2372.0279012130736,3006.9059905269237,12,3829.8825047251776,1332,0
1834,-3781.226092780386,-615.0847382895897,12,3830.926780819492,1335,0
1835,3204.5152586492204,-2101.2096413933373,12,3831.970772331125,1326,0
1836,-943.8200987147608,3714.9971226451926,12,3833.0144794926096,1337,0
1837,-1813.9946034097716,-3377.783826534822,12,3834.0579025361626,1333,0
1838,3620.228050664077,1265.68118465314,12,3835.101041693686,1338,0
1839,-3525.3572201301404,1512.5661871390246,12,3836.143897196767,1332,0
1840,1578.1937181295332,-3497.614127953008,12,3837.186469276676,1327,0
1841,1199.2191187129717,3646.076453574895,12,3838.2287581643695,1331,0
1842,-3348.0648017258386,-1878.9523898823313,12,3839.2707640904937,1336,0
1843,3738.987127003579,-876.3419789679818,12,3840.312487285377,1335,0
1844,-2165.6393745617784,3172.696975657724,12,3841.3539279790402,1333,0
1845,-546.3989932940224,-3803.3469655196163,12,3842.395086401188,1336,0
1846,2972.8266722265644,2436.042195221243,12,3843.43596278122,1334,0
1847,-3838.631739839481,211.9112217342948,12,3844.4765573482173,1333,0
1848,2688.070799353908,-2749.9591592714323,12,3845.5168703309573,1333,0
1849,-124.56270706387676,3844.5395214523305,12,3846.5569019579048,1328,0
1850,-2505.777614788501,-2919.773714729422,12,3847.5966524572186,1329,0
1851,3820.993237864003,460.4461707925932,12,3848.6361220567474,1334,0
1852,-3129.3531600966066,2242.130415340147,12,3849.6753109840315,1326,0
1853,793.1642875391436,-3768.1415064952803,12,3850.7142194663056,1336,0
1854,1961.017144064191,3315.1789937628296,12,3851.752847730498,1337,0
1855,-3686.3577389838697,-1120.163657790115,12,3852.7911960032297,1330,0
1856,3475.8013918269544,-1664.5734242062765,12,3853.829264510819,1334,0
1857,-1438.9319629964302,3576.2375208964017,12,3854.867053479277,1331,0
1858,-1355.0546932186326,-3609.9621574728676,12,3855.904563134311,1328,0
1859,3438.5942850895217,1747.0172702494037,12,3856.9417937013254,1338,0
1860,-3716.604573124259,1034.8190407176742,12,3857.978745405423,1334,0
1861,2042.046894710515,-3274.453310066146,12,3859.0154184714006,1334,0
1862,706.3092409052181,3794.881718342733,12,3860.0518131237563,1332,0
1863,-3085.0440875535187,-2321.745674670479,12,3861.0879295866857,1330,0
1864,3844.1631880361288,-372.03411637631746,12,3862.1237680840836,1336,0
1865,-2583.9535184627916,2871.791116084831,12,3863.1593288395443,1336,0
1866,-34.54937551141547,-3864.040157743158,12,3864.1946120763637,1335,0
1867,2636.3031894990777,2826.642087891035,12,3865.2296180175376,1330,0
1868,-3854.328755381093,-303.56193015995325,12,3866.2643468857636,1342,0
1869,3047.9304893072867,-2380.3612608910944,12,3867.298798903441,1336,0
1870,-639.709179165609,3815.071711788818,12,3868.332974292673,1335,0
1871,-2105.9049735555927,-3246.099850952496,12,3869.366873275265,1330,0
1872,3746.538275569228,971.3140324811316,12,3870.4004960727257,1334,0
1873,-3419.6066735822446,1815.0179607904104,12,3871.433842906269,1322,0
1874,1295.830212949363,-3649.2223910317675,12,3872.466913996813,1329,0
1875,1509.9120259751776,3567.0948506894983,12,3873.499709564982,1332,0
1876,-3523.8391513561287,-1610.7630599718013,12,3874.532229831106,1331,0
1877,3687.40626472936,-1192.9103230480769,12,3875.5644750152196,1332,0
1878,-1913.6887092768611,3371.3195523394493,12,3876.59644533707,1338,0
1879,-866.4296652976665,-3779.5898765728766,12,3877.628141016103,1333,0
1880,3192.803585150225,2202.272750285911,12,3878.6595622714813,1330,0
1881,-3842.9092368854576,532.9620972080783,12,3879.690709322072,1334,0
1882,2474.288217448106,-2989.631719292106,12,3880.721582386451,1330,0
1883,195.0558698909165,3876.848360153012,12,3881.7521816829058,1326,0
1884,-2763.3348393814726,-2727.632776870921,12,3882.7825074294337,1332,0
1885,3881.1159145739266,144.70403463964743,12,3883.812559843742,1337,0
1886,-2960.34497559818,2515.6227112686456,12,3884.8423391432502,1325,0
1887,483.71568147815015,-3855.647693902041,12,3885.8718455450894,1332,0
1888,2248.3710643917802,3170.6194279360893,12,3886.9010792661034,1329,0
1889,-3800.60735046659,-819.3801117792193,12,3887.9300405228487,1330,0
1890,3356.820821247395,-1963.6073879571657,12,3888.958729531595,1328,0
1891,-1149.1212699852933,3716.385381909065,12,3889.9871465083274,1329,0
1892,-1663.4955485070388,-3517.496632563743,12,3891.015291668745,1337,0
1893,3603.5963775622104,1470.4057765190246,12,3892.043165228258,1332,0
1894,-3651.3884571390963,1350.3193455888018,12,3893.0707674020005,1333,0
1895,1780.7623941528366,-3463.074543750258,12,3894.0980984048156,1338,0
1896,1026.4651305067296,3757.441860608598,12,3895.125158451266,1337,0
1897,-3295.8675405095582,-2077.8010384575987,12,3896.151947755631,1330,0
1898,3834.8146776473823,-694.4036204544166,12,3897.1784665319087,1327,0
1899,-2359.2311860716763,3103.228675213419,12,3898.2047149938135,1337,0
1900,-356.6710466363028,-3882.8836918572993,12,3899.230693354781,1334,0
1901,2886.6075112343606,2622.879538996286,12,3900.256401827962,1332,0
1902,-3901.2496439559395,15.84978024009476,12,3901.281840626232,1332,0
1903,2866.7068086800837,-2647.6389619937327,12,3902.307009962184,1333,0
1904,-325.45141572258416,3889.7405281077768,12,3903.3319100481326,1331,0
1905,-2388.130952438563,-3088.823490263709,12,3904.3565410961123,1332,0
1906,3848.4131493239825,664.6173576654965,12,3905.3809033178823,1330,0
1907,-3287.504504964068,2110.0507410583646,12,3906.4049969249213,1333,0
1908,999.0464828561243,-3777.552928165641,12,3907.4288221284337,1340,0
1909,1815.5100059248628,3461.202597131047,12,3908.452379139344,1334,0
1910,-3677.671952412696,-1326.1708074139578,12,3909.4756681683034,1334,0
1911,3608.5603819415796,-1506.7488078248612,12,3910.498689425685,1336,0
1912,-1643.4756477490146,3549.5052888051814,12,3911.5214431215886,1333,0
1913,-1186.1185522865023,-3728.4209499360145,12,3912.5439294658404,1334,0
1914,3394.0055813209883,1948.518953965288,12,3913.5661486679896,1338,0
1915,-3819.836945571858,856.0640801039706,12,3914.588100937313,1331,0
1916,2238.9501065718255,-3212.335975623037,12,3915.6097864828157,1336,0
1917,519.10502278456,3882.0780485868445,12,3916.631205513228,1334,0
1918,-3005.861422187049,-2512.528031805347,12,3917.652358237009,1332,0
1919,3914.63679913838,-177.8165651215242,12,3918.6732448623475,1329,0
1920,-2767.1384959434586,2776.1384231100183,12,3919.69386559716,1338,0
1921,165.1902382090876,-3917.2327203269942,12,3920.7142206490894,1331,0
1922,2524.9032996028136,3000.810445138917,12,3921.7343102255154,1338,0
1923,-3889.814704720928,-507.2884415565187,12,3922.7541345335426,1335,0
1924,3211.7312644868925,-2254.059068595458,12,3923.773693780007,1336,0
1925,-845.8553298147747,3832.561644778064,12,3924.792988171478,1338,0
1926,-1965.661027642317,-3398.26083819476,12,3925.812017914256,1334,0
1927,3745.8813005084066,1178.2925284077157,12,3926.8307832143723,1335,0
1928,-3558.944301796094,1661.901157323478,12,3927.849284277593,1325,0
1929,1502.0459475228201,-3630.407411232282,12,3928.8675213094175,1332,0
1930,1345.0914595204065,3692.5233872685576,12,3929.8854945150756,1335,0
1931,-3486.9950717627917,-1814.6254074882795,12,3930.903204099536,1333,0
1932,3797.946272604012,-1017.6463582273036,12,3931.9206502675,1332,0
1933,-2113.6237944752015,3316.7144066724004,12,3932.937833223404,1334,0
1934,-682.0642968799325,-3874.3758587573407,12,3933.954753171419,1332,0
1935,3120.842589390404,2396.7355991529394,12,3934.971410315455,1332,0
1936,-3921.19640888151,340.90867248392857,12,3935.9878048591568,1333,0
1937,2661.7746955057632,-2900.8542656199056,12,3937.0039370059053,1327,0
1938,-3.211747944653993,3938.0184972489833,12,3938.0198069588223,1338,0
1939,-2658.4104528615503,-2906.691222699179,12,3939.0354149207647,1334,0
1940,3924.682228168585,347.6627789937695,12,3940.0507610943287,1339,0
1941,-3129.5874396218387,2395.3459995919634,12,3941.0658456818505,1334,0
1942,689.8049839154385,-3881.258698433463,12,3942.080668885404,1332,0
1943,2113.655698776787,3328.732429473479,12,3943.095230906806,1337,0
1944,-3808.0496902790337,-1027.0139027129835,12,3944.1095319476103,1329,0
1945,3502.57554046235,-1815.4791608153685,12,3945.123572209114,1331,0
1946,-1356.700186210443,3705.5855953865844,12,3946.1373518923538,1339,0
1947,-1503.0845606358894,-3649.758458251452,12,3947.15087119811,1338,0
1948,3574.6215840348423,1676.3294816211514,12,3948.164130326905,1335,0
1949,-3769.1258161789497,1178.851382411441,12,3949.1771294790005,1331,0
1950,1983.4419168799427,-3416.1320469741236,12,3950.189868854407,1332,0
1951,845.2522931811596,3859.734260395655,12,3951.202348652876,1336,0
1952,-3231.303350872309,-2275.671033924146,12,3952.2145690739007,1331,0
1953,3920.8598988267936,-504.83428347522664,12,3953.2265303167233,1335,0
1954,-2550.7620251813196,3021.5249611566824,12,3954.238232580328,1336,0
1955,-160.19921880493848,-3952.0040751869537,12,3955.2496760634467,1338,0
1956,2788.3789986509973,2806.5891327164472,12,3956.2608609645545,1334,0
1957,-3952.8974220620457,-186.01604945605203,12,3957.2717874818763,1333,0
1958,3041.1720757693324,-2533.6283084858464,12,3958.28245581338,1332,0
1959,-531.1598617427704,3923.5021602228535,12,3959.2928661567835,1336,0
1960,-2259.20313124964,-3252.6913797272287,12,3960.3030187095533,1336,0
1961,3864.0126247506632,872.5860620978825,12,3961.3129136689013,1333,0
1962,-3439.5024878731447,1967.1864771582914,12,3962.32255123179,1335,0
1963,1207.6742884884486,-3774.8540121339684,12,3963.3319315949298,1336,0
1964,1659.7983140705412,3600.1485464642406,12,3964.341054954782,1333,0
1965,-3656.6793561323852,-1533.850086036848,12,3965.3499215075585,1326,0
1966,3733.3717637574705,-1339.378689384908,12,3966.3585314492184,1332,0
1967,-1848.604688762226,3510.364753795012,12,3967.3668849754745,1332,0
1968,-1008.3699141519257,-3838.123254434807,12,3968.37498228179,1334,0
1969,3337.0028764613835,2149.5143178142475,12,3969.382823563381,1328,0
1970,-3913.571292405729,669.2979450571703,12,3970.390409015214,1329,0
1971,2434.2588477347385,-3137.894813760516,12,3971.39773883201,1338,0
1972,324.75310621934887,3959.107907092314,12,3972.4048132082407,1333,0
1973,-2914.5403114559717,-2700.6396969788707,12,3973.4116323381345,1336,0
1974,3974.3537709400402,22.62970204581252,12,3974.4181964156714,1329,0
1975,-2946.596804731036,2668.626476363608,12,3975.4245056345867,1336,0
1976,370.19115626203086,-3959.161338948614,12,3976.4305601883707,1332,0
1977,2402.0150333982206,3170.2245629180507,12,3977.4363602702683,1325,0
1978,-3913.6162143822958,-715.2678704681156,12,3978.441906073281,1334,0
1979,3369.786580202225,-2116.7282309944735,12,3979.4471977901653,1332,0
1980,-1055.21280862375,3838.036728395962,12,3980.452235613436,1333,0
1981,-1814.9335016097414,-3543.729163569728,12,3981.4570197353632,1333,0
1982,3732.971734997667,1387.4155922824666,12,3982.461550347976,1338,0
1983,-3690.693412848702,1498.9269936708715,12,3983.465827643058,1330,0
1984,1709.3225477144483,-3599.196636455834,12,3984.469851812158,1331,0
1985,1171.1161000984814,3809.5258340231953,12,3985.4736230465755,1336,0
1986,-3437.7076678444746,-2018.4563385030901,12,3986.4771415373743,1328,0
1987,3899.287388473061,-834.0011163631214,12,3987.480407475377,1328,0
1988,-2312.4350326633094,3249.7144827986713,12,3988.483421051164,1338,0
1989,-490.1561678364711,-3959.260907181019,12,3989.486182455079,1331,0
1990,3036.6310956221087,2588.9904575144483,12,3990.488691877224,1329,0
1991,-3988.956811415204,142.20955194447663,12,3991.4909495074644,1332,0
1992,2845.985700855293,-2800.065247548207,12,3992.4929555354256,1337,0
1993,-207.17635473714108,3988.117094323815,12,3993.4947101504963,1337,0
1994,-2541.8062771088235,-3081.4316233936106,12,3994.4962135418277,1334,0
1995,3956.7175311690935,555.3254708179301,12,3995.4974658983333,1330,0
1996,-3293.5022548296183,2263.8115861158194,12,3996.4984674086895,1340,0
1997,899.5685099193458,-3894.9680994793125,12,3997.499218261337,1329,0
1998,1968.191803621916,3480.5489544259412,12,3998.499718644482,1336,0
1999,-3803.3116041060143,-1237.2634489358102,12,3999.499968746093,1335,0
