id,x,y,final_sf,dist_closest_gw,packets_sent,packets_success
0,28.284271247461902,0.0,12,28.284271247461902,1336,0
1,-36.123550070007674,33.09213094286386,12,48.989794855663554,1331,0
2,5.529288323929454,-63.00338856467053,12,63.245553203367585,1344,0
3,45.53139517163769,59.38764226439847,12,74.83314773547883,1329,0
4,-83.55570995908553,-14.7798285928212,12,84.8528137423857,1334,0
5,79.15126264445064,-50.34955433555687,12,93.8083151964686,1336,0
6,-26.474548330107623,98.48400017625602,12,101.98039027185568,1333,0
7,-50.48983486962068,-97.21510466403066,12,109.54451150103323,1332,0
8,109.5427458533932,40.00483509400966,12,116.61903789690601,1335,0
9,-113.9609737967606,47.04143334650896,12,123.28828005937953,1331,0
10,54.93671979928342,-117.39657924188003,12,129.6148139681572,1339,0
11,40.596838545801205,129.42911843973192,12,135.6465996625054,1335,0
12,-122.35934271502505,-70.90974016555869,12,141.4213562373095,1335,0
13,143.54143737162255,-31.55718234076929,12,146.9693845669907,1334,0
14,-87.60110477666578,124.60355709973783,12,152.31546211727817,1329,0
15,-20.23788366743924,-156.1743514942937,12,157.48015748023622,1329,0
16,124.24075610302405,104.71024077399925,12,162.48076809271922,1333,0
17,-167.18911281143,6.913794712525274,12,167.33200530681512,1335,0
18,121.95162361370588,-121.35815381745475,12,172.04650534085252,1331,0
19,-8.159036092303978,176.44667786627346,12,176.63521732655693,1333,0
20,-116.03736138345914,-139.0515399525101,12,181.10770276274835,1334,0
21,183.81599272484627,24.73218184025145,12,185.47236990991408,1335,0
22,-155.7469188690113,108.36464950715987,12,189.73665961010275,1335,0
23,42.559016510953654,-189.1790953398931,12,193.90719429665313,1328,0
24,98.43679108598194,171.78532580140464,12,197.98989873223329,1334,0
25,-192.4345081607972,-61.39185669868662,12,201.99009876724156,1336,0
26,186.92563513304452,-86.36438461604354,12,205.91260281973996,1334,0
27,-80.98085579003452,193.49961497510438,12,209.76176963403032,1333,0
28,-72.27362945061518,-200.9391014363187,12,213.54156504062624,1334,0
29,192.3123710328034,101.07399243990194,12,217.25560982400432,1335,0
30,-213.61065600777252,56.30708339036113,12,220.90722034374522,1337,0
31,121.41777112639814,-188.83253124050844,12,224.4994432064365,1332,0
32,38.623709897253384,224.74031466066077,12,228.03508501982762,1336,0
33,-183.04249849407026,-141.75839920459134,12,231.5167380558045,1330,0
34,234.14461762504482,-19.39840295543813,12,234.9468024894146,1335,0
35,-161.8432868506843,174.94785080522456,12,238.3275057562597,1331,0
36,1.178888944756869,-241.65804398127517,12,241.66091947189142,1334,0
37,164.57758247350782,181.4227641371824,12,244.9489742783178,1329,0
38,-247.13435707263247,-22.904356666289434,12,248.19347291981714,1333,0
39,200.25193850617637,-151.98408181292723,12,251.3961017995307,1332,0
40,-45.56178192422431,250.44784692204766,12,254.5584412271571,1334,0
41,-137.24286110631658,-218.09263416115712,12,257.68197453450256,1331,0
42,251.49444257159843,68.92420007226062,12,260.768096208106,1331,0
43,-234.71536679592552,120.45205099895202,12,263.81811916545837,1340,0
44,92.75573637146618,-250.19267249499345,12,266.8332812825266,1326,0
45,101.73167005873782,249.90131513671574,12,269.81475126464085,1333,0
46,-246.48445541554233,-116.81358327910117,12,272.76363393971707,1334,0
47,263.44425646860344,-81.22267992195722,12,275.6809750418045,1327,0
48,-140.850089679584,240.33570737044707,12,278.5677655436824,1334,0
49,-59.08583683678302,-275.152437541987,12,281.42494558940575,1332,0
50,231.73675393025795,164.61493516041327,12,284.2534080710379,1330,0
51,-284.85035556085637,35.50035122155417,12,287.0540018881465,1329,0
52,187.85736388484327,-220.70253925643357,12,289.8275349237888,1335,0
53,10.662367887691834,292.3804266893177,12,292.5747767665558,1333,0
54,-207.27262625182982,-210.32845363067085,12,295.296461204668,1328,0
55,297.6045218982801,15.216719281637486,12,297.99328851502685,1336,0
56,-231.7833963453531,191.51098448551963,12,300.66592756745814,1329,0
57,41.91210323667661,-300.40535215318346,12,303.31501776206204,1332,0
58,173.50556488812796,251.98376724077215,12,305.94117081556715,1328,0
59,-300.68768700831373,-69.18753414879278,12,308.54497241083027,1335,0
60,270.6997601016189,-153.36766243548865,12,311.1269837220809,1337,0
61,-96.79740710723753,298.3793926820613,12,313.6877428271624,1334,0
62,-131.2310701753882,-287.7123671666242,12,316.22776601683796,1336,0
63,293.4322776766964,124.48894897727318,12,318.7475490101845,1335,0
64,-302.8154826999328,107.2510300053418,12,321.2475680841802,1339,0
65,152.00448541895756,-285.8227359964877,12,323.72828112477293,1332,0
66,81.6029875764505,315.8179102245433,12,326.19012860600185,1338,0
67,-275.5521800196594,-179.08376834993516,12,328.63353450309967,1338,0
68,326.5452543564097,-54.481160572326836,12,331.05890714493694,1333,0
69,-205.4663435707931,262.64725709523185,12,333.4666400106613,1340,0
70,-26.096931385273624,-334.8416792639057,12,335.8571124749333,1327,0
71,247.15984596266688,230.89393786695828,12,338.23069050575526,1333,0
72,-340.57151698564604,-3.322923125171679,12,340.58772731852804,1332,0
73,255.11284466420173,-229.1668311238319,12,342.92856398964494,1334,0
74,-33.538150563394574,343.6207101686205,12,345.25353003264144,1337,0
75,-208.76965532410838,-277.8762872500153,12,347.5629439396554,1329,0
76,343.89807523354983,64.2970749774803,12,349.85711369071805,1332,0
77,-298.9467386837237,186.09365231077973,12,352.13633723318014,1334,0
78,95.3387649734766,-341.33637352812576,12,354.400902933387,1327,0
79,161.28716402043008,318.0981778040341,12,356.6510900025402,1335,0
80,-335.8931796820075,-126.3952999249208,12,358.8871688985273,1333,0
81,335.1182612036788,-134.5204482888119,12,361.10940170535576,1333,0
82,-157.19411527079774,327.55153811916557,12,363.31804249169903,1334,0
83,-105.98438506317446,-349.810391673519,12,365.5133376499413,1326,0
84,316.3204005009617,187.46040709150068,12,367.69552621700467,1336,0
85,-361.99566441883286,75.88899091414876,12,369.8648401781386,1339,0
86,216.9195755194818,-302.23483875365497,12,372.0215047547655,1334,0
87,44.46175337800497,371.5146733125806,12,374.1657386773942,1337,0
88,-285.35603026257445,-245.29968608374676,12,376.2977544445356,1332,0
89,378.22916056676974,-11.945798297171073,12,378.41775856849,1332,0
90,-272.3339278097163,265.77101377639417,12,380.52595180880905,1336,0
91,21.402095146626472,-382.02349446511107,12,382.6225293941798,1332,0
92,243.5922165437336,297.7630467994825,12,384.7076812334269,1329,0
93,-382.8059611976054,-55.31361560752862,12,386.78159211627434,1337,0
94,321.33773410428336,-218.9567551840428,12,388.8444419044716,1332,0
95,-89.51115958986351,380.50985835964616,12,390.89640571384126,1337,0
96,-192.02551475960655,-342.8209469698551,12,392.93765408777006,1332,0
97,375.0943793121013,123.71017180680604,12,394.96835316262997,1334,0
98,-361.99014298466744,162.98201244904288,12,396.98866482558407,1340,0
99,157.62156641733674,-366.5452793314151,12,398.9987468652001,1331,0
100,132.03105410916993,378.63940728722554,12,400.9987531152684,1334,0
101,-354.8753162959361,-190.95420886657442,12,402.9888335921977,1334,0
102,392.58145378728085,-99.39719383496252,12,404.96913462633177,1333,0
103,-223.417437416035,340.1244605412143,12,406.93979898751604,1327,0
104,-65.32300837235294,-403.64948231997704,12,408.90096600521736,1335,0
105,322.35987045771816,254.72360298661607,12,410.8527716834828,1332,0
106,-411.6988747747359,30.067199889852304,12,412.79534881100585,1340,0
107,284.5906056538419,-301.67563238282844,12,414.7288270665544,1332,0
108,-6.097457840916935,416.60871451264467,12,416.6533331199932,1336,0
109,-278.19226533885546,-312.7444060341221,12,418.568990729127,1329,0
110,418.28311479723413,42.886313382288385,12,420.47592083257274,1336,0
111,-338.9214898842776,252.055993173385,12,422.37424163885754,1339,0
112,80.00515392128365,-416.65234350238774,12,424.26406871192853,1332,0
113,223.43778865073472,362.8712645041897,12,426.14551505325034,1331,0
114,-411.67373301524293,-117.15262500385755,12,428.01869118065395,1340,0
115,384.35836598251706,-192.53219600692628,12,429.88370520409353,1334,0
116,-154.02273381061536,403.33236600786745,12,431.7406628984581,1332,0
117,-159.5559403988163,-403.16485695488063,12,433.58966777357597,1336,0
118,391.64152959478906,190.30741524347906,12,435.4308211415448,1334,0
119,-419.0922953482038,124.74633453442216,12,437.26422218150896,1337,0
120,225.69913943443197,-376.64293230931173,12,439.08996800200293,1327,0
121,88.35949455106216,431.96365555759525,12,440.90815370097204,1336,0
122,-358.4066803035108,-259.89353880736815,12,442.7188724235731,1325,0
123,441.6250846366119,-50.66837889359942,12,444.52221541785735,1331,0
124,-292.5920325240148,337.03101118957267,12,446.31827208842793,1334,0
125,-11.960665525188531,-447.9474773678211,12,448.1071300481616,1330,0
126,312.6417859760928,323.5044260310497,12,449.88887516807966,1331,0
127,-450.8278555094554,-27.463515738986175,12,451.6635916254485,1327,0
128,352.3514634976528,-285.39174159576214,12,453.43136195018536,1329,0
129,-67.29397765924878,450.1905380733768,12,455.1922670696417,1338,0
130,-255.45950855326203,-378.8673111918285,12,456.9463863518344,1336,0
131,445.9880911674538,107.21297746453538,12,458.6937976471886,1334,0
132,-402.8019502883327,223.04840022720524,12,460.4345773288535,1336,0
133,146.89780589090893,-438.2020477182151,12,462.16880033165376,1333,0
134,188.38498232073908,423.923458228033,12,463.89654018972806,1333,0
135,-426.843389262853,-186.02344218565713,12,465.6178690729126,1335,0
136,442.02015855360264,-151.71743285545,12,467.3328578219169,1333,0
137,-224.2652532101253,411.9527839481102,12,469.0415759823429,1330,0
138,-113.3137049263605,-456.9026201236558,12,470.74409183759286,1336,0
139,393.6005768813898,261.30171426654886,12,472.4404724407087,1327,0
140,-468.4054877494087,73.4595061665846,12,474.1307836451878,1339,0
141,296.81712895039925,-371.88653103015446,12,475.81509013481275,1334,0
142,32.456110493820745,476.3891275959317,12,477.4934554525329,1335,0
143,-346.9393189423143,-330.5043251938515,12,479.1659420284376,1335,0
144,480.7410721339648,9.381980786914657,12,480.8326112068523,1338,0
145,-362.0673047191256,318.91576764629855,12,482.4935232725928,1335,0
146,51.72951008112627,-481.37725100669917,12,484.1487374764082,1338,0
147,287.9998611662231,391.22382336488175,12,485.7983120596448,1336,0
148,-478.24299587659453,-94.25304713896308,12,487.4423042781577,1329,0
149,417.70788018067316,-254.40150713973443,12,489.0807704254993,1331,0
150,-136.61366449533017,471.3138091263159,12,490.71376585541185,1333,0
151,-218.35507603463006,-441.2720938037108,12,492.34134500364684,1340,0
152,460.5958881911204,178.46968308772486,12,493.96356140913883,1338,0
153,-461.689945432775,180.11772340966687,12,495.5804677345547,1335,0
154,219.4794656995661,-446.12639928189975,12,497.1921157862422,1334,0
155,139.96750753811745,478.757868691019,12,498.798556533597,1326,0
156,-427.9734963026804,-259.3042353345963,12,500.39984012787227,1336,0
157,492.29716781520045,-98.20131649388577,12,501.9960159204453,1331,0
158,-297.6108952726169,406.2360828570395,12,503.5871324805669,1333,0
159,-55.13262047418025,-502.155746914889,12,505.1732376126036,1329,0
160,381.04331735756114,334.0748273922249,12,506.754378372797,1330,0
161,-508.2096345013977,11.089066685512027,12,508.3306010855533,1333,0
162,368.3826453746077,-352.55386338374745,12,509.9019513592785,1335,0
163,-33.59006446225683,510.36428908126146,12,511.46847410177685,1329,0
164,-320.9548895591814,-400.2348796245195,12,513.0302135352264,1333,0
165,508.5556733305307,78.5565218382953,12,514.5872132107443,1336,0
166,-429.34857115939263,286.4608253206499,12,516.1395160225576,1329,0
167,123.45584362161986,-502.75108620039214,12,517.6871642217914,1331,0
168,249.31188101294373,455.459752322626,12,519.2301994298869,1333,0
169,-492.9497442370154,-167.93019280838408,12,520.7686626516614,1343,0
170,478.3257929685071,-209.7723427457702,12,522.3025942880238,1331,0
171,-211.62124535578008,479.1831054138582,12,523.8320341483518,1335,0
172,-168.12865437776807,-497.72759173781094,12,525.3570214625479,1332,0
173,461.51493085623184,254.1731075404467,12,526.8775948927796,1328,0
174,-513.4715931890162,124.68730082864664,12,528.3937925449162,1325,0
175,295.2352387147554,-440.041081969674,12,529.9056519796708,1335,0
176,79.77250865161952,525.391612859805,12,531.4132102234569,1327,0
177,-414.8890526476037,-334.4653554453344,12,532.9165037789691,1327,0
178,533.3504537990348,-33.723781406652854,12,534.4155686354956,1331,0
179,-371.5322930148614,386.217238412683,12,535.9104402789706,1334,0
180,13.106711151108094,-537.2412997181075,12,537.401153701776,1334,0
181,354.21394652226303,406.11880046252895,12,538.8877434122992,1336,0
182,-536.9888716506839,-60.356869727688704,12,540.3702434442517,1337,0
183,437.92424572978814,-319.0961532234384,12,541.8486873657627,1334,0
184,-107.65750648522716,532.5503368672142,12,543.3231082882451,1334,0
185,-281.1080164597787,-466.6672080637858,12,544.7935388750494,1325,0
186,523.9159607511631,154.63526787310155,12,546.2600113499067,1334,0
187,-492.0879356075014,240.51915439221779,12,547.722557505166,1335,0
188,200.91561597553113,-511.1094943915373,12,549.1812087098392,1333,0
189,197.62270208370853,513.950647067531,12,550.6359959174482,1330,0
190,-494.1882927650305,-246.12584442513253,12,552.0869496736905,1338,0
191,532.0456574908114,-152.7331605944506,12,553.5341001239219,1333,0
192,-289.89810449366314,473.2431605538332,12,554.9774770204643,1332,0
193,-106.18405452585155,-546.1913094918767,12,556.4171097297423,1335,0
194,448.39792485425806,331.8724167302777,12,557.8530272392541,1337,0
195,-556.2356927426752,58.32541572141894,12,559.2852581643825,1335,0
196,371.6996434760331,-419.8087362594898,12,560.7138307550474,1336,0
197,9.521112368377059,562.0581361560997,12,562.1387729022078,1330,0
198,-387.66310202758547,-409.04439774473116,12,563.5601121442148,1337,0
199,563.5704589502932,39.853955870852225,12,564.9778756730213,1335,0
200,-443.58786432072435,352.1786572570499,12,566.3920903402518,1330,0
201,89.41677484124878,-560.7179686589235,12,567.8027826631356,1334,0
202,313.60168216688083,475.03050948555153,12,569.2099788303083,1336,0
203,-553.4801961392257,-138.77922208199695,12,570.6137047074842,1334,0
204,503.09465654132913,-272.20537569923573,12,572.0139858430036,1338,0
205,-187.55113843377737,541.8713597083665,12,573.410847473258,1334,0
206,-228.2878977127482,-527.5269052454993,12,574.8043145279967,1334,0
207,525.9405526934097,235.34344059809845,12,576.1944116355173,1330,0
208,-548.1003744018336,182.17019399608097,12,577.581163127746,1332,0
209,281.77124969083565,-505.7716508936268,12,578.9645930452051,1331,0
210,134.19362018812853,564.6167481582568,12,580.3447251418764,1341,0
211,-481.48293870837665,-326.45701054311206,12,581.7215828899594,1330,0
212,576.9081080333278,-84.71738242772958,12,583.0951894845301,1342,0
213,-369.03357641731753,453.2264549611418,12,584.4655678480983,1331,0
214,-34.11581415711003,-584.8385343190012,12,585.8327406350724,1332,0
215,421.18706173217134,409.14723392615036,12,587.1967302361279,1332,0
216,-588.3054622750996,-17.22449004415862,12,588.5575587824864,1331,0
217,446.46064326812484,-385.5812417800069,12,589.9152481501051,1334,0
218,-68.90766142666776,587.2407804271667,12,591.2698199637794,1329,0
219,-346.65563236748096,-480.65566942240673,12,592.6212956011622,1330,0
220,581.6116602892455,120.53164155352442,12,593.9696961966999,1338,0
221,-511.43608067585575,304.6853054922725,12,595.3150426454886,1331,0
222,171.69134007489328,-571.4211089409346,12,596.657355607052,1328,0
223,259.9718066378015,538.5300917808379,12,597.9966555090422,1331,0
224,-556.7082380771852,-221.9818408271185,12,599.3329625508679,1337,0
225,561.6927301572085,-212.84096618964406,12,600.6662967072482,1328,0
226,-271.001630741939,537.5482454024101,12,601.9966777316964,1335,0
227,-163.64049958888853,-580.7080048477884,12,603.3241251599343,1333,0
228,514.0521065396185,318.35582570793446,12,604.648658313239,1329,0
229,-595.3908594040292,112.73741410078328,12,605.9702963017247,1330,0
230,363.6593673902669,-486.36597795210844,12,607.289058027559,1331,0
231,60.515241749530986,605.5888915064374,12,608.6049621881175,1327,0
232,-454.6703137110886,-406.54016508810093,12,609.9180272790763,1334,0
233,611.1838239003184,-7.371119493299981,12,611.228271597445,1333,0
234,-446.6421569927244,419.1787012681901,12,612.5357132445422,1335,0
235,46.287260923115575,-612.0927131376711,12,613.8403701289122,1330,0
236,380.1364236899728,483.6282657002146,12,615.1422599691879,1340,0
237,-608.2688846465453,-100.04480981464147,12,616.4414002968977,1335,0
238,517.1832235320295,-337.81875805973067,12,617.73780845922,1330,0
239,-153.4822784713018,599.7025847828719,12,619.0315016216864,1334,0
240,-292.52902193734957,-547.0162441138084,12,620.3224967708329,1328,0
241,586.4213427412856,206.17955470295237,12,621.6108107168021,1332,0
242,-572.8635177574834,244.5963818671926,12,622.8964600958974,1335,0
243,257.71898896269505,-568.4900374923437,12,624.1794613730895,1327,0
244,194.37343992324054,594.4905094721078,12,625.4598308444754,1332,0
245,-546.0106672561257,-307.6887245943868,12,626.7375846396959,1338,0
246,611.6940398871986,-142.23361616185628,12,628.0127387243033,1337,0
247,-355.6860055565018,519.1218213976949,12,629.2853089020911,1333,0
248,-88.56834660017793,-624.3041309974736,12,630.5553108173779,1330,0
249,487.9978570193894,401.3204349948848,12,631.8227599572525,1339,0
250,-632.1856004174599,33.78411793751082,12,633.0876716537765,1332,0
251,444.21715827154713,-452.84778490918035,12,634.3500610861482,1328,0
252,-21.700638325449404,635.2393897549711,12,635.6099432828281,1322,0
253,-413.9138718641789,-484.0199445047736,12,636.8673331236263,1338,0
254,633.4036147591607,77.45876845153585,12,638.1222453417527,1328,0
255,-520.3941413348946,371.4699687246839,12,639.3746945258312,1337,0
256,133.05771072024928,-626.654327055903,12,640.6246951218789,1332,0
257,325.8195757080803,553.0294784958633,12,641.8722614352484,1331,0
258,-615.0059795338285,-188.06287549018327,12,643.1174076325411,1332,0
259,581.6426968393336,-277.2936588050061,12,644.3601477434805,1335,0
260,-242.0410645117358,598.5115897708463,12,645.6004956627589,1337,0
261,-226.24823307463248,-605.9799807176857,12,646.8384651518492,1337,0
262,577.2625982750569,294.56390246045135,12,648.074069840786,1331,0
263,-625.8191730762095,173.06173063450322,12,649.3073232299171,1336,0
264,345.2112534049071,-551.3884207367915,12,650.5382386916237,1339,0
265,118.1321729668512,640.9717542217675,12,651.7668294720129,1333,0
266,-521.0556959307962,-393.5745948839605,12,652.9931086925803,1337,0
267,651.284567013581,-61.87416884235681,12,654.2170893518452,1328,0
268,-439.2603224477986,486.4672333498486,12,655.4387843269576,1332,0
269,-4.715760679726656,-656.6412731478365,12,656.6582063752802,1329,0
270,447.8606670737421,481.892957915202,12,657.875368135941,1332,0
271,-656.9635272668934,-52.904856497695135,12,659.0902821313631,1338,0
272,521.1182352136382,-405.50682476109245,12,660.3029607687672,1329,0
273,-110.54271819044374,652.2118578001079,12,661.5134163416491,1331,0
274,-359.7078229765065,-556.6060384953636,12,662.7216610312356,1330,0
275,642.3862457198352,167.7495493584873,12,663.9277069079133,1332,0
276,-588.0531682560612,310.7949023134206,12,665.1315659326357,1328,0
277,224.07727213050308,-627.5263947552743,12,666.3332499583072,1334,0
278,259.1260179249527,615.1859124153909,12,667.5327707311454,1331,0
279,-607.711689029991,-279.0815347104056,12,668.7301398920193,1333,0
280,637.7624007423091,-205.08320311377608,12,669.925368977769,1330,0
281,-332.3252335789458,583.060836557129,12,671.1184694225008,1329,0
282,-149.06972554048107,-655.5747226116072,12,672.3094525588645,1337,0
283,553.7311995200056,383.3820009835303,12,673.4983296193094,1335,0
284,-668.4507898500732,91.50705737162224,12,674.6851117373201,1337,0
285,431.83962982825767,-519.9178147647889,12,675.869809948632,1331,0
286,32.83168229150245,676.2559283569423,12,677.0524351924303,1337,0
287,-481.8521104178385,-477.3034084163606,12,678.2329983125268,1335,0
288,678.894184250859,26.508236274050258,12,679.4115100585213,1334,0
289,-519.3993380625324,439.80032698965005,12,680.5879810869421,1338,0
290,86.05630013104677,-676.3093324860712,12,681.7624219623724,1336,0
291,394.0616537255928,557.7772073714119,12,682.9348431585549,1337,0
292,-668.485578179718,-145.35140785602368,12,684.1052550594828,1333,0
293,592.1134979738146,-344.96609328630194,12,685.2736679604726,1335,0
294,-203.93134543205105,655.4479432802223,12,686.4400920692206,1334,0
295,-292.8720700721159,-622.1140977117249,12,687.6045375068434,1345,0
296,637.2623336661458,261.3364078929261,12,688.7670143089025,1334,0
297,-647.5167986603699,238.16379962669788,12,689.9275324264136,1336,0
298,317.11302348566153,-614.0352842758975,12,691.0861017268398,1338,0
299,181.2484385478502,668.0935589600953,12,692.2427319950713,1336,0
300,-585.9133824116793,-370.81735168530764,12,693.3974329343886,1331,0
301,683.652509190579,-122.55303618199426,12,694.5502141674135,1332,0
302,-422.0188264472414,553.0823719158776,12,695.7010852370435,1337,0
303,-62.52131106743061,-694.0396859419563,12,696.8500556073737,1333,0
304,515.765943464468,470.30361636097075,12,697.9971346646059,1333,0
305,-699.1404773071373,1.6102766061080465,12,699.1423317179414,1331,0
306,515.2779738751042,-474.22421873958257,12,700.2856560004639,1329,0
307,-59.71325822866326,698.880767221217,12,701.4271166700072,1328,0
308,-428.75193871199497,-556.571446492457,12,702.5667228100119,1334,0
309,693.2277678904732,120.97628621177066,12,703.7044834303672,1334,0
310,-593.8399237825563,379.6763686640606,12,704.8404074682438,1341,0
311,181.70326935527058,-682.1905319671374,12,705.9745037889115,1330,0
312,327.3549348951629,626.7684952195536,12,707.1067811865476,1330,0
313,-665.8201386181753,-241.41984800441278,12,708.2372483850309,1334,0
314,655.0740952184995,-272.1726102561833,12,709.365914038728,1333,0
315,-299.6565624970462,644.209550187246,12,710.4927867332644,1325,0
316,-214.53906773890435,-678.5079133022117,12,711.6178749862877,1330,0
317,617.4931387388516,355.9525580894753,12,712.7411872482184,1332,0
318,-696.8575490730484,154.88562328345373,12,713.8627319029898,1336,0
319,409.85924382970296,-585.8458843820139,12,714.982517268779,1335,0
320,93.66199074586379,709.9488935758135,12,716.1005515987263,1332,0
321,-549.4822498770033,-460.9438762692336,12,717.2168430816444,1339,0
322,717.647720705372,-31.332873573684473,12,718.3313998427188,1337,0
323,-508.79303934662113,508.6547386119857,12,719.4442299441979,1336,0
324,31.625580843196545,-719.8609745196153,12,720.5553413860727,1335,0
325,463.652145576331,553.0159924472935,12,721.6647421067487,1331,0
326,-716.5377406483512,-94.72943695893164,12,722.7724399837061,1329,0
327,593.2478595405877,-414.79751343337534,12,723.8784428341543,1329,0
328,-157.4907087966214,707.6698924235351,12,724.9827584156742,1331,0
329,-362.4458081877393,-629.1526334103168,12,726.0853944268539,1334,0
330,693.2924048772176,219.4211506203635,12,727.1863585079137,1334,0
331,-660.4259703216952,306.9813312314732,12,728.2856582413251,1334,0
332,280.0360709959608,-673.4833323410055,12,729.3833011524189,1333,0
333,248.81488672083063,686.7977519955203,12,730.479294709987,1329,0
334,-648.3634480146056,-338.858140345797,12,731.5736463268754,1332,0
335,708.0343934791754,-188.3807252629001,12,732.6663633605681,1329,0
336,-395.4211620028375,618.0955465300859,12,733.7574531137656,1330,0
337,-126.13328676474322,-723.940877399476,12,734.8469228349535,1337,0
338,582.8834132032666,449.2737769028034,12,735.9347797189639,1328,0
339,-734.3624971429736,62.54376699508907,12,737.0210309075311,1335,0
340,499.98307242857817,-542.9704663099817,12,738.1056834898372,1334,0
341,-1.9034660745465941,739.1862937155308,12,739.1887445030532,1329,0
342,-498.63808133630357,-547.1380665254885,12,740.2702209328698,1335,0
343,738.34217337202,66.71457876867476,12,741.3501197140255,1338,0
344,-590.3530390459986,450.2036087029441,12,742.4284477308233,1332,0
345,131.3900725601079,-731.8036955582074,12,743.5052118176442,1332,0
346,398.0180989373794,629.2706833456286,12,744.5804187594514,1339,0
347,-719.5885232525552,-195.42864990376148,12,745.65407529229,1335,0
348,663.5650524338465,-342.4637516416394,12,746.7261881037788,1340,0
349,-258.33111502225,701.7585304158126,12,747.7967638335967,1335,0
350,-283.95110686025686,-692.9442754744676,12,748.8658090739622,1330,0
351,678.4195639304835,319.6042791897079,12,749.933330370107,1330,0
352,-717.1530221189174,222.91599957316578,12,750.9993342207435,1332,0
353,378.76483987476854,-649.7208601196678,12,752.0638270785266,1334,0
354,159.8163000050246,735.9746940301033,12,753.1268153505093,1337,0
355,-615.8541186541297,-435.34320315900777,12,754.1883053985921,1332,0
356,749.2333250006137,-95.12846423928455,12,755.2483035399683,1328,0
357,-488.8872191440125,577.0522393662764,12,756.3068160475615,1338,0
358,-29.343921237390486,-756.7951732710865,12,757.3638491504595,1340,0
359,533.5877301686344,538.9658005972965,12,758.4194090343417,1334,0
360,-758.5699919961739,-37.034676222759465,12,759.473501841901,1330,0
361,585.172395861356,-485.7707969010493,12,760.5261336732617,1338,0
362,-103.49730797158477,754.5119662686834,12,761.5773105863908,1337,0
363,-433.9471284842661,-627.1282880561679,12,762.6270385975048,1336,0
364,744.6203076782773,169.53052053570687,12,763.6753236814714,1336,0
365,-664.4856938364381,378.49539321728537,12,764.7221717722065,1335,0
366,234.62140843571257,-728.9395000297642,12,765.7675887630659,1336,0
367,319.82446440211965,696.9306364121879,12,766.8115805072325,1332,0
368,-707.5591925569738,-298.2616117238744,12,767.8541528180987,1336,0
369,724.1855691943163,-258.3703956932839,12,768.8953114696434,1334,0
370,-359.95129851674426,680.6137397203421,12,769.9350621968063,1332,0
371,-194.59316863251948,-746.0117282734608,12,770.9734106958554,1332,0
372,648.2813894481346,419.2031012471115,12,772.0103626247513,1324,0
373,-762.2111939670598,128.97323672494628,12,773.0459236035075,1328,0
374,475.5459755754227,-610.783124450913,12,774.0800992145452,1333,0
375,62.00789212540061,772.6286438607908,12,775.1128950030442,1337,0
376,-568.3811639845688,-528.5289513617458,12,776.1443164772902,1332,0
377,777.1527821099469,5.792517481137246,12,777.1743691090178,1336,0
378,-577.7247458031435,521.3771361372623,12,778.2030583337488,1334,0
379,73.90849291617037,-775.7174322360303,12,779.2303895511261,1340,0
380,470.10993334844136,622.7332097833903,12,780.2563681252464,1333,0
381,-768.3022832349513,-141.81537848893748,12,781.2809993849844,1329,0
382,663.1845796559089,-414.95326641275585,12,782.3042886243179,1333,0
383,-208.98741709712908,754.9332814859009,12,783.3262411026456,1331,0
384,-356.3129346577736,-698.7425080783086,12,784.3468620451031,1329,0
385,735.6826636935527,274.9018340076308,12,785.3661566428744,1336,0
386,-729.1068491283,294.6238322916226,12,786.3841300534999,1334,0
387,339.0429175086323,-710.6686288891855,12,787.4007874011811,1336,0
388,230.34671307911253,754.0161747427234,12,788.416133777081,1332,0
389,-680.0546503378868,-400.9060645011679,12,789.430174239622,1338,0
390,773.2500015241438,-163.96473749837642,12,790.4429138147801,1332,0
391,-460.001759229937,644.0484310246885,12,791.4543574963751,1328,0
392,-95.9798283479888,-786.6307091324942,12,792.4645102463579,1332,0
393,602.900509203613,515.8594537294283,12,793.4733769950949,1334,0
394,-794.0251338117472,26.90886239210016,12,794.4809626416481,1335,0
395,568.0313191907255,-556.9025232645691,12,795.4872720540536,1337,0
396,-42.72027295872035,795.3458230721604,12,796.4923100695951,1335,0
397,-506.385147884098,-616.0958383258243,12,797.4960814950755,1335,0
398,790.5519401399863,112.372727745229,12,798.4985911070851,1333,0
399,-659.6612099170832,451.715716054611,12,799.4998436522674,1338,0
400,181.51081119382593,-779.6498094784345,12,800.49984384758,1335,0
401,393.29554411225433,698.3685380810377,12,801.4985963805551,1333,0
402,-762.6930974553835,-249.59815522938655,12,802.4961059095552,1332,0
403,731.8947803387184,-331.55697928552047,12,803.4923770640266,1336,0
404,-316.10388743936574,739.7826250634174,12,804.4874144447507,1341,0
405,-266.96019154586935,-759.9554303574604,12,805.4812226240907,1339,0
406,711.065812464212,380.5067809443218,12,806.4738061462381,1331,0
407,-782.3069131988909,199.98973363956205,12,807.465169527454,1339,0
408,442.2993486666994,-676.7357580097372,12,808.4553172563095,1326,0
409,131.1508950995195,798.748673059677,12,809.4442537939224,1338,0
410,-637.0299572646184,-500.9918497814498,12,810.4319835741925,1332,0
411,809.1249358095266,-60.9658777614942,12,811.4185110040319,1334,0
412,-556.116176677602,592.2286703947101,12,812.403840463596,1335,0
413,10.03017817414872,-813.3261310973568,12,813.3879763065102,1332,0
414,542.6529490740619,607.2295915559645,12,814.3709228600932,1329,0
415,-811.2899613926888,-81.29328719795572,12,815.3526844255803,1333,0
416,653.9182828294997,-488.66233677388976,12,816.3332652783421,1335,0
417,-152.2747992636224,803.0021080353547,12,817.312669668102,1334,0
418,-430.6522589113383,-695.8007127723869,12,818.2909018191514,1330,0
419,788.4965671617057,222.42563605440324,12,819.2679659305618,1332,0
420,-732.5307293722783,369.0511218318107,12,820.2438661763952,1339,0
421,291.2005499481792,-767.8556112381273,12,821.2186067059124,1337,0
422,304.31714195640234,763.8004170668454,12,822.1921916437786,1335,0
423,-741.2093748405903,-358.0623725671568,12,823.1646250902671,1338,0
424,789.3426629777268,-236.93492862647054,12,824.1359111214605,1331,0
425,-422.4862197376338,708.7350662495851,12,825.1060537894507,1329,0
426,-167.41184620269652,-808.9334173780959,12,826.0750571225353,1333,0
427,670.655809360201,483.96361988419534,12,827.0429251254135,1334,0
428,-822.3936294283559,96.27418280959958,12,828.0096617793781,1333,0
429,542.0065333405677,-627.2391233143386,12,828.9752710425082,1337,0
430,24.063154743196996,829.5908416706424,12,829.9397568498571,1333,0
431,-578.7950501232151,-596.151230773589,12,830.9031231136395,1339,0
432,830.4404293682048,48.669223034189436,12,831.8653737234168,1329,0
433,-645.9619998827512,525.6739433408093,12,832.8265125462805,1332,0
434,121.36436871398985,-824.9064734905738,12,833.7865434270333,1335,0
435,468.26393355057087,691.0346507489668,12,834.7454701883682,1340,0
436,-813.0022589588971,-193.46143524674457,12,835.7032966310471,1336,0
437,730.9997916540472,-406.98808901703705,12,836.6600265340755,1333,0
438,-264.4016485223013,794.7903926562584,12,837.6156636548769,1337,0
439,-342.3012923102542,-765.5258488664704,12,838.5702117294652,1329,0
440,770.3825386528715,333.63264849045703,12,839.5236744726143,1335,0
441,-794.32180577708,274.6868560143326,12,840.4760555780277,1340,0
442,400.6127994250101,-739.9387710728885,12,841.427358718505,1334,0
443,204.6529027634344,817.1396388564812,12,842.3775875461075,1332,0
444,-703.6665480149935,-464.81543563511633,12,843.3267456923206,1334,0
445,833.776430178465,-132.7285367916611,12,844.2748367682174,1336,0
446,-525.7330092925666,661.8193129096354,12,845.2218643646175,1330,0
447,-59.459835921722025,-844.0761386937567,12,846.1678320522471,1335,0
448,614.6947326283689,582.8811076702847,12,847.1127433818948,1336,0
449,-847.9310150272369,-14.594305563456729,12,848.0566018845675,1334,0
450,635.8023079720606,-562.6325845322158,12,848.9994110716449,1328,0
451,-88.8664514346171,845.2826472898985,12,849.9411744350311,1341,0
452,-506.01230743354404,-684.0698390703835,12,850.8818954473059,1336,0
453,836.1226282233315,162.78498263939665,12,851.8215775618742,1328,0
454,-727.2910208502337,445.250234127535,12,852.7602242131136,1337,0
455,235.7785074660849,-820.4928369078341,12,853.697838816522,1333,0
456,380.79652570350464,765.110453472007,12,854.6344247688598,1334,0
457,-798.4853312428072,-307.28028864550436,12,855.5699854482975,1336,0
458,797.212930704585,-313.1318302527012,12,856.5045242145543,1338,0
459,-376.732653019247,770.241850426916,12,857.4380444090407,1327,0
460,-242.7636908283328,-823.3260535264297,12,858.3705493549973,1332,0
461,735.9529297021847,443.59134940029094,12,859.3020423576334,1333,0
462,-843.2225224331793,170.22272956754801,12,860.2325267042628,1328,0
463,507.3298205195064,-695.8566326562143,12,861.1620056644394,1331,0
464,96.05863673542095,856.7220893081562,12,862.0904824900922,1329,0
465,-650.2369093798233,-567.4433554815631,12,863.0179604156567,1331,0
466,863.6931522876845,-20.835995089327696,12,863.9444426582069,1337,0
467,-623.4530899574004,599.421591722028,12,864.8699324175861,1332,0
468,54.87002864115142,-864.0539797703146,12,865.7944328765345,1336,0
469,543.7800397589946,674.9098223908927,12,866.717947200818,1336,0
470,-857.7735525514845,-130.4780921963749,12,867.6404785393545,1332,0
471,721.3976158090201,-483.7204563640671,12,868.5620300243385,1333,0
472,-205.4051522844229,844.8720159971053,12,869.4826047713664,1332,0
473,-419.6868894177733,-762.5371563739263,12,870.4022058795578,1334,0
474,825.4207371743437,279.07097061959524,12,871.3208364316786,1333,0
475,-797.9888415967373,352.15594370548024,12,872.2384994942611,1333,0
476,350.9026166064398,-799.5419649141337,12,873.1551981177229,1336,0
477,281.63322689679205,827.4555731322981,12,874.0709353364863,1336,0
478,-767.4080938635207,-420.3389316643866,12,874.9857141690943,1334,0
479,850.6852312764156,-208.6495561658142,12,875.8995376183276,1337,0
480,-486.8349203508718,729.2405366728871,12,876.812408671319,1327,0
481,-133.75695397752182,-867.4728106763088,12,877.7243302996675,1340,0
482,685.3082115293565,549.8660338759203,12,878.6353054595519,1336,0
483,-877.6621993228046,57.52446331655669,12,879.545337091841,1334,0
484,608.9323123061059,-635.9256552691824,12,880.4544281222055,1334,0
485,-19.466185843594623,881.1475855999963,12,881.3625814612283,1334,0
486,-581.450775254969,-663.5623527260987,12,882.269800004511,1337,0
487,877.8744810040381,96.62502575363511,12,883.1760866327846,1337,0
488,-713.31707185502,522.2822560648409,12,884.0814442120136,1336,0
489,173.35838167987643,-867.8403490857834,12,884.9858755935036,1332,0
490,458.8566397875025,757.7932330939108,12,885.889383614004,1332,0
491,-851.0948341995291,-249.07344940574487,12,886.7919710958146,1335,0
492,796.6267096991088,-391.6451013276839,12,887.6936408468858,1337,0
493,-323.1828840794642,827.7395867288695,12,888.5943956609226,1331,0
494,-321.1499425798793,-829.4954577217046,12,889.4942383174835,1328,0
495,797.9276845867024,395.10936482207546,12,890.3931715820826,1341,0
496,-856.122174511104,247.90083160485466,12,891.2911982062876,1333,0
497,464.2900995644157,-761.8626539255386,12,892.1883209278185,1328,0
498,172.45081502475117,876.2766209350214,12,893.0845424706442,1330,0
499,-719.7970951219759,-530.1812349130861,12,893.9798655450802,1335,0
500,889.7775880012665,-95.37213372179652,12,894.8742928478836,1334,0
501,-592.2621364521955,672.0309231910992,12,895.7678270623477,1333,0
502,-17.25187356735206,-896.4944912593809,12,896.6604708583958,1325,0
503,618.9092348184016,650.0395057659962,12,897.552226892675,1339,0
504,-896.3485791920448,-61.31251569135564,12,898.4430978086482,1330,0
505,703.051301611566,-560.8198171447607,12,899.3330862366846,1337,0
506,-139.7177991116962,889.3137447556871,12,900.2221947941517,1335,0
507,-498.1903162807348,-750.8704340724181,12,901.1104260855049,1336,0
508,875.4169322742374,217.35959764308367,12,901.9977827023745,1333,0
509,-793.1082021733378,431.48508623749234,12,902.884267223657,1336,0
510,293.6370558466259,-854.7381350061114,12,903.7698822156003,1341,0
511,361.20174152142613,829.4174473218469,12,904.6546302318912,1344,0
512,-827.4099818682694,-367.9575001338469,12,905.5385138137416,1334,0
513,859.495397048616,-287.86743902748356,12,906.4215354899728,1335,0
514,-439.7410513528475,793.6169149880138,12,907.3036977771004,1331,0
515,-212.03491706325187,-883.0861758322231,12,908.1850031794185,1338,0
516,753.5939629383872,508.42515577301714,12,909.0654541890809,1334,0
517,-899.9829622956114,134.278321324092,12,909.9450532861861,1331,0
518,573.4689990226606,-707.6251176717428,12,910.823802938856,1330,0
519,55.18884940290736,910.0297747335431,12,911.7017056033186,1333,0
520,-656.0413262735907,-634.3577683146854,12,912.5787637239868,1333,0
521,913.1228697520941,24.629753058043114,12,913.4549797335388,1326,0
522,-690.606729348696,599.2181116908075,12,914.330356052997,1335,0
523,104.56581019421932,-909.2117417512966,12,915.204895091804,1336,0
524,537.5728395208362,741.765085596178,12,916.078599247903,1331,0
525,-898.2997140378759,-184.00441233696097,12,916.951470907812,1336,0
526,787.4195892495726,-471.5616507584498,12,917.8235124467011,1333,0
527,-262.33215489788336,880.4441154932169,12,918.6947262284682,1330,0
528,-401.67608306166846,-827.1978749345501,12,919.5651146058119,1332,0
529,855.7560399180704,338.9418831359465,12,920.434679920308,1330,0
530,-860.7714893343576,328.43940559730623,12,921.3034245024817,1338,0
531,413.23740604778646,-824.3996884053856,12,922.1713506718803,1335,0
532,252.40269483932695,887.858592140576,12,923.0384607371461,1328,0
533,-786.5912983309893,-484.63814273122233,12,923.9047569960878,1335,0
534,908.226306209047,-174.14068080109848,12,924.7702417357513,1334,0
535,-552.5836649664832,742.5976657734723,12,925.6349172324908,1327,0
536,-94.24739506864616,-921.692697444639,12,926.4987857520376,1337,0
537,692.734271354415,616.5381004374894,12,927.3618495495704,1330,0
538,-928.1283677438902,13.331653650696694,12,928.2241108697833,1332,0
539,675.9943619721847,-637.3630226031463,12,929.0855719469547,1329,0
540,-67.9875909409475,927.4576472691605,12,929.9462350050137,1329,0
541,-576.8896289720974,-730.4781694098981,12,930.8061022576077,1333,0
542,919.659375389211,149.08599283207647,12,931.6651759081692,1330,0
543,-779.5518321963949,511.7606285356894,12,932.5234581499815,1330,0
544,229.33861473642892,-904.7672627757793,12,933.3809511662428,1333,0
545,442.4600881745755,822.8177625528917,12,934.237657130133,1331,0
546,-882.8698303693933,-308.12475172163425,12,935.0935782048768,1327,0
547,859.9216910511309,-369.5060016559453,12,935.9487165438072,1336,0
548,-384.8327394993287,854.1099241956166,12,936.8030742904295,1333,0
549,-293.4464124486687,-890.5555586379807,12,937.6566535784834,1333,0
550,818.6838082997731,458.8647099394118,12,938.5094565320054,1332,0
551,-914.4600615734855,214.85529033984017,12,939.3614852653902,1337,0
552,529.641256789499,-776.83984134855,12,940.2127418834528,1329,0
553,134.328192928775,931.426828357703,12,941.0632284814874,1334,0
554,-728.8767456951151,-596.605975150181,12,941.9129471453293,1332,0
555,941.3002105043439,-52.477744849389424,12,942.7618999514139,1333,0
556,-659.2298391112455,675.1414808951984,12,943.610088966836,1333,0
557,30.07103090241587,-943.9786719521081,12,944.4575162494075,1328,0
558,616.0267367699415,717.0153830878226,12,945.3041838477178,1342,0
559,-939.415764965349,-112.68549389592262,12,946.1500938011897,1331,0
560,769.5006538005978,-551.9680641128188,12,946.9952481401373,1327,0
561,-194.73024281557392,927.6206835409544,12,947.8396488858227,1334,0
562,-483.44066400885043,-816.2629015107092,12,948.6832980505137,1340,0
563,908.6583885837966,275.572010291862,12,949.5261976375375,1334,0
564,-856.9219810355708,410.95585945217164,12,950.3683496413378,1336,0
565,354.5845582484053,-882.6493024139221,12,951.2097560475293,1332,0
566,335.0572754893765,891.1434352233292,12,952.0504188329523,1332,0
567,-849.7685734986243,-431.1535358710553,12,952.8903399657277,1336,0
568,918.6412359315955,-256.31675646759976,12,953.7295214053091,1332,0
569,-504.68126246347884,810.2449156386415,12,954.5679651025379,1336,0
570,-175.33005109297642,-939.1801601310232,12,955.405672999695,1326,0
571,764.3590291477832,574.5913979170401,12,956.2426470305536,1332,0
572,-952.5777815042424,92.71229791379324,12,957.0788891204319,1336,0
573,640.3334642626816,-712.4416148326493,12,957.9144011862437,1330,0
574,9.093345493818315,958.7060608276815,12,958.7491851365508,1328,0
575,-654.8709947693567,-701.3871828097468,12,959.5832428716125,1329,0
576,957.4925214770483,74.88705706278289,12,960.4165762834376,1332,0
577,-757.2665926869641,592.0703569680512,12,961.2491872558334,1333,0
578,158.58416245129612,-948.9209995672037,12,962.0810776644555,1328,0
579,524.5046439867377,807.5239181822081,12,962.9122493768579,1331,0
580,-933.031961498645,-241.3531827467599,12,963.7427042525406,1328,0
581,851.7531541168976,-452.67710838070485,12,964.5724441429995,1337,0
582,-322.55426404892603,909.9223850108623,12,965.4014708917737,1326,0
583,-377.125560530114,-889.5933405746961,12,966.2297863344929,1335,0
584,879.7452032118256,401.55743975897616,12,967.0573922989266,1334,0
585,-920.7315006171459,298.4183368549904,12,967.8842906050288,1332,0
586,477.7475240952724,-842.7083144367552,12,968.7104830649868,1333,0
587,217.1500186841549,944.9052171437467,12,969.5359714832657,1329,0
588,-799.073164161882,-550.528907793513,12,970.3607576566565,1330,0
589,961.9048277718293,-133.9369340743897,12,971.1848433743187,1337,0
590,-619.3302185709642,749.1529085339266,12,972.0082304178295,1336,0
591,-49.412476661866435,-971.5752195018873,12,972.8309205612247,1336,0
592,693.310172347479,683.6088098609533,12,973.6529155710468,1339,0
593,-973.817207974897,-35.777722845034354,12,974.4742172063866,1330,0
594,742.8550425362328,-631.9544174847517,12,975.2948272189287,1334,0
595,-120.98073566657888,968.5884892964469,12,976.1147473529943,1337,0
596,-565.5389409003544,-796.5963258296547,12,976.933979345585,1338,0
597,955.9041556740077,205.54134660734854,12,977.7525249264252,1336,0
598,-844.4008854170941,494.5575241635977,12,978.5703858180053,1328,0
599,288.80709984423737,-935.8367694633295,12,979.3875637356235,1335,0
600,419.5407593392314,885.8812286379372,12,980.2040603874277,1336,0
601,-908.5159936219904,-370.13333993717384,12,981.0198774744578,1333,0
602,920.6972790778698,-341.05207857247706,12,981.8350166906861,1331,0
603,-448.88820906625807,874.1277799963157,12,982.6494797230597,1336,0
604,-259.6835171250989,-948.5591552104373,12,983.4632682515397,1334,0
605,832.9131202956827,524.457561714301,12,984.2763839491428,1331,0
606,-969.2295704694044,176.05124176697456,12,985.08882848198,1332,0
607,596.2497585303043,-785.1663680090696,12,985.900603509299,1324,0
608,90.7908783447651,982.5258349831754,12,986.7117106835208,1341,0
609,-731.2331428660877,-663.7003019241316,12,987.5221516502805,1332,0
610,988.3214422238124,-4.552674010227249,12,988.3319280484669,1337,0
611,-726.2762770500674,671.5078327125408,12,989.141041510259,1334,0
612,82.0034690181912,-986.5472269835756,12,989.9494936611666,1338,0
613,606.4307108332005,783.480563229452,12,990.7572861200669,1330,0
614,-977.1920843672887,-168.21305017719018,12,991.5644204992433,1330,0
615,834.855782530153,-536.4846897871048,12,992.3708984044223,1330,0
616,-253.4120789618735,960.3032428541628,12,993.1767214348109,1327,0
617,-462.1917356993736,-879.987954151192,12,993.9818911831342,1335,0
618,935.9860879121459,336.94219568780125,12,994.7864092356709,1331,0
619,-918.5098254401996,384.10896965550523,12,995.5902771722913,1336,0
620,418.15576507167594,-904.4035361150028,12,996.3934965664919,1338,0
621,302.8244853478815,950.1038527833633,12,997.1960689854329,1335,0
622,-865.7749631903988,-496.42090317860675,12,997.997995989972,1329,0
623,974.5048082341465,-218.95291440976362,12,998.7992791347018,1333,0
624,-571.1263986778837,820.374692889311,12,999.5999199679841,1337,0
625,-133.130772921034,-991.5019905685756,12,1000.3999200319838,1334,0
626,768.5300569862432,641.6864900469091,12,1001.1992808627061,1337,0
627,-1000.9410224499874,46.01162436573699,12,1001.9980039900278,1333,0
628,707.5454613598704,-710.6190400693246,12,1002.7960909377341,1329,0
629,-41.73890415056352,1002.7252185321312,12,1003.5935432235503,1335,0
630,-647.0675260332623,-768.1820205870436,12,1004.3903623591773,1333,0
631,996.816512602448,129.44821436811452,12,1005.1865498503249,1335,0
632,-823.113425903169,578.3461663207846,12,1005.9821071967434,1329,0
633,216.44189901298617,-983.2359352422249,12,1006.7770358922577,1336,0
634,504.966892945003,871.8993273477561,12,1007.5713374247997,1334,0
635,-962.0636369312647,-302.0489339404919,12,1008.3650132764424,1331,0
636,914.1452932829944,-427.47910214248816,12,1009.158064923429,1330,0
637,-385.60686026068583,933.438455025234,12,1009.9504938362078,1334,0
638,-346.46553713241315,-949.5059934405621,12,1010.7423014794623,1330,0
639,897.5570265568929,466.4669163813757,12,1011.5334893121435,1337,0
640,-977.6880129196431,262.5379008700263,12,1012.3240587875011,1334,0
641,543.9990801709258,-854.6724523308252,12,1013.1140113531152,1329,0
642,176.33223186359461,998.4522742755428,12,1013.9033484509262,1333,0
643,-805.0925212677151,-617.5969820188516,12,1014.6920715172657,1339,0
644,1011.6160478005407,-88.5040780552725,12,1015.4801819828882,1334,0
645,-686.6826504532588,749.1775073815867,12,1016.2676812729999,1334,0
646,0.27649456759389884,-1017.0545332236389,12,1017.0545708072896,1334,0
647,687.3375551150112,750.71105315462,12,1017.8408519999576,1326,0
648,-1014.7019993198464,-89.33002057710914,12,1018.6265262597477,1331,0
649,809.1743976769031,-620.0296719869309,12,1019.4115949899727,1332,0
650,-177.97284177516656,1004.5524712977774,12,1020.1960595885481,1332,0
651,-547.7543506001201,-861.6061579391368,12,1020.9799214480175,1330,0
652,986.6599593007089,265.5223619824208,12,1021.7631819555842,1331,0
653,-907.5847945703075,471.0518449860618,12,1022.5458424931373,1338,0
654,351.3023095088627,-961.1382248842979,12,1023.3279044372824,1332,0
655,390.4981290109612,946.7371394631872,12,1024.1093691593685,1331,0
656,-928.1600858967178,-434.6479666905131,12,1024.8902380255165,1331,0
657,978.7414174013772,-306.7005671060015,12,1025.6705123966467,1332,0
658,-514.9113260120813,887.9562637565435,12,1026.4501936285073,1335,0
659,-220.29332989745666,-1003.329880349773,12,1027.2292830717004,1334,0
660,840.8137806726742,591.4661327843922,12,1028.0077820717117,1332,0
661,-1020.2910329213148,131.93258937941116,12,1028.7856919689348,1333,0
662,663.7127751053819,-787.0739178513749,12,1029.5630140987,1338,0
663,42.29153007684939,1029.4714306301846,12,1030.3397497913006,1341,0
664,-727.1297491609072,-731.0829828994765,12,1031.1159003720193,1335,0
665,1030.7770357900895,47.94478582491488,12,1031.8914671611547,1326,0
666,-793.0442991946865,661.4232680476313,12,1032.6664514740469,1334,0
667,138.0846601695037,-1024.1741192911843,12,1033.4408546211052,1333,0
668,590.4421286912842,849.1042884513686,12,1034.2146779078316,1324,0
669,-1009.6896999645375,-227.43506718516906,12,1034.987922634849,1337,0
670,898.8144486838348,-514.7160254326398,12,1035.760590097924,1334,0
671,-315.30698771876,987.4115167931361,12,1036.532681587995,1327,0
672,-434.81273736518744,-941.7737963146951,12,1037.3041983911953,1328,0
673,957.4875328239387,401.0207282507059,12,1038.0751417888782,1341,0
674,-977.6320951359395,351.33386765313895,12,1038.8455130576442,1334,0
675,483.91118358528695,-920.1249732515071,12,1039.615313469362,1331,0
676,264.91030957799586,1006.0927034221502,12,1040.3845442911963,1335,0
677,-875.5889037498126,-563.3330024330205,12,1041.1532067856297,1336,0
678,1026.9150161163184,-176.19747351997216,12,1041.9213022104884,1333,0
679,-638.6656157343018,824.2003586984933,12,1042.688831818966,1336,0
680,-85.87031102492007,-1039.9164820717494,12,1043.4557968596464,1335,0
681,766.334032454804,709.3180885199247,12,1044.222198576529,1330,0
682,-1044.9741795597222,-5.381826222197221,12,1044.9880382090507,1332,0
683,774.7337573561742,-702.4155502356024,12,1045.7533169921096,1336,0
684,-96.86045331364191,1042.0259366176429,12,1046.5180361560904,1335,0
685,-632.9183384682507,-834.394616971244,12,1047.2821969268837,1330,0
686,1031.070986290687,187.8633046381072,12,1048.0458005259122,1334,0
687,-887.8254214945638,558.360117619445,12,1048.8088481701516,1332,0
688,277.68973094104973,-1012.1701503847501,12,1049.5713410721542,1332,0
689,479.2990434919886,934.5974678478779,12,1050.3332804400707,1331,0
690,-985.4455489726206,-365.6460994049443,12,1051.094667477673,1330,0
691,974.3320311909434,-396.3295257678012,12,1051.8555033843763,1336,0
692,-451.05115508854544,951.0798365506911,12,1052.6157893552615,1335,0
693,-310.0777551489671,-1006.7034249280058,12,1053.3755265810953,1330,0
694,909.314969402102,533.2413022462293,12,1054.134716248355,1338,0
695,-1031.441660604196,221.19697278683304,12,1054.8933595392477,1333,0
696,611.5757645516538,-860.4505123556264,12,1055.6514576317318,1331,0
697,130.3625177733604,1048.3346860424824,12,1056.4090116995405,1341,0
698,-804.8414967096815,-685.441584071261,12,1057.1660229122006,1332,0
699,1057.230183268922,-38.266690282297716,12,1057.9224924350553,1331,0
700,-754.2584199671034,742.8958445897572,12,1058.6784214292836,1338,0
701,54.38653052448724,-1058.0369111224377,12,1059.4338110519222,1336,0
702,675.0713783979945,817.483109347118,12,1060.1886624558858,1332,0
703,-1050.7255809197281,-146.88687348057857,12,1060.9429767899874,1334,0
704,874.6139544140393,-601.8724372690917,12,1061.6967551989599,1336,0
705,-238.52322602244075,1035.329257119612,12,1062.449998823474,1330,0
706,-523.8461255416457,-925.1947020789765,12,1063.202708800161,1331,0
707,1011.9432785767598,328.5891065499864,12,1063.954886261631,1334,0
708,-968.8181844874667,441.5782211640523,12,1064.7065323364932,1335,0
709,416.38811638685235,-980.7246996643908,12,1065.4576481493764,1336,0
710,355.6887746562153,1005.1295914376216,12,1066.2082348209472,1331,0
711,-941.8912542506271,-501.2393292292418,12,1066.958293467931,1334,0
712,1033.8293484328697,-266.8274317210806,12,1067.707825203131,1336,0
713,-582.482576340018,895.7198492052609,12,1068.4568311354467,1337,0
714,-175.66851482369188,-1054.6755770850289,12,1069.205312369893,1335,0
715,842.544597764036,659.4835864361133,12,1069.9532700076204,1330,0
716,-1067.486117744561,82.90590101220191,12,1070.7007051459336,1335,0
717,731.6389402277663,-782.7544066579188,12,1071.4476188783096,1325,0
718,-10.752265070764107,1072.140097559945,12,1072.194012294417,1332,0
719,-716.790134397262,-798.3808008906246,12,1072.9398864801328,1328,0
720,1068.5790306318195,104.588982660512,12,1073.685242517564,1333,0
721,-859.181383376971,645.1413414581599,12,1074.4300814850633,1330,0
722,197.8838894309724,-1056.8074405035527,12,1075.1744044572486,1333,0
723,568.3426563243002,913.5571273884511,12,1075.9182125050215,1337,0
724,-1036.8929988907375,-289.91879699559524,12,1076.6615066955817,1332,0
725,961.0725410256493,-486.96978436706075,12,1077.4042880924505,1335,0
726,-379.9832247713602,1008.9661782697963,12,1078.1465577554845,1339,0
727,-401.6351893756363,-1001.3436845834685,12,1078.8883167408942,1330,0
728,973.2194196917562,467.3798895276102,12,1079.6295661012623,1335,0
729,-1034.0412666571729,312.98348015514995,12,1080.3703068855602,1333,0
730,551.4301081696212,-929.9058209324423,12,1081.1105401391662,1333,0
731,221.68653697334142,1058.8933276420091,12,1081.8502669038817,1335,0
732,-879.3373538059022,-631.4790718635362,12,1082.5894882179484,1332,0
733,1075.6874888274713,-128.43841473659214,12,1083.3282051160672,1336,0
734,-706.9009504910583,821.8826231250047,12,1084.0664186294123,1335,0
735,-33.95006159685215,-1084.2727485820024,12,1084.8041297856494,1323,0
736,757.9641833634079,777.1037876231475,12,1085.5413396089527,1332,0
737,-1084.560810570152,-61.056106782327035,12,1086.2780491200215,1331,0
738,841.5341477134182,-688.055432528696,12,1087.0142593360954,1327,0
739,-155.85173585252943,1076.526932515742,12,1087.7499712709714,1333,0
740,-612.6771060703644,-899.6814790231281,12,1088.4851859350222,1330,0
741,1060.2102876941044,249.70812134887484,12,1089.2199043352082,1330,0
742,-951.0821578873405,532.3933967925974,12,1089.954127475097,1334,0
743,341.90181607072014,-1035.713835075859,12,1090.6878563548785,1329,0
744,447.80772969559644,995.323182300541,12,1091.4210919713805,1332,0
745,-1003.2036978252727,-431.72021109707055,12,1092.1538353180838,1328,0
746,1032.04548542211,-359.5582234073379,12,1092.88608738514,1337,0
747,-518.4670483436628,962.9080536488466,12,1093.6178491593853,1332,0
748,-268.31287236830394,-1060.9468424579388,12,1094.3491216243563,1339,0
749,915.1155442651742,601.4678217862152,12,1095.0799057603058,1332,0
750,-1081.7843474426754,174.76448617503806,12,1095.810202544218,1334,0
751,680.075025422463,-860.1732149960474,12,1096.540012949824,1336,0
752,79.62542445633858,1094.3764397044317,12,1097.2693379476161,1333,0
753,-798.4839991323519,-753.6732071193765,12,1097.9981785048644,1332,0
754,1098.6044632155465,16.37783266739935,12,1098.72653558563,1335,0
755,-821.6837888839019,730.503765278041,12,1099.4544101507802,1335,0
756,112.51023711941762,-1094.4137455931977,12,1100.1818031580056,1336,0
757,656.7379492937545,883.5696157957411,12,1100.9087155618306,1332,0
758,-1081.8141871851144,-208.03380591867858,12,1101.635148313633,1332,0
759,938.8391978367047,-577.7377957216689,12,1102.3611023616536,1331,0
760,-302.21329154087687,1060.8803544302389,12,1103.0865786510142,1329,0
761,-494.0962366493907,-987.0506111283803,12,1103.8115781237302,1339,0
762,1031.7510754931964,394.32184598197557,12,1104.5361017187263,1334,0
763,-1027.8150276313484,406.44343883887524,12,1105.2601503718479,1339,0
764,483.64663485499904,-994.6285400054815,12,1105.9837250158794,1329,0
765,315.44205258380435,1060.7998451459712,12,1106.7068265805538,1330,0
766,-949.7769085758601,-569.4943581248914,12,1107.4294559925702,1331,0
767,1085.7313924659854,-221.78219814464808,12,1108.1516141756053,1332,0
768,-651.1966346957852,897.5204415281494,12,1108.873302050329,1337,0
769,-126.17622772594571,-1102.3971877489757,12,1109.5945205344158,1337,0
770,838.2411600555416,728.1152090079835,12,1110.3152705425607,1333,0
771,-1110.647731558282,29.353302785923056,12,1111.0355529864917,1332,0
772,799.6469390644512,-772.3760566232319,12,1111.7553687749837,1333,0
773,-67.94617200141062,1110.3978195720463,12,1112.4747188138704,1335,0
774,-700.4138749649378,-865.2285268971433,12,1113.1936040060598,1329,0
775,1101.6273636229316,164.9762156105825,12,1113.9120252515456,1332,0
776,-924.3409543642034,622.8914833942374,12,1114.6299834474219,1335,0
777,260.9909949410744,-1084.3817134937622,12,1115.3474794878948,1327,0
778,540.3898683446062,976.5135893527029,12,1116.0645142642963,1330,0
779,-1058.77147572619,-355.2505625450663,12,1116.7810886650973,1340,0
780,1021.3279299141981,-453.52977804900405,12,1117.4972035759195,1332,0
781,-447.026563630231,1024.9718295684752,12,1118.2128598795493,1333,0
782,-362.9670490423457,-1058.4209565713877,12,1118.9280584559492,1332,0
783,983.2213440664377,535.6078682881606,12,1119.6428001822724,1330,0
784,-1087.4880659812854,269.3876506974354,12,1120.3570859328734,1333,0
785,620.3060853658504,-933.8203041581897,12,1121.0709165793214,1336,0
786,173.5024852667169,1108.2855623016449,12,1121.784292990413,1327,0
787,-877.1285574386701,-700.4609152019531,12,1122.4972160321825,1334,0
788,1120.6326859589733,-76.04198288036154,12,1123.2096865679177,1341,0
789,-775.4452995858763,813.5628969847202,12,1123.9217054581693,1333,0
790,22.24946737016235,-1124.4131630329414,12,1124.6332735607639,1338,0
791,743.5939992465328,844.6703287582366,12,1125.344391730816,1335,0
792,-1119.5762621265671,-120.61920776851468,12,1126.0550608207398,1332,0
793,907.589867045219,-667.7429394885743,12,1126.765281680262,1332,0
794,-218.31208019453726,1106.137349356369,12,1127.4750551564323,1333,0
795,-586.577310575371,-963.7048607940943,12,1128.1843820936363,1336,0
796,1084.1779359429056,314.5762279870828,12,1128.893263333607,1327,0
797,-1012.5672946371843,500.70697401886986,12,1129.601699715435,1340,0
798,408.6688868378964,-1053.8452167802798,12,1130.3096920755834,1332,0
799,410.77947510988514,1053.7837647394492,12,1131.017241247895,1332,0
800,-1015.351102283294,-499.8621200812276,12,1131.7243480636084,1336,0
801,1087.0186405609136,-317.4751566234799,12,1132.4310133513652,1334,0
802,-587.4484540635351,968.9707497227987,12,1133.1372379372235,1333,0
803,-221.50200799583914,-1111.9967897677634,12,1133.8430226446694,1336,0
804,915.0406041331493,670.7463699399656,12,1134.5483682946267,1328,0
805,-1128.5058442317118,123.59028899906166,12,1135.25327570547,1335,0
806,749.1056092449402,-853.9559626806096,12,1135.957745693034,1333,0
807,24.486968773245824,1136.3979885411175,12,1136.6617790706257,1331,0
808,-786.1680800884384,-821.9122519162607,12,1137.3653766490345,1331,0
809,1135.5912560828697,75.04997740259697,12,1138.0685392365435,1334,0
810,-888.5935271061318,712.1808362944656,12,1138.7712676389408,1329,0
811,174.25737002036578,-1126.07032151353,12,1139.473562659529,1332,0
812,632.5469909422532,948.6223190764073,12,1140.175425099138,1327,0
813,-1107.8867822929262,-272.3726814873817,12,1140.8768557561332,1334,0
814,1001.5213327347565,-547.8640525506279,12,1141.5778554264268,1336,0
815,-368.63990153467006,1081.1589258737629,12,1142.2784249034908,1337,0
816,-458.76979324303977,-1046.8668859065792,12,1142.978564978364,1332,0
817,1046.070983096817,462.3153667388302,12,1143.678276439664,1337,0
818,-1084.292298235447,365.9374427238797,12,1144.3775600735976,1330,0
819,552.673509175835,-1002.8718723023734,12,1145.0764166639708,1337,0
820,270.0705977414228,1113.4908496416083,12,1145.7748469922003,1333,0
821,-951.8734426042859,-639.01247974094,12,1146.472851837321,1337,0
822,1134.2182845208113,-171.89788555612955,12,1147.170431975999,1337,0
823,-720.6596025288536,893.4482286528722,12,1147.8675881825397,1336,0
824,-72.16742192043495,-1146.2948413097556,12,1148.5643212288983,1331,0
825,828.0267330068054,796.9766178665953,12,1149.2606318846915,1334,0
826,-1149.6067906537648,-28.358894244148356,12,1149.956520917204,1332,0
827,867.3646731195888,-756.0942559126795,12,1150.651989091402,1333,0
828,-128.91120592845718,1144.107469159288,12,1151.3470371699404,1329,0
829,-678.1872958254196,-931.2690222384746,12,1152.0416659131733,1333,0
830,1129.817799570024,228.71759830574823,12,1152.735876079165,1335,0
831,-988.1833971663556,594.8895473655263,12,1153.4296684236972,1331,0
832,327.0100289360735,-1106.8262921412863,12,1154.1230437002805,1335,0
833,506.8275265739776,1037.654016667841,12,1154.816002660164,1325,0
834,-1075.2885259725244,-423.0302423135198,12,1155.508546052343,1334,0
835,1079.2832008541125,-414.6658562675515,12,1156.2006746235706,1334,0
836,-516.0356231785171,1035.4261130620378,12,1156.8923891183658,1333,0
837,-319.10224699320094,-1112.732562642026,12,1157.5836902790227,1335,0
838,987.5251518400373,605.3049433825164,12,1158.2745788456207,1333,0
839,-1137.725750577689,220.86221150852046,12,1158.9650555560338,1330,0
840,690.1439578068755,-931.9341808854643,12,1159.6551211459378,1332,0
841,120.69355285695725,1154.050720851889,12,1160.344776348823,1339,0
842,-869.0616474078225,-769.890805897045,12,1161.0340218959993,1329,0
843,1161.5615199104866,-19.36066794405458,12,1161.7228585166083,1335,0
844,-843.9211767697485,799.3729088476562,12,1162.4112869376313,1332,0
845,82.36128996019396,-1160.1795627902145,12,1163.0993078838972,1332,0
846,723.3867895888517,911.6531975747878,12,1163.7869220780926,1337,0
847,-1149.894396160866,-183.69234518029728,12,1164.474130240771,1331,0
848,972.5520068318077,-641.6717182542983,12,1165.1609330903607,1332,0
849,-283.8536845966419,1130.7639389991662,12,1165.8473313431737,1336,0
850,-554.8414743463992,-1026.1339768008438,12,1166.5333257134153,1332,0
851,1102.914197827481,382.0736476526014,12,1167.21891691319,1334,0
852,-1071.9705515663459,463.5505760696927,12,1167.9041056525145,1332,0
853,477.59367530601673,-1066.5384574911918,12,1168.5888926393231,1326,0
854,368.489344010199,1109.6916703981033,12,1169.2732785794772,1335,0
855,-1021.8959524909153,-569.6741720340536,12,1169.9572641767732,1324,0
856,1138.9887490773594,-270.3786779226343,12,1170.6408501329518,1342,0
857,-657.6002355650203,969.3100278986234,12,1171.324037147706,1332,0
858,-169.9645861718787,-1159.6171952189318,12,1172.006825918689,1334,0
859,909.1658028391058,740.6872099259745,12,1172.689217141524,1337,0
860,-1171.3984371549675,68.01250937070088,12,1173.3712115098103,1331,0
861,818.2860186545729,-841.9073533794842,12,1174.0528097151334,1345,0
862,-34.69851856431854,1174.221449646293,12,1174.7340124470732,1337,0
863,-768.0344354096499,-889.7882366186802,12,1175.414820393209,1337,0
864,1168.043763524955,137.38182736613493,12,1176.0952342391324,1329,0
865,-954.6308608062038,688.0987716864533,12,1176.7752546684517,1330,0
866,239.24913979722922,-1152.8919503172385,12,1177.454882362802,1334,0
867,602.6999306261998,1012.3007426763916,12,1178.1341180018512,1333,0
868,-1128.8615769199557,-339.5166272125574,12,1178.8129622633098,1332,0
869,1062.3386471858835,-512.4808276367683,12,1179.4914158229385,1333,0
870,-437.41094475563796,1096.1166294733332,12,1180.1694793545544,1326,0
871,-418.1228827573421,-1104.3429063994074,12,1180.847153530041,1331,0
872,1054.888409660017,532.1751996898765,12,1181.5244390193543,1335,0
873,-1137.9726386451257,320.3408710967894,12,1182.2013364905317,1332,0
874,623.0748067776027,-1005.4739107301856,12,1182.8778466096996,1337,0
875,219.87750500966223,1162.9505074553801,12,1183.5539700410793,1337,0
876,-948.2336845759905,-709.4031853857445,12,1184.229707446997,1339,0
877,1179.0649980200944,-117.49778910206798,12,1184.9050594878897,1333,0
878,-790.4872541144751,883.5892151234968,12,1185.5800268223145,1338,0
879,-13.983191001083402,-1186.1721925460179,12,1186.2546101069534,1334,0
880,812.0198171463016,865.6926802056759,12,1186.9288099966232,1337,0
881,-1184.1970297323624,-89.87432766397055,12,1187.602627144282,1336,0
882,934.4288427811722,-734.059083302318,12,1188.2760622010358,1333,0
883,-193.27837444457592,1173.1340375132172,12,1188.9491158161482,1328,0
884,-650.290905724965,-996.1534710733105,12,1189.6217886370441,1329,0
885,1153.0475322491834,295.4342369700373,12,1190.2940813093207,1337,0
886,-1050.3769212269658,561.3451018346562,12,1190.9659944767525,1326,0
887,395.5549946376782,-1124.0712816441785,12,1191.6375287812984,1335,0
888,467.8926771498669,1096.6660579545307,12,1192.3086848631103,1334,0
889,-1086.4076327868215,-492.86758406547125,12,1192.979463360539,1329,0
890,1134.647710293627,-370.64076074472666,12,1193.6498649101418,1327,0
891,-586.6187715285376,1040.326110837534,12,1194.3198901466892,1336,0
892,-270.32725159936626,-1164.0116739288883,12,1194.9895397031723,1331,0
893,986.1614979706833,676.0809862140911,12,1195.6588142108099,1334,0
894,-1184.5132359699721,167.7152163995418,12,1196.3277142990544,1330,0
895,760.5579690995656,-924.3114062041777,12,1196.9962405956003,1335,0
896,63.58708134491723,1195.9752017019562,12,1197.6643937263893,1334,0
897,-855.2333616757328,-839.3901935791395,12,1198.3321743156193,1332,0
898,1198.289406614005,41.26133779527503,12,1198.999582985749,1337,0
899,-911.9600156252283,779.4414217250926,12,1199.666620357506,1332,0
900,146.026921798322,-1191.4177009387204,12,1200.3332870498923,1333,0
901,697.5023497852437,977.6965132616888,12,1200.9995836801943,1337,0
902,-1175.3923979680171,-249.90540370107033,12,1201.6655108639843,1335,0
903,1036.0799774298316,-610.0313765446824,12,1202.331069215131,1340,0
904,-352.09754689785535,1150.3161815207645,12,1202.9962593458054,1332,0
905,-517.6875790900172,-1086.6460189297698,12,1203.6610818664865,1334,0
906,1116.3614720913636,451.81529813631136,12,1204.325537385968,1327,0
907,-1128.9892589987464,421.16891274815305,12,1204.9896265113653,1331,0
908,548.2878680143212,-1073.7692553748734,12,1205.6533498481226,1328,0
909,321.2069330962761,1162.7665742232548,12,1206.3167080000173,1338,0
910,-1022.8473810112888,-640.7676920369406,12,1206.979701569169,1332,0
911,1187.6998698494017,-218.5612480741134,12,1207.6423311560422,1336,0
912,-728.5362261102543,963.9683434869781,12,1208.3045973594574,1332,0
913,-114.01374229687285,-1203.578359130581,12,1208.966500776593,1336,0
914,897.5665611435518,810.909531524287,12,1209.6280420029952,1327,0
915,-1210.2603301060296,8.36261751154506,12,1210.2892216325815,1333,0
916,887.2436060009744,-824.1351731423597,12,1210.9500402576482,1332,0
917,-97.58370535100929,1207.6743851096483,12,1211.6104984688766,1334,0
918,-744.2223779861973,-956.9394192447973,12,1212.2705968553391,1338,0
919,1195.820142335853,203.01277591289704,12,1212.9303360045044,1335,0
920,-1019.4476136193687,658.4273407793564,12,1213.5897165022454,1333,0
921,307.1143484533739,-1174.768392907325,12,1214.248738932843,1337,0
922,567.3956997854576,1074.272833066615,12,1214.9074038789954,1336,0
923,-1144.6607110670777,-409.08661251550626,12,1215.5657119218195,1337,0
924,1120.977646169988,-471.8147059886892,12,1216.2236636408618,1334,0
925,-508.1423720790598,1105.7085193204703,12,1216.8812596141006,1340,0
926,-372.4080322708464,-1159.1860323089459,12,1217.538500417954,1334,0
927,1058.1916145557457,603.5151256463287,12,1218.1953866272847,1331,0
928,-1188.5864031586336,269.9302914206232,12,1218.8519188154075,1335,0
929,694.4650002676534,-1002.456165327566,12,1219.5080975540918,1333,0
930,165.16130453248846,1208.9341352965125,12,1220.1639234135714,1336,0
931,-938.9121945856327,-780.2844935396263,12,1220.8193969625484,1337,0
932,1220.0535933954466,-58.90016335170913,12,1221.4745187681976,1338,0
933,-860.3039790010375,868.0305661179116,12,1222.129289396175,1333,0
934,48.04086819675564,-1221.8396273582314,12,1222.7837094106217,1336,0
935,790.3394968372826,933.896932074943,12,1223.4377793741698,1330,0
936,-1214.2585307626841,-154.84256672519803,12,1224.0914998479482,1329,0
937,1000.4848357664492,-706.4206207362445,12,1224.744871391589,1334,0
938,-260.6850287984691,1197.3484521058779,12,1225.3978945632314,1335,0
939,-616.9046338390878,-1059.541727704889,12,1226.0505699195282,1329,0
940,1171.2192545297005,364.753968887101,12,1226.7028980156522,1335,0
941,-1110.5983527988847,522.4665527671646,12,1227.3548794053006,1329,0
942,466.2469874542047,-1136.0518239454918,12,1228.0065146407003,1333,0
943,423.8206225747873,1153.2458887333262,12,1228.6578042726135,1334,0
944,-1092.0968297204793,-564.3797609008305,12,1229.3087488503447,1330,0
945,1187.1392147563085,-321.71491228691093,12,1229.9593489217436,1329,0
946,-658.3921055952063,1039.6729463104784,12,1230.6096050332128,1333,0
947,-216.92563905320375,-1211.9996976572886,12,1231.2595177297108,1333,0
948,979.1645483891881,747.5538690808827,12,1231.9090875547595,1331,0
949,-1227.617472499043,110.25126400663923,12,1232.5583150504485,1334,0
950,831.1706027913932,-911.0188961022661,12,1233.2072007574395,1331,0
951,2.5064047609903,1233.8531995076135,12,1233.8557452149746,1330,0
952,-835.7428310325682,-908.5889721858108,12,1234.503948960877,1336,0
953,1230.6392825171285,105.48438901433302,12,1235.1518125315608,1334,0
954,-979.201862149045,753.8990072707633,12,1235.7993364620324,1331,0
955,212.89294935405997,-1217.980538479712,12,1236.4465212858984,1335,0
956,666.1016856133575,1042.4531377587407,12,1237.0933675353692,1334,0
957,-1195.9543117532,-318.8938447178453,12,1237.739875741264,1336,0
958,1097.8420230904248,-573.0121223296443,12,1238.3860464330176,1324,0
959,-422.6707268837311,1164.7100311389004,12,1239.0318801386832,1333,0
960,-475.3335871235057,-1144.9270635950138,12,1239.6773773849388,1338,0
961,1124.468211925436,523.42262118599,12,1240.322538697092,1334,0
962,-1183.3296407164048,373.8060478403004,12,1240.9673645990858,1332,0
963,620.3701116049391,-1075.5189094698778,12,1241.6118556135004,1330,0
964,269.20056211024195,1212.7370107981078,12,1242.2560122615628,1331,0
965,-1018.2196350809357,-712.7613729262032,12,1242.8998350631477,1338,0
966,1232.9048439311414,-162.31341845678799,12,1243.5433245367853,1331,0
967,-799.8780032660952,952.992749128263,12,1244.1864811996631,1327,0
968,-53.960071412997934,-1243.6592421934172,12,1244.8293055676352,1332,0
969,880.3223503547321,881.0406117006868,12,1245.4717981552212,1335,0
970,-1244.8982206947387,-55.03108313556295,12,1246.1139594756169,1329,0
971,955.6141175284064,-800.7506842834447,12,1246.755790040696,1338,0
972,-163.8250448396055,1236.592638941095,12,1247.397290361014,1335,0
973,-714.8740973578176,-1023.0127198265159,12,1248.0384609458156,1329,0
974,1218.7865742358733,271.58660950493146,12,1248.6793023030373,1334,0
975,-1082.7044984148372,623.3385670021352,12,1249.3198149393131,1330,0
976,377.4867843511741,-1191.5971331117787,12,1249.9599993599795,1334,0
977,526.8348411137666,1134.2156100974064,12,1250.5998560690784,1335,0
978,-1155.2137011027974,-480.709168608606,12,1251.2393855693642,1333,0
979,1177.1340470936539,-426.093223570753,12,1251.8785883623061,1328,0
980,-580.4562503184827,1109.8966354873805,12,1252.5174649480941,1335,0
981,-321.87804513551936,-1211.112927872433,12,1253.1560158256434,1331,0
982,1055.9754099288425,675.9555707482656,12,1253.7942414925985,1330,0
983,-1235.8732941397996,214.98186163497815,12,1254.4321424453378,1336,0
984,766.4657087540263,-993.8462241736336,12,1255.0697191789786,1331,0
985,106.2194234794129,1251.2063914781213,12,1255.7069721873813,1325,0
986,-923.9690961099678,-851.2820387120412,12,1256.3439019631528,1333,0
987,1256.975415061432,3.5785375701517848,12,1256.9805089976535,1332,0
988,-929.7422172908143,846.8644575061347,12,1257.616793780999,1325,0
989,113.5716569787716,-1253.1167059500467,12,1258.2527568020662,1340,0
990,763.1092786085635,1001.2313563315515,12,1258.8883985484974,1330,0
991,-1239.6403876652084,-222.91637281557314,12,1259.523719506703,1333,0
992,1065.186841434725,-673.3327504542713,12,1260.158720161869,1331,0
993,-330.77239862556587,1216.630437029869,12,1260.793400997959,1330,0
994,-578.2115572120832,-1121.1027584955707,12,1261.4277624977183,1336,0
995,1184.2441876017824,436.3091841015889,12,1262.06180514268,1329,0
996,-1168.5338933723433,478.46477408485686,12,1262.6955294131678,1332,0
997,538.7123138580671,-1142.7112683865892,12,1263.3289357883004,1329,0
998,374.84842925569,1207.099273085914,12,1263.962024745997,1334,0
999,-1092.3319848679607,-637.1897949860944,12,1264.5947967629788,1333,0
1000,1236.4852204135557,-268.14977102142194,12,1265.227252314777,1336,0
1001,-730.9781848275245,1033.475153695655,12,1265.8593918757329,1331,0
1002,-159.1812836056745,-1256.4478974273663,12,1266.491215919005,1333,0
1003,966.5754065972391,819.3485115391267,12,1267.1227249165727,1334,0
1004,-1266.8153174107688,48.77449716248169,12,1267.7539193392383,1331,0
1005,901.6119415184717,-892.1299831926356,12,1268.3847996566342,1334,0
1006,-62.226360845936306,1267.4888086353549,12,1269.0153663372243,1337,0
1007,-810.6950363606097,-977.1251496201855,12,1269.6456198483104,1334,0
1008,1258.4439176642024,172.97082440103694,12,1270.2755606560336,1329,0
1009,-1045.2953502909702,722.8814776020187,12,1270.9051892253804,1335,0
1010,282.6087083712329,-1239.7307441346863,12,1271.5345060201864,1330,0
1011,629.3503934365343,1105.5849502780322,12,1272.16351150314,1336,0
1012,-1211.4737033309643,-390.29663864496445,12,1272.7922061357854,1336,0
1013,1157.515786399487,-530.8080672295561,12,1273.4205903785285,1332,0
1014,-495.2045427722379,1173.870717250302,12,1274.0486646906388,1329,0
1015,-428.00064394786733,-1200.6729149856803,12,1274.6764295302553,1326,0
1016,1127.1918392644825,596.5220511393969,12,1275.303885354389,1333,0
1017,-1234.7079229837236,321.7084781618586,12,1275.9310326189263,1337,0
1018,693.4647592929439,-1071.777321843852,12,1276.557871778636,1330,0
1019,212.74020812660817,1259.3417343383198,12,1277.1844032871682,1334,0
1020,-1008.0351411134259,-785.2803030004227,12,1277.810627597063,1339,0
1021,1274.3668890927597,-101.92660096383754,12,1278.4365451597507,1334,0
1022,-871.2541989829605,936.4379962146771,12,1279.0621564255584,1326,0
1023,9.885784185740647,-1279.6492766656938,12,1279.6874618437114,1335,0
1024,857.519805520598,950.7154059653793,12,1280.3124618623378,1331,0
1025,-1275.129308921389,-121.84106667975703,12,1280.9371569284733,1335,0
1026,1023.0415627533662,-771.8717256637598,12,1281.5615474880635,1329,0
1027,-233.08059908011734,1260.8225229319364,12,1282.1856339859685,1333,0
1028,-680.1377230569683,-1087.6638624478073,12,1282.809416865966,1332,0
1029,1236.819607696507,342.7495558238678,12,1283.432896570756,1340,0
1030,-1144.0715246262014,583.0097310847215,12,1284.056073541962,1331,0
1031,450.0035052777632,-1203.2858535018709,12,1284.678948220138,1332,0
1032,481.2224293936891,1191.8158303397533,12,1285.3015210447702,1332,0
1033,-1160.4600270460367,-554.0149146262331,12,1285.9237924542808,1330,0
1034,1230.5136880696339,-375.5476846863365,12,1286.5457628860313,1337,0
1035,-653.9795374623585,1108.6526798689117,12,1287.167432776327,1334,0
1036,-266.788695100207,-1259.850702332117,12,1287.7888025604198,1331,0
1037,1048.2439020063125,749.1226347578751,12,1288.4098726725126,1324,0
1038,-1279.5837203930912,155.7738826150749,12,1289.0306435457614,1334,0
1039,838.7049810756374,-979.680537072629,12,1289.6511156122806,1338,0
1040,43.35057995241271,1289.5428365191244,12,1290.2712893031448,1335,0
1041,-903.4728791499109,-922.028609447977,12,1290.8911650483938,1335,0
1042,1289.6328373247475,69.62143989979648,12,1291.510743277035,1325,0
1043,-998.4422502656673,820.1908758846505,12,1292.1300244170475,1331,0
1044,182.27654210245245,-1279.834076042349,12,1292.749008895385,1332,0
1045,730.4598660369305,1067.3464217906528,12,1293.3676971379796,1337,0
1046,-1260.2027679094986,-293.7498659629289,12,1293.986089569745,1331,0
1047,1128.198132504494,-634.9558833599167,12,1294.6041866145806,1333,0
1048,-403.1839676189733,1230.870703305194,12,1295.2219886953742,1330,0
1049,-534.400562082565,-1180.515158414257,12,1295.8394962340049,1331,0
1050,1192.044379737418,509.73541836567966,12,1296.456709651348,1334,0
1051,-1223.8798616364786,429.55568239830535,12,1297.073629367277,1329,0
1052,612.5813078273475,-1144.00355825519,12,1297.6902558006666,1336,0
1053,321.21739720279203,1257.9425200438468,12,1298.3065893693986,1341,0
1054,-1087.0992542945569,-710.9256018123264,12,1298.9226304903614,1334,0
1055,1282.424141462115,-210.21018385215558,12,1299.5383795794564,1333,0
1056,-804.0053057122951,1021.7511773354994,12,1300.1538370516007,1334,0
1057,-97.38056690953155,-1297.1187398185173,12,1300.769003320728,1334,0
1058,948.4446380118121,891.0963857106831,12,1301.3838787997952,1332,0
1059,-1301.895054737799,-16.409340305537373,12,1301.9984639007835,1333,0
1060,971.5194018380045,-867.7269454455854,12,1302.6127590347025,1332,0
1061,-130.28842606779222,1296.6977003267866,12,1303.2267646115927,1343,0
1062,-780.2033215400091,-1044.6448090417803,12,1303.84048104053,1326,0
1063,1281.5477332507494,243.3832520940303,12,1304.4539087296264,1332,0
1064,-1109.8978849097482,686.5323627279832,12,1305.067048086036,1330,0
1065,354.8247557646318,-1256.5426346513552,12,1305.679899515957,1337,0
1066,587.421083210158,1166.7632454787922,12,1306.2924634246344,1332,0
1067,-1221.8557049526908,-463.7549312671108,12,1306.904740216363,1338,0
1068,1214.7889136575748,-483.6195769968887,12,1307.5167302944922,1338,0
1069,-569.3334382767149,1177.7348751140955,12,1308.1284340614266,1338,0
1070,-375.9153390684945,-1253.5899081649545,12,1308.739851918631,1335,0
1071,1124.5009423817871,670.74408725122,12,1309.3509842666326,1338,0
1072,-1282.8513245134582,265.1272886635136,12,1309.9618315050252,1337,0
1073,767.2011512717215,-1062.5452430307828,12,1310.5723940324701,1331,0
1074,152.0995400740991,1302.3308834198963,12,1311.182672246701,1328,0
1075,-992.3267789401991,-857.9554556025442,12,1311.7926665445268,1329,0
1076,1311.8609260744481,-37.694968352445024,12,1312.4023773218337,1337,0
1077,-942.3001977625437,914.3688190750332,12,1313.0118049735881,1336,0
1078,77.21138100402364,-1311.3498399143728,12,1313.620949893842,1330,0
1079,829.2550010231516,1019.5764528852623,12,1314.229812475733,1327,0
1080,-1300.782902896815,-191.73898803147705,12,1314.838393111488,1339,0
1081,1089.1783214820373,-737.6249616258737,12,1315.446692192428,1336,0
1082,-305.0086086807792,1280.222538713725,12,1316.054710108968,1330,0
1083,-640.1695294139236,-1150.5576793928917,12,1316.6624472506232,1331,0
1084,1249.8079799067032,416.1490278272027,12,1317.269904006009,1331,0
1085,-1203.2284926948946,537.6255149889857,12,1317.8770807628457,1331,0
1086,524.303763020457,-1209.7543403859265,12,1318.4839779079607,1334,0
1087,430.7701386478514,1246.7706636143275,12,1319.0905958272917,1333,0
1088,-1160.351103400358,-628.6376673709364,12,1319.6969349058897,1340,0
1089,1280.8333770326524,-320.4151374063513,12,1320.3029955279203,1337,0
1090,-728.3433806496923,1101.9600355111693,12,1320.9087780766695,1341,0
1091,-207.40059612145183,-1305.1379209602585,12,1321.514282934543,1334,0
1092,1035.0125415520404,822.6475787541013,12,1322.1195104830726,1335,0
1093,-1319.4799583475178,92.58854961188456,12,1322.7244611029162,1334,0
1094,910.8169731509435,-960.0064798844609,12,1323.3291351738615,1331,0
1095,-23.14359547704674,1323.7312317794708,12,1323.9335330748293,1342,0
1096,-877.5024614399275,-992.1640137431252,12,1324.5376551838758,1332,0
1097,1317.8406869266842,138.9097688451221,12,1325.1415018781956,1336,0
1098,-1066.052250802098,788.1196600515564,12,1325.745073534124,1334,0
1099,253.82202343580593,-1301.8350050674444,12,1326.34837052714,1334,0
1100,692.5311653839176,1131.901314148894,12,1326.9513932318698,1330,0
1101,-1275.818539521506,-366.9973490547458,12,1327.5541420220868,1330,0
1102,1189.1914706337213,-591.4589133422601,12,1328.1566172707194,1329,0
1103,-477.56446040228417,1239.972655408447,12,1328.7588193498473,1333,0
1104,-485.6682321527788,-1237.4677241357024,12,1329.3607486307096,1335,0
1105,1194.5544767291813,584.6705073169604,12,1329.9624054837038,1334,0
1106,-1276.3434257567908,375.9620453282745,12,1330.5637902783917,1334,0
1107,687.487655531463,-1139.8950493321097,12,1331.164903383499,1343,0
1108,263.1747754447166,1305.5033655910745,12,1331.7657451669193,1337,0
1109,-1076.3969328305848,-785.2194871454152,12,1332.3663159957173,1331,0
1110,1324.706321384502,-148.16599503239905,12,1332.9666162361307,1334,0
1111,-877.1071713145218,1004.5312389511031,12,1333.5666462535721,1328,0
1112,-31.813872911742923,-1333.787043530696,12,1334.1664064126333,1330,0
1113,924.834138077756,962.4353573336623,12,1334.7658970770867,1332,0
1114,-1332.657660144526,-84.99153403790447,12,1335.3651186098878,1330,0
1115,1040.5377443402965,-837.902859884848,12,1335.9640713731787,1333,0
1116,-201.35509241126584,1321.3084903836996,12,1336.5627557282899,1339,0
1117,-744.3912178841159,-1110.8022842688986,12,1337.1611720357425,1334,0
1118,1299.8082587160422,316.38345496180847,12,1337.7593206552517,1339,0
1119,-1172.675977429212,645.0046914251413,12,1338.3572019457285,1337,0
1120,429.191921802505,-1268.3037074216381,12,1338.9548162652839,1340,0
1121,540.4951021483374,1225.6692231404272,12,1339.552163971228,1339,0
1122,-1227.0186092394308,-538.9112474054822,12,1340.1492454200763,1329,0
1123,1269.3596912068926,-431.65492507226475,12,1340.7460609675495,1329,0
1124,-644.694341006955,1176.252186681754,12,1341.3426109685772,1333,0
1125,-319.3112773760495,-1303.395683643488,12,1341.9388957773,1330,0
1126,1116.3769491120495,745.7228087508606,12,1342.534915747073,1333,0
1127,-1327.4989599227295,204.31963049122746,12,1343.1306712304654,1339,0
1128,841.2132870296708,-1047.8359631758858,12,1343.7261625792657,1335,0
1129,87.55729331983025,1341.4670030926984,12,1344.3213901444851,1331,0
1130,-971.1395765552229,-930.4235180003471,12,1344.9163542763542,1334,0
1131,1345.17470837021,30.083283748957797,12,1345.5110553243328,1339,0
1132,-1012.658120138868,886.8616192601946,12,1346.1054936371074,1338,0
1133,147.70133290800743,-1338.575480224107,12,1346.6996695625944,1334,0
1134,795.6351107177147,1087.2740089752947,12,1347.293583447943,1335,0
1135,-1321.7017284808896,-264.3946688770957,12,1347.8872356395398,1337,0
1136,1153.685425744243,-698.1475047762646,12,1348.4806264830058,1333,0
1137,-379.2666118514987,1294.6647585899157,12,1349.0737563232042,1327,0
1138,-595.1355083461145,-1211.3685346357697,12,1349.6666255042392,1328,0
1139,1257.6540558320526,491.4328803093957,12,1350.25923436946,1330,0
1140,-1259.8655525752174,487.37951273555024,12,1350.8515832614626,1337,0
1141,600.0284006730077,-1210.9359679131644,12,1351.4436725220921,1332,0
1142,375.69767978769903,1298.7883789910272,12,1352.0355024924459,1330,0
1143,-1154.8517950150529,-704.2139813654015,12,1352.6270735128733,1334,0
1144,1327.8216968157826,-260.93972764846626,12,1353.2183859229817,1329,0
1145,-803.1827997561466,1089.8153009459345,12,1353.8094400616358,1327,0
1146,-143.98046338205685,-1346.7255199795868,12,1354.4002362669612,1326,0
1147,1016.3096635050149,896.1666518378844,12,1354.990774876346,1333,0
1148,-1355.3371668658153,25.7131116776123,12,1355.5810562264435,1335,0
1149,982.4419162126709,-934.8838865165958,12,1356.1710806531748,1330,0
1150,-92.957509457527,1353.5726435753104,12,1356.7608484917305,1327,0
1151,-846.1487001648599,-1061.335186078987,12,1357.350360076572,1334,0
1152,1341.427425352768,211.12191385889872,12,1357.9396157414367,1331,0
1153,-1132.2285253819625,750.7719802385984,12,1358.5286158193355,1333,0
1154,327.8729201965815,-1318.9766291340293,12,1359.1173606425607,1335,0
1155,649.4737206447686,1194.564308102264,12,1359.7058505426824,1330,0
1156,-1286.3745748399242,-442.3126193151218,12,1360.2940858505558,1328,0
1157,1247.8496027921533,-543.0205970416451,12,1360.8820668963199,1330,0
1158,-553.5592823911957,1243.853737735488,12,1361.4697940094006,1330,0
1159,-432.220162649196,-1291.66006789693,12,1362.0572675185135,1329,0
1160,1191.7230988566828,660.7541567416928,12,1362.644487751666,1329,0
1161,-1325.6433271004223,317.91472019100235,12,1363.231455036158,1337,0
1162,763.0680968874614,-1130.3659051442357,12,1363.8181696985855,1331,0
1163,200.97491648577295,1349.5217978763947,12,1364.404632064843,1334,0
1164,-1060.2368554800564,-859.7079796545811,12,1364.9908424601242,1332,0
1165,1363.0949505838064,-82.29310841698897,12,1365.576801208925,1328,0
1166,-949.9228536673666,981.8587332607715,12,1366.1625086350452,1338,0
1167,37.22344915114288,-1366.2409797811265,12,1366.747965061591,1330,0
1168,895.8185104309039,1033.0097755439472,12,1367.3331708109768,1331,0
1169,-1358.9178739204194,-156.65954148920315,12,1367.9181262049276,1328,0
1170,1108.3192874317726,-802.7629520018518,12,1368.50283156448,1330,0
1171,-275.09900507071166,1341.1638741813413,12,1369.0872872099865,1328,0
1172,-703.3937539702613,-1175.2604931995388,12,1369.6714934611146,1332,0
1173,1313.0973178834006,391.63175786371085,12,1370.2554506368515,1336,0
1174,-1233.3056936137714,598.4622511903773,12,1370.8391590555034,1329,0
1175,505.3607948780999,-1274.915866635981,12,1371.4226190347013,1335,0
1176,488.76373512106744,1281.9945441500533,12,1372.0058308913997,1331,0
1177,-1226.8951241134782,-615.4090951769989,12,1372.588794941879,1334,0
1178,1320.9377026956138,-375.1314244331375,12,1373.1715115017498,1331,0
1179,-720.9263871501419,1169.3866530410903,12,1373.7539808859517,1332,0
1180,-258.4301342021837,-1349.819938264449,12,1374.3362034087584,1338,0
1181,1102.8154056092162,821.0957198469492,12,1374.918179383777,1331,0
1182,-1368.402675939042,139.54969180499648,12,1375.499909123952,1340,0
1183,915.1397895694917,-1027.67658606524,12,1376.0813929415658,1333,0
1184,19.398149664419936,1376.5259575429723,12,1376.6626311482416,1335,0
1185,-944.531968625791,-1002.3269727209218,12,1377.2436240549455,1331,0
1186,1374.1098020036538,101.10515336756819,12,1377.824371971987,1336,0
1187,-1081.977018079968,854.0056980762953,12,1378.404875209022,1333,0
1188,221.0366289492694,-1361.1549539500427,12,1378.9851340750558,1338,0
1189,756.7796044450455,1153.4663542106466,12,1379.5651488784429,1330,0
1190,-1337.743013771474,-339.47552062794483,12,1380.1449199268893,1331,0
1191,1216.232970599557,-653.5880669248614,12,1380.7244475274565,1335,0
1192,-455.51097534334764,1304.0359471048919,12,1381.3037319865607,1334,0
1193,-545.2124657371908,-1269.780834319361,12,1381.8827736099759,1337,0
1194,1260.2749764823502,568.2490507272421,12,1382.4615727028365,1329,0
1195,-1313.6838075222008,432.4752638636955,12,1383.0401295696374,1332,0
1196,676.8196042731362,-1206.7788626221275,12,1383.6184445142383,1333,0
1197,316.23376348369027,1347.5890348444295,12,1384.196517839862,1330,0
1198,-1143.9415875486143,-780.383011268669,12,1384.7743498491006,1337,0
1199,1371.219773825501,-197.37358452929246,12,1385.3519408439142,1330,0
1200,-878.1366596108245,1072.2294563420382,12,1385.9292911256332,1331,0
1201,-76.80191498349417,-1384.3776456786884,12,1386.506400994961,1335,0
1202,992.177638813453,969.3211712526254,12,1387.0832707519762,1337,0
1203,-1386.944288167257,-44.55941561804005,12,1387.6599006961324,1330,0
1204,1053.2263020473185,-904.3861767385273,12,1388.2362911262621,1331,0
1205,-165.78098657754708,1378.8823969031498,12,1388.8124423405777,1338,0
1206,-809.5154864318521,-1129.1964741474367,12,1389.3883546366728,1321,0
1207,1360.2361460613226,285.9329063753243,12,1389.9640283115243,1332,0
1208,-1196.6358978637152,708.2813903696044,12,1390.5394636614956,1332,0
1209,404.091948390676,-1331.1309842558046,12,1391.114660982336,1337,0
1210,601.4497152418813,1255.0132429721448,12,1391.6896205691842,1336,0
1211,-1291.7728061169626,-519.3486472271857,12,1392.2643427165688,1331,0
1212,1303.8658228532452,-489.8304972081968,12,1392.8388277184117,1337,0
1213,-630.8143010788195,1242.4465049065254,12,1393.4130758680287,1334,0
1214,-374.27183821401286,-1342.8032585304163,12,1393.98708745813,1334,0
1215,1183.5139162707842,737.6278262060018,12,1394.5608627808256,1333,0
1216,-1371.5105936160392,255.6534599785025,12,1395.134402127623,1331,0
1217,838.9624106389238,-1115.4111679263956,12,1395.707705789432,1336,0
1218,134.88000466235636,1389.7508353450564,12,1396.2807740565647,1332,0
1219,-1038.6454546611171,-934.0319156815794,12,1396.8536072187378,1336,0
1220,1397.3669012442842,-12.874133250315378,12,1397.4262055650738,1337,0
1221,-1022.0969756437984,953.7912624782222,12,1397.9985693841036,1339,0
1222,109.4305256799263,-1394.282955518504,12,1398.570698963767,1335,0
1223,861.4860699838141,1102.4707484662995,12,1399.1425945914161,1332,0
1224,-1380.5051238968276,-231.09652289596332,12,1399.7142565538152,1334,0
1225,1174.5242725088983,-762.4255591777094,12,1400.2856851371434,1340,0
1226,-351.18977642700054,1356.1215804392884,12,1400.8568806269968,1336,0
1227,-657.3583716294063,-1237.69138772504,12,1401.427843308388,1335,0
1228,1321.3020046177164,468.7867453258507,12,1401.9985734657507,1335,0
1229,-1291.4731827246785,547.0804495711656,12,1402.569071382939,1329,0
1230,582.9815341638846,-1276.2964118197324,12,1403.1393373432306,1337,0
1231,432.4290046926599,1335.4419328074566,12,1403.7093716293268,1337,0
1232,-1221.4333652430587,-692.8928735894291,12,1404.2791745233567,1339,0
1233,1369.244497902158,-314.2761603505221,12,1404.8487463068755,1327,0
1234,-797.6709231441392,1157.1175819122172,12,1405.4180872608692,1329,0
1235,-193.52231548842852,-1392.6051534473067,12,1405.987197665754,1329,0
1236,1083.8269502243274,896.5038438107407,12,1406.5560778013792,1337,0
1237,-1405.3278315604416,71.08928077865963,12,1407.124727947029,1335,0
1238,988.6240894500789,-1002.1089809791159,12,1407.693148381422,1338,0
1239,-52.08676067319257,1407.297754337217,12,1408.2613393827157,1335,0
1240,-912.576718235161,-1073.3143683633157,12,1408.8293012285058,1328,0
1241,1398.482445761803,175.0624142872643,12,1409.3970341958295,1333,0
1242,-1149.9132286710408,815.9041405259215,12,1409.9645385611655,1337,0
1243,296.89430183856945,-1378.9321134616412,12,1410.5318146004365,1328,0
1244,712.8210869326529,1217.8202240167273,12,1411.0988625890109,1333,0
1245,-1348.77939636612,-416.64630076150297,12,1411.6656828017035,1331,0
1246,1276.500619256292,-604.1077462161055,12,1412.2322755127784,1340,0
1247,-533.396739358512,1308.2384791931888,12,1412.798640995949,1336,0
1248,-490.5887506260283,-1325.4895992648123,12,1413.3647795243803,1336,0
1249,1257.6035795529808,646.2454925920408,12,1413.930691370691,1335,0
1250,-1364.3959477495137,373.12691911024854,12,1414.4963768069538,1328,0
1251,754.3209238146084,-1197.2468182858017,12,1415.0618361046982,1335,0
1252,252.61669740913226,1392.9051669765977,12,1415.6270695349112,1326,0
1253,-1127.6154884061643,-856.7866188885815,12,1416.1920773680383,1330,0
1254,1410.7820135677625,-129.97734492475698,12,1416.756859873987,1336,0
1255,-952.8478606570704,1049.2287426682726,12,1417.321417322126,1330,0
1256,-6.145920278126898,-1417.8724299682024,12,1417.8857499812882,1331,0
1257,962.6737242656078,1041.757793639474,12,1418.4498581197715,1334,0
1258,-1414.1048557974698,-117.929880903939,12,1419.0137420053409,1328,0
1259,1122.8232311254353,-868.6011694932477,12,1419.5774019052292,1336,0
1260,-241.29898121112814,1399.4909080328,12,1420.1408380861385,1329,0
1261,-767.7205153028101,-1195.4100595122948,12,1420.7040508142434,1330,0
1262,1374.1254238050008,363.0142141194015,12,1421.2670403551895,1334,0
1263,-1258.9481977535715,660.7945485345913,12,1421.829806974098,1340,0
1264,482.13959817143444,-1338.185864472902,12,1422.3923509355639,1327,0
1265,548.6336371895604,1312.9360731369038,12,1422.9546725036605,1334,0
1266,-1291.93108454614,-597.757536785137,12,1423.5167719419396,1339,0
1267,1356.9445782639732,-432.0895873774417,12,1424.0786495134319,1330,0
1268,-708.9758882912794,1235.699473910057,12,1424.64030548065,1324,0
1269,-312.04917252053843,-1390.6204780346243,12,1425.2017401055894,1333,0
1270,1169.90648663317,814.9348517112468,12,1425.762953649729,1326,0
1271,-1413.6892396129085,189.42738398308816,12,1426.3239463740347,1336,0
1272,914.8136151160123,-1095.0415743698375,12,1426.8847185389575,1332,0
1273,65.16045451233273,1425.9572627423818,12,1427.4452704044381,1335,0
1274,-1011.6645469718616,-1007.836715147954,12,1428.0056022299073,1335,0
1275,1427.3134923483183,59.8012922974625,12,1428.5657142742855,1321,0
1276,-1093.2800584254353,920.4013873573183,12,1429.1256067959876,1336,0
1277,184.50071188774322,-1417.7304000806769,12,1429.6852800529214,1333,0
1278,821.939551918499,1170.476558070266,12,1430.2447343024899,1337,0
1279,-1397.264326277675,-307.98117233330134,12,1430.8039698015937,1327,0
1280,1238.8213414815186,-717.0227917506745,12,1431.3629868066312,1333,0
1281,-429.293895447259,1366.0551787287795,12,1431.9217855734998,1334,0
1282,-606.4455337183522,-1297.7764887040694,12,1432.4803663575988,1335,0
1283,1324.3254895502337,547.5052490410785,12,1433.0387294138284,1331,0
1284,-1346.875264282416,491.04686381665437,12,1433.5968749965941,1327,0
1285,661.7039342752139,-1272.3788364181098,12,1434.1548033598044,1332,0
1286,371.70415840553875,1385.725809323053,12,1434.7125147568763,1332,0
1287,-1210.597639295325,-771.0080127551117,12,1435.2700094407326,1338,0
1288,1414.0142645829642,-249.32641166931893,12,1435.8272876638052,1339,0
1289,-874.571719172655,1139.4403486025,12,1436.384349678038,1333,0
1290,-124.84731006148486,-1431.5072997265543,12,1436.9411957348843,1337,0
1291,1059.4380454808252,971.5920068566686,12,1437.4978260853127,1330,0
1292,-1438.0540284156853,-0.7818934839012027,12,1438.0542409798043,1335,0
1293,1061.3147755663929,-971.1904793419552,12,1438.6104406683553,1325,0
1294,-126.59965117405991,1433.5872935829918,12,1439.166425400482,1331,0
1295,-875.3615722602319,-1143.040733224365,12,1439.7221954252145,1337,0
1296,1418.1243120515464,251.64148220897002,12,1440.2777509911064,1329,0
1297,-1216.130846022366,772.6744239024115,12,1440.83309234623,1327,0
1298,374.94736848068953,-1391.7666725674264,12,1441.38821973818,1330,0
1299,663.905854577421,1280.0113344255294,12,1441.9431334140747,1334,0
1300,-1354.6996862682852,-495.56912739254614,12,1442.497833620557,1330,0
1301,1334.1781760221459,-549.8805275932402,12,1443.0523206037958,1331,0
1302,-612.5777051592769,1307.191093582646,12,1443.6065946094873,1337,0
1303,-431.4646954016452,-1378.2010798943547,12,1444.1606558828557,1328,0
1304,1249.5891365030805,725.0703344734811,12,1444.714504668656,1327,0
1305,-1411.7269011895712,309.5596169685097,12,1445.2681412111733,1331,0
1306,832.1775013798999,-1182.3200100637332,12,1445.8215657542253,1331,0
1307,185.0946964043947,1434.482468823849,12,1446.3747785411636,1333,0
1308,-1105.8847116410932,-933.0696675803455,12,1446.927779814874,1329,0
1309,1446.276803714089,-59.020395106762706,12,1447.4805698177781,1330,0
1310,-1026.9636961886079,1020.8553113495723,12,1448.033148791836,1330,0
1311,67.69902851625992,-1447.0027095821054,12,1448.5855169785455,1337,0
1312,927.8706712843964,1113.1289311531903,12,1449.137674618944,1332,0
1313,-1436.6377231646093,-194.09289626466733,12,1449.6896219536095,1336,0
1314,1190.89288314995,-827.631645638807,12,1450.241359222664,1332,0
1315,-319.19154785003906,1415.2444155625897,12,1450.7928866657705,1332,0
1316,-720.8957977575171,-1259.6464776974342,12,1451.3442045221386,1331,0
1317,1382.9700414338463,442.03378207606056,12,1451.895313030523,1334,0
1318,-1318.848824542686,608.47167395235,12,1452.4462124292243,1330,0
1319,561.6742443757928,-1340.0455377355215,12,1452.9969029560941,1328,0
1320,491.21267736971845,1368.031470979843,12,1453.5473848485299,1329,0
1321,-1286.7838787209466,-677.1907039112959,12,1454.0976583434829,1333,0
1322,1406.8021056706039,-370.01058833600257,12,1454.6477236774542,1338,0
1323,-787.6911642038683,1223.5777988485875,12,1455.1975810864997,1337,0
1324,-245.7887803913672,-1434.847683705042,12,1455.7472308062277,1334,0
1325,1150.8969001322164,892.320752457352,12,1456.2966730718024,1337,0
1326,-1451.9369480416378,119.49518363320956,12,1456.845908117945,1331,0
1327,990.2683343541582,-1069.2841652130837,12,1457.3949361789344,1336,0
1328,-7.904950991830824,1457.9223270633508,12,1457.9437574886074,1334,0
1329,-979.35190203015,-1080.7728031320585,12,1458.4923722803626,1330,0
1330,1452.7411927469766,135.4364311996291,12,1459.0407807871582,1333,0
1331,-1163.1289941744308,881.7771503678111,12,1459.5889832415153,1331,0
1332,262.1215902489975,-1436.4164688297528,12,1460.1369798755181,1333,0
1333,777.2965847384534,1236.6931791491113,12,1460.684770920817,1334,0
1334,-1409.0565833318237,-386.98778400518967,12,1461.2323566086263,1335,0
1335,1300.8880968935787,-666.7009519721739,12,1461.7797371697284,1327,0
1336,-509.0748606701955,1370.8547648214312,12,1462.326912834473,1336,0
1337,-550.8290855275608,-1355.2074817299642,12,1462.8738838327793,1335,0
1338,1322.0876868447012,627.4425458108709,12,1463.4206503941373,1329,0
1339,-1399.2200537071328,430.56154183090797,12,1463.967212747608,1337,0
1340,741.1776858581178,-1263.11346995668,12,1464.5135711218247,1338,0
1341,306.8139069397852,1432.5729393327044,12,1465.059725744995,1333,0
1342,-1194.3690557353418,-849.4012942666549,12,1465.605676844901,1333,0
1343,1454.9944956924755,-180.52982441856798,12,1466.1514246489003,1337,0
1344,-951.275345952935,1116.366972004333,12,1466.6969693839283,1334,0
1345,-52.673797533240794,-1466.2965153929224,12,1467.242311276498,1335,0
1346,1029.691513193173,1046.0092674818677,12,1467.7874505527018,1336,0
1347,-1466.3757944838726,-75.776179316402,12,1468.3323874382122,1331,0
1348,1132.8660727316214,-934.994364289771,12,1468.8771221582833,1328,0
1349,-203.8361036168313,1455.2150503833818,12,1469.4216549377513,1334,0
1350,-832.9897011544,-1211.1680964138313,12,1469.9659860010368,1329,0
1351,1432.883181798671,330.5235049410502,12,1470.5101155721438,1333,0
1352,-1280.3022808442288,724.4488040331531,12,1471.0540438746634,1326,0
1353,454.8649845336767,-1399.5348676775359,12,1471.597771131772,1338,0
1354,610.1942249008534,1339.7249747234118,12,1472.1412975662356,1336,0
1355,-1355.4095072953833,-575.9036964052983,12,1472.6846234004074,1340,0
1356,1388.9662063738415,-491.09355274882057,12,1473.2277488562315,1338,0
1357,-692.7067124247718,1300.8295086450278,12,1473.7706741552431,1336,0
1358,-368.05282408460334,-1427.6333978593202,12,1474.3133995185692,1334,0
1359,1236.1979373107008,804.3722147045911,12,1474.8559251669296,1329,0
1360,-1455.41449065705,242.0096287040664,12,1475.3982513206392,1338,0
1361,910.03645981758,-1161.9955429358092,12,1475.9403781996073,1328,0
1362,113.9259632091044,1472.0804580276438,12,1476.4823060233398,1340,0
1363,-1078.7771851978264,-1008.880461054061,12,1477.0240350109405,1330,0
1364,1477.4871839011382,15.21911324236148,12,1477.56556538111,1332,0
1365,-1100.136337015096,987.1676858462333,12,1478.1068973521503,1322,0
1366,144.43696486959334,-1471.5766929315168,12,1478.6480311419618,1337,0
1367,887.8571378047611,1183.0932773239556,12,1479.188966968048,1336,0
1368,-1454.3777213316023,-272.7369496315016,12,1479.729705047513,1337,0
1369,1257.1030791061426,-781.5957065528539,12,1480.2702455970664,1336,0
1370,-399.1340160329878,1426.0056231464794,12,1480.8105888330215,1326,0
1371,-669.187962950619,-1321.5852111165593,12,1481.3507349712963,1327,0
1372,1386.6616117182443,522.6562681026232,12,1481.8906842274164,1332,0
1373,-1376.0313659565227,551.4867903257759,12,1482.4304368165137,1336,0
1374,642.3524404290686,-1336.6313411987687,12,1482.96999295333,1333,0
1375,429.38691197184124,1420.0094646963753,12,1483.5093528522157,1335,0
1376,-1276.2828380411183,-757.2992257501049,12,1484.0485167271318,1340,0
1377,1453.1670823721136,-303.8180881878487,12,1484.587484791651,1333,0
1378,-866.6083986371243,1206.0637974052613,12,1485.1262572589578,1330,0
1379,-175.7380345979944,-1475.2342672252546,12,1485.664834341851,1334,0
1380,1126.4982643112064,969.4336803019788,12,1486.203216252744,1340,0
1381,-1486.025731170657,46.12511570407295,12,1486.7414032036643,1330,0
1382,1064.97729146145,-1038.1827241249175,12,1487.2793954062568,1328,0
1383,-84.02913057309497,1485.4423937720135,12,1487.817193071783,1330,0
1384,-941.7816315325858,-1152.4961425132065,12,1488.3547964111247,1336,0
1385,1473.4722669427217,213.72758022930995,12,1488.8922056347799,1333,0
1386,-1231.3076129887586,838.0224115117239,12,1489.4294209528694,1332,0
1387,341.97516431484104,-1450.1906726330292,12,1489.966442575134,1334,0
1388,727.6899699093011,1300.7948753333096,12,1490.5032707109367,1331,0
1389,-1415.7597908741927,-467.78650530328645,12,1491.039905569264,1339,0
1390,1360.4117214963896,-611.620755055966,12,1491.5763473587265,1333,0
1391,-590.1934900730374,1370.4275406877255,12,1492.112596287559,1327,0
1392,-490.6964153514938,-1409.6868545748714,12,1492.6486525636233,1330,0
1393,1314.5258014931744,708.2527212857907,12,1493.1845163944074,1327,0
1394,-1448.227611802966,365.837100922634,12,1493.7201879870272,1336,0
1395,821.0527897970386,-1248.467987721952,12,1494.255667548228,1331,0
1396,237.9944602556754,1475.723089501418,12,1494.7909552843835,1331,0
1397,-1172.7459943284207,-927.7213120256773,12,1495.3260514014996,1337,0
1398,1491.9466451475246,-108.14438512029405,12,1495.8609561052126,1334,0
1399,-1027.431677934508,1087.9265357443405,12,1496.395669600791,1336,0
1400,22.720440890516958,-1496.75775647422,12,1496.9301920931384,1337,0
1401,994.6469055114493,1119.409457417838,12,1497.464523786791,1335,0
1402,-1490.1032224140663,-153.59813329339744,12,1497.9986648859206,1330,0
1403,1202.9384154407255,-893.6101883130904,12,1498.5326155943355,1333,0
1404,-283.48527905795015,1472.0176957351553,12,1499.0663761154808,1335,0
1405,-785.5799603747146,-1277.3660892076562,12,1499.5999466524397,1332,0
1406,1442.6235423321505,411.38463159072717,12,1500.1333274079343,1333,0
1407,-1342.1088839346035,671.3745181817771,12,1500.6665185843256,1329,0
1408,536.3127693332142,-1402.130027297803,12,1501.1995203836161,1330,0
1409,551.860679141084,1396.6566474326971,12,1501.7323330074505,1330,0
1410,-1350.8318330687189,-657.3076591431175,12,1502.2649566571138,1336,0
1411,1440.5766876566702,-427.947201159368,12,1502.797391533536,1333,0
1412,-773.4360662762463,1289.1069200741752,12,1503.3296378372906,1337,0
1413,-300.5778711045867,-1473.5172015969931,12,1503.8616957685965,1330,0
1414,1217.4137453789813,883.8007538819596,12,1504.3935655273187,1336,0
1415,-1495.2100883691103,170.72431472768594,12,1504.925247312969,1327,0
1416,987.5474164607015,-1136.2878597616861,12,1505.456741324705,1334,0
1417,39.37858283474689,1505.473124042381,12,1505.9880477613356,1338,0
1418,-1046.337908469734,-1083.8712936964346,12,1506.5191668213185,1334,0
1419,1504.2114806195764,92.45442970599932,12,1507.0500987027604,1333,0
1420,-1172.023413455276,948.241065506363,12,1507.5808436034201,1331,0
1421,223.76467417522906,-1491.418576587825,12,1508.1114017207087,1336,0
1422,842.7379356944248,1251.3164155166749,12,1508.6417732516888,1344,0
1423,-1467.1762515756025,-353.54468856505895,12,1509.1719583930785,1330,0
1424,1321.129910754264,-730.6269628958612,12,1509.7019573412495,1333,0
1425,-480.79732915765254,1431.6542628284483,12,1510.231770292229,1339,0
1426,-612.7583866102116,-1380.915333986429,12,1510.7613974417006,1331,0
1427,1385.1091064189864,604.543433770641,12,1511.290838985005,1336,0
1428,-1430.2002525451858,490.02779270127735,12,1511.8200951171402,1334,0
1429,723.829357761933,-1327.882171294557,12,1512.349166032765,1333,0
1430,363.36930718046926,1468.5920967372751,12,1512.8780519261957,1332,0
1431,-1260.3972393984818,-837.7343247812435,12,1513.4067529914091,1332,0
1432,1495.7812827621017,-233.74848478345547,12,1513.935269422045,1331,0
1433,-945.3775355971098,1183.1573501391672,12,1514.4636014114042,1338,0
1434,-102.15494649148718,-1511.5437032740142,12,1514.9917491524498,1333,0
1435,1096.7410523861242,1045.9249801065928,12,1515.5197128378106,1329,0
1436,-1515.7425655961422,-30.40517784892602,12,1516.0474926597783,1333,0
1437,1138.5958998372269,-1001.7980719056387,12,1516.57508881031,1337,0
1438,-162.91694408040672,1508.3295625729484,12,1517.1025014810305,1335,0
1439,-899.044426674699,-1222.668850860756,12,1517.62973086323,1332,0
1440,1489.3453661507017,294.36436660274114,12,1518.1567771478676,1333,0
1441,-1297.487320036284,789.2570267948593,12,1518.6836405255704,1333,0
1442,423.7382100116592,-1458.9194389602583,12,1519.2103211866354,1330,0
1443,673.2677997346989,1362.4648508641967,12,1519.7368193210298,1328,0
1444,-1417.2691644051504,-550.0437397392382,12,1520.2631351183913,1334,0
1445,1417.0896389362251,-551.9573853293379,12,1520.7892687680303,1332,0
1446,-672.308372159167,1364.6983009898895,12,1521.3152204589292,1332,0
1447,-426.24844832922486,-1460.9285609833657,12,1521.8409903797437,1332,0
1448,1301.5947718184798,789.5891653099094,12,1522.3665787188052,1331,0
1449,-1493.6306058215991,297.0986592918287,12,1522.8919856641176,1329,0
1450,900.9800925313709,-1228.427805311392,12,1523.4172114033638,1330,0
1451,165.4933972254117,1514.9296800428697,12,1523.9422561238991,1335,0
1452,-1145.7444481913112,-1005.6190428978499,12,1524.4671200127605,1329,0
1453,1524.6467660609833,-32.43822960312053,12,1524.99180325666,1332,0
1454,-1102.6944943502567,1054.1654766352535,12,1525.5163060419904,1331,0
1455,101.04877284932745,-1522.6914150626992,12,1526.0406285548233,1338,0
1456,954.3807361456813,1191.4518078688823,12,1526.5647709809107,1332,0
1457,-1509.0625624956126,-233.94482784232466,12,1527.088733505686,1336,0
1458,1271.1990938662464,-847.1439451200928,12,1527.612516314265,1331,0
1459,-365.23028003985945,1483.8486589076415,12,1528.1361195914455,1328,0
1460,-733.267001262836,-1341.312605196495,12,1528.6595435217093,1337,0
1461,1447.2271141983383,493.89642631745113,12,1529.182788289222,1335,0
1462,-1401.2416147492397,613.6138338523208,12,1529.7058540778355,1335,0
1463,618.9532676921198,-1399.463058609711,12,1530.2287410710858,1336,0
1464,489.09384842123893,1450.5127394947285,12,1530.7514494521963,1336,0
1465,-1340.9074290332487,-739.4371283371178,12,1531.2739794040779,1332,0
1466,1488.733677044274,-360.6550135991939,12,1531.7963311093283,1337,0
1467,-854.418083033434,1271.9943944001766,12,1532.3185047502363,1332,0
1468,-229.27664268130715,-1515.596325253129,12,1532.8405005087777,1331,0
1469,1193.2381390135681,963.0071358008917,12,1533.3623185666197,1324,0
1470,-1530.879260088573,95.96192490078403,12,1533.883959105121,1336,0
1471,1064.3630942839466,-1105.2290276346814,12,1534.4054223053308,1335,0
1472,-38.269736620986194,1534.4495518781189,12,1534.9267083479913,1329,0
1473,-1008.6291809134696,-1157.6990867275586,12,1535.4478174135386,1335,0
1474,1526.2639051041417,172.39052171235002,12,1535.9687496821023,1336,0
1475,-1242.288671049995,904.1674943177494,12,1536.4895053335053,1335,0
1476,305.3720651292871,-1506.3691120833148,12,1537.010084547268,1333,0
1477,792.6341380316529,1317.4714885821315,12,1537.5304875026052,1333,0
1478,-1474.901816122472,-436.19334336809095,12,1538.05071437843,1330,0
1479,1382.6584184738113,-674.8745793282623,12,1538.5707653533523,1330,0
1480,-563.848515812572,1432.0875850365996,12,1539.0906406056793,1330,0
1481,-551.7831726423638,-1437.336192541163,12,1539.6103403134182,1332,0
1482,1378.2393012091047,687.3546599846677,12,1540.1298646542764,1328,0
1483,-1481.0714344160574,424.29636594809824,12,1540.6492138056608,1333,0
1484,805.7593413992502,-1313.7548796285578,12,1541.168387944679,1338,0
1485,293.3855750564772,1513.5140912290115,12,1541.6873872481412,1332,0
1486,-1239.1143305094083,-918.1479597135861,12,1542.20621189256,1333,0
1487,1534.400230676766,-160.04978006572537,12,1542.7248620541511,1336,0
1488,-1023.6508145007997,1154.8761881569164,12,1543.243337908834,1331,0
1489,-25.30790040253685,-1543.5541811602257,12,1543.7616396322328,1334,0
1490,1061.6733326297067,1121.449836052836,12,1544.279767399677,1329,0
1491,-1540.889997690692,-109.80899333287195,12,1544.7977213862014,1328,0
1492,1210.7849291164448,-960.2082354492101,12,1545.3155017665486,1338,0
1493,-244.26557117476236,1526.4122414140513,12,1545.8331087151682,1333,0
1494,-851.2476650674674,-1290.9598803670021,12,1546.3505424062166,1335,0
1495,1500.2160658544362,377.0301788348476,12,1546.8678030135604,1338,0
1496,-1361.3477837077915,735.6168919987387,12,1547.3848907107758,1331,0
1497,507.0827551498906,-1462.4866082906865,12,1547.9018056711477,1333,0
1498,614.1934374135757,1421.395941122,12,1548.4185480676729,1334,0
1499,-1413.4976900099275,-633.4226711577343,12,1548.9351180730587,1327,0
1500,1470.63020077365,-487.9004125561424,12,1549.451515859725,1338,0
1501,-755.0764305463742,1353.6098344919583,12,1549.967741599805,1331,0
1502,-357.69949954883685,-1508.6586983219604,12,1550.4837954651446,1329,0
1503,1283.2676178249685,871.1051722047291,12,1550.9996776273038,1334,0
1504,-1535.1749719488241,224.58362696761048,12,1551.5153882575576,1339,0
1505,980.6119170441159,-1202.9963707971292,12,1552.030927526897,1333,0
1506,89.56939598464362,1549.9604263667334,12,1552.546295606028,1327,0
1507,-1113.3982571101283,-1082.7485031456422,12,1553.061492665374,1339,0
1508,1552.8861260382732,46.31068513685397,12,1553.5765188750765,1334,0
1509,-1176.7221556068719,1015.1477569811778,12,1554.0913744049928,1335,0
1510,182.01609886380294,-1543.9139029603957,12,1554.606059424702,1333,0
1511,908.9865900021586,1261.8016401939915,12,1555.1205741035,1332,0
1512,-1523.096769607945,-316.5062881047429,12,1555.6349186104044,1332,0
1513,1337.3229530328429,-795.7181154727579,12,1556.149093114153,1334,0
1514,-448.74863675471875,1490.578632951238,12,1556.6630977832037,1335,0
1515,-676.201252484987,-1402.6945020701173,12,1557.1769327857382,1330,0
1516,1446.5933108212043,577.7263998532062,12,1557.6905982896603,1331,0
1517,-1457.4017398783437,551.3439657777853,12,1558.204094462596,1338,0
1518,702.4465224410261,-1391.4628572515005,12,1558.7174214718975,1331,0
1519,422.0963667733645,1501.011211535985,12,1559.230579484638,1331,0
1520,-1325.5952087390663,-821.9472869765013,12,1559.7435686676192,1331,0
1521,1533.1739857555096,-289.443482225053,12,1560.256389187367,1332,0
1522,-935.3057304080816,1249.4811685919099,12,1560.7690412101338,1333,0
1523,-154.39774552596225,-1553.628442123953,12,1561.2815249018995,1334,0
1524,1163.69075163525,1041.6447736913901,12,1561.7938404283711,1334,0
1525,-1562.2023922265435,17.991267928214203,12,1562.3059879549844,1329,0
1526,1140.1400086707624,-1068.8689164851944,12,1562.8179676469042,1337,0
1527,-118.73205131370845,1558.8145175070827,12,1563.3297796690242,1333,0
1528,-965.7307173347347,-1230.026089803033,12,1563.8414241859691,1334,0
1529,1543.475111940074,254.72451554881158,12,1564.3529013620937,1338,0
1530,-1310.6026811655013,855.0559116933812,12,1564.8642113614842,1335,0
1531,388.942660906209,-1516.2861229092607,12,1565.3753543479595,1334,0
1532,737.6830647444351,1381.2399125384618,12,1565.8863304850706,1326,0
1533,-1477.4404890644753,-520.3552644808391,12,1566.397139936102,1330,0
1534,1441.3833020601564,-614.5031948998798,12,1566.9077828640714,1335,0
1535,-647.95126905541,1427.2207793223458,12,1567.418259431732,1330,0
1536,-486.45300871242927,-1490.5581069903396,12,1567.9285698015708,1339,0
1537,1365.9971425454185,770.7475634458744,12,1568.4387141358122,1328,0
1538,-1528.37306845925,354.50777651337484,12,1568.948692596415,1340,0
1539,887.7965585911837,-1294.2245827342526,12,1569.4585053450758,1340,0
1540,219.67390298265272,1554.52352068033,12,1569.9681525432293,1331,0
1541,-1212.4395797694542,-998.1935009848892,12,1570.4776343520466,1333,0
1542,1568.793839952743,-82.9812492454016,12,1570.9869509324385,1332,0
1543,-1101.0834670085585,1121.256080777452,12,1571.4961024450552,1337,0
1544,54.52473490750595,-1571.0592138055354,12,1572.0050890502869,1334,0
1545,1021.3608920673062,1195.6679840806462,12,1572.513910908263,1333,0
1546,-1561.2867158328243,-191.79100855867438,12,1573.0225681788547,1340,0
1547,1281.211227342077,-913.5085062179814,12,1573.5310610216754,1332,0
1548,-327.76500576901105,1539.5356770770984,12,1574.03938959608,1330,0
1549,-798.5154032769013,-1357.0457437866744,12,1574.5475540611662,1330,0
1550,1505.957350204577,461.4027084497974,12,1575.0555545757743,1333,0
1551,-1422.5776593097853,677.2538691160748,12,1575.5633912984906,1332,0
1552,591.6766640723049,-1460.7938681389203,12,1576.071064387644,1332,0
1553,550.6453777527248,1477.291328059418,12,1576.5785740013087,1339,0
1554,-1404.3765042360474,-717.5838866291098,12,1577.0859202973058,1335,0
1555,1520.7533877018714,-419.653587847502,12,1577.5931034332011,1326,0
1556,-838.1535800782613,1337.1232464518723,12,1578.1001235663093,1332,0
1557,-285.2770066184645,-1552.6161887262442,12,1578.6069808536893,1334,0
1558,1259.535703235077,952.4546247859367,12,1579.1136754521506,1331,0
1559,-1572.6205706750216,148.54137702933212,12,1579.6202075182505,1330,0
1560,1059.6027692259177,-1172.1953640280135,12,1580.1265772082945,1331,0
1561,10.491846305444762,1580.5979631649232,12,1580.6327846783392,1331,0
1562,-1075.759242240675,-1158.7674713823171,12,1581.1388300841897,1333,0
1563,1576.4717947154263,127.81502441701714,12,1581.6447135814035,1340,0
1564,-1249.1783369192942,970.9549333370458,12,1582.1504353252888,1332,0
1565,265.31934820766827,-1560.258197692503,12,1582.6559954709046,1337,0
1566,858.5751252029912,1330.1311042084042,12,1583.1613941730643,1342,0
1567,-1532.0660030616982,-400.9660362955355,12,1583.6666315863324,1335,0
1568,1400.9931297180815,-739.4716022152136,12,1584.171707865028,1338,0
1569,-533.7128955770646,1492.0960240865015,12,1584.6766231632246,1330,0
1570,-614.5487883686123,-1461.2083310447797,12,1585.1813776347487,1346,0
1571,1440.6396335633035,662.5386375197978,12,1585.6859714331838,1334,0
1572,-1510.3015489730044,484.7568784140604,12,1586.1904047118683,1337,0
1573,786.450736904122,-1378.0766446112361,12,1586.6946776238963,1333,0
1574,351.08460918211296,1547.8822943607317,12,1587.1987903221197,1336,0
1575,-1304.8725103921618,-904.4930799198287,12,1587.7027429591471,1333,0
1576,1573.647850324062,-214.55172609526926,12,1588.2065356873459,1335,0
1577,-1015.7533426741555,1221.5748633818066,12,1588.71016865884,1325,0
1578,-76.2012022799305,-1587.3857051048092,12,1589.2136420255142,1335,0
1579,1128.809419907083,1119.3700431622399,12,1589.7169559390125,1330,0
1580,-1588.975296109736,-62.908730339890134,12,1590.2201105507377,1339,0
1581,1214.53921218478,-1027.2752805677624,12,1590.7231060118543,1341,0
1582,-201.712677067421,1578.3890508712655,12,1591.2259424732868,1328,0
1583,-917.739661834928,-1300.5206315530377,12,1591.728620085723,1335,0
1584,1555.6927160566815,339.1462416247389,12,1592.2311389996116,1334,0
1585,-1376.643591176729,801.0320985279172,12,1592.7334993651637,1333,0
1586,474.15418998135596,-1521.0449711047747,12,1593.235701332355,1336,0
1587,678.038160981535,1442.3121202613456,12,1593.737745050923,1335,0
1588,-1474.696328553996,-605.6985541912452,12,1594.2396306703706,1344,0
1589,1497.0096518206396,-549.6927344943242,12,1594.7413583399662,1333,0
1590,-732.7666139915365,1416.9873286022632,12,1595.2429282087414,1339,0
1591,-416.97291206711003,-1540.3030840072595,12,1595.7443404254957,1331,0
1592,1348.3460408636447,854.3786947761133,12,1596.2455951387933,1326,0
1593,-1571.8462063472539,280.89055447228174,12,1596.7466924969658,1331,0
1594,969.5957218895447,-1269.284891619487,12,1597.2476326481128,1331,0
1595,142.48457431452687,1591.3824637975647,12,1597.7484157401,1335,0
1596,-1180.3968400601154,-1077.5264729815665,12,1598.249041920564,1335,0
1597,1598.7470365928762,-2.8130029323995833,12,1598.7495113369075,1333,0
1598,-1177.3344724064652,1082.3509320379364,12,1599.2498241363041,1328,0
1599,137.05509927016405,-1593.8682190708382,12,1599.7499804656977,1335,0
1600,975.8872646648448,1268.2444743285764,12,1600.249980471801,1328,0
1601,-1576.7680860228475,-276.0478271963868,12,1600.7498243010991,1328,0
1602,1349.5484842846288,-861.8113996490537,12,1601.2495120998476,1331,0
1603,-413.0986474635829,1547.5624405702533,12,1601.7490440140741,1335,0
1604,-740.9882675435239,-1420.6112724326974,12,1602.2484201895786,1334,0
1605,1506.4600430714056,547.1545838511263,12,1602.7476407719341,1332,0
1606,-1480.8753355597885,614.335609036855,12,1603.2467059064866,1342,0
1607,677.184308955458,-1453.7611260810763,12,1603.7456157383565,1330,0
1608,482.8170030270602,1529.8652690965853,12,1604.244370412438,1332,0
1609,-1389.855205868213,-802.1860798599204,12,1604.7429700734006,1337,0
1610,1567.191514866919,-347.43453445092507,12,1605.2414148656892,1336,0
1611,-921.195456747081,1315.2182064085553,12,1605.7397049335239,1338,0
1612,-209.22115767138214,-1592.55345504716,12,1606.237840420901,1334,0
1613,1230.4089170637271,1033.2927449711754,12,1606.7358214715946,1332,0
1614,-1605.7418277907673,69.23281363029075,12,1607.2336482291555,1333,0
1615,1137.6101031567146,-1136.0648102972687,12,1607.7313208369114,1339,0
1616,-71.45963906477664,1606.6404451478033,12,1608.22883943797,1330,0
1617,-1032.8972507209808,-1233.3382623810226,12,1608.7262041752167,1332,0
1618,1595.2271992388019,211.7786174492772,12,1609.223415191315,1335,0
1619,-1319.7328044149037,921.686131473819,12,1609.720472628711,1324,0
1620,350.6480692050866,-1571.5743480862573,12,1610.2173766296276,1331,0
1621,803.2739783739116,1396.1199503149248,12,1610.7141273360705,1334,0
1622,-1535.8480780235566,-487.0017261071538,12,1611.2107248898265,1334,0
1623,1461.9018143579399,-678.5595664176894,12,1611.707169432462,1331,0
1624,-619.7912925962885,1488.3073451481123,12,1612.2034611053284,1329,0
1625,-548.4910969965405,-1516.561082355581,12,1612.6996000495565,1338,0
1626,1429.302003820258,747.994506581028,12,1613.1955864060626,1335,0
1627,-1559.6650777528457,414.0589876312424,12,1613.6914203155445,1335,0
1628,870.6230104748149,-1359.2702356896402,12,1614.1871019184857,1331,0
1629,276.28832906093976,1590.8691835674967,12,1614.6826313551528,1330,0
1630,-1278.7352981142344,-986.7299718548638,12,1615.1780087655975,1336,0
1631,1609.9195931303925,-136.2310671428187,12,1615.6732342896566,1335,0
1632,-1095.4173949760823,1188.3016160823033,12,1616.1683080669538,1336,0
1633,5.042030799718948,-1616.655367703771,12,1616.6632302368976,1335,0
1634,1088.6502468141757,1195.8430666736479,12,1617.1580009386837,1331,0
1635,-1611.0097843458677,-146.4495638159446,12,1617.6526203112953,1335,0
1636,1287.2270829241907,-980.5337510695276,12,1618.1470884935027,1329,0
1637,-286.90777673150103,1593.010962815695,12,1618.6414056238648,1331,0
1638,-864.7705097794443,-1368.8579054875636,12,1619.1355718407274,1335,0
1639,1562.7817658298202,425.3388677158827,12,1619.629587282228,1339,0
1640,-1440.0979015951484,742.2385289253382,12,1620.1234520862909,1334,0
1641,560.6792603194958,-1520.5389725513721,12,1620.6171663906314,1334,0
1642,613.8687795654232,1500.3883235598903,12,1621.1107303327556,1334,0
1643,-1466.5917307675236,-691.887776481359,12,1621.6041440499587,1334,0
1644,1549.2536894281357,-480.6381235329858,12,1622.0974076793293,1331,0
1645,-817.9536476912908,1401.33929875263,12,1622.5905213577457,1334,0
1646,-343.5618785708768,-1586.3055303417593,12,1623.0834852218786,1331,0
1647,1325.26809327742,937.9043026561037,12,1623.5762994081924,1335,0
1648,-1611.245475096412,203.6860794981751,12,1624.068964052943,1339,0
1649,1050.8128714594886,-1238.9480655681516,12,1624.5614792921813,1331,0
1650,62.07949440559915,1623.867647431386,12,1625.05384526175,1328,0
1651,-1143.0284322022546,-1155.8053483079473,12,1625.5460620972879,1336,0
1652,1624.0603568300671,80.17454317297478,12,1626.0381299342275,1338,0
1653,-1252.0673575047051,1038.2327929087892,12,1626.5300489077968,1333,0
1654,221.9864236800904,-1611.8070690072443,12,1627.0218191530191,1330,0
1655,925.353671984482,1338.8504702709843,12,1627.5134408047143,1330,0
1656,-1587.1866477694145,-362.2686091044715,12,1628.0049139974976,1335,0
1657,1415.4780234170153,-805.2465245025651,12,1628.4962388657827,1330,0
1658,-499.9439747375487,1550.3728655144935,12,1628.987415543779,1333,0
1659,-678.8232526474478,-1481.3503946282053,12,1629.4784441654945,1330,0
1660,1501.6331852453065,633.9540811210503,12,1629.9693248647352,1331,0
1661,-1535.9496932465645,547.045281321194,12,1630.4600577751055,1332,0
1662,763.2673126487186,-1441.3268225638499,12,1630.9506430300091,1332,0
1663,410.9162456081304,1578.8438298626368,12,1631.4410807626489,1328,0
1664,-1369.9021016476415,-886.8868202320823,12,1631.9313711060277,1339,0
1665,1609.6899327551425,-271.47434572486793,12,1632.421514192949,1334,0
1666,-1003.8582068685178,1287.8931246430054,12,1632.9115101560155,1336,0
1667,-129.78442770072942,-1628.2370841884158,12,1633.4013591276334,1329,0
1668,1195.9157792009805,1113.2768968491673,12,1633.8910612400082,1335,0
1669,-1634.3283547636322,-13.07014979252924,12,1634.3806166251484,1334,0
1670,1214.2951317006523,-1094.6631139890007,12,1634.8700254148648,1332,0
1671,-155.99580032996604,1627.9021193792373,12,1635.3592877407702,1336,0
1672,-984.900116896075,-1306.1285387503394,12,1635.848403734282,1333,0
1673,1608.992643847972,297.8970829718089,12,1636.337373526621,1327,0
1674,-1388.062221419325,867.4579352732032,12,1636.8261972488099,1325,0
1675,437.68509972773796,-1577.7299368004399,12,1637.3148750316782,1335,0
1676,743.227581878361,1459.4563239560287,12,1637.8034070058593,1334,0
1677,-1534.3388671355683,-574.2858528617443,12,1638.2917933017916,1333,0
1678,1519.7510272992056,-613.1531741930479,12,1638.78003404972,1328,0
1679,-706.6484978837916,1479.1375529133797,12,1639.2681293796936,1338,0
1680,-478.224758413993,-1568.4709370721148,12,1639.7560794215703,1334,0
1681,1412.5350331820132,833.7534287986402,12,1640.243884305014,1330,0
1682,-1605.2288293269091,339.47077267087406,12,1640.7315441594944,1334,0
1683,954.6201333939026,-1335.0282397458893,12,1641.2190591142914,1331,0
1684,197.95020685340108,1629.7287245448842,12,1641.7064292984905,1337,0
1685,-1247.198291272889,-1068.3147580399636,12,1642.1936548409874,1342,0
1686,1641.768265516921,-54.744518826642604,12,1642.6807358704855,1330,0
1687,-1173.9573236314,1149.7061373638921,12,1643.1676725154985,1338,0
1688,89.05063124687759,-1641.24038004021,12,1643.6544649043485,1337,0
1689,1043.2875852276973,1270.7285369069828,12,1644.141113165169,1329,0
1690,-1628.1342148316594,-232.33376529143442,12,1644.627617425902,1334,0
1691,1357.8761444237425,-928.7477463794522,12,1645.1139778143033,1334,0
1692,-374.0060262365955,1602.5353326334841,12,1645.600194457937,1331,0
1693,-806.9549452743428,-1434.720779907116,12,1646.0862674841803,1340,0
1694,1564.6251701296885,512.9796068038601,12,1646.5721970202217,1341,0
1695,-1500.661259527906,678.8341359655675,12,1647.057983193063,1329,0
1696,648.1861034969834,-1514.6797599603021,12,1647.543626129518,1335,0
1697,545.3598767041912,1555.1792838387441,12,1648.0291259562132,1331,0
1698,-1453.06772576975,-778.5847316293367,12,1648.51448279959,1333,0
1699,1597.843509606225,-407.5489158484669,12,1648.9996967859029,1331,0
1700,-903.1703382124188,1380.24756481338,12,1649.4847680412208,1341,0
1701,-266.4524454947842,-1628.3129595657738,12,1649.969696691427,1340,0
1702,1296.7642381288354,1020.9811510062959,12,1650.4544828622204,1339,0
1703,-1646.3397431680924,123.1480818576572,12,1650.9391266791154,1336,0
1704,1131.1062039845845,-1203.2450936145904,12,1651.4236282674415,1333,0
1705,-21.268366408430623,1651.7710666403855,12,1651.9079877523445,1329,0
1706,-1100.395152505313,-1232.692381879116,12,1652.3922052587877,1332,0
1707,1644.5505161124292,165.69127905337373,12,1652.876280911551,1337,0
1708,-1324.9510293247372,988.9917946531807,12,1653.3602148352306,1327,0
1709,309.01369013746535,-1624.7186031148983,12,1653.8440071542418,1335,0
1710,869.8788826777158,1407.1640734013106,12,1654.3276579928174,1334,0
1711,-1592.4125674048876,-450.1357741515046,12,1654.8111674750082,1333,0
1712,1478.6896120433328,-743.9603693982214,12,1655.294535724685,1335,0
1713,-587.9732872990029,1547.8654377635041,12,1655.7777628655363,1335,0
1714,-612.1934369786412,-1538.9669248298605,12,1656.260849021071,1337,0
1715,1491.4043571050083,721.4658991305109,12,1656.7437943146188,1336,0
1716,-1587.5208670480988,475.5812198634978,12,1657.2265988693277,1332,0
1717,849.5853505016817,-1423.44818388761,12,1657.7092628081682,1334,0
1718,335.16516683702935,1623.965612609795,12,1658.1917862539303,1339,0
1719,-1344.5043873819445,-971.3433750794318,12,1658.6741693292265,1338,0
1720,1648.0077163549242,-192.01710037032603,12,1659.1564121564911,1329,0
1721,-1085.7993233624538,1255.1652597907723,12,1659.6385148579795,1338,0
1722,-47.2310338109314,-1659.4484714642845,12,1660.1204775557705,1336,0
1723,1156.1034734808225,1192.067430393758,12,1660.6023003717658,1328,0
1724,-1658.1855430820538,-98.0851911028099,12,1661.0839834276894,1330,0
1725,1289.323671008264,-1048.067016644343,12,1661.5655268450896,1329,0
1726,-242.81838246975252,1644.2138647799964,12,1662.0469307453382,1335,0
1727,-931.8735455147435,-1376.8121495577318,12,1662.5281952496327,1333,0
1728,1617.6257901346075,385.8585273016351,12,1663.0093204789923,1331,0
1729,-1453.8509745652664,808.4041957805666,12,1663.4903065542642,1335,0
1730,526.1073060868334,-1578.6104973938486,12,1663.971153596119,1337,0
1731,678.5969000398924,1519.8375726557917,12,1664.4518617250549,1336,0
1732,-1527.45265093763,-662.486527518565,12,1664.932431061393,1334,0
1733,1574.2534003577814,-543.4392619805483,12,1665.412861725284,1336,0
1734,-793.9464186011668,1464.5303289418014,12,1665.893153836704,1334,0
1735,-403.96104143032386,-1616.668016943036,12,1666.373307515456,1333,0
1736,1390.3122322954248,919.4737063830119,12,1666.8533228811707,1331,0
1737,-1646.742486330591,261.22630746872045,12,1667.3332000533064,1337,0
1738,1038.0994290898877,-1305.3541953520696,12,1667.8129391511507,1332,0
1739,116.32531940381745,1664.2320811910818,12,1668.2925402938179,1331,0
1740,-1210.2950244752892,-1148.9064164371086,12,1668.7720036002522,1337,0
1741,1668.9882677100452,29.633802425992943,12,1669.2513291892267,1338,0
1742,-1251.0363813674162,1105.8516955248206,12,1669.7305171793441,1334,0
1743,175.5335523823826,-1660.9599549621964,12,1670.209567689037,1336,0
1744,992.8139463833902,1343.6965683764465,12,1670.688480836568,1335,0
1745,-1640.1939984716455,-320.25559694967916,12,1671.1672567400306,1330,0
1746,1426.1659069263271,-872.0383053060262,12,1671.645895517349,1329,0
1747,-462.68934830900497,1606.8349532423633,12,1672.1243972862785,1335,0
1748,-744.4416002482378,-1497.800622185691,12,1672.602762164406,1330,0
1749,1561.124077295232,601.7404883245854,12,1673.08099026915,1334,0
1750,-1558.0392594428167,610.9939983624057,12,1673.5590817177624,1334,0
1751,736.3393775082915,-1503.3975924986382,12,1674.0370366273262,1337,0
1752,472.7116285119027,1606.4070829866332,12,1674.5148551147581,1333,0
1753,-1434.0842151846532,-865.4492843363021,12,1674.9925372968085,1336,0
1754,1642.519815004194,-330.64884291131,12,1675.4700832900598,1334,0
1755,-988.0743715963433,1353.7019746585622,12,1675.9474932109297,1334,0
1756,-185.8901768331659,-1666.0866850668167,12,1676.4247671756702,1336,0
1757,1262.8543431926832,1103.2673782358365,12,1676.9019053003667,1345,0
1758,-1676.9127660321608,39.54206770475615,12,1677.3789077009403,1333,0
1759,1210.136937447265,-1162.2257064037751,12,1677.8557744931475,1331,0
1760,-107.27560316627071,1674.9005776359722,12,1678.3325057925802,1329,0
1761,-1052.5762080060267,-1307.8544744502935,12,1678.8091017146648,1341,0
1762,1660.050944643548,253.43808156641248,12,1679.2855623746664,1331,0
1763,-1395.6606305902806,934.7360077692208,12,1679.7618878876854,1333,0
1764,397.82435844218804,-1632.4631021343366,12,1680.2380783686579,1334,0
1765,809.5989960568752,1472.871163946019,12,1680.7141339323593,1338,0
1766,-1592.3340462598635,-539.3257690132108,12,1681.1900546934007,1333,0
1767,1538.882280598929,-678.1160125366747,12,1681.6658407662326,1333,0
1768,-676.854506959098,1539.9571346012056,12,1682.141492265142,1338,0
1769,-541.2876205126709,-1593.1753550314952,12,1682.6170093042563,1329,0
1770,1475.7199460131008,809.3519882838933,12,1683.0923919975398,1333,0
1771,-1635.321002761823,400.15649179548,12,1683.5676404587966,1332,0
1772,935.7970005410915,-1400.1014155332805,12,1684.0427548016705,1333,0
1773,255.79946007605423,1664.9824732485322,12,1684.5177351396453,1329,0
1774,-1313.6682655140066,-1055.2135746764354,12,1684.9925815860436,1334,0
1775,1681.918336278324,-109.31930337664615,12,1685.4672942540299,1329,0
1776,-1166.678518802848,1217.0707595550853,12,1685.9418732566076,1333,0
1777,38.16368170116387,-1685.984440437993,12,1686.4163187066235,1338,0
1778,1111.0378110421416,1269.3285557469692,12,1686.8906307167636,1335,0
1779,-1677.1351278323154,-185.52024954403913,12,1687.364809399556,1332,0
1780,1362.3670091808824,-996.3714830802502,12,1687.8388548673715,1337,0
1781,-331.6208533473647,1655.4236948966166,12,1688.3127672324226,1329,0
1782,-873.9409213226928,-1445.0699865534689,12,1688.786546606764,1331,0
1783,1621.0020949244483,475.3443049522626,12,1689.2601931022941,1331,0
1784,-1516.79201083776,744.6757655911362,12,1689.7337068307538,1339,0
1785,615.5863802965112,-1574.11988374248,12,1690.2070879037276,1335,0
1786,609.5590902328714,1576.9710572849694,12,1690.6803364326447,1339,0
1787,-1515.1224157718511,-751.2683044197128,12,1691.1534525287764,1329,0
1788,1625.13295589095,-469.6199268314153,12,1691.62643630324,1336,0
1789,-881.3450508132233,1444.4483034733491,12,1692.0992878669974,1338,0
1790,-325.9254261501966,-1660.8951251023686,12,1692.572007330855,1332,0
1791,1362.626158838555,1004.8133912567474,12,1693.0445948054648,1333,0
1792,-1683.9696073812793,179.57271901973397,12,1693.5170504013238,1328,0
1793,1120.7196341262945,-1270.2706411170118,12,1693.989374228776,1339,0
1794,31.68053825444411,1694.1653825692192,12,1694.4615663980107,1330,0
1795,-1168.0778403179584,-1228.1669914788195,12,1694.933627019064,1334,0
1796,1691.38994050489,116.61933441271447,12,1695.4055562018193,1333,0
1797,-1326.3225180000095,1056.8200311529463,12,1695.877354056006,1333,0
1798,264.19073097628694,-1675.6501000108033,12,1696.3490206912018,1334,0
1799,937.3398369532036,1414.4235681225553,12,1696.820556216832,1337,0
1800,-1647.052067130715,-409.90180307048973,12,1697.29196074217,1333,0
1801,1491.7837212585723,-810.5438476652115,12,1697.7632343763364,1332,0
1802,-552.6337044275741,1605.8007313271025,12,1698.2343772283027,1335,0
1803,-677.3957402642965,-1557.798129114227,12,1698.705389406886,1333,0
1804,1552.1982041917058,691.2891832685099,12,1699.1762710207556,1334,0
1805,-1611.9482434365839,538.9089537961969,12,1699.6470221784286,1326,0
1806,824.8010186293167,-1486.6416110374557,12,1700.1176429882728,1338,0
1807,396.13897473044983,1653.805887249017,12,1700.5881335585052,1333,0
1808,-1409.6201514822624,-952.1402357505559,12,1701.0584939971936,1340,0
1809,1683.0366376264506,-250.17529135998103,12,1701.5287244122562,1328,0
1810,-1072.3240372806013,1321.7114507600481,12,1701.9988249114626,1336,0
1811,-102.13307858459117,-1699.402493307231,12,1702.4687956024331,1336,0
1812,1223.5772289587408,1184.4233891534095,12,1702.93863659264,1336,0
1813,-1702.7638058945668,-46.8553234483602,12,1703.4083479894068,1336,0
1814,1287.5702025829808,-1115.9583206466186,12,1703.877929899909,1334,0
1815,-195.64907172174549,1693.0804590256246,12,1704.3473824311757,1331,0
1816,-999.6690823668483,-1380.9640566502171,12,1704.816705690087,1338,0
1817,1670.4122856375218,343.1075574673775,12,1705.2858997833764,1334,0
1818,-1463.8784094206949,875.591230216439,12,1705.7549648176318,1330,0
1819,488.0991511020311,-1634.9187192926374,12,1706.223900899293,1335,0
1820,744.6671541435946,1535.6662493978565,12,1706.6927081346541,1333,0
1821,-1586.8576813962056,-629.5098879238182,12,1707.161386629864,1332,0
1822,1595.7651433560698,-607.8927596622472,12,1707.629936490925,1334,0
1823,-766.2520278928847,1526.5837120020776,12,1708.0983578236942,1340,0
1824,-466.309891362895,-1643.7016411797872,12,1708.5666507338835,1337,0
1825,1454.5453577127744,897.2724237132318,12,1709.0348153270606,1336,0
1826,-1679.0950032238857,320.99839586605407,12,1709.5028517086484,1331,0
1827,1021.5606328309337,-1371.2818358929946,12,1709.9707599839244,1334,0
1828,173.06788469314873,1701.6602208689721,12,1710.438540258024,1334,0
1829,-1277.4189999875011,-1138.156710857926,12,1710.9061926359375,1334,0
1830,1711.210306334761,-23.649259897353563,12,1711.3737172225124,1332,0
1831,-1246.1586263058953,1173.6646361220078,12,1711.8411141224528,1336,0
1832,126.1139328149322,-1707.6578333934322,12,1712.3083834403194,1336,0
1833,1060.8031263277178,1344.729239353908,12,1712.7755252805314,1334,0
1834,-1691.0157163505742,-275.07425734763814,12,1713.2425397473646,1334,0
1835,1433.1027906549955,-939.6895186266917,12,1713.709426944953,1334,0
1836,-422.0891798513534,1661.397220490155,12,1714.17618697729,1333,0
1837,-811.2430488084042,-1510.5908498862439,12,1714.6428199482245,1334,0
1838,1619.015203067286,566.0298333453769,12,1715.1093259614677,1337,0
1839,-1576.5876778361371,676.4401629821056,12,1715.5757051205874,1330,0
1840,705.7896870801557,-1564.1805898333146,12,1716.041957529011,1334,0
1841,536.307093871919,1630.5749602709643,12,1716.5080832900264,1332,0
1842,-1497.300097946666,-840.2930540525161,12,1716.9740825067806,1333,0
1843,1672.1258765953287,-391.9120473018197,12,1717.4399552822802,1331,0
1844,-968.5033712540531,1418.8732219157334,12,1717.9057017193932,1323,0
1845,-244.35705836857719,-1700.9084713838822,12,1718.3713219208469,1332,0
1846,1329.4885048846168,1089.4311889145026,12,1718.8368159892318,1328,0
1847,-1716.6883021738731,94.7695793985828,12,1719.3021840269964,1332,0
1848,1202.1418071375072,-1229.8191230958187,12,1719.767426136453,1334,0
1849,-55.70613609124434,1719.3303424303847,12,1720.2325424197743,1338,0
1850,-1120.617816632874,-1305.7625010104134,12,1720.697532978995,1332,0
1851,1708.800124286187,205.91778757434332,12,1721.162397916013,1332,0
1852,-1399.4892783159592,1002.7112046240812,12,1721.6271373325874,1334,0
1853,354.7138528525429,-1685.1641114723825,12,1722.0917513303407,1333,0
1854,876.9935278340057,1482.5931175266073,12,1722.5562400107576,1330,0
1855,-1648.5892987500717,-500.95241694870174,12,1723.0206034751875,1333,0
1856,1554.4256376826904,-744.4198660129657,12,1723.484841824842,1341,0
1857,-643.5099368514459,1599.3420400819355,12,1723.9489551607958,1335,0
1858,-605.9988814533971,-1614.4241560622263,12,1724.4129435839898,1336,0
1859,1537.7861137004925,781.2898748287577,12,1724.8768071952268,1329,0
1860,-1662.1160941984858,462.78514389116833,12,1725.3405460951758,1332,0
1861,913.2311339630135,-1464.38003809142,12,1725.8041603843699,1335,0
1862,315.8710951600685,1697.1226977571123,12,1726.2676501632068,1339,0
1863,-1379.673658670696,-1038.3162310058603,12,1726.73101553195,1333,0
1864,1719.1620410102182,-166.37871483330272,12,1727.194256590729,1333,0
1865,-1155.579143596512,1284.3040305491343,12,1727.657373439537,1332,0
1866,-15.450950444738309,-1728.0512921005425,12,1728.1203661782358,1329,0
1867,1178.9906282038896,1264.112771317258,12,1728.5832349065522,1335,0
1868,-1723.7082209328564,-135.7570222437398,12,1729.045979724079,1335,0
1869,1363.075952957058,-1064.5299180719198,12,1729.5086007302768,1329,0
1870,-286.0866420889788,1706.1519373192564,12,1729.9710980244727,1335,0
1871,-941.7893350050405,-1451.6999856963434,12,1730.4334717058614,1335,0
1872,1675.5028528955265,434.3848408254497,12,1730.8957218735043,1336,0
1873,-1529.2945956883664,811.7007081420809,12,1731.3578486263316,1336,0
1874,579.5128886905608,-1631.98186627227,12,1731.819852063141,1323,0
1875,675.2531860249851,1595.2533136662362,12,1732.2817322825983,1339,0
1876,-1575.9087768414947,-720.3551395485038,12,1732.7434893832383,1337,0
1877,1649.0582137186868,-533.4857146793469,12,1733.2051234634637,1334,0
1878,-855.8276083433788,1507.6999385810336,12,1733.6666346215468,1331,0
1879,-387.4791258655946,-1690.2839782173985,12,1734.1280229556294,1336,0
1880,1427.865171040188,984.8863149269433,12,1734.589288563722,1328,0
1881,-1718.6012570075447,238.34789575762272,12,1735.0504315437058,1328,0
1882,1106.5353300281495,-1337.0039504053439,12,1735.5114519933313,1334,0
1883,87.23163689728877,1733.7792943521442,12,1735.9723500102184,1333,0
1884,-1235.800909090087,-1219.8344613479792,12,1736.4331256918592,1328,0
1885,1735.6878027087134,64.71361161454719,12,1736.8937791356154,1334,0
1886,-1323.9065204574972,1125.0206776278037,12,1737.35431043872,1332,0
1887,216.32422911355596,-1724.298068171053,12,1737.8147196982768,1333,0
1888,1005.5021077247155,1417.9441143293182,12,1738.275007011261,1332,0
1889,-1699.6832782857325,-366.4379258699421,12,1738.7351724745204,1337,0
1890,1501.2159089191694,-878.151920118605,12,1739.1952161847732,1335,0
1891,-513.902654815601,1662.0180689070373,12,1739.6551382386108,1333,0
1892,-743.9378253460075,-1573.0723162078257,12,1740.1149387324965,1334,0
1893,1611.5772927402202,657.5854541609806,12,1740.5746177627664,1335,0
1894,-1632.9505604842195,603.8811696139184,12,1741.0341754256292,1335,0
1895,796.3811530202033,-1548.7340181949291,12,1741.4936118171665,1331,0
1896,459.049161669248,1680.3790843648228,12,1741.952927033334,1330,0
1897,-1473.9567730828828,-929.220873142169,12,1742.41212116996,1334,0
1898,1714.981260066698,-310.54673983160774,12,1742.8711943227472,1333,0
1899,-1055.0802613387445,1387.8060535007642,12,1743.3301465872719,1329,0
1900,-159.50814117695415,-1736.4783767436534,12,1743.7889780589853,1333,0
1901,1290.9301238963037,1172.9873891978013,12,1744.2476888332117,1335,0
1902,-1744.6918802164664,7.088237209056963,12,1744.7062790051511,1331,0
1903,1282.03025915403,-1184.0601397789937,12,1745.1647486698785,1337,0
1904,-145.54629778584842,1739.5448471369841,12,1745.6230979223437,1335,0
1905,-1068.0046297647887,-1381.3638589455627,12,1746.0813268573718,1331,0
1906,1721.0626814784946,297.22591815326814,12,1746.5394355696637,1338,0
1907,-1470.2167098872903,943.643378596062,12,1746.9974241537966,1336,0
1908,446.7871696696743,-1689.3730271963504,12,1747.4552927042223,1332,0
1909,811.9207574158079,1547.8968582167681,12,1747.9130413152711,1333,0
1910,-1644.7048969078319,-593.0816150306782,12,1748.3706700811472,1332,0
1911,1613.7972629867952,-673.8385518626313,12,1748.8281790959338,1330,0
1912,-734.9846535464593,1587.387022452682,12,1749.28556845359,1333,0
1913,-530.4483424572516,-1667.4005385582534,12,1749.742838247952,1335,0
1914,1517.845439169484,871.4041673026334,12,1750.1999885727346,1340,0
1915,-1708.2830146527679,382.8434952416607,12,1750.6570195215281,1340,0
1916,1001.2889273050001,-1436.6003216122435,12,1751.1139311878023,1328,0
1917,232.15082368157067,1736.1180821199832,12,1751.5707236649055,1336,0
1918,-1344.2620941908874,-1123.636694898102,12,1752.0273970460623,1331,0
1919,1750.6787980191216,-79.52198542744925,12,1752.4839514243774,1339,0
1920,-1237.5019560172198,1241.5268458046146,12,1752.9403868928343,1335,0
1921,73.87532037098059,-1751.839729267516,12,1753.3967035442947,1340,0
1922,1129.1710829050817,1342.0032285844043,12,1753.8529014715002,1328,0
1923,-1739.5780199268534,-226.86628790406098,12,1754.308980767071,1339,0
1924,1436.3298865708095,-1008.045860535861,12,1754.7649415235076,1336,0
1925,-378.2780033192681,1713.9736731364305,12,1755.2207838331904,1331,0
1926,-879.0703357060628,-1519.7484478957792,12,1755.6765077883795,1332,0
1927,1675.209044716423,526.9484381799509,12,1756.1321134812154,1329,0
1928,-1591.6082773903183,743.2247919321737,12,1756.5876010037186,1325,0
1929,671.7353687978215,-1623.567551506883,12,1757.0429704477922,1332,0
1930,601.5431878884071,1651.3466604880552,12,1757.4982219052172,1334,0
1931,-1559.4316035336717,-811.5251529684097,12,1757.9533554676584,1336,0
1932,1698.4932080869035,-455.1052868102706,12,1758.4083712266613,1336,0
1933,-945.2412966615188,1483.2797750544737,12,1758.8632692736521,1328,0
1934,-305.0284265698254,-1732.6735581131077,12,1759.3180496999398,1332,0
1935,1395.6832353906814,1071.852744759932,12,1759.7727125967149,1339,0
1936,-1753.612344677423,152.45899315865523,12,1760.22725805505,1340,0
1937,1190.381831987938,-1297.301466149268,12,1760.6816861659008,1337,0
1938,-1.4363373461683122,1761.1354113000589,12,1761.1359970201052,1332,0
1939,-1188.8772969388851,-1299.9118327114686,12,1761.5901907083835,1334,0
1940,1755.1712504540592,155.47952141531093,12,1762.0442673213406,1334,0
1941,-1399.59405130479,1071.2312969439627,12,1762.4982269494626,1335,0
1942,308.49016705061393,-1735.7516575919162,12,1762.9520696831212,1334,0
1943,945.2555646989431,1488.6543982421447,12,1763.4057956125696,1337,0
1944,-1703.011593832188,-459.2945800607174,12,1763.8594048279474,1334,0
1945,1566.3994009603762,-811.9069630634873,12,1764.3128974192757,1323,0
1946,-606.7347682906347,1657.1882575456868,12,1764.7662734764624,1328,0
1947,-672.1998507024507,-1632.2216028210153,12,1765.2195330892985,1335,0
1948,1598.6193711479766,749.6773347183757,12,1765.6726763474594,1335,0
1949,-1685.6043081451016,527.1983652883164,12,1766.1257033405068,1333,0
1950,887.022191113208,-1527.740695429929,12,1766.578614157887,1330,0
1951,378.0083171381309,1726.1256362659115,12,1767.0314088889306,1333,0
1952,-1445.0827896946673,-1017.711025256324,12,1767.4840876228561,1335,0
1953,1753.4618528059316,-225.7687550446011,12,1767.9366504487652,1337,0
1954,-1140.7354565460923,1351.2670417717509,12,1768.3890974556477,1335,0
1955,-71.64326863804101,-1767.3899518948435,12,1768.8414287323778,1337,0
1956,1247.0009976032848,1255.144817133231,12,1769.2936443677177,1338,0
1957,-1767.789468762882,-83.18890629793901,12,1769.745744450315,1336,0
1958,1360.0534985388738,-1133.073025498432,12,1770.197729068705,1336,0
1959,-237.54191155524492,1754.6435080251147,12,1770.649598311309,1340,0
1960,-1010.3463552909151,-1454.647806979533,12,1771.1013522664366,1333,0
1961,1728.0389789719738,390.2323502139436,12,1771.5529910222838,1332,0
1962,-1538.1922743327996,879.7525374688553,12,1772.004514666935,1333,0
1963,540.0883607477725,-1688.1660352538738,12,1772.4559232883619,1331,0
1964,742.2843718402553,1610.0353757982207,12,1772.9072169744247,1336,0
1965,-1635.316722446435,-685.9586119344586,12,1773.3583958128713,1328,0
1966,1669.614609807998,-598.988359415846,12,1773.809459891338,1339,0
1967,-826.7211495194358,1569.8828430609917,12,1774.26040929735,1330,0
1968,-450.9567349018666,-1716.46090058779,12,1774.7112441183212,1334,0
1969,1492.3530545759972,961.292026648349,12,1775.1619644415546,1333,0
1970,-1750.2022889221832,299.3191404697504,12,1775.6125703542425,1339,0
1971,1088.6336516730369,-1403.3092219625112,12,1776.0630619434658,1333,0
1972,145.23400428213478,1770.5668821030672,12,1776.5134392961963,1333,0
1973,-1303.4220519157923,-1207.7627890358376,12,1776.963702499294,1325,0
1974,1777.3850396909113,10.120310417000569,12,1777.41385163951,1332,0
1975,-1317.7581515324541,1193.4460415409526,12,1777.8638868034864,1328,0
1976,165.5545180142296,-1770.5907775556375,12,1778.3138080777535,1341,0
1977,1074.2137795309698,1417.767525324864,12,1778.7636155487328,1336,0
1978,-1750.2223786408404,-319.8775160976441,12,1779.2133093027378,1325,0
1979,1507.0143725997445,-946.6296428793039,12,1779.6628894259723,1330,0
1980,-471.90551416223633,1716.4222049668538,12,1780.1123560045307,1333,0
1981,-811.6629368482212,-1584.8038607180765,12,1780.5617091243987,1334,0
1982,1669.4357115080231,620.4711154773456,12,1781.0109488714552,1338,0
1983,-1650.5282710480788,670.3405302314932,12,1781.4600753314678,1332,0
1984,764.4322824325268,-1609.6096687007682,12,1781.9090885900996,1331,0
1985,523.7390418729306,1703.6717453834892,12,1782.3579887329033,1332,0
1986,-1537.3896064145026,-902.6811165016472,12,1782.806775845324,1334,0
1987,1743.8143328866793,-372.97663789973035,12,1783.255450012701,1331,0
1988,-1034.1523853174212,1453.3164982006801,12,1783.7040113202638,1328,0
1989,-219.20450217462908,-1770.6353058228487,12,1784.152459853137,1330,0
1990,1358.0227104801397,1157.8317312201175,12,1784.6007956963372,1333,0
1991,-1783.915717927041,63.598045039527435,12,1785.049018934774,1327,0
1992,1272.7634980209634,-1252.2272469905135,12,1785.4971296532515,1331,0
1993,-92.65208250457161,1783.5401850273981,12,1785.945127936466,1330,0
1994,-1136.7303242501994,-1378.058115585129,12,1786.3930138690087,1336,0
1995,1769.497873491847,248.34910047719342,12,1786.8407875353641,1329,0
1996,-1472.8989851695721,1012.4073189613181,12,1787.2884490199112,1328,0
1997,402.2992677195703,-1741.8826881257812,12,1787.7359984069237,1331,0
1998,880.2021331313041,1556.5488122224442,12,1788.183435780569,1334,0
1999,-1700.8926572789633,-553.3210355792622,12,1788.6307612249097,1330,0
2000,1628.3553375346312,-741.1200272037431,12,1789.0779748239033,1332,0
2001,-700.2541172782278,1646.8285190738256,12,1789.5250766614029,1332,0
2002,-596.2199756188344,-1687.7564221987354,12,1789.9720668211555,1337,0
2003,1580.0915187974367,841.9684033408911,12,1790.4189453868053,1338,0
2004,-1734.2844467416744,446.60660294035506,12,1790.8657124418903,1337,0
2005,977.3726545698491,-1501.1804335585666,12,1791.3123680698461,1335,0
2006,293.4217619603233,1767.5699900168308,12,1791.758912354003,1329,0
2007,-1410.6878462529958,-1105.422905694506,12,1792.2053453775882,1337,0
2008,1787.3447589305504,-137.83581799914217,12,1792.6516672237246,1332,0
2009,-1225.130514970085,1309.2956966587549,12,1793.0978779754328,1322,0
2010,18.961294064128627,-1793.4437457939443,12,1793.543977715629,1329,0
2011,1197.770143053905,1335.5697976551535,12,1793.9899665271264,1333,0
2012,-1785.8065959907772,-175.76917168785027,12,1794.435844492636,1334,0
2013,1435.8851844251556,-1076.9557730697848,12,1794.881611694766,1335,0
2014,-331.38613586018425,1764.4781746906522,12,1795.327268216021,1341,0
2015,-947.7692075213688,-1525.2978493639582,12,1795.772814138804,1330,0
2016,1729.6083274675382,484.61844120394926,12,1796.2182495454165,1341,0
2017,-1603.1117561880446,811.192145654581,12,1796.6635745180563,1337,0
2018,634.2894343954036,-1681.4508358600197,12,1797.108789138821,1332,0
2019,668.2639045817481,1668.7190757683438,12,1797.5538934897056,1332,0
2020,-1620.3615750841236,-779.2485906249029,12,1797.9988876526036,1331,0
2021,1721.6049327893822,-520.0735096073114,12,1798.4437717093076,1331,0
2022,-918.3803586931435,1546.795887234852,12,1798.8885457415088,1340,0
2023,-367.75139564582076,-1761.3514444881664,12,1799.333209830797,1332,0
2024,1461.3051893415861,1050.6127467356137,12,1799.7777640586628,1331,0
2025,-1787.6410198071821,212.46078297591177,12,1800.2222085064943,1331,0
2026,1174.925582489728,-1364.5328415289878,12,1800.66654325558,1338,0
2027,55.388793133603194,1800.258892936014,12,1801.1107683871085,1327,0
2028,-1257.2093062336078,-1290.358384449689,12,1801.5548839821674,1336,0
2029,1799.09487106137,102.26262719426057,12,1801.9988901217448,1334,0
2030,-1396.0177831752678,1140.146634893254,12,1802.4427868867294,1336,0
2031,259.2859048765207,-1784.144282151072,12,1802.8865743579101,1328,0
2032,1014.2323237190742,1491.0844354104859,12,1803.3302526159762,1330,0
2033,-1755.508114717961,-414.4770912359217,12,1803.7738217415176,1337,0
2034,1574.8193775010795,-880.4225850392027,12,1804.2172818150257,1334,0
2035,-566.6450942614271,1713.3923476978232,12,1804.6606329168928,1337,0
2036,-739.7350852299766,-1646.569768846677,12,1805.1038751274123,1331,0
2037,1658.1064747839723,714.6208213307732,12,1805.547008526779,1336,0
2038,-1705.7739807526273,593.2412043910433,12,1805.9900331950894,1331,0
2039,857.2661622562267,-1590.0612337424245,12,1806.4329492123422,1329,0
2040,442.0578766420802,1751.9659910222845,12,1806.8757566584372,1333,0
2041,-1509.765557338252,-993.4827436222116,12,1807.318455613177,1335,0
2042,1784.7790499154182,-287.3390731923134,12,1807.761046156267,1332,0
2043,-1122.2203870697097,1417.8227684887527,12,1808.203528367313,1335,0
2044,-130.2669931340686,-1803.9485886520738,12,1808.6459023258258,1333,0
2045,1314.9260480765493,1242.4852063866952,12,1809.0881681112173,1329,0
2046,-1809.3143474213084,-27.956970783766476,12,1809.5303258028034,1332,0
2047,1353.3472809699444,-1201.8532094608133,12,1809.9723754798024,1331,0
2048,-186.12142235537908,1800.8217058166558,12,1810.414317221337,1332,0
2049,-1079.4608190756353,-1453.9478464100969,12,1810.8561511064318,1335,0
2050,1778.5222047193843,343.01423778044693,12,1811.297877214016,1341,0
2051,-1543.5059466038422,948.6777075480258,12,1811.7394956229223,1334,0
2052,497.4318561536647,-1742.5732548399565,12,1812.1810064118872,1333,0
2053,810.4979205120642,1621.3244958507287,12,1812.6224096595517,1330,0
2054,-1693.2370333601868,-648.1885133644328,12,1813.063705444461,1338,0
2055,1686.7957039022754,-665.9731625950304,12,1813.5048938450648,1335,0
2056,-794.1253485544618,1630.8785763456624,12,1813.945974939717,1337,0
2057,-516.2047920341664,-1739.405821733664,12,1814.3869488066762,1329,0
2058,1555.9630807723017,934.1193131894704,12,1814.8278155241064,1333,0
2059,-1778.739170998306,362.3354268578478,12,1815.2685751700765,1330,0
2060,1067.091814246847,-1469.052436085034,12,1815.709227822561,1328,0
2061,205.54022661126677,1804.4814255748352,12,1816.1497735594387,1336,0
2062,-1370.801011133829,-1192.0170249935495,12,1816.590212458495,1337,0
2063,1816.4221193214983,-47.01791615540441,12,1817.0305445974209,1339,0
2064,-1307.9297993130099,1261.9507280670787,12,1817.4707700538129,1338,0
2065,112.01837988977147,-1814.4563600612914,12,1817.910888905174,1328,0
2066,1143.3254602604707,1413.9331285178175,12,1818.350901228913,1339,0
2067,-1798.585735888441,-270.35042196866544,12,1818.790807102345,1336,0
2068,1509.2050830341457,-1015.824796578572,12,1819.2306066026924,1332,0
2069,-426.7641886085233,1768.9184060666303,12,1819.670299807083,1337,0
2070,-880.4172191661119,-1593.0051852382057,12,1820.1098867925527,1331,0
2071,1725.6683750343925,580.0591861234152,12,1820.549367636044,1332,0
2072,-1664.6801640350825,738.1327465084653,12,1820.9887424144058,1331,0
2073,729.057663603963,-1669.1539542955081,12,1821.4280112043957,1334,0
2074,590.0550976509722,1723.6690464634157,12,1821.867174082677,1333,0
2075,-1599.795423204065,-872.6136624505297,12,1822.3062311258227,1335,0
2076,1769.5075466499495,-437.3134371922234,12,1822.7451824103116,1329,0
2077,-1009.6218309082066,1518.1119058071974,12,1823.1840280125318,1335,0
2078,-281.0737639383586,-1801.8317177876306,12,1823.6227680087786,1336,0
2079,1424.7174869361772,1139.025935797014,12,1824.0614024752565,1337,0
2080,-1820.3808384289828,122.53000889820214,12,1824.4999314880777,1333,0
2081,1259.8270058874618,-1320.3165965921326,12,1824.9383551232625,1332,0
2082,-37.10508940915812,1824.9995102300543,12,1825.3766734567416,1330,0
2083,-1205.698697311123,-1371.0910441331973,12,1825.8148865643527,1326,0
2084,1815.6389503047697,196.60926259002397,12,1826.252994521843,1332,0
2085,-1471.9562492181922,1081.732314571175,12,1826.6909974048704,1332,0
2086,354.76007197108237,-1792.3574675089433,12,1827.1288952889997,1337,0
2087,949.3584553796682,1561.6396905813872,12,1827.5666882497064,1331,0
2088,-1755.3201182204373,-510.3442784734549,12,1828.0043763623764,1338,0
2089,1639.443385218875,-809.5834649139489,12,1828.4419597023032,1334,0
2090,-662.167150938146,1704.797543469153,12,1828.879438344693,1332,0
2091,-663.471375444596,-1704.7597291013346,12,1829.3168123646599,1338,0
2092,1641.1639955495139,809.0616414785432,12,1829.7540818372286,1331,0
2093,-1757.0762409480224,512.1358057156006,12,1830.1912468373355,1334,0
2094,949.8973573870512,-1564.8945684706996,12,1830.6283074398257,1332,0
2095,356.731472458204,1795.9795813309797,12,1831.0652637194555,1336,0
2096,-1476.5616527183429,-1083.589260615698,12,1831.5021157508936,1335,0
2097,1821.1588156043872,-198.44537874797047,12,1831.9388636087176,1326,0
2098,-1209.106027873726,1376.8306407686534,12,1832.3755073674174,1334,0
2099,-38.48774645416899,-1832.4078949221102,12,1832.8120471013933,1333,0
2100,1266.4549155660995,1325.478006923715,12,1833.2484828849579,1333,0
2101,-1829.6273355774624,-121.91723794326674,12,1833.684814792335,1336,0
2102,1431.8047076927767,-1146.2701597044222,12,1834.1210428976597,1331,0
2103,-281.5407933970479,1812.825083027417,12,1834.5571672749802,1334,0
2104,-1017.1880282952251,-1527.2617703238932,12,1834.993187998255,1333,0
2105,1782.11655320211,439.15895846837844,12,1835.4291051413563,1331,0
2106,-1611.1073562482063,880.1892334281956,12,1835.8649187780672,1326,0
2107,593.5619775011704,-1737.7238500017486,12,1836.3006289820846,1332,0
2108,736.3160926841525,1682.6879127319905,12,1836.7362358270173,1329,0
2109,-1679.9741641986689,-743.5635868067939,12,1837.1717393863864,1329,0
2110,1741.4432661090589,-586.6645983212322,12,1837.6071397336264,1336,0
2111,-888.0101295700445,1609.2973652439105,12,1838.0424369420853,1333,0
2112,-432.37606748342375,-1786.9110040143491,12,1838.4776310850234,1337,0
2113,1526.2228036770348,1025.7894294328694,12,1838.9127222356149,1331,0
2114,-1818.7301123485404,274.628437050256,12,1839.347710466947,1334,0
2115,1155.8393544965486,-1431.37534790739,12,1839.7825958520207,1330,0
2116,114.62726953129489,1836.6438383856027,12,1840.217378463751,1331,0
2117,-1325.4706850280033,-1277.156005792321,12,1840.652058374966,1339,0
2118,1840.5017573417867,46.40346131265067,12,1841.0866356584093,1331,0
2119,-1388.8014670876285,1209.3099209943045,12,1841.5211103867368,1332,0
2120,207.23073468599466,-1830.2610258106636,12,1841.95548263252,1339,0
2121,1083.7735209053446,1489.9110561991388,12,1842.389752468245,1334,0
2122,-1805.9868116879368,-366.621925161658,12,1842.8239199663108,1335,0
2123,1579.7000217495763,-949.814635223309,12,1843.257985199033,1340,0
2124,-523.3542509533862,1767.851896514247,12,1843.6919482386422,1329,0
2125,-808.4518625185597,-1657.4696335047202,12,1844.1258091572818,1334,0
2126,1716.1354525058543,676.2241556263175,12,1844.5595680270126,1330,0
2127,-1722.6126190279008,660.7615036954229,12,1844.9932249198098,1333,0
2128,824.056551257343,-1651.2210028732843,12,1845.426779907564,1330,0
2129,507.86936660460077,1774.6179043570594,12,1845.8602330620809,1330,0
2130,-1573.5935802982053,-965.7138520515667,12,1846.2935844550834,1335,0
2131,1813.074621706132,-350.94218345073267,12,1846.726834158209,1340,0
2132,-1100.10472896128,1483.8361046008513,12,1847.1599822430107,1342,0
2133,-191.17870643099764,-1837.6753527778976,12,1847.5930287809597,1333,0
2134,1382.6250066367909,1226.1925179280024,12,1848.0259738434418,1333,0
2135,-1848.2185821069384,29.800549569055814,12,1848.4588175017586,1337,0
2136,1343.0032169609005,-1270.725131266661,12,1848.8915598271308,1333,0
2137,-131.957153281767,1844.6103408844297,12,1849.3242008906927,1333,0
2138,-1148.9839578008164,-1449.6330103568878,12,1849.7567407634986,1345,0
2139,1826.8650279051456,292.85520281724865,12,1850.1891795165163,1336,0
2140,-1545.2552619356643,1018.3251815899185,12,1850.6215172206335,1329,0
2141,451.659828665803,-1795.1054005738988,12,1851.053753946654,1337,0
2142,879.7417053715886,1629.1269231799863,12,1851.4858897652987,1332,0
2143,-1749.5617352655222,-607.1521510253385,12,1851.9179247472066,1334,0
2144,1700.5943066071259,-734.2880935541782,12,1852.349858962934,1338,0
2145,-758.1375369852839,1690.5701627007047,12,1852.7816924829542,1332,0
2146,-583.0725467861263,-1759.098179518227,12,1853.2134253776599,1338,0
2147,1618.5701903307163,903.4547797055416,12,1853.6450577173612,1338,0
2148,-1804.1781384414041,427.24845789085145,12,1854.0765895722866,1328,0
2149,1041.9850299155253,-1534.1014299686778,12,1854.5080210125811,1334,0
2150,268.0056135137491,1835.476230062683,12,1854.939352108311,1330,0
2151,-1437.799555015621,-1172.6604110299288,12,1855.3705829294588,1326,0
2152,1852.7397901845452,-106.5611086040654,12,1855.8017135459272,1329,0
2153,-1294.472251539884,1330.391517559122,12,1856.2327440275371,1335,0
2154,55.84995688150484,-1855.8234782210118,12,1856.6636744440282,1336,0
2155,1212.6900613251448,1406.478871211088,12,1857.0945048650594,1335,0
2156,-1844.6904908854228,-217.98392793253774,12,1857.525235360209,1333,0
2157,1507.8128609827484,-1085.5875718959846,12,1857.9558659989748,1337,0
2158,-378.59811878461863,1819.4129450052694,12,1858.3863968507733,1337,0
2159,-950.0493107268836,-1597.6878002874569,12,1858.8168279849415,1336,0
2160,1780.1714257596386,536.4603386168404,12,1859.2471594707358,1331,0
2161,-1675.404359773491,807.1060842615288,12,1859.6773913773322,1341,0
2162,690.3583456206369,-1727.2537030303156,12,1860.1075237738276,1332,0
2163,657.8464038252655,1740.3557420752131,12,1860.5375567292374,1333,0
2164,-1661.0526249383363,-839.1091568952534,12,1860.9674903124987,1331,0
2165,1792.0324183088558,-503.4081959306128,12,1861.3973245924685,1331,0
2166,-981.5681426636125,1582.0632039548566,12,1861.8270596379245,1331,0
2167,-344.970126131754,-1830.0261233317522,12,1862.2566955175648,1338,0
2168,1490.8789171800847,1116.63783489005,12,1862.6862323000082,1333,0
2169,-1854.033078452208,183.7426025858672,12,1863.1156700537942,1333,0
2170,1243.2763825067234,-1388.1872484290423,12,1863.545008847385,1334,0
2171,20.958527995828412,1863.8564161716558,12,1863.9742487491615,1332,0
2172,-1274.764505601563,-1360.5055881026,12,1864.4033898274265,1337,0
2173,1859.4077876354957,142.1361293987977,12,1864.8324321504065,1335,0
2174,-1467.4184640780288,1151.4699524012246,12,1865.2613757862462,1334,0
2175,304.291873663224,-1840.7081397175718,12,1865.6902208030142,1333,0
2176,1019.2392987607948,1563.186249895259,12,1866.1189672687,1332,0
2177,-1807.8876550177495,-464.2652548214476,12,1866.5476152512158,1336,0
2178,1647.0648361335466,-879.0775992893762,12,1866.9761648183942,1325,0
2179,-620.828404961305,1761.1848544639495,12,1867.4046160379921,1327,0
2180,-732.0516136404127,-1718.400545555799,12,1867.8329689776867,1337,0
2181,1700.944868630128,772.77846364973,12,1868.2612237050794,1336,0
2182,-1776.6352262779437,579.2816868746328,12,1868.6893802876925,1335,0
2183,918.9468202990549,-1627.616890260806,12,1869.1174387929723,1339,0
2184,421.93321162539274,1821.3106173652757,12,1869.545399288287,1334,0
2185,-1541.7508267819553,-1058.2081024624392,12,1869.9732618409278,1334,0
2186,1852.0719527221086,-261.2077371367761,12,1870.4010265181098,1332,0
2187,-1189.4888409195678,1443.993177728975,12,1870.8286933869706,1327,0
2188,-98.33379301170345,-1868.6707749499194,12,1871.256262514571,1336,0
2189,1335.08216798786,1311.7757448286786,12,1871.6837339678943,1333,0
2190,-1870.9669368805314,-65.44250224342659,12,1872.1111078138497,1334,0
2191,1424.1235231497435,-1215.8421734795852,12,1872.5383841192681,1337,0
2192,-228.8669760771496,1858.9297746986842,12,1872.9655629509048,1337,0
2193,-1087.1774813759619,-1525.662191964204,12,1873.392644375439,1333,0
2194,1832.6384429051025,390.68700718908207,12,1873.8196284594737,1335,0
2195,-1615.6038112033339,950.0654320757397,12,1874.246515269536,1332,0
2196,549.6611276920077,-1792.2814077885064,12,1874.6733048720782,1339,0
2197,805.5489949527365,1693.2485986206032,12,1875.0999973334756,1324,0
2198,-1738.1551025236695,-704.5685485252179,12,1875.5265927200287,1333,0
2199,1757.990373570671,-654.7288342763384,12,1875.9530910979624,1338,0
2200,-854.218535025953,1670.661753443262,12,1876.3794925334266,1336,0
2201,-498.7549256647829,-1809.3212882528956,12,1876.8057970924963,1331,0
2202,1590.306393394487,997.4595606482599,12,1877.2320048411705,1336,0
2203,-1846.8358095018052,338.8177869324628,12,1877.658115845374,1326,0
2204,1133.188168454192,-1497.6930843385214,12,1878.084130170957,1338,0
2205,176.139390206818,1870.2339199195299,12,1878.5100478836944,1335,0
2206,-1393.5203774335612,-1260.3574721789946,12,1878.9358690492872,1332,0
2207,1879.3235131021684,-11.96382469464854,12,1879.3615937333614,1333,0
2208,-1377.9852313735173,1278.5760447139908,12,1879.7872220014688,1339,0
2209,152.45221854776713,-1874.0219638680503,12,1880.2127539190878,1337,0
2210,1153.7311220936854,1485.1614383333704,12,1880.6381895516213,1335,0
2211,-1854.3568607037644,-315.8490670571632,12,1881.0635289643997,1332,0
2212,1581.0553582111106,-1019.9333087373586,12,1881.4887722226777,1331,0
2213,-476.97371896238934,1820.4658940554716,12,1881.9139193916387,1334,0
2214,-878.1997728192229,-1664.9219678472218,12,1882.338970536391,1334,0
2215,1772.5959005593106,634.5894525757003,12,1882.7639257219691,1330,0
2216,-1736.1077434164517,729.6094182844927,12,1883.1887850133348,1329,0
2217,787.4853198702417,-1711.101069776085,12,1883.6135484753765,1338,0
2218,575.2946714109356,1794.0557519336414,12,1884.0382161729099,1332,0
2219,-1636.4403264223156,-934.4854509615571,12,1884.4627881706763,1329,0
2220,1838.310006959892,-416.432849702232,12,1884.887264533346,1327,0
2221,-1074.4580980943347,1549.1739074227607,12,1885.3116453255147,1331,0
2222,-254.23717890338102,-1868.519054455493,12,1885.7359306117066,1336,0
2223,1449.9591593000782,1206.3243495684774,12,1886.160120456373,1335,0
2224,-1884.4387605977524,89.94752668531768,12,1886.5842149238924,1330,0
2225,1329.0664465065822,-1339.5455874177508,12,1887.0082140785717,1333,0
2226,-75.17907622028139,1885.9342794749411,12,1887.4321179846443,1335,0
2227,-1218.7691943566,-1441.7356383496124,12,1887.8559267062728,1334,0
2228,1872.9811848354707,239.8780549619253,12,1888.2796403075472,1336,0
2229,-1543.4595164465188,1088.546150188718,12,1888.703258852486,1336,0
2230,402.8869759719841,-1845.6657564662542,12,1889.1267824050349,1330,0
2231,949.8658425731633,1633.4487690505555,12,1889.5502110290693,1333,0
2232,-1804.1844182470145,-562.9552246446264,12,1889.973544788392,1334,0
2233,1711.0033054202308,-803.7833593954558,12,1890.396783746735,1333,0
2234,-718.853601092369,1748.842331428575,12,1890.819927967759,1330,0
2235,-651.4114610706021,-1775.5177015129598,12,1891.2429775150522,1328,0
2236,1680.0511531630134,869.3837603473096,12,1891.6659324521333,1332,0
2237,-1826.485924918193,493.9121035930723,12,1892.0887928424504,1334,0
2238,1013.3874244999369,-1598.3259767223283,12,1892.5115587493779,1338,0
2239,332.4875769159876,1863.505302164857,12,1892.9342302362224,1336,0
2240,-1504.2814761306915,-1149.7552959521724,12,1893.3568073662186,1343,0
2241,1886.2796973135498,-168.3713262485693,12,1893.7792902025303,1334,0
2242,-1277.4356031896225,1398.6272840551785,12,1894.2016788082517,1333,0
2243,-2.8185263521208603,-1894.621876763066,12,1894.6239732464064,1328,0
2244,1282.162637703929,1395.4422132342502,12,1895.0461735799472,1334,0
2245,-1888.4550414175496,-162.90351912908582,12,1895.4682798717577,1336,0
2246,1502.8622482022,-1155.7703331235964,12,1895.8902921846507,1334,0
2247,-327.52507986014484,1867.8135137273757,12,1896.3122105813695,1332,0
2248,-1020.4100336261425,-1598.8631471377075,12,1896.7340351245875,1334,0
2249,1832.8425735850535,489.7837282455571,12,1897.1557658769086,1338,0
2250,-1682.6991184946376,877.1109830673479,12,1897.5774029008671,1338,0
2251,648.4340215366574,-1783.7974435775488,12,1897.9989462589278,1338,0
2252,726.9641793072341,1753.7169332603708,12,1898.4203960134857,1336,0
2253,-1721.041430618436,-802.2570623527394,12,1898.8417522268674,1332,0
2254,1811.3610137269452,-571.114067371916,12,1899.2630149613296,1337,0
2255,-950.0698642185004,1645.0432374572533,12,1899.684184279061,1333,0
2256,-410.7498155599444,-1855.177778278263,12,1900.1052602421794,1331,0
2257,1556.3734639396143,1090.734450150267,12,1900.5262429127358,1334,0
2258,-1884.81920821915,247.09624102389165,12,1900.9471323527123,1333,0
2259,1223.1666143063749,-1455.7003241211016,12,1901.367928624021,1332,0
2260,81.4044540472382,1900.0456086266115,12,1901.7886317885066,1332,0
2261,-1343.7846113727564,-1346.3442792383269,12,1902.2092419079454,1333,0
2262,1900.7275413369302,85.0577074889084,12,1902.6297590440452,1336,0
2263,-1459.3153843201178,1221.4739494097396,12,1903.0501832584448,1328,0
2264,251.0153803168934,-1886.8469145228412,12,1903.4705146127167,1331,0
2265,1089.6963726827146,1561.2052444704811,12,1903.890753168364,1333,0
2266,-1858.4972197628838,-415.1964404154147,12,1904.3108989868224,1332,0
2267,1651.2233222901514,-949.4532847513217,12,1904.73095212946,1330,0
2268,-576.3412552658348,1815.8829140334467,12,1905.1509126575775,1334,0
2269,-801.8118480706697,-1728.6693611831897,12,1905.5707806324067,1335,0
2270,1759.317950607252,733.2123489624944,12,1905.9905561151136,1339,0
2271,-1792.9388318842848,647.8968630279177,12,1906.410239166796,1326,0
2272,884.603906009921,-1689.2234693704652,12,1906.8298298484845,1334,0
2273,488.88219803256743,1843.5276500358887,12,1907.2493282211428,1335,0
2274,-1606.1246635241796,-1029.3510408113168,12,1907.6687343456674,1337,0
2275,1880.0361280103039,-325.98183596026405,12,1908.0880482828877,1338,0
2276,-1166.338761584908,1510.6468459651921,12,1908.507270093567,1336,0
2277,-160.44060524846506,-1902.172130010191,12,1908.9263998384015,1334,0
2278,1403.5107447970772,1294.5105597248537,12,1909.34543757802,1342,0
2279,-1909.7534055618348,-6.475333580117108,12,1909.7643833729855,1331,0
2280,1412.8765584344244,-1285.527063358254,12,1910.1832372837953,1337,0
2281,-173.4881732533522,1902.7090827925363,12,1910.6019993708787,1337,0
2282,-1157.5903458233092,-1520.521157780013,12,1911.0206696946007,1344,0
2283,1881.080309308662,339.31824285061487,12,1911.4392483152585,1337,0
2284,-1616.6101171201706,1020.6721947935624,12,1911.8577352930838,1330,0
2285,502.6938137602526,-1845.020035015114,12,1912.2761306882435,1332,0
2286,875.8138923014118,1700.3970201255504,12,1912.6944345608372,1328,0
2287,-1794.7919377902747,-662.3608533443314,12,1913.112646970899,1334,0
2288,1771.2290722910811,-724.1184802716169,12,1913.5307679783987,1331,0
2289,-817.0926514966421,1730.7684995025147,12,1913.9487976432388,1333,0
2290,-566.7423606756502,-1828.5521859153462,12,1914.366736025258,1332,0
2291,1653.4282463747243,965.6992461891042,12,1914.7845831842285,1330,0
2292,-1871.915312945418,404.8864793500233,12,1915.2023391798577,1330,0
2293,1107.0365755782832,-1563.3521741219758,12,1915.6200040717888,1335,0
2294,239.78716069705646,1900.9739918170485,12,1916.037577919598,1333,0
2295,-1461.2193845550773,-1240.01528627694,12,1916.4550607827987,1326,0
2296,1915.4930804164198,-72.70666322157062,12,1916.8724527208376,1327,0
2297,-1363.6091299701977,1347.8019664112085,12,1917.2897537930985,1333,0
2298,95.07647194197146,-1915.348653504909,12,1917.7069640588993,1332,0
2299,1223.9591589953554,1476.8628836528399,12,1918.1240835774934,1328,0
2300,-1900.5290493350028,-262.27720570760687,12,1918.5411124080713,1337,0
2301,1578.8997323600806,-1090.6308427480242,12,1918.9580506097573,1335,0
2302,-427.6138440317182,1871.1350566948443,12,1919.3748982416125,1335,0
2303,-948.8304060530236,-1668.9280573317874,12,1919.7916553626333,1329,0
2304,1827.379240201033,589.8178638209381,12,1920.208322031753,1337,0
2305,-1746.2475770587757,799.637042423846,12,1920.6248983078399,1334,0
2306,747.6436464180705,-1769.584408263898,12,1921.041384249699,1331,0
2307,644.1875366209939,1810.2547935752514,12,1921.457779916072,1336,0
2308,-1698.181234725813,-899.8780439732448,12,1921.8740853656361,1333,0
2309,1860.4477016464273,-483.66760222132655,12,1922.2903006570057,1334,0
2310,-1045.3497052240155,1613.7050516708634,12,1922.7064258487305,1333,0
2311,-319.30283665329927,-1896.4297241145416,12,1923.1224609992987,1339,0
2312,1516.7918372733404,1182.9380889890076,12,1923.5384061671348,1334,0
2313,-1917.9128425672527,152.34936270165448,12,1923.954261410598,1335,0
2314,1311.5820960118222,-1408.1734287442139,12,1924.3700267879876,1334,0
2315,-15.915772051656873,1924.719898634604,12,1924.785702357538,1335,0
2316,-1288.6719964013082,-1430.2882526578574,12,1925.2012881774208,1329,0
2317,1916.786047557636,184.204364466144,12,1925.6167843057456,1334,0
2318,-1538.1383833449388,1159.193820584383,12,1926.032190800559,1335,0
2319,351.226919020431,-1894.15935215478,12,1926.4475077198445,1337,0
2320,1020.722418516855,1634.29671245374,12,1926.8627351215239,1335,0
2321,-1857.000511891847,-515.7025294037426,12,1927.2778730634564,1325,0
2322,1718.0163407866844,-874.3110732399147,12,1927.6929216034384,1329,0
2323,-676.3687027898826,1805.5817283873726,12,1928.1078807992046,1336,0
2324,-721.0748213734907,-1788.6450463915942,12,1928.5227507084276,1334,0
2325,1740.2847153064795,831.9910514366399,12,1928.9375313887176,1334,0
2326,-1845.6303647027787,562.1819606560564,12,1929.3522228976233,1330,0
2327,981.3727772059054,-1661.5978671625599,12,1929.766825292631,1337,0
2328,398.84514194909843,1888.5239084384407,12,1930.1813386311662,1325,0
2329,-1570.1126080065067,-1123.3638761234076,12,1930.5957629705917,1332,0
2330,1916.984893487503,-232.3121136331606,12,1931.010098368209,1333,0
2331,-1256.869992180671,1466.5189472883603,12,1931.424344881259,1334,0
2332,-63.856189045449106,-1930.782843077023,12,1931.8385025669202,1328,0
2333,1351.6002762775745,1380.8608522100933,12,1932.2525714823103,1334,0
2334,-1929.7994487870485,-105.23349020727164,12,1932.6665516844855,1330,0
2335,1494.3782168172027,-1226.227444278686,12,1933.0804432304417,1335,0
2336,-273.6618205995595,1914.0295734251688,12,1933.494246177112,1333,0
2337,-1091.3521594339559,-1596.543286008507,12,1933.9079605813715,1333,0
2338,1883.5813873388076,440.1376571833098,12,1934.3215865000318,1333,0
2339,-1686.5635022812537,947.9997641206412,12,1934.7351239898449,1333,0
2340,603.383712230638,-1838.6756363792867,12,1935.1485731075018,1327,0
2341,797.2614397877179,1763.7386985116632,12,1935.5619339096336,1344,0
2342,-1779.6440463870326,-762.1463561280007,12,1935.97520645281,1336,0
2343,1827.466542956094,-640.2859004976627,12,1936.3883907935412,1333,0
2344,-915.2052453105199,1706.9268756909626,12,1936.8014869882766,1331,0
2345,-478.2706384090895,-1877.2472390273376,12,1937.214495093406,1329,0
2346,1621.0696336562928,1061.3827032872978,12,1937.627415165258,1335,0
2347,-1912.6874431851218,312.45278792477023,12,1938.0402472601027,1334,0
2348,1199.5527826383416,-1522.718989723518,12,1938.4529914341485,1331,0
2349,144.09967820972773,1933.503370242693,12,1938.8656477435459,1333,0
2350,-1412.6179036078604,-1328.6499382480451,12,1939.2782162443843,1331,0
2351,1939.5230615945563,25.500853767650653,12,1939.6906969926933,1332,0
2352,-1447.6772449611633,1291.6000133251996,12,1940.1030900444441,1330,0
2353,195.05031562135687,-1930.6877982667238,12,1940.5153954555476,1330,0
2354,1160.5833234311842,1555.7140962829342,12,1940.9276132818554,1333,0
2355,-1907.0526472312897,-363.24950197919037,12,1941.3397435791603,1333,0
2356,1651.9233246695364,-1020.5632412607976,12,1941.7517864031952,1332,0
2357,-528.8084508244452,1868.786136061762,12,1942.1637418096343,1339,0
2358,-872.6050139944274,-1735.5576883387616,12,1942.5756098540928,1333,0
2359,1816.169057683567,690.4563374412489,12,1942.987390592126,1333,0
2360,-1805.9656743403705,717.8356240145307,12,1943.3990840792326,1335,0
2361,846.9512300706409,-1749.5924136443405,12,1943.81069037085,1329,0
2362,557.4352042183874,1862.5965728246158,12,1944.2222095223578,1329,0
2363,-1669.5545109398395,-997.0896323803759,12,1944.6336415890783,1330,0
2364,1905.0047829962718,-392.6280386846143,12,1945.0449866262732,1334,0
2365,-1139.7157394223852,1576.6572339328818,12,1945.4562446891475,1333,0
2366,-224.67321732506656,-1932.8533170980159,12,1945.8674158328463,1335,0
2367,1471.60151924461,1273.7303358862716,12,1946.2785001124578,1334,0
2368,-1945.9164748864562,54.85501586425436,12,1946.6894975830119,1331,0
2369,1398.0992681392668,-1355.1820676309314,12,1947.1004082994796,1333,0
2370,-115.52692534576865,1944.081667399843,12,1947.511232316774,1339,0
2371,-1228.281332734885,-1511.8614247526177,12,1947.9219696897512,1333,0
2372,1927.3503753201114,285.1675485629916,12,1948.3326204732086,1336,0
2373,-1614.1361639272677,1091.8628321827632,12,1948.7431847218863,1336,0
2374,452.76637580386773,-1895.8382338536774,12,1949.1536624904666,1329,0
2375,946.9638317249529,1704.130130419856,12,1949.5640538335745,1334,0
2376,-1849.7742427446506,-617.0374793142271,12,1949.9743588057768,1330,0
2377,1781.1434092018187,-794.6874579713227,12,1950.3845774615836,1327,0
2378,-776.7193489144338,1789.4991067396315,12,1950.7947098554478,1331,0
2379,-636.1942996980217,-1844.574968124566,12,1951.204756041764,1338,0
2380,1715.4627184936123,930.5845804968542,12,1951.6147160748715,1334,0
2381,-1893.927347274024,472.69356167349963,12,1952.0245900090501,1336,0
2382,1077.4493112611501,-1628.22080249052,12,1952.4343778985249,1336,0
2383,305.4338384355637,1928.810558437121,12,1952.844079797463,1327,0
2384,-1528.4307449990954,-1216.1823291519695,12,1953.2536957599746,1338,0
2385,1948.9451641273126,-135.69357842124543,12,1953.663225840114,1324,0
2386,-1345.7137864003287,1416.8466413455235,12,1954.0726700918776,1340,0
2387,35.22868871604773,-1954.1645118800382,12,1954.4820285692065,1329,0
2388,1294.31359781038,1465.0434500461581,12,1954.8913013259842,1334,0
2389,-1944.4161059842468,-206.02428689127393,12,1955.3004884160387,1338,0
2390,1573.2484258127597,-1161.7613312026158,12,1955.7095898931416,1332,0
2391,-375.3844144584276,1919.7621054135077,12,1956.1186058110077,1332,0
2392,-1020.1971145831973,-1669.490295687914,12,1956.527536223296,1330,0
2393,1880.3789434092346,542.0101744277231,12,1956.9363811836092,1330,0
2394,-1753.0216140109853,870.6981226638306,12,1957.3451407454943,1343,0
2395,704.6225371541452,-1826.5560708980317,12,1957.7538149624434,1333,0
2396,714.4032350528526,1823.19171173687,12,1958.16240388789,1331,0
2397,-1758.6938326435077,-861.9721590757383,12,1958.5709075752147,1333,0
2398,1879.4517638090465,-552.5043597249389,12,1958.9793260777412,1335,0
2399,-1012.8489821197902,1677.3004916886252,12,1959.3876594487367,1332,0
2400,-386.23734282112645,-1921.359080185293,12,1959.7959077414155,1324,0
2401,1582.9884241866414,1156.0915400136334,12,1960.2040710089348,1336,0
2402,-1948.5805869781027,216.87253411179756,12,1960.6121493043952,1334,0
2403,1290.5958999221946,-1476.469513096705,12,1961.0201426808446,1330,0
2404,45.70508015256573,1960.8954703523204,12,1961.4280511912743,1338,0
2405,-1358.5497753852005,-1415.3241705704108,12,1961.8358748886208,1335,0
2406,1958.1969622179136,125.95498068967265,12,1962.2436138257656,1333,0
2407,-1529.3125112746466,1230.123263278454,12,1962.6512680555347,1329,0
2408,296.79274558283635,-1940.4932533171564,12,1963.0588376307012,1338,0
2409,1092.1652857110491,1631.6785800787181,12,1963.4663226039809,1331,0
2410,-1907.9075259827443,-465.49852018927345,12,1963.8737230280362,1333,0
2411,1721.6283634385425,-945.7250013634653,12,1964.281038955475,1343,0
2412,-630.77786006695,1860.6771055853187,12,1964.68827043885,1333,0
2413,-791.9174395426002,-1798.4623345926077,12,1965.0954175306604,1332,0
2414,1799.1517364439642,791.361503518252,12,1965.5024802833498,1332,0
2415,-1861.5808928577924,631.9150095913088,12,1965.9094587493087,1333,0
2416,946.0151196608327,-1723.7909946896407,12,1966.316352980873,1331,0
2417,466.938563484107,1910.4890415627615,12,1966.7231630303236,1330,0
2418,-1635.160857197708,-1093.5487968483417,12,1967.129888949888,1330,0
2419,1944.8002681325775,-298.2480797447906,12,1967.5365307917411,1336,0
2420,-1232.8261984973944,1533.929452190831,12,1967.9430886080013,1333,0
2421,-127.13303978083883,-1964.239595924103,12,1968.349562450735,1330,0
2422,1420.862023407739,1362.7733158664598,12,1968.7559523719542,1328,0
2423,-1968.6457837357543,-45.09742985400875,12,1969.162258423617,1327,0
2424,1482.3867503638564,-1296.8151457882059,12,1969.5684806576287,1335,0
2425,-217.12457390266206,1957.972655428974,12,1969.9746191258405,1340,0
2426,-1162.7302363935087,-1590.7414615129308,12,1970.38067388005,1330,0
2427,1932.2895487525818,387.6301069080468,12,1970.786644972002,1331,0
2428,-1686.9979207459664,1019.6264097201414,12,1971.1925324533877,1336,0
2429,555.3063164397375,-1891.7808792040714,12,1971.5983363758448,1327,0
2430,868.5927316306611,1770.4086157038398,12,1972.004056790959,1329,0
2431,-1836.7448215422983,-718.8660936068355,12,1972.4096937502616,1332,0
2432,1840.3238546517296,-710.7799307801253,12,1972.815247305231,1333,0
2433,-877.0528139138021,1767.5911183319183,12,1973.220717507294,1330,0
2434,-547.3916306236011,-1896.1968259448265,12,1973.626104407823,1339,0
2435,1684.8380315994953,1028.6499925999792,12,1974.031408058139,1333,0
2436,-1937.5878731514952,379.675168817063,12,1974.4366285095098,1336,0
2437,1172.4906402699842,-1589.1084602629494,12,1974.8417658131498,1328,0
2438,208.91207404168858,1964.1679524214828,12,1975.2468200202222,1336,0
2439,-1481.125252409473,-1307.4662468587765,12,1975.6517911818369,1336,0
2440,1975.7212449279643,-36.40827296502785,12,1976.0566793490516,1330,0
2441,-1432.5353247652733,1361.7057476928162,12,1976.4614845728715,1342,0
2442,136.51589781927206,-1972.1469036668132,12,1976.866206904251,1331,0
2443,1231.7555910513126,1546.7314453109925,12,1977.2708463940899,1334,0
2444,-1953.4599205151899,-308.5357984752961,12,1977.6754030932377,1330,0
2445,1649.1707065102828,-1092.2618645674552,12,1978.0798770524914,1340,0
2446,-478.3326338625694,1919.7911061837165,12,1978.4842683225966,1338,0
2447,-944.2855895549511,-1739.0585744473524,12,1978.8885769542455,1335,0
2448,1871.3861824906655,644.6035649785174,12,1979.292802998081,1336,0
2449,-1815.696045309803,788.953655829252,12,1979.6969465046916,1338,0
2450,806.0717063728375,-1808.6039931906546,12,1980.101007524616,1333,0
2451,627.4502395550142,1878.4850802927222,12,1980.504986108341,1330,0
2452,-1731.9138463521808,-961.4959328117795,12,1980.9088823063012,1338,0
2453,1926.9332711222553,-461.0077750343099,12,1981.3126961688808,1330,0
2454,-1109.6804198700036,1641.892007946056,12,1981.7164277464117,1331,0
2455,-290.89754927195935,-1960.6576998108487,12,1982.1200770891758,1330,0
2456,1539.2173728292316,1249.4838451059213,12,1982.5236442474022,1332,0
2457,-1979.38796240338,118.41999110198732,12,1982.92712927127,1330,0
2458,1379.8281790185483,-1424.6663456354813,12,1983.330532210907,1333,0
2459,-55.10527093925056,1982.9683328572628,12,1983.7338531163903,1338,0
2460,-1299.1069701673182,-1499.7069980708536,12,1984.1370920377453,1334,0
2461,1971.3590497713292,228.34950598738482,12,1984.5402490249476,1332,0
2462,-1608.1932556731776,1163.492351675466,12,1984.943324127921,1331,0
2463,399.98505617627336,-1944.636715388163,12,1985.3463173965392,1336,0
2464,1018.85342186861,1704.446451123245,12,1985.7492288806259,1341,0
2465,-1902.9938030914202,-568.695512023484,12,1986.152058629953,1332,0
2466,1787.719141065574,-866.2911015748496,12,1986.5548066942426,1335,0
2467,-733.1858098556409,1846.7372764490156,12,1986.9574731231667,1340,0
2468,-706.9679206380644,-1857.3627430280526,12,1987.3600579663464,1336,0
2469,1776.2863296672488,892.1921738264994,12,1987.762561273353,1336,0
2470,-1912.8325859791444,542.0991588412028,12,1988.164983093707,1337,0
2471,1044.4918261965743,-1692.1692660631045,12,1988.5673234768794,1335,0
2472,372.94357537165064,1953.6921685846544,12,1988.969582472291,1336,0
2473,-1595.0195377829723,-1188.9123912595887,12,1989.3717601293129,1337,0
2474,1979.616591884518,-200.79379755242962,12,1989.7738564972653,1336,0
2475,-1324.3409205890339,1485.5709764442056,12,1990.1758716254199,1331,0
2476,-26.96644223197621,-1990.3951394116068,12,1990.5778055629978,1333,0
2477,1364.6522506018187,1449.7324701224672,12,1990.9796583591703,1331,0
2478,-1985.9329842879868,-147.20795466621706,12,1991.3814300630606,1336,0
2479,1564.1181629804641,-1233.1805918982905,12,1991.7831207237398,1334,0
2480,-320.39512340139777,1966.252009509616,12,1992.1847303902318,1330,0
2481,-1092.1548373940218,-1666.6126758058808,12,1992.5862591115097,1330,0
2482,1931.490734417127,491.26728250595704,12,1992.987706936498,1331,0
2483,-1756.4210907779247,942.6478408560033,12,1993.3890739140716,1330,0
2484,658.5133193884868,-1881.9033471961193,12,1993.7903600930567,1331,0
2485,785.7983106618992,1832.8450602712999,12,1994.1915655222294,1332,0
2486,-1817.8578501028853,-820.8488513845376,12,1994.5926902503174,1327,0
2487,1895.288236356876,-622.8021364183351,12,1994.9937343260003,1334,0
2488,-977.0260900437751,1739.8333309181583,12,1995.394697797907,1332,0
2489,-454.9032703612708,-1943.2609229371697,12,1995.7955807146182,1336,0
2490,1648.4163808400804,1125.8434328884682,12,1996.1963831246665,1333,0
2491,-1976.383914234811,283.3842330721427,12,1996.597105076535,1337,0
2492,1266.1547089064622,-1544.2966855866757,12,1996.9977466186585,1330,0
2493,109.55631597899509,1994.3914895599385,12,1997.3983077994233,1329,0
2494,-1428.2618228371762,-1396.8780066368813,12,1997.798788667167,1334,0
2495,1997.1335407257552,65.25044450583049,12,1998.1991892701787,1336,0
2496,-1517.0040168493656,1301.1913052518023,12,1998.5995096566994,1336,0
2497,239.69744454944643,-1984.576815111087,12,1998.999749874922,1333,0
2498,1164.0499141238804,1625.6038254839912,12,1999.39990997299,1330,0
2499,-1956.80526413401,-412.4477642774018,12,1999.7999899989998,1341,0
2500,1721.8360966814605,-1017.8803741917574,12,2000.1999900009998,1335,0
2501,-582.176414453582,1914.01949374973,12,2000.59991002699,1335,0
2502,-863.7954252285779,-1804.9535903602011,12,2000.999750124922,1337,0
2503,1856.5353204664293,747.580499919984,12,2001.3995103427003,1335,0
2504,-1874.308963853518,702.9693506962819,12,2001.799190728181,1336,0
2505,907.3892218306717,-1784.7814432320638,12,2002.1987913291728,1333,0
2506,536.6290279600673,1929.3598125675348,12,2002.5983121934364,1332,0
2507,-1699.2962483304193,-1060.3736418876892,12,2002.997753368685,1335,0
2508,1969.6729104178467,-366.04456827835975,12,2003.397114902585,1336,0
2509,-1205.3561335498148,1600.7237710841434,12,2003.796396842753,1332,0
2510,-192.5196179821825,-1994.9276169054344,12,2004.1955992367614,1335,0
2511,1489.8088446446918,1341.2194475246947,12,2004.594722132132,1334,0
2512,-2004.9184240539369,17.38139491174791,12,2004.993765576342,1332,0
2513,1466.9153217536536,-1367.3914724044373,12,2005.39272961682,1342,0
2514,-158.02946373365492,1999.5566230022228,12,2005.7916143009472,1329,0
2515,-1234.4004665463376,-1581.4725695345412,12,2006.1904196760586,1332,0
2516,1978.8710767782018,332.36916447029233,12,2006.5891457894413,1327,0
2517,-1684.004583375437,1091.8464009056038,12,2006.9877926883362,1336,0
2518,504.30105295499925,-1943.0080926204296,12,2007.3863604199369,1334,0
2519,940.8139316119876,1773.716196601022,12,2007.7848490313897,1338,0
2520,-1892.2303941109515,-672.5058628760886,12,2008.1832585697948,1330,0
2521,1849.9098496103868,-782.4535438698432,12,2008.5815890822062,1338,0
2522,-835.6918397198051,1826.9152002831786,12,2008.9798406156292,1334,0
2523,-617.9727876781485,-1911.9910129729426,12,2009.3780132170257,1335,0
2524,1747.5514257194684,992.6046617187794,12,2009.7761069333071,1331,0
2525,-1959.4728252076784,448.6270692598017,12,2010.174121811342,1329,0
2526,1142.0370817820624,-1654.7360224019756,12,2010.5720578979506,1342,0
2527,275.71006842792997,1991.979909077264,12,2010.9699152399069,1334,0
2528,-1549.1694906753676,-1282.8382162847436,12,2011.3676938839403,1338,0
2529,2009.2513364966924,-100.54385503975102,12,2011.765393876731,1333,0
2530,-1413.9224092434367,1431.650593070542,12,2012.163015264916,1337,0
2531,75.53121994710794,-2011.1427186585493,12,2012.5605580950848,1327,0
2532,1303.0703108753326,1534.2776036021849,12,2012.9580224137808,1334,0
2533,-1997.6274046638687,-251.16678151359392,12,2013.3554082675025,1331,0
2534,1642.97315507751,-1164.4050891741472,12,2013.7527157027005,1334,0
2535,-425.01675721509827,1968.7967787677737,12,2014.1499447657814,1332,0
2536,-1016.7094215685236,-1739.1670282332855,12,2014.5470955031058,1334,0
2537,1924.8596532505649,595.7476943204366,12,2014.9441679609886,1329,0
2538,-1822.1123191438523,861.1078308923985,12,2015.341162185698,1334,0
2539,762.0489883706383,-1866.1407608546808,12,2015.7380782234582,1334,0
2540,698.7863069099933,1891.1630541217469,12,2016.1349161204466,1343,0
2541,-1793.078357633033,-922.6429446909708,12,2016.531675922796,1332,0
2542,1945.779219495726,-530.983266194523,12,2016.9283576765934,1336,0
2543,-1076.2945956083283,1706.2209538815027,12,2017.3249614278807,1332,0
2544,-358.9801030997252,-1985.5309832834419,12,2017.7214872226546,1330,0
2545,1606.2231975256407,1221.8211979379419,12,2018.117935106866,1332,0
2546,-2010.1020757665633,184.09140392466387,12,2018.5143051264215,1340,0
2547,1358.1013376948888,-1493.8409408472355,12,2018.9105973271824,1330,0
2548,7.654899010526082,2019.2923023973374,12,2019.3068117549649,1335,0
2549,-1369.9255277204525,-1484.0835719392085,12,2019.7029484555396,1335,0
2550,2013.0191690954741,168.9787704244721,12,2020.0990074746335,1332,0
2551,-1598.7945411563774,1235.417344531219,12,2020.4949888579283,1337,0
2552,344.45639242570235,-1991.3186067822169,12,2020.89089265106,1334,0
2553,1091.3386836313032,1701.3464895810894,12,2021.2867188996227,1327,0
2554,-1954.34478889254,-517.4325522506039,12,2021.6824676491608,1332,0
2555,1790.9441353614397,-938.7859734862178,12,2022.0781389451795,1334,0
2556,-686.5799486822589,1902.3690425539064,12,2022.4737328331362,1327,0
2557,-778.9214345727971,-1866.890837398656,12,2022.8692493584451,1336,0
2558,1835.7778610676407,850.599579598955,12,2023.2646885664765,1335,0
2559,-1928.5940110469658,612.9642245300914,12,2023.6600505025542,1333,0
2560,1008.2307186309646,-1755.070032223469,12,2024.05533521196,1336,0
2561,442.1811400317306,1975.5697505783587,12,2024.4505427399304,1332,0
2562,-1660.8529037663172,-1158.2606062760622,12,2024.8456731316585,1335,0
2563,2007.4466223643149,-267.8769462983035,12,2025.2407264322926,1330,0
2564,-1299.5337809741918,1553.8378139648044,12,2025.635702686937,1334,0
2565,-91.38440807774714,-2023.9685990549065,12,2026.030601940652,1334,0
2566,1434.834721652183,1430.9609783433307,12,2026.4254242384543,1332,0
2567,-2024.9971115968024,-85.94590173246786,12,2026.820169625317,1337,0
2568,1551.5275300327264,-1304.7460762732906,12,2027.2148381461695,1333,0
2569,-262.75593788388596,2010.5122026754175,12,2027.609429845896,1331,0
2570,-1164.5599743279665,-1660.3011974317326,12,2028.0039447693387,1328,0
2571,1980.6127720412524,437.6905838912528,12,2028.398382961296,1330,0
2572,-1756.4393797539533,1015.3426541072467,12,2028.7927444665213,1335,0
2573,609.4080387950968,-1935.5159111337512,12,2029.1870293297268,1338,0
2574,858.2303857309306,1839.1956407647715,12,2029.5812375955784,1329,0
2575,-1875.555331394489,-776.5901099535764,12,2029.9753693087016,1337,0
2576,1907.9255035996546,-694.4208181744006,12,2030.369424513677,1341,0
2577,-937.952332902944,1801.1788976117623,12,2030.7634032550416,1337,0
2578,-525.1638491825803,-1962.0914686914412,12,2031.157305577291,1330,0
2579,1712.9452845073265,1092.2538405902326,12,2031.5511315248748,1336,0
2580,-2001.2672157447698,351.7520876770691,12,2031.9448811422026,1333,0
2581,1238.3069061426072,-1611.5197815104611,12,2032.3385544736389,1333,0
2582,175.51098143993184,2025.1409569197876,12,2032.7321515635062,1332,0
2583,-1497.6692772129393,-1374.9860857814062,12,2033.1256724560833,1333,0
2584,2033.5179148677523,2.2113145203999363,12,2033.5191171956067,1334,0
2585,-1501.2368914969666,1372.2564613105399,12,2033.9124858262708,1335,0
2586,180.05425146967184,-2026.3219059487308,12,2034.3057783922259,1333,0
2587,1236.2332878638792,1616.0839266502414,12,2034.6989949375804,1334,0
2588,-2003.5960158050525,-356.6553034094951,12,2035.0921355064,1332,0
2589,1718.6384217322025,-1090.633749407126,12,2035.4852001427084,1338,0
2590,-530.6604067447463,1965.5023614113268,12,2035.878188890485,1335,0
2591,-936.5660167536928,-1808.1051120612767,12,2036.2711017936685,1334,0
2592,1912.3209407193065,700.7343431618181,12,2036.6639388961544,1333,0
2593,-1883.7884041981451,775.2040042521753,12,2037.0567002417977,1332,0
2594,865.5709860964574,-1844.4475780102853,12,2037.4493858744077,1334,0
2595,607.7784246957281,1945.097783268075,12,2037.841995837754,1333,0
2596,-1762.3909800051947,-1023.9033321541297,12,2038.2345301755636,1333,0
2597,1991.5524191625093,-435.56740204927763,12,2038.626988931521,1331,0
2598,-1174.513240433622,1666.768924610161,12,2039.0193721492694,1333,0
2599,-259.8867136006937,-2022.7849356997476,12,2039.411679872409,1331,0
2600,1558.3036108402737,1316.2408048841837,12,2039.8039121444979,1331,0
2601,-2038.5443132127414,82.07973603754084,12,2040.1960690090548,1330,0
2602,1447.9932875816896,-1437.8162049157636,12,2040.5881505095533,1332,0
2603,-96.49282772235046,2038.6979016514795,12,2040.9801566894275,1334,0
2604,-1306.2206237128596,-1568.7535441194034,12,2041.3720875920687,1335,0
2605,2023.2325280876005,274.46336237876596,12,2041.7639432608269,1331,0
2606,-1677.58787614895,1164.5166026287714,12,2042.1557237390102,1328,0
2607,450.4678150691452,-1992.2546894377813,12,2042.5474290698858,1336,0
2608,1013.7821004411885,1773.6532504480836,12,2042.939059296679,1338,0
2609,-1945.9898282270296,-623.1561509260224,12,2043.330614462574,1330,0
2610,1856.203828700813,-855.1650988648,12,2043.722094610713,1335,0
2611,-791.2027092232842,1884.7806962396808,12,2044.1134997841975,1326,0
2612,-689.8748591910764,-1924.596757415977,12,2044.5048300260873,1339,0
2613,1809.084817900778,953.3163806632662,12,2044.8960853794015,1336,0
2614,-1978.297173042541,519.1727026066463,12,2045.2872658871172,1333,0
2615,1108.2505276668494,-1719.4710721399617,12,2045.6783715921717,1334,0
2616,344.3623844874405,2016.8823833208828,12,2046.0694025374605,1333,0
2617,-1616.615418260975,-1254.8125714388152,12,2046.460358765837,1331,0
2618,2040.0451921935294,-166.7801361315746,12,2046.8512403201169,1338,0
2619,-1391.8731720765836,1501.2957979204066,12,2047.242047243071,1340,0
2620,12.215550000944082,-2047.596342138307,12,2047.6327795774318,1341,0
2621,1374.3862516587287,1518.3749310534176,12,2048.0234373658914,1342,0
2622,-2039.4660545316558,-191.25431344960796,12,2048.414020651099,1328,0
2623,1633.3405490141688,-1236.8502944762938,12,2048.804529475665,1332,0
2624,-368.9644177968774,2015.704655548479,12,2049.1949638821584,1336,0
2625,-1089.7336006600892,-1735.8803759454154,12,2049.585323913108,1333,0
2626,1976.4822821045093,543.9832612562166,12,2049.975609611002,1327,0
2627,-1825.1992953912345,934.1560533997205,12,2050.3658210182884,1331,0
2628,714.9678252638952,-1922.087669394249,12,2050.755958177374,1332,0
2629,771.3032196420692,1900.602889445814,12,2051.146021130626,1336,0
2630,-1852.9260286180222,-880.6049809476687,12,2051.5360099203717,1330,0
2631,1961.502836726279,-602.4173150854491,12,2051.925924588897,1334,0
2632,-1039.6215743738871,1769.5160304717103,12,2052.315765178448,1333,0
2633,-428.7877281713147,-2007.421501371768,12,2052.7055317312324,1337,0
2634,1672.4859168386104,1190.7942131101051,12,2053.0952242894145,1339,0
2635,-2037.9956772835246,251.74117536403648,12,2053.484842895121,1335,0
2636,1332.958678870802,-1562.5687698219897,12,2053.874387590439,1331,0
2637,72.63156289015843,2052.979458268429,12,2054.2638584174133,1334,0
2638,-1440.5969737377525,-1465.0188938227482,12,2054.653255418052,1333,0
2639,2052.246211425859,107.17036758455289,12,2055.042578634321,1337,0
2640,-1585.9553714927065,1307.495911899319,12,2055.4318281081473,1330,0
2641,286.28753014721934,-2035.7896379739743,12,2055.8210038814177,1331,0
2642,1164.2769459235979,1694.8330871182623,12,2056.21010599598,1339,0
2643,-2003.7239126940342,-463.3470423970695,12,2056.5991344936433,1333,0
2644,1790.8087066830344,-1012.0297308222911,12,2056.988089416174,1332,0
2645,-636.9907489754049,1956.282900226793,12,2057.376970805302,1335,0
2646,-851.9139242740216,-1873.1371187470602,12,2057.765778702718,1325,0
2647,1893.818453529309,805.8856401945982,12,2058.1545131500698,1331,0
2648,-1941.177218484779,685.150353160309,12,2058.5431741889697,1339,0
2649,968.7340858375109,-1816.7978068394302,12,2058.9317618609903,1332,0
2650,513.0117046559211,1994.3968990364044,12,2059.3202762076617,1326,0
2651,-1725.800082444846,-1124.2838055550578,12,2059.7087172704787,1339,0
2652,2032.3772113202792,-336.8128128590189,12,2060.0970850908943,1333,0
2653,-1271.337499249272,1621.5119373605012,12,2060.485379710324,1329,0
2654,-157.90061510006961,-2054.8156597979832,12,2060.873601170145,1331,0
2655,1504.72238263014,1408.7620633775869,12,2061.261749511692,1331,0
2656,-2061.528608282059,-22.356145343868903,12,2061.649824776264,1334,0
2657,1535.4973222320396,-1376.3168143339078,12,2062.0378270051206,1333,0
2658,-202.57739140142246,2052.452776677942,12,2062.425756239482,1330,0
2659,-1237.2703014553363,-1650.5642069112675,12,2062.81361252053,1332,0
2660,2027.6458165049153,381.38227909817164,12,2063.2013958894076,1327,0
2661,-1753.0723188857892,1088.6401814908372,12,2063.589106387219,1334,0
2662,557.3997782729954,-1987.2859600926124,12,2063.9767440550295,1335,0
2663,931.5580200289812,1842.2268197265184,12,2064.364308933866,1333,0
2664,-1931.6707454463078,-729.2791860370796,12,2064.7518010647186,1331,0
2665,1917.3345936872938,-767.220995443933,12,2065.139220488536,1323,0
2666,-895.7004923601878,1861.2148258558752,12,2065.526567246231,1338,0
2667,-596.8827742995607,-1977.8096353654616,12,2065.913841378677,1335,0
2668,1776.446880358157,1055.3845182045131,12,2066.301042926708,1333,0
2669,-2023.1776205682374,421.84394701340096,12,2066.6881719311214,1337,0
2670,1207.102748372404,-1678.005648045259,12,2067.0752284326763,1332,0
2671,243.4420967521676,2053.0796247415515,12,2067.4622124720927,1333,0
2672,-1566.6351159639537,-1349.6867834533348,12,2067.849124090053,1337,0
2673,2067.274959824985,-63.04157739623544,12,2068.235963327202,1335,0
2674,-1482.0373381560275,1443.1788968493809,12,2068.622730224146,1336,0
2675,117.9769213028877,-2065.6431071315037,12,2069.009424821453,1332,0
2676,1308.5738391766072,1603.1327167214183,12,2069.396047159654,1328,0
2677,-2048.1847307624816,-298.2269415586381,12,2069.7825972792407,1334,0
2678,1712.0367000701312,-1163.8429179287784,12,2070.1690752206687,1333,0
2679,-476.3268774866154,2015.0217631042726,12,2070.5554810243557,1330,0
2680,-1010.0874600297008,-1807.905783798135,12,2070.9418147306797,1334,0
2681,1966.3965610582836,650.9105657908425,12,2071.3280763799826,1331,0
2682,-1889.9957110642613,848.4787635284075,12,2071.714266012569,1334,0
2683,820.637766010498,-1902.670138777949,12,2072.1003836687064,1332,0
2684,680.249174313946,1957.667249775915,12,2072.486429388622,1326,0
2685,-1824.3194897683843,-984.2044499245183,12,2072.8724032125087,1336,0
2686,2010.3911692336517,-506.68268834385003,12,2073.2583051805195,1339,0
2687,-1140.3528211143187,1731.934018193711,12,2073.644135332772,1334,0
2688,-329.10515105711204,-2047.752377497747,12,2074.0298937093457,1334,0
2689,1626.2111060792595,1287.8809876943096,12,2074.4155803502827,1326,0
2690,-2069.4531871436634,148.87412878312338,12,2074.801195295588,1336,0
2691,1425.652213820928,-1507.9508497386398,12,2075.186738585229,1330,0
2692,-32.6314704723483,2075.315683729782,12,2075.572210259137,1328,0
2693,-1378.0500051479135,-1552.6036787641056,12,2075.9576103572053,1339,0
2694,2065.2831781589393,214.02194750471608,12,2076.3429389192916,1334,0
2695,-1667.7546760464902,1237.4951880815804,12,2076.7281959852135,1327,0
2696,393.9074529207001,-2039.4207311228174,12,2077.1133815947555,1333,0
2697,1087.3553805709523,1770.21418939726,12,2077.4984957876623,1332,0
2698,-1997.9147449214784,-570.9086371963058,12,2077.8835386036435,1333,0
2699,1859.1877869968741,-928.7738006003752,12,2078.2685100823714,1336,0
2700,-743.6672281682094,1941.0716250949145,12,2078.653410263481,1327,0
2701,-762.9591968793559,-1933.9837806706673,12,2079.0382391865714,1331,0
2702,1869.3155214346673,910.8564548398604,12,2079.422996891205,1332,0
2703,-1994.0186022835048,591.1766349808987,12,2079.807683416907,1331,0
2704,1071.1912375014988,-1783.1851650067101,12,2080.192298803166,1335,0
2705,414.7378450837882,2038.8213555520888,12,2080.5768430894354,1338,0
2706,-1683.3298247576365,-1223.438065895215,12,2080.9613163151303,1330,0
2707,2068.037507780611,-234.99120496852365,12,2081.345718519631,1329,0
2708,-1366.4244894893063,1570.5044140415166,12,2081.7300497422807,1334,0
2709,-53.3114347665732,-2081.4316925912153,12,2082.114310022387,1337,0
2710,1445.563783942553,1499.0481468430853,12,2082.4984993992193,1330,0
2711,-2078.889601513092,-128.91091777167583,12,2082.8826179120124,1338,0
2712,1620.28526452203,-1309.4562465286026,12,2083.266665599966,1337,0
2713,-310.28012106126084,2060.418949261098,12,2083.6506425022403,1334,0
2714,-1163.2163771045653,-1729.1985600374903,12,2084.034548657963,1332,0
2715,2026.1495046231855,489.4059510418933,12,2084.4183841062236,1334,0
2716,-1824.9444878046854,1007.9571500968161,12,2084.8021488860763,1335,0
2717,664.91434821009,-1976.3321860315766,12,2085.1858430365382,1337,0
2718,844.8614683473852,1906.7797721031916,12,2085.5694665965934,1336,0
2719,-1911.33722806054,-835.457958625,12,2085.953019605188,1332,0
2720,1974.0671764476133,-675.1731502897217,12,2086.336502101231,1329,0
2721,-999.7264780179277,1831.6514322189882,12,2086.719914123599,1332,0
2722,-500.1874436802419,-2026.2804645913714,12,2087.1032557111303,1330,0
2723,1737.8745224342751,1156.456719585233,12,2087.4865269026286,1332,0
2724,-2063.008514549303,321.2411382389842,12,2087.869727736863,1339,0
2725,1304.4423281037614,-1630.7146325004994,12,2088.2528582525633,1330,0
2726,139.7023526798826,2083.958553487978,12,2088.635918488428,1331,0
2727,-1510.982959437578,-1442.543065661908,12,2089.0189084831177,1330,0
2728,2088.958488047063,43.03992583786349,12,2089.4018282752604,1335,0
2729,-1569.6935975279614,1379.5876231250145,12,2089.784677903444,1336,0
2730,225.58646985112912,-2077.958311569341,12,2090.167457406224,1336,0
2731,1237.5267786872084,1684.911710456088,12,2090.5501668221214,1333,0
2732,-2051.030576778331,-406.53852599765594,12,2090.9328061896204,1339,0
2733,1787.3059000308021,-1085.8810338683895,12,2091.3153755471694,1328,0
2734,-584.5085336343664,2008.3699295967865,12,2091.6978749331843,1330,0
2735,-925.805229000225,-1876.0822684402308,12,2092.0803043860437,1337,0
2736,1950.2917069919258,758.1307655269778,12,2092.4626639440908,1336,0
2737,-1950.5506793107809,758.5196420925765,12,2092.8449536456346,1331,0
2738,926.0718090059365,-1877.229608908956,12,2093.2271735289505,1329,0
2739,585.3006860296047,2010.1301218909368,12,2093.6093236322763,1332,0
2740,-1789.7324614582978,-1087.0408071468264,12,2093.991403993818,1332,0
2741,2054.353242896868,-407.47116879495115,12,2094.3734146517427,1332,0
2742,-1239.7993813139453,1688.4600954993155,12,2094.755355644186,1334,0
2743,-226.39019105056477,-2082.8700106814363,12,2095.1372270092475,1340,0
2744,1574.1783715608776,1383.1711587905322,12,2095.5190287849928,1335,0
2745,-2095.450483012568,43.44275822732838,12,2095.9007610094527,1337,0
2746,1516.050832190261,-1447.753388604295,12,2096.282423720621,1333,0
2747,-139.97081347009524,2091.9866565961934,12,2096.6640169564603,1338,0
2748,-1310.1449204167936,-1637.4126808798305,12,2097.0455407548975,1333,0
2749,2072.4933835008987,322.44561610448153,12,2097.4269951538245,1333,0
2750,-1746.3184887149994,1162.399129375173,12,2097.8083801910984,1333,0
2751,502.58291203628903,-2037.1083467820567,12,2098.1896959045434,1336,0
2752,1005.6406128938938,1841.9247969714709,12,2098.570942331948,1325,0
2753,-1986.0910948082533,-679.0008564967746,12,2098.952119511067,1332,0
2754,1923.4894364028771,-841.0638430265227,12,2099.3332274796207,1336,0
2755,-850.3450985003573,1919.8211410067393,12,2099.714266275295,1334,0
2756,-669.9240643843754,-1990.3772878423626,12,2100.095235935742,1332,0
2757,1838.7951429124246,1015.2991787653904,12,2100.4761364985798,1331,0
2758,-2042.0652266402012,493.5277197350743,12,2100.856968001391,1329,0
2759,1172.5946448093011,-1743.6231814714292,12,2101.2377304817273,1334,0
2760,313.2224763139891,2078.146212452755,12,2101.6184239771023,1336,0
2761,-1635.0241684612477,-1321.0208054938444,12,2101.9990485249987,1334,0
2762,2098.332492420431,-130.38692899467154,12,2102.379604162864,1329,0
2763,-1459.4340500032731,1513.8204165920888,12,2102.760090928112,1337,0
2764,53.57994100385865,-2102.4578925443484,12,2103.140508858122,1328,0
2765,1380.9314132963545,1586.7666595222288,12,2103.520857990241,1332,0
2766,-2090.4791790414515,-237.26947126459223,12,2103.9011383617817,1332,0
2767,1702.0350437163472,-1237.366845345992,12,2104.281350010022,1334,0
2768,-419.2741052522968,2062.476478572516,12,2104.6614929722073,1330,0
2769,-1084.2189272133137,-1804.3473384779359,12,2105.041567285549,1338,0
2770,2018.6527534424752,598.198178715979,12,2105.421572987225,1328,0
2771,-1892.9103062486183,922.6540914653563,12,2105.801510114379,1331,0
2772,772.6686227500127,-1959.33233511255,12,2106.181378704123,1334,0
2773,753.9041044133996,1967.035485533657,12,2106.561178793533,1331,0
2774,-1884.9585265833682,-941.3455014290224,12,2106.940910419654,1332,0
2775,2026.144541938533,-579.2566746898065,12,2107.3205736194955,1333,0
2776,-1102.9323031403073,1796.0902913521966,12,2107.700168430036,1341,0
2777,-400.0456263593987,-2069.773779143681,12,2108.079694888217,1337,0
2778,1693.3980536608424,1256.1859065670458,12,2108.459153030952,1334,0
2779,-2097.577774641729,217.6407115616289,12,2108.838542895117,1330,0
2780,1399.9261447121612,-1577.6586415797765,12,2109.2178645175563,1340,0
2781,33.43714049645548,2109.3321117442415,12,2109.5971179350813,1337,0
2782,-1449.7494110661614,-1533.0448933783116,12,2109.9763031844695,1333,0
2783,2104.9351862708327,151.15509121089758,12,2110.3554203024664,1339,0
2784,-1654.5146141112295,1310.641595438039,12,2110.734469325784,1328,0
2785,334.7219961207003,-2084.4090734097695,12,2111.1134502911013,1343,0
2786,1161.3929306753587,1763.3962857444444,12,2111.492363235065,1335,0
2787,-2047.8994474317562,-515.8564269336069,12,2111.8712081942876,1333,0
2788,1858.8466633219912,-1003.1396125448842,12,2112.2499852053497,1334,0
2789,-693.1688638051343,1995.6745541924163,12,2112.628694304799,1337,0
2790,-837.0876467071693,-1940.124808286893,12,2113.0073355291506,1330,0
2791,1928.1232436184846,865.2980743178241,12,2113.3859089148864,1330,0
2792,-2006.5978393680796,664.5036576598756,12,2113.7644144984556,1329,0
2793,1030.921564325906,-1845.7520765822871,12,2114.142852316276,1331,0
2794,486.705226566428,2057.745859534875,12,2114.521222404731,1324,0
2795,-1749.1815276734012,-1188.7657394315115,12,2114.899524800174,1334,0
2796,2093.1660206709525,-305.0508316797886,12,2115.277759538922,1333,0
2797,-1337.6156990118309,1639.1413123209022,12,2115.655926657262,1334,0
2798,-120.9294681696143,-2112.5756942008525,12,2116.0340261914503,1330,0
2799,1516.464873451055,1476.3245874769802,12,2116.4120581777074,1334,0
2800,-2115.8147227315258,-64.24997332697598,12,2116.7900226522233,1335,0
2801,1603.8224307779317,-1382.0830693317846,12,2117.167919651155,1337,0
2802,-249.0694882049904,2102.846734796738,12,2117.545749210628,1335,0
2803,-1237.0171104072379,-1719.1243900776137,12,2117.923511366735,1341,0
2804,2073.7595119598777,432.1128169308685,12,2118.3012061555364,1339,0
2805,-1821.3383689165933,1082.3707987155985,12,2118.6788336130608,1331,0
2806,611.9762984577588,-2028.7644047858146,12,2119.056393775305,1335,0
2807,919.3221288666088,1909.6719151142602,12,2119.4338866782327,1332,0
2808,-1968.1948014795507,-787.2796348368681,12,2119.811312357777,1326,0
2809,1983.438364009765,-749.1143144902964,12,2120.1886708498373,1336,0
2810,-956.6764844663513,1892.5036602524988,12,2120.5659621902832,1338,0
2811,-573.0463085171369,-2042.0621754233837,12,2120.9431864149497,1331,0
2812,1802.2601236607652,1118.8648026738006,12,2121.3203435596424,1329,0
2813,-2085.083422864477,392.46288957779933,12,2121.6974336601343,1336,0
2814,1272.5968502070289,-1698.1452402086077,12,2122.074456752166,1341,0
2815,208.74439018729623,2112.161399979967,12,2122.451412871447,1330,0
2816,-1580.9468253701427,-1416.688792696571,12,2122.828302053654,1332,0
2817,2123.077315977888,-23.296145177480152,12,2123.205124334435,1334,0
2818,-1550.0298172335185,1451.5535008007885,12,2123.581879749401,1333,0
2819,162.46225895845006,-2117.7360587226435,12,2123.9585683341375,1340,0
2820,1310.947956835777,1671.590695854731,12,2124.3351901241954,1334,0
2821,-2096.1670113288915,-347.10785156274073,12,2124.7117451550926,1331,0
2822,1780.43172991661,-1160.199489357821,12,2125.0882334623193,1329,0
2823,-529.2251789507081,2058.523915324908,12,2125.4646550813304,1328,0
2824,-1000.4558677134606,-1875.71001403674,12,2125.841010047553,1338,0
2825,2005.0837807585413,707.4171556719806,12,2126.21729839638,1337,0
2826,-1956.6859634540976,832.9345955245889,12,2126.593520163174,1331,0
2827,880.3157827012798,-1936.2448509233104,12,2126.969675383267,1326,0
2828,658.9136309382816,2022.7290542639985,12,2127.3457640919587,1333,0
2829,-1852.5236366330853,-1046.592650325679,12,2127.7217863245187,1336,0
2830,2073.322731980725,-479.72163704796645,12,2128.097742116184,1337,0
2831,-1204.9691450872322,1754.5510421152603,12,2128.473631502162,1339,0
2832,-296.72783686970274,-2108.068450223243,12,2128.8494545176272,1338,0
2833,1643.0676115697993,1354.226282351039,12,2129.225211197726,1326,0
2834,-2126.688807959164,111.33155034055243,12,2129.6009015775703,1341,0
2835,1493.2140888826466,-1518.9179322012,12,2129.9765256922437,1331,0
2836,-75.04850670234768,2129.029760628476,12,2130.3520835767968,1334,0
2837,-1383.0442360204652,-1620.8604632140818,12,2130.7275752662517,1333,0
2838,2115.061887548933,260.98507972285364,12,2131.1030007955974,1339,0
2839,-1736.1794455291213,1236.4792488845874,12,2131.4783601997933,1336,0
2840,445.0533057732427,-2084.8807052251955,12,2131.8536535137678,1333,0
2841,1080.3383410443253,1838.2788332757343,12,2132.2288807724185,1331,0
2842,-2038.706023488709,-625.8416331555894,12,2132.604042010612,1333,0
2843,1926.3670836830802,-915.8110388624626,12,2132.9791372631844,1332,0
2844,-801.9626467672174,1976.8803487288042,12,2133.3541665649423,1332,0
2845,-744.1519623026651,-1999.7594497841712,12,2133.7291299506596,1338,0
2846,1899.8663457815678,972.0637161043466,12,2134.1040274550815,1340,0
2847,-2057.883302382174,566.6712572353015,12,2134.4788591129213,1331,0
2848,1134.837384198861,-1808.24337726554,12,2134.8536249588633,1334,0
2849,384.7245955267975,2100.2825966037863,12,2135.22832502756,1334,0
2850,-1702.7031462368798,-1289.0314176912177,12,2135.602959353634,1325,0
2851,2126.6214482099276,-199.70281924276765,12,2135.977527971678,1344,0
2852,-1433.4584407835546,1584.0444749268815,12,2136.352030916253,1334,0
2853,-13.021308076191929,-2136.686791632312,12,2136.726468221892,1338,0
2854,1453.167258968697,1567.0050789520128,12,2137.1008399230955,1330,0
2855,-2130.3900987223933,-173.89084871146423,12,2137.4751460543353,1337,0
2856,1688.640542002504,-1311.0656428667062,12,2137.849386650051,1338,0
2857,-359.6017929931672,2107.7681443830816,12,2138.2235617446554,1330,0
2858,-1158.820468462341,-1797.4245803016938,12,2138.597671372528,1331,0
2859,2068.982812548564,542.6878673589737,12,2138.97171556802,1339,0
2860,-1892.51475277259,997.5910537580537,12,2139.345694365453,1338,0
2861,721.7445295342187,-2014.3199433276307,12,2139.7196077991152,1328,0
2862,828.6063646332955,1973.1729504757543,12,2140.0934559032694,1331,0
2863,-1944.1872294749328,-895.3971279530581,12,2140.4672387121464,1335,0
2864,2038.7711252630286,-653.1556466828742,12,2140.840956259946,1333,0
2865,-1062.3114558128357,1859.111177646139,12,2141.21460858084,1331,0
2866,-472.5785885925413,-2088.7961790476065,12,2141.5881957089696,1332,0
2867,1759.733157071102,1221.2040025747428,12,2141.9617176784463,1331,0
2868,-2122.853975636226,288.2550921067463,12,2142.3351745233517,1337,0
2869,1370.8518241369507,-1646.8045652901235,12,2142.7085662777376,1325,0
2870,101.5947267108339,2140.6724437672738,12,2143.081892975628,1333,0
2871,-1521.181147377172,-1510.1019557845332,12,2143.455154651014,1327,0
2872,2142.1037469416315,85.97405037929761,12,2143.8283513378583,1332,0
2873,-1637.8802954396447,1383.8165116121936,12,2144.201483070096,1336,0
2874,273.0148264722974,-2127.125502768067,12,2144.574549881631,1339,0
2875,1235.7548907112832,1753.1998887985205,12,2144.9475518063373,1334,0
2876,-2095.841041817311,-458.0942342293002,12,2145.3204888780606,1331,0
2877,1855.1685524235907,-1078.1232035804446,12,2145.6933611306163,1336,0
2878,-639.7929368090721,2048.4787033330913,12,2146.0661685977907,1342,0
2879,-912.1224779334507,-1942.9957759214356,12,2146.4389113133407,1334,0
2880,1985.3901725278945,816.7165131363864,12,2146.811589310995,1337,0
2881,-2015.9988498102416,739.0186990623333,12,2147.1842026244512,1328,0
2882,987.5061598066333,-1907.047871539662,12,2147.5567512873786,1338,0
2883,560.1331544911153,2073.6081715791515,12,2147.929235333417,1343,0
2884,-1814.0414233865756,-1150.8491274870078,12,2148.301654796179,1334,0
2885,2115.3716887071673,-376.83234815523156,12,2148.674009709244,1335,0
2886,-1305.4888116524457,1707.0732153748665,12,2149.0463001061657,1331,0
2887,-190.51756109918665,-2140.958443994843,12,2149.418526020468,1336,0
2888,1586.953095334548,1450.2344200880414,12,2149.7906874856444,1338,0
2889,-2150.1611954177247,2.6141384473544997,12,2150.162784535162,1327,0
2890,1583.9701427795596,-1454.5922407268993,12,2150.534817202456,1337,0
2891,-185.43941544418954,2142.8980897839538,12,2150.9067855209346,1336,0
2892,-1310.9962470342016,-1705.6637535757854,12,2151.278689523977,1338,0
2893,2119.2133767155397,372.2024502201987,12,2151.650529244933,1334,0
2894,-1814.3745773124174,1157.2574878575583,12,2152.0223047171235,1335,0
2895,556.2432068202352,-2079.277156818287,12,2152.394015973841,1339,0
2896,994.5468047663436,1909.26076090435,12,2152.76566304835,1330,0
2897,-2023.3841653028671,-736.1497942685447,12,2153.1372459738836,1329,0
2898,1989.5857922049809,-824.1045901195306,12,2153.50876478365,1332,0
2899,-910.5410217995882,1951.9515997124934,12,2153.880219510825,1326,0
2900,-647.2313307749027,-2054.7242161573286,12,2154.251610188559,1333,0
2901,1865.5160077443898,1078.0770032096198,12,2154.6229368499726,1337,0
2902,-2104.16650387872,465.2776847806109,12,2154.9941995281565,1337,0
2903,1237.469452013013,-1764.7292583664532,12,2155.365398256175,1332,0
2904,279.63416677232823,2137.523036781954,12,2155.736533067063,1333,0
2905,-1650.3536264719348,-1387.4915882955593,12,2156.1076039938266,1335,0
2906,2154.5271745919035,-91.72052085018518,12,2156.4786110694445,1336,0
2907,-1526.9875810783558,1523.2560281293725,12,2156.849554326866,1338,0
2908,97.02513784105557,-2155.0373831158763,12,2157.2204337990124,1339,0
2909,1384.4014500201515,1654.8814535132426,12,2157.5912495187777,1331,0
2910,-2139.038404815266,-285.1573297766721,12,2157.9620015190258,1331,0
2911,1770.1853822974804,-1234.8456228615478,12,2158.332689832594,1333,0
2912,-471.23428171640853,2106.6414625500993,12,2158.7033144922907,1331,0
2913,-1075.7269944412296,-1872.0073272907987,12,2159.0738755308957,1335,0
2914,2058.0834942709644,653.8289765752331,12,2159.444372981161,1330,0
2915,-1959.5579324071296,908.2580632949512,12,2159.814806875812,1330,0
2916,831.5400978081773,-1993.725423857851,12,2160.1851772475434,1333,0
2917,733.7161390009035,2032.156644397672,12,2160.5554841290236,1342,0
2918,-1914.04948069567,-1003.0027843673397,12,2160.925727552893,1331,0
2919,2089.237002099194,-553.4335995036542,12,2161.295907551763,1331,0
2920,-1166.899113683338,1819.65558787509,12,2161.6660241582185,1333,0
2921,-368.7877197834667,-2130.3510550463066,12,2162.0360774048154,1333,0
2922,1711.2568460587006,1321.9682321512983,12,2162.4060673240815,1335,0
2923,-2155.1728769905967,181.19014952274392,12,2162.775993948518,1339,0
2924,1467.0160552477869,-1589.6741470015866,12,2163.1458573105974,1328,0
2925,-7.923879835548732,2163.5011467823056,12,2163.515657442765,1333,0
2926,-1455.8299574086998,-1600.92446265006,12,2163.885394377438,1324,0
2927,2155.260776198837,197.10653611381682,12,2164.2550681470057,1334,0
2928,-1722.6599175481317,1310.7413201974923,12,2164.6246787838304,1338,0
2929,384.9084714886576,-2130.503571594346,12,2164.9942263202456,1334,0
2930,1155.512126263988,1831.28144370462,12,2165.3637107885593,1333,0
2931,-2089.4079236401817,-569.8899267662339,12,2165.73313222105,1333,0
2932,1925.9478986939894,-991.3247154773286,12,2166.102490649969,1338,0
2933,-750.6317697629177,2032.27752687043,12,2166.4717861075414,1335,0
2934,-819.4308708084492,-2005.9244871046635,12,2166.841018625963,1335,0
2935,1959.5391381832349,925.7463831569117,12,2167.2101882374027,1329,0
2936,-2070.588463273841,641.1422741929226,12,2167.579294974004,1336,0
2937,1093.8883182724942,-1871.7393908199333,12,2167.94833886788,1335,0
2938,457.8204968998085,2119.433979301646,12,2168.317319951118,1332,0
2939,-1769.5406875937488,-1253.764632995461,12,2168.686238255779,1332,0
2940,2152.076040611395,-270.86660079526314,12,2169.0550938138936,1332,0
2941,-1404.144834383401,1653.7162042123223,12,2169.423886657469,1337,0
2942,-81.71042992358957,-2168.2535381365583,12,2169.7926168184836,1336,0
2943,1525.1440403792024,1543.8703495098937,12,2170.161284328886,1337,0
2944,-2167.831333270378,-108.20032574431426,12,2170.529889220602,1337,0
2945,1671.8634516452123,-1384.8005629161753,12,2170.8984315255284,1332,0
2946,-297.4112107435294,2150.801378957171,12,2171.2669112755348,1334,0
2947,-1233.7529913703868,-1787.1355730007228,12,2171.635328502463,1331,0
2948,2117.2828676797103,484.4721439153991,12,2172.0036832381297,1333,0
2949,-1888.794939918639,1073.1512824097747,12,2172.3719755143225,1334,0
2950,667.9485322497054,-2067.5214045483217,12,2172.740205362804,1333,0
2951,904.2193747223296,1976.0534715378426,12,2173.108372815309,1334,0
2952,-2001.88721116735,-846.4322735840175,12,2173.476477903545,1337,0
2953,2048.2328885709476,-728.245861077364,12,2173.8445206591937,1338,0
2954,-1018.5525637695384,1920.8723733862432,12,2174.2125011139087,1334,0
2955,-546.5741586421294,-2104.769984845054,12,2174.5804192993187,1335,0
2956,1825.0871533786635,1182.9864253541405,12,2174.948275247023,1330,0
2957,-2145.221020642826,360.5922525403907,12,2175.3160689885963,1333,0
2958,1338.4688769113425,-1715.2553936774807,12,2175.6838005555865,1335,0
2959,171.72209096078757,2169.2652035830138,12,2176.051469979513,1339,0
2960,-1592.2090477710658,-1483.8026648432588,12,2176.4190772918714,1332,0
2961,2176.7072297490913,18.591287153890644,12,2176.7866225241282,1338,0
2962,-1617.8674827857465,1456.8818785833369,12,2177.1541057077243,1332,0
2963,208.89080870127555,-2167.4788649581164,12,2177.521526874074,1333,0
2964,1310.3023725649216,1739.6286076202405,12,2177.8888860545662,1334,0
2965,-2141.6395534043386,-397.7185226942114,12,2178.256183280562,1331,0
2966,1848.144885519739,-1153.5859231662075,12,2178.6234185833955,1336,0
2967,-583.6267707911767,2099.376048357193,12,2178.990591994376,1331,0
2968,-987.9263430984473,-1942.576006392576,12,2179.357703544785,1338,0
2969,2041.0010670843646,765.1892864909213,12,2179.72475326588,1333,0
2970,-2022.1890104995014,814.5867699730018,12,2180.0917411888886,1338,0
2971,941.0121378889363,-1966.950979649898,12,2180.4586673450153,1325,0
2972,634.8900346011546,2086.363976866008,12,2180.825531765437,1343,0
2973,-1877.7825486478346,-1109.7444300349716,12,2181.192334481304,1334,0
2974,2134.59884934831,-450.2085654014947,12,2181.5590755237413,1337,0
2975,-1270.0886847166398,1774.1687442165012,12,2181.9257549238473,1326,0
2976,-261.9539059663007,-2166.513362790315,12,2182.2923727126945,1328,0
2977,1656.8936657815836,1420.8108179109795,12,2182.6589289213284,1333,0
2978,-2181.8520385801958,71.56592585471465,12,2183.0254235807697,1337,0
2979,1560.7496381755466,-1526.8466088428465,12,2183.391856722013,1336,0
2980,-119.49819291477901,2180.486226026228,12,2183.758228376026,1338,0
2981,-1385.0153216970775,-1688.825792870402,12,2184.124538573751,1333,0
2982,2162.415173268134,309.77510942577095,12,2184.4907873461043,1339,0
2983,-1804.050093284872,1232.4785032278837,12,2184.856974723975,1331,0
2984,497.8065321026399,-2127.7661188664374,12,2185.223100738229,1336,0
2985,1070.3975987433544,1905.5311544565366,12,2185.5891654197044,1335,0
2986,-2076.7934027114375,-682.1503957737237,12,2185.9551687992134,1336,0
2987,1992.482290678731,-900.007956260187,12,2186.321110907545,1329,0
2988,-861.3919218875278,2009.8766024079466,12,2186.6869917754575,1336,0
2989,-722.6094105758804,-2064.2276133573973,12,2187.0528114336876,1326,0
2990,1927.517708764356,1034.1544770486687,12,2187.418569912946,1334,0
2991,-2120.2072839552284,539.5563669008031,12,2187.7842672439165,1336,0
2992,1199.1101465290915,-1830.3373613875067,12,2188.149903457256,1335,0
2993,352.24745970503756,2159.9818812044114,12,2188.5154785835994,1333,0
2994,-1719.070172601755,-1354.989941538671,12,2188.880992653552,1335,0
2995,2183.235848529847,-162.1148657408114,12,2189.2464456976977,1340,0
2996,-1500.5935617917578,1594.5591749161038,12,2189.61183774659,1331,0
2997,29.386647095751766,-2189.779994650711,12,2189.977168830762,1334,0
2998,1457.7494340034339,1634.7986382618096,12,2190.3424389807174,1336,0
2999,-2179.553027566197,-220.7908513209351,12,2190.7076482269376,1343,0
3000,1756.5693849497477,-1309.680875578957,12,2191.0727965998753,1329,0
3001,-410.6312866566919,2152.6221095256524,12,2191.437884129961,1333,0
3002,-1151.4803806215143,-1864.9645929732108,12,2191.8029108475976,1329,0
3003,2109.1824280777714,597.4524960931681,12,2192.167876783163,1342,0
3004,-1959.1449052795645,984.3532090246496,12,2192.5327819670106,1334,0
3005,779.8211851244967,-2049.5557858304383,12,2192.8976264294693,1331,0
3006,809.5738169509393,2038.3793157573707,12,2193.2624102008403,1339,0
3007,-1974.1882190746526,-956.3372185933438,12,2193.6271333114028,1332,0
3008,2102.0508424273735,-628.4761378527987,12,2193.9917957914067,1339,0
3009,-1125.6443707672483,1883.6466628749686,12,2194.3563976710802,1335,0
3010,-442.44340127968326,-2149.661330690038,12,2194.720938980626,1337,0
3011,1778.614687547939,1286.4407461048283,12,2195.08541975022,1330,0
3012,-2180.8353492441674,252.89756718297843,12,2195.4498400100147,1327,0
3013,1437.4887906387373,-1659.8873385829475,12,2195.814199790137,1327,0
3014,61.28845642808402,2195.3231482195656,12,2196.178499120689,1333,0
3015,-1528.3651189518257,-1577.6248169863998,12,2196.542738031746,1338,0
3016,2193.00265623316,130.9173393951535,12,2196.906916553362,1337,0
3017,-1705.7679696757648,1385.0471593517022,12,2197.271034715563,1338,0
3018,322.2476840260829,-2173.8805004277087,12,2197.635092548351,1335,0
3019,1231.0236281789448,1820.928561713816,12,2197.9990900817043,1338,0
3020,-2138.0920410289177,-511.2361725159866,12,2198.3630273455747,1339,0
3021,1922.2157180982636,-1067.467438892623,12,2198.72690436989,1336,0
3022,-696.4333707654034,2085.900419503371,12,2199.090721184554,1331,0
3023,-895.6253178484749,-2008.8442672414453,12,2199.4544778194436,1340,0
3024,2017.694626958233,876.417932463661,12,2199.818174304413,1332,0
3025,-2080.1408269999715,716.8083006270743,12,2200.181810669291,1333,0
3026,1049.8075081607865,-1933.9866069363666,12,2200.545386943882,1336,0
3027,532.3817293045412,2135.5490381404747,12,2200.908903157966,1338,0
3028,-1835.4074141696642,-1215.2693627385772,12,2201.272359341297,1332,0
3029,2174.6339045741706,-343.75482698646675,12,2201.635755523606,1336,0
3030,-1371.5306197269713,1722.702458102197,12,2201.9990917345995,1333,0
3031,-152.36992921572966,-2197.0852065112977,12,2202.3623680039573,1326,0
3032,1596.7258670275764,1517.3880537176487,12,2202.7255843613384,1337,0
3033,-2202.719959768707,-40.30854545310585,12,2203.088740836374,1336,0
3034,1651.7173555379702,-1458.4340154476145,12,2203.451837458672,1337,0
3035,-232.80530136697928,2191.4839017559384,12,2203.814874257818,1330,0
3036,-1308.8782637000145,-1773.481798839118,12,2204.177851263368,1332,0
3037,2163.4519921111983,423.64546242121804,12,2204.5407685048604,1332,0
3038,-1881.740241292511,1149.1969649718026,12,2204.9036260118037,1334,0
3039,611.365872934429,-2118.827923501841,12,2205.266423813685,1336,0
3040,980.6068004657847,1975.6543986437146,12,2205.629161939967,1333,0
3041,-2057.9426456864567,-794.5263161563801,12,2205.9918404200866,1327,0
3042,2054.495335404803,-804.3935086758894,12,2206.3544592834587,1326,0
3043,-971.7205643881155,1981.2519134994523,12,2206.7170185594705,1337,0
3044,-621.9020794137788,-2117.6491219323416,12,2207.0795182774905,1335,0
3045,1889.3328769060327,1141.587175927434,12,2207.4419584668585,1334,0
3046,-2164.6216139934313,434.52648737731835,12,2207.8043391568913,1331,0
3047,1302.8199559373252,-1782.879738628342,12,2208.1666603768836,1330,0
3048,243.69904362924322,2195.042317618089,12,2208.5289221561034,1334,0
3049,-1662.6985120058068,-1454.1780008560422,12,2208.891124523796,1333,0
3050,2208.66730902161,-50.87944633387147,12,2209.253267509183,1336,0
3051,-1594.4952491061917,1529.7009186693276,12,2209.615351141461,1338,0
3052,142.45638554227074,-2205.3811866020424,12,2209.9773754498033,1335,0
3053,1384.8974722268092,1722.689464593022,12,2210.3393404633593,1336,0
3054,-2185.198039420367,-334.82761014197234,12,2210.701246211256,1335,0
3055,1837.7705837806259,-1229.389800425649,12,2211.0630927225934,1335,0
3056,-524.7598057525469,2148.2614240977628,12,2211.42488002645,1332,0
3057,-1064.3622641279132,-1938.848361966583,12,2211.7866081518805,1331,0
3058,2094.8433496578905,710.7962720738687,12,2212.1482771279143,1338,0
3059,-2025.1392597039185,891.0729368608755,12,2212.5098869835588,1330,0
3060,891.5092030916262,-2025.3422774442183,12,2212.8714377477963,1336,0
3061,710.8440136473527,2095.9725161036154,12,2213.2329294495867,1336,0
3062,-1940.2801507948823,-1065.5106458554924,12,2213.5943621178653,1333,0
3063,2150.7953619473165,-525.0517222387822,12,2213.9557357815443,1340,0
3064,-1231.4631610466186,1840.298476602388,12,2214.317050469512,1338,0
3065,-335.1158137349533,-2189.177332100979,12,2214.6783062106338,1339,0
3066,1726.1534881656178,1388.0901034492215,12,2215.0395030337495,1338,0
3067,-2210.813643596169,142.48871284782533,12,2215.4006409676786,1329,0
3068,1534.185443300417,-1598.7104258010902,12,2215.761720041214,1331,0
3069,-51.355589272561055,2215.527612883773,12,2216.1227402831287,1339,0
3070,-1458.9369784650614,-1668.623052959306,12,2216.4837017221666,1334,0
3071,2203.272093110739,244.93281470521777,12,2216.844604387055,1333,0
3072,-1790.3653873833289,1307.8959360972658,12,2217.205448306494,1331,0
3073,436.7597645963496,-2174.1299197678463,12,2217.5662335091592,1329,0
3074,1146.737108466612,1898.4714915072161,12,2217.9269600237067,1335,0
3075,-2128.3133606479823,-625.3656841299285,12,2218.2876278787658,1326,0
3076,1992.104272708672,-976.6885719899927,12,2218.6482371029433,1326,0
3077,-809.3035395421737,2066.162573682069,12,2219.0087877248257,1333,0
3078,-799.0473111298742,-2070.536982180255,12,2219.369279772972,1333,0
3079,1988.1430838249246,987.1611207088331,12,2219.729713275921,1332,0
3080,-2133.158855008383,615.1693257139243,12,2220.0900882621854,1331,0
3081,1157.5718841146745,-1894.8422976879112,12,2220.4504047602595,1339,0
3082,426.4592796264837,2179.479865201893,12,2220.81066279861,1335,0
3083,-1786.9650820013226,-1319.2254529488152,12,2221.170862405682,1331,0
3084,2209.134558657375,-234.3597698959559,12,2221.5310036098977,1330,0
3085,-1470.8776936430352,1665.3284391804955,12,2221.891086439657,1330,0
3086,-40.34029816092784,-2221.8849340918373,12,2222.251110923336,1331,0
3087,1530.855320210301,1611.3602913637335,12,2222.611077089287,1337,0
3088,-2217.622349249469,-154.113971168306,12,2222.9709849658407,1335,0
3089,1739.5897507576199,-1384.5676216996555,12,2223.330834581304,1328,0
3090,-347.51358004692304,2196.368437144135,12,2223.6906259639622,1333,0
3091,-1227.578420239919,-1854.5757526079285,12,2224.0503591420766,1336,0
3092,2158.2750246756755,538.3761861943876,12,2224.4100341438857,1334,0
3093,-1955.428801948872,1061.08350308013,12,2224.769650997604,1331,0
3094,725.2379253529975,-2103.6230535981676,12,2225.129209731426,1330,0
3095,886.3522595626661,2041.3671085740941,12,2225.488710373522,1331,0
3096,-2032.8205114634843,-906.6646393090102,12,2225.848152952038,1330,0
3097,2111.722646719031,-704.7180027031883,12,2226.207537495101,1332,0
3098,-1081.2628835516223,1946.399387755152,12,2226.566864030811,1330,0
3099,-517.5677947104501,-2165.9463469528882,12,2226.9261325872485,1341,0
3100,1845.0116779075322,1247.6906300781584,12,2227.28534319247,1336,0
3101,-2203.612379935681,326.33185409059183,12,2227.64449587451,1329,0
3102,1404.6675831354682,-1729.4244652162065,12,2228.0035906613793,1336,0
3103,132.4726252370105,2224.421498628984,12,2228.3626275810675,1333,0
3104,-1600.5141177311007,-1550.9850286006747,12,2228.7216066615406,1331,0
3105,2228.2034127427437,62.52640595451788,12,2229.080527930743,1336,0
3106,-1685.5151412271323,1459.2596440298344,12,2229.4393914165953,1341,0
3107,257.1720649057307,-2214.918176599787,12,2229.798197146998,1334,0
3108,1306.7352582427045,1807.2196780871361,12,2230.156945149825,1331,0
3109,-2184.656579147878,-449.97292272523686,12,2230.5156354529327,1327,0
3110,1915.1579912004972,-1144.1022107927581,12,2230.874268084152,1332,0
3111,-639.4507245609755,2137.6395324886853,12,2231.2328430712923,1329,0
3112,-972.5999469776903,-2008.4942975121924,12,2231.59136044214,1329,0
3113,2074.216462965165,824.1517243592222,12,2231.94982022446,1333,0
3114,-2086.5041500336206,793.5366607110709,12,2232.308222445995,1335,0
3115,1002.6578391145515,-1994.862716495082,12,2232.6665671344654,1326,0
3116,608.2793154186452,2148.5800600475245,12,2233.024854317569,1332,0
3117,-1900.1759973998273,-1173.597537022625,12,2233.3830840229807,1329,0
3118,2194.236226750002,-418.2432082149257,12,2233.7412562783543,1329,0
3119,-1335.6563759319038,1790.871867396563,12,2234.099371111321,1333,0
3120,-224.8811570340436,-2223.112337514915,12,2234.45742854949,1331,0
3121,1667.778338640897,1487.5871111165925,12,2234.8154286204485,1332,0
3122,-2234.976409064336,29.672393329251484,12,2235.173371351762,1334,0
3123,1628.2192946415662,-1531.829601671452,12,2235.5312567709716,1332,0
3124,-165.8887547353389,2229.7266471593234,12,2235.8890849055997,1337,0
3125,-1384.0589357632052,-1756.4682924362805,12,2236.2468557831444,1334,0
3126,2207.392309932196,360.3043020173403,12,2236.604569431083,1335,0
3127,-1871.343649609527,1225.5908554921975,12,2236.96222587687,1333,0
3128,552.084081472177,-2168.1335676071767,12,2237.3198251479384,1332,0
3129,1057.6325532016333,1971.9567394869987,12,2237.6773672716986,1337,0
3130,-2112.240359042444,-739.7571666650118,12,2238.0348522755403,1333,0
3131,2057.5276373013053,-881.4647024931337,12,2238.3922801868307,1333,0
3132,-921.8831541574921,2040.1302532143952,12,2238.7496510329147,1332,0
3133,-698.4316928050515,-2127.3911653679183,12,2239.106964841117,1330,0
3134,1952.345331395326,1097.0632192261644,12,2239.4642216387383,1334,0
3135,-2181.0020628955995,509.93136954411705,12,2239.8214214530585,1335,0
3136,1263.9508600511751,-1849.5481132903503,12,2240.1785643113362,1341,0
3137,317.40435807319966,2217.9392402579783,12,2240.5356502408076,1332,0
3138,-1732.5165577404455,-1421.2622478470314,12,2240.892679268688,1329,0
3139,2237.9090845432193,-122.32305309683498,12,2241.2496514221707,1327,0
3140,-1567.786103374303,1602.1381757097042,12,2241.6065667284256,1336,0
3141,73.81964239778189,-2240.747790447703,12,2241.9634252146043,1334,0
3142,1459.4033001015623,1702.3930238498597,12,2242.320226907834,1335,0
3143,-2226.422698032044,-269.5217425138732,12,2242.676971835222,1331,0
3144,1824.0441884365214,-1305.397563438415,12,2243.0336600238525,1334,0
3145,-463.28368068779923,2195.032626456464,12,2243.3902915007898,1331,0
3146,-1141.2936405417076,-1931.7993752093032,12,2243.746866293076,1331,0
3147,2146.807200499564,653.6198007123298,12,2244.1033844277317,1333,0
3148,-2024.8242277289914,968.3423190182771,12,2244.459845931756,1336,0
3149,839.0697484813641,-2082.105174380829,12,2244.8162508321257,1329,0
3150,787.8629655496845,2102.396715064799,12,2245.172599155798,1342,0
3151,-2001.411765093867,-1018.2096771018487,12,2245.528890929707,1335,0
3152,2163.9127352528444,-601.2334606544733,12,2245.885126180767,1333,0
3153,-1189.6631793933777,1905.3350150552633,12,2246.24130493587,1336,0
3154,-409.8796787125017,-2208.890818709367,12,2246.597427221887,1334,0
3155,1794.601211324935,1352.1118638304583,12,2246.9534930656664,1330,0
3156,-2236.975894987129,215.26459357389714,12,2247.309502494038,1334,0
3157,1504.3054926615412,-1670.0493959007072,12,2247.6654555338077,1332,0
3158,18.87709299523708,2247.9420934178997,12,2248.0213522117624,1333,0
3159,-1532.6250085768045,-1645.0716042424872,12,2248.3771925546657,1330,0
3160,2241.6945555686457,177.77941257044645,12,2248.732976589262,1336,0
3161,-1773.3245455252659,1383.3727105294543,12,2249.088704342272,1333,0
3162,373.1984996732311,-2218.2702449975855,12,2249.444375840398,1328,0
3163,1223.428443101379,1888.0738451158459,12,2249.7999911103207,1338,0
3164,-2177.8377474708427,-565.8822719357137,12,2250.155550178698,1336,0
3165,1988.4318623244594,-1054.0107821521008,12,2250.5110530721686,1326,0
3166,-754.3528420841121,2120.696062532211,12,2250.866499817348,1330,0
3167,-876.4116537772346,-2073.62065313872,12,2251.2218904408332,1330,0
3168,2047.272395048433,937.1636679218063,12,2251.5772249691995,1332,0
3169,-2142.9780000135183,691.9864821353532,12,2251.9325034289996,1333,0
3170,1112.9106552897404,-1958.1189630210315,12,2252.2877258467665,1327,0
3171,502.143844517408,2195.9625587457717,12,2252.642892249013,1330,0
3172,-1853.9088455043845,-1280.242942788828,12,2252.99800266223,1332,0
3173,2232.158082438455,-308.33471261711816,12,2253.353057112889,1332,0
3174,-1437.8732854244306,1735.4309018404488,12,2253.7080556274364,1328,0
3175,-112.04136218142601,-2251.276689605374,12,2254.0629982323035,1336,0
3176,1603.5838005567193,1584.5879573542356,12,2254.4178849538966,1330,0
3177,-2253.161150772174,-85.23396418688269,12,2254.772715818603,1333,0
3178,1719.2560975557258,-1459.3692031208057,12,2255.1274908527894,1329,0
3179,-281.9805543573483,2237.7861754341775,12,2255.482210082802,1330,0
3180,-1303.8841542497967,-1840.8384264503754,12,2255.836873534964,1331,0
3181,2205.2586888805,476.69079613210414,12,2256.19148123558,1332,0
3182,-1948.3952662968068,1138.3127365852479,12,2256.5460332109337,1338,0
3183,667.8717302314723,-2155.8170961279666,12,2256.9005294872877,1335,0
3184,963.9170532181524,2041.093803458144,12,2257.2549700908844,1338,0
3185,-2089.829537968354,-854.0564982686891,12,2257.6093550479454,1338,0
3186,2118.2145364193902,-782.0276067387819,12,2257.963684384671,1337,0
3187,-1033.8155979266603,2007.7911518590627,12,2258.317958127243,1335,0
3188,-594.0331481538295,-2179.1568596350403,12,2258.67217630182,1327,0
3189,1910.3203580211828,1205.7678589719587,12,2259.0263389345423,1334,0
3190,-2223.443739877913,401.3700731217013,12,2259.3804460515275,1333,0
3191,1368.5910558263272,-1798.1541985914828,12,2259.734497678875,1328,0
3192,205.5114464742294,2250.7254486871716,12,2260.088493842664,1331,0
3193,-1672.1427649487375,-1521.0320751481838,12,2260.4424345689495,1329,0
3194,2260.782321723761,-7.955738892266221,12,2260.7963198837706,1333,0
3195,-1661.9165602354624,1533.2427553440866,12,2261.150149813143,1340,0
3196,189.78463813912393,-2253.5265232799907,12,2261.5039243830643,1336,0
3197,1382.5102116559497,1790.1579580213086,12,2261.8576436195094,1331,0
3198,-2229.002801799842,-386.1949113704815,12,2262.211307548435,1337,0
3199,1904.765898965583,-1221.0924904108758,12,2262.5649161957763,1341,0
3200,-579.7695501689792,2187.3882299895595,12,2262.9184695874483,1333,0
3201,-1050.2195291139942,-2004.8538452135558,12,2263.271967749347,1329,0
3202,2128.990930875117,769.0238073372637,12,2263.6254107073455,1333,0
3203,-2089.645947960017,871.1944743708392,12,2263.9787984873005,1337,0
3204,952.5051078982574,-2054.24779893462,12,2264.332131115045,1334,0
3205,685.3837432144322,2158.4830609799496,12,2264.685408616393,1330,0
3206,-1963.7212331400824,-1128.8041984838612,12,2265.03863101714,1331,0
3207,2210.8278637200756,-494.2065934393511,12,2265.3917983430592,1331,0
3208,-1296.565971745483,1858.0949063252106,12,2265.744910619905,1335,0
3209,-299.1242825542522,-2246.2690541398656,12,2266.0979678734107,1339,0
3210,1738.1686026955654,1454.499882641228,12,2266.45097012929,1327,0
3211,-2264.524578594258,101.62889816631504,12,2266.8039174132377,1335,0
3212,1601.3898765302179,-1604.8521624581292,12,2267.1568097509266,1328,0
3213,-96.76805481954764,2265.4438734090154,12,2267.509647168012,1336,0
3214,-1459.1585794135644,-1736.103752695613,12,2267.862429690126,1334,0
3215,2249.0091003571843,294.54722288721234,12,2268.2151573428832,1341,0
3216,-1857.6018911966494,1302.1963038738172,12,2268.567830151878,1331,0
3217,490.1930399332457,-2215.335365943722,12,2268.9204481426846,1334,0
3218,1135.1608093897742,1964.945275783922,12,2269.2730113408566,1333,0
3219,-2164.6699221860345,-682.2053415087794,12,2269.6255197719297,1330,0
3220,2057.3027509645144,-959.3254874513872,12,2269.9779734614167,1332,0
3221,-869.110868271493,2097.3903543814563,12,2270.3303724348134,1331,0
3222,-776.0319395122278,-2133.957457133785,12,2270.682716717595,1332,0
3223,2014.001769118719,1049.4745704335426,12,2271.035006335217,1331,0
3224,-2194.3123939541624,586.6797403517114,12,2271.387241313114,1339,0
3225,1221.9106264614675,-1915.1330034596924,12,2271.7394216767025,1335,0
3226,392.715750885236,2237.8950688105656,12,2272.0915474513786,1337,0
3227,-1801.5318837313525,-1385.0930914199826,12,2272.443618662518,1339,0
3228,2264.3611941562376,-195.62306203343894,12,2272.7956353354784,1334,0
3229,-1537.7660931370951,1674.0595696682587,12,2273.147597495596,1332,0
3230,3.0903458605114653,-2273.4974048286185,12,2273.499505168189,1336,0
3231,1533.6840266768222,1678.753497782318,12,2273.851358378555,1332,0
3232,-2265.222973906801,-201.9031413446295,12,2274.203157151973,1330,0
3233,1806.9679704670139,-1381.4726757002188,12,2274.5549015137008,1340,0
3234,-399.29228961301976,2239.5905133429173,12,2274.906591488978,1333,0
3235,-1218.584276495334,-1921.4193610657571,12,2275.2582271030246,1337,0
3236,2196.7856533708296,593.7447205189269,12,2275.6098083810416,1332,0
3237,-2021.2223505851937,1046.2601060419277,12,2275.9613353482086,1330,0
3238,783.7689274525196,-2137.125702517268,12,2276.3128080296874,1331,0
3239,865.8144992436029,2105.6032990332133,12,2276.664226450621,1336,0
3240,-2061.0572978532136,-967.9064081645548,12,2277.015590636129,1336,0
3241,2173.906241823608,-678.6248240083437,12,2277.3669006113178,1341,0
3242,-1144.7428597733217,1969.1530628668754,12,2277.71815640127,1341,0
3243,-486.1209671751075,-2225.5979882433253,12,2278.06935803105,1337,0
3244,1862.1072979548237,1312.919042021779,12,2278.420505525703,1335,0
3245,-2260.2722823615186,289.7744115484499,12,2278.7715989102544,1333,0
3246,1471.1412253409576,-1740.7307359561116,12,2279.1226382097125,1332,0
3247,91.08698748589825,2277.652993919562,12,2279.473623449063,1332,0
3248,-1605.9444023386518,-1618.1911434058559,12,2279.8245546532744,1327,0
3249,2277.596314154267,108.42061497195795,12,2280.1754318472954,1334,0
3250,-1752.9353736175772,1458.7726265323895,12,2280.5262550560565,1334,0
3251,307.22048555083234,-2260.091939116175,12,2280.8770243044673,1332,0
3252,1300.3352574370556,1874.3340732820564,12,2281.227739617419,1337,0
3253,-2225.2632307927006,-503.7891956781428,12,2281.578401019785,1333,0
3254,1981.4490041484714,-1131.8391422631714,12,2281.929008536418,1332,0
3255,-696.6194732774294,2173.366354172871,12,2282.279562192152,1336,0
3256,-954.5689335462716,-2073.450783382218,12,2282.6300620118013,1332,0
3257,2104.7883962363976,884.231760947668,12,2282.9805080201627,1328,0
3258,-2149.625304936992,769.8772943622533,12,2283.330900242013,1334,0
3259,1065.185568892021,-2020.0444806548646,12,2283.681238702109,1334,0
3260,579.1745764261952,2209.379281613172,12,2284.031523425191,1340,0
3261,-1919.7738996969008,-1238.0905354789506,12,2284.381754435979,1337,0
3262,2252.2448647972305,-383.91804984202446,12,2284.7319317591723,1332,0
3263,-1401.6171105055566,1804.7352923733868,12,2285.0820554194547,1331,0
3264,-185.60076675431014,-2277.8833059180647,12,2285.4321254414886,1329,0
3265,1675.8009051850174,1554.5067790720877,12,2285.7821418499184,1331,0
3266,-2286.087630977238,-14.25985599080212,12,2286.1321046693693,1331,0
3267,1695.5817474464918,-1533.9499788866328,12,2286.482013924448,1334,0
3268,-214.1336478631982,2276.7843070551935,12,2286.831869639742,1332,0
3269,-1380.2613114064825,-1823.754016372399,12,2287.1816718398213,1333,0
3270,2250.033887406857,412.48940049507803,12,2287.531420549235,1331,0
3271,-1938.033771922204,1215.9050534021949,12,2287.8811157925143,1331,0
3272,607.8065986484139,-2206.0306295787113,12,2288.2307575941722,1331,0
3273,1042.1337988499167,2037.5370291836762,12,2288.580345978703,1332,0
3274,-2145.10108884555,-798.5870764253813,12,2288.9298809705815,1337,0
3275,2121.4924697543597,-860.2730385032113,12,2289.279362594264,1338,0
3276,-983.3665093614918,2067.701697118372,12,2289.6287908741892,1332,0
3277,-671.7110489839157,-2189.2474201590203,12,2289.9781658347747,1335,0
3278,1974.4153452552423,1160.7256542441978,12,2290.3274875004226,1334,0
3279,-2240.2729248604896,477.8882946223166,12,2290.676755895515,1333,0
3280,1329.3012503790615,-1865.9469943545196,12,2291.0259710444143,1334,0
3281,280.2864229861752,2274.1678744300334,12,2291.3751329714655,1336,0
3282,-1743.1183490661579,-1487.7964985672172,12,2291.7242417009948,1335,0
3283,2290.6621566834006,-80.41693813216585,12,2292.073297257311,1331,0
3284,-1634.991037242727,1606.8616331644587,12,2292.4222996647018,1335,0
3285,120.19036179749848,-2289.618806031036,12,2292.7712489474393,1329,0
3286,1458.2125145292744,1769.7503390224877,12,2293.1201451297748,1338,0
3287,-2271.03513396771,-319.99909419288207,12,2293.4689882359426,1333,0
3288,1891.0344553158952,-1298.3022332292724,12,2293.817778290159,1338,0
3289,-517.4780591727476,2235.042831418406,12,2294.166515316619,1328,0
3290,-1128.3489925399317,-1997.906041593078,12,2294.5151993395034,1335,0
3291,2181.90704153083,711.1129742299602,12,2294.8638303829703,1337,0
3292,-2089.5376013816854,949.6486784132712,12,2295.2124084711636,1329,0
3293,899.4180863908994,-2112.0244093932565,12,2295.560933628206,1333,0
3294,763.5649781020089,2165.2178930112505,12,2295.9094058782025,1336,0
3295,-2025.9201229999032,-1080.9475728378586,12,2296.2578252452404,1336,0
3296,2224.3574495057987,-571.5189732879011,12,2296.6061917533875,1332,0
3297,-1254.306642510302,1924.2439675245269,12,2296.9545054266964,1332,0
3298,-374.97828713647607,-2266.493168790984,12,2297.3027662891977,1337,0
3299,1807.7654225370497,1418.162253439092,12,2297.650974364906,1327,0
3300,-2291.2919384799575,175.44586816666944,12,2297.9991296778153,1339,0
3301,1571.253363460643,-1677.3678391496653,12,2298.347232251907,1336,0
3302,-25.551503342890125,2298.553266878303,12,2298.695282111137,1327,0
3303,-1534.0417411515232,-1712.4006354836479,12,2299.043279279448,1338,0
3304,2288.2108994461937,226.47489851116165,12,2299.391223780764,1330,0
3305,-1840.5155226128707,1378.8773009303884,12,2299.7391156389895,1329,0
3306,425.7850231699617,-2260.3334077175773,12,2300.086954878011,1338,0
3307,1213.0560473337773,1954.6086631412827,12,2300.4347415216976,1332,0
3308,-2215.1237455420146,-621.9540111100777,12,2300.7824755939005,1340,0
3309,2053.7975206677684,-1037.841868542086,12,2301.130157118454,1328,0
3310,-813.4771369004249,2152.917775424851,12,2301.477786119171,1331,0
3311,-854.5713784664204,-2137.3132103428366,12,2301.8253626198493,1337,0
3312,2074.1817756348523,998.8843584841284,12,2302.1728866442672,1335,0
3313,-2204.506458445623,664.6437201023829,12,2302.520358216187,1335,0
3314,1176.7516010055567,-1979.508946564996,12,2302.8677773593517,1330,0
3315,469.50988362981053,2254.8526491045754,12,2303.215144097485,1329,0
3316,-1869.6149425116087,-1345.71169525174,12,2303.5624584542957,1335,0
3317,2287.955918941287,-270.6616208137547,12,2303.9097204534723,1336,0
3318,-1504.4648866859654,1745.3324625208184,12,2304.2569301186877,1336,0
3319,-69.62004040458895,-2303.552267688768,12,2304.6040874735954,1336,0
3320,1607.6049411815518,1651.7888342910724,12,2304.951192541829,1337,0
3321,-2301.5116603564215,-132.07602826943088,12,2305.2982453470095,1332,0
3322,1786.5480223007512,-1457.4793871658273,12,2305.6452459127363,1343,0
3323,-332.8818144950422,2281.839104226783,12,2305.992194262591,1337,0
3324,-1296.098423876356,-1907.7025123496653,12,2306.33909042014,1330,0
3325,2244.674691814478,531.2584379824767,12,2306.685934408931,1330,0
3326,-2014.3159685837566,1124.6915927081886,12,2307.0327262524906,1332,0
3327,725.6847026623542,-2190.2926088360546,12,2307.379465974333,1336,0
3328,944.5659851178528,2105.562893802591,12,2307.726153597953,1335,0
3329,-2119.099114169529,-914.6687620805237,12,2308.072789146824,1333,0
3330,2180.735020713969,-757.0962748763507,12,2308.4193726444078,1327,0
3331,-1096.759566929991,2031.6295066639334,12,2308.7659041141437,1335,0
3332,-563.7142265214177,-2239.2468088215196,12,2309.1123835794565,1329,0
3333,1928.5441014315502,1270.5580068747643,12,2309.458811063752,1333,0
3334,-2280.6400042895107,365.8977600837989,12,2309.805186590419,1335,0
3335,1434.7276611102607,-1810.6232458590277,12,2310.1515101828277,1330,0
3336,165.15965561043924,2304.587227283585,12,2310.4977818643324,1336,0
3337,-1678.761412950036,-1588.005075051714,12,2310.8440016582686,1328,0
3338,2310.8945587169646,36.964016182319874,12,2311.190169587955,1330,0
3339,-1729.2094841236212,1533.960416704721,12,2311.536285676693,1335,0
3340,238.92564864215126,-2299.503105982014,12,2311.8823499477653,1332,0
3341,1377.3218009955149,1857.251909812579,12,2312.2283624244387,1331,0
3342,-2270.489535058496,-439.1779493438314,12,2312.574323129961,1335,0
3343,1971.1435579111771,-1210.038459762856,12,2312.9202320875656,1337,0
3344,-636.1857949399989,2224.0655643025816,12,2313.266089320465,1333,0
3345,-1033.3855522790807,-2070.0034541857317,12,2313.6118948518574,1330,0
3346,2160.576423174091,828.4379998673712,12,2313.9576487049194,1331,0
3347,-2153.065258505241,848.7107826684888,12,2314.3033509028155,1333,0
3348,1014.4589086820067,-2080.498287092713,12,2314.649001468689,1328,0
3349,657.4241177844061,2219.6832047288626,12,2314.994600425668,1337,0
3350,-1984.4347074661239,-1192.8197230947515,12,2315.340147796863,1333,0
3351,2269.3371203166757,-460.9870218919612,12,2315.6856436053667,1331,0
3352,-1362.1494767578033,1873.1120636439355,12,2316.031087874254,1332,0
3353,-260.9012903546622,-2301.636486652763,12,2316.3764806265845,1328,0
3354,1747.3740710619388,1521.1455735005861,12,2316.7218218853986,1338,0
3355,-2316.3235083970058,58.697567644567116,12,2317.0671116737217,1342,0
3356,1668.5838080079589,-1608.175387093603,12,2317.412350014559,1333,0
3357,-144.0763625343938,2313.2751677564993,12,2317.757536930902,1334,0
3358,-1456.5743630644274,-1803.3277918513477,12,2318.1026724457224,1334,0
3359,2292.5042473313,345.8674254218659,12,2318.4477565819766,1330,0
3360,-1924.3377122940008,1293.7249974562183,12,2318.792789362603,1330,0
3361,545.1291509741367,-2254.1593130828655,12,2319.1377708105224,1336,0
3362,1120.8681514820735,2030.678356361036,12,2319.4827009486403,1333,0
3363,-2198.5236569366675,-740.3335261149693,12,2319.827579799844,1336,0
3364,2121.526338254764,-939.3220939014109,12,2320.1724073870027,1329,0
3365,-929.9827126236441,2126.0132065020593,12,2320.517183732971,1328,0
3366,-750.4724471238771,-2196.1764742633727,12,2320.8619088605856,1335,0
3367,2037.1734173114828,1112.6205407952239,12,2321.2065827926654,1332,0
3368,-2254.047255810272,555.7616112814749,12,2321.5512055520117,1338,0
3369,1286.8436906728211,-1932.6751707867397,12,2321.8957771614128,1335,0
3370,356.67774699387644,2294.685378172653,12,2322.240297643635,1338,0
3371,-1813.3097087725646,-1451.3124749932927,12,2322.584767021432,1343,0
3372,2317.769289608593,-154.7434009813651,12,2322.929185317538,1331,0
3373,-1604.7611409887302,1679.9826428783567,12,2323.2735525546705,1332,0
3374,48.49613853354314,-2323.1117331173155,12,2323.617868755532,1336,0
3375,1533.7070839809762,1746.0076118237773,12,2323.962133942806,1329,0
3376,-2310.6612607597544,-251.48466757268483,12,2324.306348139161,1337,0
3377,1873.962592695676,-1375.5959440101954,12,2324.6505113672465,1331,0
3378,-452.66698279310236,2280.502708327484,12,2324.994623649698,1332,0
3379,-1206.8534685116958,-1987.6379714478408,12,2325.338685009132,1333,0
3380,2232.8566261072397,650.5007972700685,12,2325.68269546815,1329,0
3381,-2086.154448912065,1028.7660644113398,12,2326.026655049335,1339,0
3382,843.4685643708397,-2168.077669484697,12,2326.370563775255,1329,0
3383,842.6924928431024,2168.7483400583565,12,2326.7144216684605,1334,0
3384,-2086.6519611036733,-1030.0891190679547,12,2327.0582287514853,1332,0
3385,2234.777493350306,-650.0535018095998,12,2327.401985046846,1332,0
3386,-1208.9290473861856,1989.1934441843334,12,2327.745690577044,1331,0
3387,-452.32097778061615,-2283.726282429571,12,2328.089345364563,1329,0
3388,1876.439254345844,1378.61369670768,12,2328.432949431871,1337,0
3389,-2315.2096313342827,251.0066990679213,12,2328.7765028014173,1332,0
3390,1537.837742360236,-1749.244144815804,12,2329.1200054956385,1333,0
3391,47.650776914950455,2328.9760418388596,12,2329.4634575369496,1332,0
3392,-1608.574007182815,-1685.3752292637446,12,2329.806858947754,1338,0
3393,2324.9095991304393,156.1901273164849,12,2330.150209750436,1335,0
3394,-1820.0890113843093,1455.498536803829,12,2330.493509967363,1334,0
3395,358.95471871252727,-2303.030939851658,12,2330.8367596208877,1333,0
3396,1291.1830985609581,1940.9395163143345,12,2331.179958733345,1333,0
3397,-2263.497174480956,-559.0890278987143,12,2331.523107327054,1336,0
3398,2046.992767425304,-1116.8798548225748,12,2331.8662054243164,1333,0
3399,-755.0583210490322,2206.6007640292833,12,2332.2092530474188,1331,0
3400,-933.9182231533005,-2137.427601689045,12,2332.5522502186313,1329,0
3401,2132.767359044612,945.3588695272674,12,2332.895196960207,1328,0
3402,-2211.5420273900663,743.6947364930284,12,2333.238093294381,1334,0
3403,1128.5294888972198,-2042.5526168716872,12,2333.580939243376,1333,0
3404,547.6623831464655,2268.758672509338,12,2333.9237348293964,1328,0
3405,-1936.6380209529555,-1303.1627587524972,12,2334.2664800746293,1333,0
3406,2308.629281498688,-347.3195079560769,12,2334.6091750012465,1331,0
3407,-1467.9158372103038,1815.8257336174008,12,2334.951819631403,1333,0
3408,-144.19835944153655,-2330.838225431866,12,2335.2944139872384,1334,0
3409,1681.0325212284288,1621.5207869689468,12,2335.636958090876,1335,0
3410,-2335.2049980577585,-60.14662954867269,12,2335.979451964422,1332,0
3411,1762.7943335226485,-1533.282797692729,12,2336.3218956299665,1338,0
3412,-264.15073803455147,2321.6856780356384,12,2336.6642891095844,1335,0
3413,-1373.700839114608,-1890.6469804317835,12,2337.006632425334,1332,0
3414,2290.3733455428037,466.2509389020746,12,2337.348925599257,1335,0
3415,-2004.0914114291834,1203.5022287622833,12,2337.691168653379,1332,0
3416,664.8978749580472,-2241.4974494467474,12,2338.0333616097096,1330,0
3417,1023.984597443091,2102.2501145675583,12,2338.3755044902437,1336,0
3418,-2175.4221292856905,-858.5677372310885,12,2338.717597316957,1333,0
3419,2184.3621695288016,-836.5177298368683,12,2339.0596401118123,1341,0
3420,-1045.7739545350667,2092.643504282583,12,2339.401632896754,1339,0
3421,-642.5331121808621,-2249.789145620357,12,2339.7435756937125,1329,0
3422,1993.7859495924786,1225.078604501613,12,2340.085468524601,1326,0
3423,-2298.0200647107454,443.5130011474537,12,2340.4273114113157,1335,0
3424,1395.103458611639,-1879.5973876790322,12,2340.769104375739,1329,0
3425,240.9790972785819,2328.67539057611,12,2341.110847439736,1330,0
3426,-1750.943630377659,-1554.5405762603637,12,2341.4525406251564,1335,0
3427,2341.510013480734,-36.48090965769199,12,2341.7941839538335,1334,0
3428,-1702.162366537613,1608.8018143771078,12,2342.1357774475846,1339,0
3429,168.416099341257,-2336.4152065681037,12,2342.477321128211,1332,0
3430,1454.2529799640843,1836.8310402063612,12,2342.8188150174997,1331,0
3431,-2313.4195384527425,-372.1424983861705,12,2343.1602591372193,1325,0
3432,1957.507379206624,-1288.4738493084035,12,2343.5016535091245,1335,0
3433,-573.136908985569,2272.6887344197553,12,2343.8429981549534,1334,0
3434,-1112.7278669117352,-2063.2587559969447,12,2344.184293096428,1328,0
3435,2214.52448668666,769.8579725281705,12,2344.5255383552553,1334,0
3436,-2153.2663409398933,928.3555703367763,12,2344.8667339531257,1333,0
3437,960.7961709731179,-2139.362222215629,12,2345.207879911715,1326,0
3438,736.7643647168929,2226.831441955882,12,2345.548976252681,1335,0
3439,-2047.7678445998513,-1144.4854104019323,12,2345.890022997668,1330,0
3440,2283.3809274346563,-539.4177789317376,12,2346.231020168304,1330,0
3441,-1319.5142786696424,1940.4334743522988,12,2346.5719677862003,1331,0
3442,-337.8242855893197,-2322.4716902614905,12,2346.9128658729533,1327,0
3443,1818.1722197028005,1484.5368905827136,12,2347.2537144501443,1328,0
3444,-2343.794118245049,133.52577009668028,12,2347.5945135393376,1327,0
3445,1638.283237388395,-1681.912017345794,12,2347.9352631620827,1332,0
3446,-71.91426290347181,2347.1745437421246,12,2348.275963339914,1327,0
3447,-1532.6885898624791,-1779.5689608737748,12,2348.6166140943483,1331,0
3448,2332.576653142691,276.9226556525124,12,2348.9572154468883,1335,0
3449,-1907.3044769592502,1371.6375731844037,12,2349.2977674190215,1331,0
3450,479.9286442320686,-2300.101844798523,12,2349.638270032219,1341,0
3451,1199.9858740271952,2020.5033784023203,12,2349.978723307937,1336,0
3452,-2249.98853204483,-679.3758942343709,12,2350.3191272676145,1336,0
3453,2118.2900519045024,-1019.0423229691785,12,2350.6594819326765,1331,0
3454,-873.7344327869384,2182.6103960538826,12,2350.999787324533,1333,0
3455,-830.1876944900124,-2199.9064507195208,12,2351.3400434645773,1328,0
3456,2098.4736012771637,1061.512385581465,12,2351.6802503741874,1332,0
3457,-2264.7179704558475,634.8641699563369,12,2352.020408074726,1337,0
3458,1241.267428732742,-1998.2129942444087,12,2352.36051658754,1331,0
3459,434.564324086837,2312.2183824697336,12,2352.700575933963,1341,0
3460,-1882.587314211464,-1411.6178676858929,12,2353.0405861353097,1334,0
3461,2342.0337865570896,-230.81971888263854,12,2353.380547212881,1328,0
3462,-1571.2532579453914,1752.4734518377145,12,2353.720459187964,1330,0
3463,-25.18919231898542,-2353.9255520492393,12,2354.0603220818275,1332,0
3464,1608.8597992667071,1718.944486102879,12,2354.4001359157282,1333,0
3465,-2347.7922242241575,-180.7530687777727,12,2354.7399007109043,1335,0
3466,1853.5532334986342,-1452.8387421137822,12,2355.0796164885805,1339,0
3467,-385.42958027189815,2323.6703808095135,12,2355.419283269966,1336,0
3468,-1285.598350305912,-1974.0407497543504,12,2355.758901076254,1335,0
3469,2281.7344314164516,587.2716445467478,12,2356.098469928623,1330,0
3470,-2079.4758684588105,1108.4133310717066,12,2356.437989848237,1335,0
3471,784.731373916066,-2222.2953608356843,12,2356.777460856243,1330,0
3472,922.6353128714516,2169.0422032414676,12,2357.116882973774,1334,0
3473,-2145.7984251996404,-976.293561594433,12,2357.4562562219476,1329,0
3474,2242.0444685459624,-729.6825344370345,12,2357.795580621866,1333,0
3475,-1160.487309050264,2052.819818087617,12,2358.1348561946156,1326,0
3476,-531.0290174649202,-2297.9138762386724,12,2358.4740829612692,1330,0
3477,1944.0623314855973,1335.8973206421156,12,2358.8132609428835,1337,0
3478,-2336.2125661127216,328.1933057467974,12,2359.1523901604996,1333,0
3479,1501.1747786808876,-1820.3500443190553,12,2359.4914706351447,1330,0
3480,122.72685664207314,2356.6370358327895,12,2359.8305023878306,1337,0
3481,-1682.6220786343315,-1655.047715472965,12,2360.169485439552,1337,0
3482,2359.020543428741,83.79782623175636,12,2360.5084198112913,1338,0
3483,-1796.3308024689472,1531.925470805048,12,2360.8473055240147,1331,0
3484,289.79922844593426,-2343.334463364575,12,2361.186142598673,1332,0
3485,1369.4072117976436,1923.9344812847978,12,2361.524931056202,1336,0
3486,-2309.6885851785037,-493.6989360897224,12,2361.863670917524,1332,0
3487,2036.8733661718175,-1196.3055170732478,12,2362.2023622035435,1332,0
3488,-693.9337303648156,2258.330351800191,12,2362.5410049351526,1326,0
3489,-1013.9403925514715,-2134.2738531764307,12,2362.879599133227,1336,0
3490,2189.6430427837436,888.9675726306037,12,2363.2181448186284,1331,0
3491,-2215.3808772495468,823.7035684741392,12,2363.556642012203,1335,0
3492,1077.3033881424717,-2104.142915749011,12,2363.895090734781,1327,0
3493,627.0478780267761,2279.5637649914775,12,2364.233491007181,1329,0
3494,-2002.4753273708584,-1257.49455794885,12,2364.571842850202,1333,0
3495,2326.3211377314783,-425.47616166328334,12,2364.910146284632,1329,0
3496,-1428.1560308575451,1885.4098630073042,12,2365.248401331243,1332,0
3497,-220.529782002917,-2355.284826777803,12,2365.586608010791,1330,0
3498,1753.8345117727006,1587.9749699900856,12,2365.9247663440187,1334,0
3499,-2366.2227703163903,13.776836945637594,12,2366.262876351653,1334,0
3500,1735.7208522027395,-1608.748931073023,12,2366.600938054407,1334,0
3501,-193.1998387227236,2359.040869149476,12,2366.9389514729783,1331,0
3502,-1451.2568517673838,-1870.2549425675163,12,2367.2769166280486,1337,0
3503,2333.7837864791277,398.81479156012324,12,2367.614833540287,1336,0
3504,-1990.5390710679405,1282.557681569129,12,2367.9527022303464,1337,0
3505,601.4920946152082,-2290.6346849978954,12,2368.2905227188658,1332,0
3506,1103.9373706593096,2095.643643767186,12,2368.628295026469,1342,0
3507,-2229.9139026891517,-799.6774265875194,12,2368.966019173766,1334,0
3508,2184.754826718721,-916.7586089747138,12,2369.30369518135,1331,0
3509,-991.8499922775844,2152.076576894734,12,2369.6413230698017,1339,0
3510,-722.4504300089274,-2257.180847025757,12,2369.9789028596856,1344,0
3511,2057.7092342256224,1176.5341930358861,12,2370.316434571553,1336,0
3512,-2312.357362336686,522.4973003253942,12,2370.65391822594,1334,0
3513,1352.310957519063,-1947.5253718947731,12,2370.9913538433666,1334,0
3514,318.42777820890115,2349.8518570465126,12,2371.3287414443407,1336,0
3515,-1822.3600637015988,-1517.828645870641,12,2371.6660810493536,1335,0
3516,2369.367031013968,-111.80282797880142,12,2372.0033726788843,1326,0
3517,-1671.8134434144788,1683.1636315042642,12,2372.3406163533937,1333,0
3518,95.79612056472672,-2370.7431542207914,12,2372.677812093332,1331,0
3519,1530.9944300640047,1813.0791640502061,12,2373.0149599191323,1334,0
3520,-2353.9593687681013,-302.77927635306,12,2373.352059851214,1338,0
3521,1940.5363877929701,-1367.010800122447,12,2373.689111909983,1330,0
3522,-507.5606621349595,2319.1339276232243,12,2374.026116115828,1334,0
3523,-1192.462250802239,-2053.2008621690325,12,2374.3630724891254,1335,0
3524,2266.5233676841844,708.5702673281895,12,2374.6999810502375,1339,0
3525,-2150.201102585245,1008.6799385539491,12,2375.0368418195117,1331,0
3526,904.2660853733436,-2196.5206229042265,12,2375.37365481728,1330,0
3527,817.0665150912592,2230.785133067868,12,2375.71042006386,1334,0
3528,-2109.652091308627,-1093.14594342985,12,2376.0471375795555,1341,0
3529,2294.3263151620167,-619.08542185637,12,2376.383807384657,1330,0
3530,-1273.759033525533,2006.5736778180114,12,2376.7204294994394,1335,0
3531,-416.24971260550024,-2340.328219877682,12,2377.057003944163,1328,0
3532,1888.0658425706622,1444.7170567685348,12,2377.3935307390743,1334,0
3533,-2368.428504758812,210.11048961424845,12,2377.7300099044046,1334,0
3534,1604.7048948918334,-1755.0276921775876,12,2378.0664414603725,1338,0
3535,2.2450417542444883,2378.4017658477137,12,2378.4028254271816,1335,0
3536,-1608.470158572487,-1752.4907272170656,12,2378.7391618250203,1333,0
3537,2370.161342083091,205.75522470858508,12,2379.0754506740636,1329,0
3538,-1886.9355150959268,1449.5083172819916,12,2379.411691994473,1341,0
3539,412.29697037414013,-2343.760057732085,12,2379.7478858063937,1334,0
3540,1279.3529033982259,2007.001780907663,12,2380.0840321299584,1334,0
3541,-2299.389896561322,-615.7971285997625,12,2380.4201309852847,1332,0
3542,2111.761613852804,-1099.3010899011251,12,2380.756182392477,1329,0
3543,-814.6950396522393,2237.380609633961,12,2381.0921863716235,1327,0
3544,-910.7265984643798,-2200.403840855014,12,2381.428142942801,1330,0
3545,2158.1972668153135,1007.4644199726904,12,2381.7640521260705,1334,0
3546,-2272.2403070780674,715.0692182507707,12,2382.0999139414785,1336,0
3547,1192.6250748879947,-2062.436770121306,12,2382.4357284090584,1335,0
3548,513.8238125498808,2326.711217503518,12,2382.771495548828,1336,0
3549,-1950.823355079894,-1368.7542647512832,12,2383.1072153807936,1331,0
3550,2363.3894980548635,-308.5288973240284,12,2383.4428879249444,1333,0
3551,-1534.497637356839,1824.2031139503842,12,2383.778513201258,1333,0
3552,-100.75487880198067,-2381.9841423480543,12,2384.1140912296955,1332,0
3553,1683.5375822756341,1688.5796425000258,12,2384.449622030208,1333,0
3554,-2382.3425178190187,-107.90795981639877,12,2384.7851056227264,1332,0
3555,1829.8133487112868,-1529.896437304822,12,2385.120542027174,1334,0
3556,-315.8616307767067,2364.451612996781,12,2385.4559312634556,1338,0
3557,-1364.4493638147178,-1957.1095865039372,12,2385.791273351464,1335,0
3558,2328.4382157581285,521.512679996473,12,2386.126568311078,1331,0
3559,-2069.485347803677,1188.4571490911624,12,2386.461816162161,1330,0
3560,723.2843975082791,-2274.5680205966773,12,2386.797016924565,1334,0
3561,1003.2620749682957,2166.0713766933695,12,2387.1321706181247,1330,0
3562,-2203.243671156664,-919.6289064117701,12,2387.467277262665,1332,0
3563,2246.118892942915,-810.2776800362285,12,2387.802336877992,1331,0
3564,-1109.0390377777753,2115.0017524070627,12,2388.1373494839027,1333,0
3565,-610.977970220536,-2309.0053962486086,12,2388.472315100177,1336,0
3566,2010.508754947923,1290.059900267329,12,2388.8072337465824,1333,0
3567,-2354.239506257983,406.88615996881555,12,2389.142105442872,1328,0
3568,1461.3000557786884,-1890.5560417457086,12,2389.4769302087852,1333,0
3569,199.56303017208265,2381.464800703243,12,2389.8117080640473,1321,0
3570,-1756.0538553610786,-1621.4422151502938,12,2390.1464390283704,1324,0
3571,2390.462621715387,9.405008325361868,12,2390.4811231214526,1333,0
3572,-1769.253371820808,1608.0244109778623,12,2390.815760362977,1329,0
3573,218.41805420203957,-2381.1538282098863,12,2391.1503507726156,1327,0
3574,1447.5941277209158,1903.594295375966,12,2391.484894370023,1337,0
3575,-2353.5994803447115,-425.8749653608463,12,2391.8193911748435,1338,0
3576,2023.428311990986,-1275.9850572139587,12,2392.1538412067066,1338,0
3577,-630.1856249243806,2308.000450203307,12,2392.4882444852265,1329,0
3578,-1094.5055746993633,-2127.8293039978594,12,2392.822601030005,1339,0
3579,2244.69596107818,829.7831296907066,12,2393.1569108606313,1335,0
3580,-2215.9888669375905,904.5404035247143,12,2393.4911739966788,1326,0
3581,1023.1358074832565,-2164.1610659665757,12,2393.8253904577086,1326,0
3582,707.5400491679137,2287.222568711551,12,2394.159560263267,1334,0
3583,-2067.003083974388,-1208.7589713587936,12,2394.4936834328882,1338,0
3584,2340.975262442216,-505.00972330599524,12,2394.827759986091,1338,0
3585,-1385.2263203360228,1953.9570213923134,12,2395.1617899423827,1336,0
3586,-298.49784263051873,-2376.825411750919,12,2395.4957733212555,1333,0
3587,1825.8800119070256,1551.1808992243293,12,2395.8297101421877,1325,0
3588,-2394.4883948085735,89.58419016244656,12,2396.1636004246457,1336,0
3589,1705.345533212004,-1683.744818062959,12,2396.4974441880804,1335,0
3590,-120.13217028189419,2393.8187612397396,12,2396.8312414519296,1336,0
3591,-1528.6324431671517,-1846.5326570891796,12,2397.16499223562,1333,0
3592,2374.8114240276095,329.0451341502532,12,2397.4986965585613,1333,0
3593,-1973.6534633491078,1361.7239098327059,12,2397.8323544401514,1331,0
3594,535.5538569062414,-2337.6017766832847,12,2398.1659658997746,1330,0
3595,1184.291267594122,2085.726298798648,12,2398.499530956802,1333,0
3596,-2282.4647341824166,-738.0750213993107,12,2398.833049630591,1332,0
3597,2181.8842448335317,-997.6878981661598,12,2399.1665219404845,1328,0
3598,-935.0549777061273,2209.81270443153,12,2399.4999479058133,1333,0
3599,-803.3381921245872,-2261.381822929069,12,2399.8333275458945,1342,0
3600,2120.1925051866046,1124.9816624952377,12,2400.1666608800315,1336,0
3601,-2323.6007734101404,602.7266758720732,12,2400.4999479275148,1334,0
3602,1306.3962063349782,-2014.281249496598,12,2400.83318870762,1334,0
3603,397.3866717677107,2368.0548627726894,12,2401.166383239612,1338,0
3604,-1892.8812305756098,-1477.9041399680038,12,2401.49953154274,1332,0
3605,2394.393682132425,-188.888578173287,12,2401.8326336362406,1337,0
3606,-1638.1861133442972,1756.9138447988578,12,2402.165689539337,1333,0
3607,21.172141131021277,-2402.4054071783826,12,2402.49869927124,1332,0
3608,1607.4125987793734,1786.0080451345516,12,2402.8316628511457,1338,0
3609,-2392.018497880164,-231.18716616439545,12,2403.1645802982366,1326,0
3610,1920.2306245315888,-1445.5152536763576,12,2403.4974516316843,1332,0
3611,-439.5476352996109,2363.3023243551643,12,2403.830276870645,1329,0
3612,-1272.4551663557631,-2039.8180922853217,12,2404.163056034262,1331,0
3613,2316.4667135006357,644.6564707218597,12,2404.495789141665,1330,0
3614,-2143.846233196241,1089.5518933994335,12,2404.8284762119733,1337,0
3615,844.9406205015068,-2251.8604192592684,12,2405.1611172642884,1332,0
3616,898.2011294378062,2231.5095184821976,12,2405.4937123177024,1332,0
3617,-2169.9685276624073,-1038.8631233009696,12,2405.826261391292,1331,0
3618,2302.1273427461947,-699.8640566426768,12,2406.1587645041213,1338,0
3619,-1224.9349033155072,2071.408815912356,12,2406.4912216752423,1334,0
3620,-496.0561865354919,-2355.149307326367,12,2406.8236329236925,1326,0
3621,1956.9270928644746,1401.726204796428,12,2407.1559982684967,1324,0
3622,-2390.1595089637267,288.33577944867795,12,2407.4883177286656,1337,0
3623,1567.8775784764139,-1827.39155599202,12,2407.820591323199,1334,0
3624,78.29193000333095,2406.879800425512,12,2408.152819071082,1332,0
3625,-1683.786207591713,-1722.1103353513429,12,2408.4850009912866,1332,0
3626,2405.171997499799,132.46759016010094,12,2408.817137102773,1332,0
3627,-1863.2363875463907,1527.2033800784611,12,2409.1492274244865,1334,0
3628,342.3286395228567,-2385.039014893138,12,2409.48127197536,1335,0
3629,1358.8354272330976,1990.1674004204388,12,2409.813270774315,1336,0
3630,-2346.624921726909,-549.6830693501275,12,2410.1452238402567,1330,0
3631,2101.923185509105,-1179.9656445080318,12,2410.47713119208,1334,0
3632,-752.9410473242486,2290.2139156101257,12,2410.8089928486665,1339,0
3633,-991.958487636111,-2197.6392694904866,12,2411.140808828883,1328,0
3634,2216.2282225670556,950.543247568079,12,2411.4725791515857,1336,0
3635,-2276.573580811509,796.2491639876696,12,2411.804303835616,1335,0
3636,1140.9728137245725,-2125.2249382927516,12,2412.135982899803,1333,0
3637,594.3326761973184,2338.1122021845176,12,2412.4676163629642,1336,0
3638,-2017.8918343931005,-1322.7670031754074,12,2412.7992042439005,1335,0
3639,2381.774144428665,-387.7524015800558,12,2413.130746561404,1336,0
3640,-1494.528423138258,1895.04216112251,12,2413.462243334252,1338,0
3641,-178.0882947124984,-2407.2151044903303,12,2413.793694581208,1332,0
3642,1757.6084859482316,1654.9357722046993,12,2414.125100321025,1336,0
3643,-2414.2301783314592,-33.055196772220796,12,2414.4564605724413,1335,0
3644,1802.754004867688,-1606.635614547839,12,2414.787775354182,1336,0
3645,-244.06141061083744,2402.755507297954,12,2415.1190446849614,1336,0
3646,-1443.272648054998,-1936.8438407306655,12,2415.450268583479,1331,0
3647,2372.868844784956,453.31384872834894,12,2415.781447068422,1341,0
3648,-2056.1705452870015,1268.764236843928,12,2416.1125801584662,1334,0
3649,659.2085615208231,-2324.7890382608157,12,2416.4436678722723,1330,0
3650,1084.4410975230385,2159.811914496961,12,2416.7747102284898,1332,0
3651,-2258.8744300156045,-860.1664428595649,12,2417.1057072457547,1335,0
3652,2246.9654016380523,-891.70986528217,12,2417.436658942691,1328,0
3653,-1054.6453414286068,2175.6201883148024,12,2417.7675653379088,1334,0
3654,-692.0423590933293,-2316.9543312764154,12,2418.0984264500075,1330,0
3655,2075.654588788159,1241.151895636734,12,2418.42924229757,1335,0
3656,-2369.233152317527,486.96434156881764,12,2418.760012899171,1338,0
3657,1418.253001144334,-1959.7342740139775,12,2419.0907382733703,1337,0
3658,278.04385944647214,2403.391689305784,12,2419.421418438714,1331,0
3659,-1828.7385270042294,-1584.58682307105,12,2419.752053413738,1331,0
3660,2419.1583588984336,-66.87925367284933,12,2420.0826432169624,1333,0
3661,-1738.8732681398885,1683.6626019926034,12,2420.413187866898,1332,0
3662,144.91306909741508,-2416.402326270352,12,2420.743687382041,1335,0
3663,1525.610163031121,1879.9238363444824,12,2421.074141780875,1335,0
3664,-2395.134584370759,-355.71101016289873,12,2421.404551081871,1330,0
3665,2006.6507762103995,-1355.7848879280966,12,2421.7349153034897,1335,0
3666,-563.8992027337362,2355.5079471647423,12,2422.065234464176,1327,0
3667,-1175.4813013040482,-2118.0754732267073,12,2422.395508582362,1331,0
3668,2297.81595631636,767.8813911652848,12,2422.725737676471,1334,0
3669,-2213.33600666689,986.0749066840012,12,2423.05592176491,1333,0
3670,966.0926704575428,-2222.490709111787,12,2423.386060866077,1333,0
3671,789.0116927367377,2291.6938165306265,12,2423.716154998353,1337,0
3672,-2130.099623649605,-1157.011492305851,12,2424.04620418011,1329,0
3673,2352.5394289681008,-585.7970938391918,12,2424.3762084297064,1338,0
3674,-1339.1713454543612,2021.341165541818,12,2424.7061677654883,1330,0
3675,-377.984489124546,-2395.397195869874,12,2425.0360822057883,1329,0
3676,1897.0395682507003,1511.1720208140425,12,2425.3659517689284,1339,0
3677,-2419.9290117209407,167.1633280098004,12,2425.6957764732165,1326,0
3678,1671.6903746834666,-1758.1385870262484,12,2426.0255563369487,1326,0
3679,-45.053027155930685,2425.9369787247333,12,2426.3552913784083,1325,0
3680,-1605.6943337018643,-1819.4905074546898,12,2426.6849816158665,1335,0
3681,2413.3649991778625,257.0396481931036,12,2427.014627067583,1331,0
3682,-1953.4332793870553,1440.8672468284979,12,2427.344227751804,1328,0
3683,467.1724835859207,-2382.2992823279283,12,2427.673783686762,1331,0
3684,1264.9132581077872,2072.485090287296,12,2428.00329489068,1333,0
3685,-2332.96776123776,-673.8408009502496,12,2428.3327613817673,1333,0
3686,2175.7258553317783,-1079.1742224686438,12,2428.6621831782204,1337,0
3687,-875.4595342847373,2265.7384235233226,12,2428.9915602982237,1332,0
3688,-885.0676846044283,-2262.3561155726475,12,2429.3208927599503,1335,0
3689,2181.1165681861503,1070.4814412141252,12,2429.6501805815587,1338,0
3690,-2331.7032281130423,684.0760601038579,12,2429.979423781197,1330,0
3691,1257.4089771129609,-2079.7410089421555,12,2430.308622377001,1334,0
3692,477.7353137168273,2383.2265880582745,12,2430.6377763870946,1341,0
3693,-1962.3792526093614,-1434.8057948476253,12,2430.966885829587,1331,0
3694,2416.521841714884,-267.62322118027214,12,2431.295950722577,1334,0
3695,-1601.3077819549633,1829.9216888846577,12,2431.6249710841516,1333,0
3696,-55.347304418964185,-2431.3240581817868,12,2431.9539469323836,1332,0
3697,1683.3748355575574,1755.6335503206717,12,2432.282878285336,1333,0
3698,-2427.5098345011784,-157.4674677514701,12,2432.611765161058,1336,0
3699,1896.594297809409,-1523.853690324906,12,2432.9406075775873,1332,0
3700,-369.19111917435043,2405.09831764167,12,2433.2694055529487,1330,0
3701,-1352.573247408873,-2023.1029658407933,12,2433.5981591051545,1339,0
3702,2364.251134907141,578.2011510627559,12,2433.926868252208,1328,0
3703,-2134.1826224698566,1170.8392434265631,12,2434.2555330120954,1333,0
3704,782.8949761017136,-2305.271232717464,12,2434.584153402794,1331,0
3705,980.0382031023236,2228.974006232457,12,2434.912729442269,1326,0
3706,-2228.600632053059,-981.7022067881401,12,2435.2412611484715,1331,0
3707,2306.7421725871477,-781.6268605977704,12,2435.5697485393434,1331,0
3708,-1173.0967036429774,2134.8171172027783,12,2435.898191632811,1337,0
3709,-577.1210372927756,-2366.8821914734394,12,2436.2265904467918,1335,0
3710,2024.6298825698686,1355.6082909915826,12,2436.5549449991886,1335,0
3711,-2408.9238518839898,368.08406081274495,12,2436.8832553078937,1335,0
3712,1527.8340502398516,-1898.8741703777246,12,2437.2115213907887,1333,0
3713,156.11481391525828,2432.535336819633,12,2437.5397432657383,1336,0
3714,-1758.504939753256,-1688.4491040192474,12,2437.8679209506004,1340,0
3715,2437.5258399554327,57.164495533168584,12,2438.196054463217,1334,0
3716,-1836.216808181966,1604.5896152443565,12,2438.5241438214216,1334,0
3717,270.12074980033503,-2423.8471033725095,12,2438.8521890430343,1333,0
3718,1438.2999697507712,1969.9982733532865,12,2439.180190145861,1331,0
3719,-2391.593864008414,-481.1224268700236,12,2439.5081471476988,1341,0
3720,2088.7611426239164,-1260.9032036855285,12,2439.8360600663314,1334,0
3721,-688.5521004567228,2341.0032048155417,12,2440.163928919531,1335,0
3722,-1073.7522881810446,-2191.58755782788,12,2440.4917537250562,1334,0
3723,2272.452815000328,890.8188388202648,12,2440.819534500656,1335,0
3724,-2277.6812528471073,878.2756460410553,12,2441.1472712640675,1336,0
3725,1086.37040719169,-2186.45817210807,12,2441.4749640330124,1338,0
3726,675.9662490260628,2346.373719205369,12,2441.8026128252054,1337,0
3727,-2083.668666930245,-1273.7051803510649,12,2442.1302176583463,1335,0
3728,2397.129396147414,-468.3702148150935,12,2442.457778550123,1333,0
3729,-1451.3836737986182,1964.8627004019459,12,2442.7852955182125,1335,0
3730,-257.0749906119487,-2429.54984497167,12,2443.11276858028,1335,0
3731,1830.9417894464364,1618.0396050958332,12,2443.440197753978,1334,0
3732,-2443.3768750445706,43.697213840577724,12,2443.7675830569488,1328,0
3733,1772.3904002533372,-1682.9237264623182,12,2444.0949245068205,1338,0
3734,-170.12965737382916,2438.4945970171566,12,2444.4222221212117,1337,0
3735,-1521.9348442767487,-1913.2470644891396,12,2444.749475917727,1334,0
3736,2414.9303869171886,382.76784915140905,12,2445.076685913961,1335,0
3737,-2039.5233412810726,1349.201445437148,12,2445.403852127497,1335,0
3738,592.5878166370604,-2372.854753155642,12,2445.730974575904,1332,0
3739,1166.04046096147,2150.2440892607433,12,2446.058053276741,1329,0
3740,-2312.580106882923,-797.9807323797795,12,2446.3850882475554,1333,0
3741,2244.55281225734,-973.8494098101961,12,2446.7120795058827,1332,0
3742,-997.3708227408442,2234.5584445132,12,2447.0390270692455,1335,0
3743,-774.0957355184526,-2321.718284429045,12,2447.365930955157,1337,0
3744,2139.3779596189215,1189.227457594543,12,2447.6927911811154,1336,0
3745,-2381.140219166502,568.3056014748609,12,2448.019607764611,1336,0
3746,1372.0769006984572,-2027.7586095415095,12,2448.3463807231196,1335,0
3747,358.0522302770533,2422.353937886375,12,2448.673110074107,1338,0
3748,-1900.5466701786306,-1544.5136303940214,12,2448.9997958350264,1334,0
3749,2445.034002360009,-144.9438763915078,12,2449.326438023319,1336,0
3750,-1705.2111437996696,1758.7083200637396,12,2449.6530366564157,1328,0
3751,69.38847606522906,-2448.9967822333588,12,2449.9795917517354,1336,0
3752,1603.3223024501488,1852.9321613232241,12,2450.3061033266845,1333,0
3753,-2434.201937472132,-283.3035961771737,12,2450.6325713986585,1332,0
3754,1986.5381531043818,-1435.5717210437908,12,2450.958995985041,1330,0
3755,-495.1625743098011,2400.7528038102737,12,2451.2853771032046,1333,0
3756,-1256.7350318745453,-2104.9981139324764,12,2451.6117147705095,1339,0
3757,2348.8956776619275,703.3413790337632,12,2451.9380090043064,1333,0
3758,-2207.396519106482,1068.1762997916537,12,2452.264259821931,1335,0
3759,906.2433068206037,-2279.018005379259,12,2452.590467240709,1339,0
3760,871.3347939533013,2292.940399758868,12,2452.9166312779566,1331,0
3761,-2191.645490168589,-1102.311228929329,12,2453.2427519509765,1338,0
3762,2360.9654830443515,-667.7140015554194,12,2453.568829277059,1330,0
3763,-1290.039541682644,2087.438138219965,12,2453.894863273486,1337,0
3764,-458.8701437870481,-2410.9413495854383,12,2454.2208539575245,1328,0
3765,1967.1852738255375,1467.9857282834685,12,2454.546801346432,1333,0
3766,-2442.4755681942243,246.40028160353538,12,2454.8727054574542,1336,0
3767,1634.7814435127068,-1831.799561072802,12,2455.198566307825,1334,0
3768,31.930102362576655,2455.3167756041407,12,2455.5243839147674,1334,0
3769,-1682.3100774574002,-1789.1430360050247,12,2455.8501582954937,1328,0
3770,2449.3566770883704,182.89851941067423,12,2456.1758894672016,1336,0
3771,-1929.881427304025,1519.8544918994646,12,2456.5015774470817,1329,0
3772,396.4400918050461,-2424.6309520439613,12,2456.8272222523096,1335,0
3773,1345.6704067066005,2055.9112715567494,12,2457.1528239000518,1332,0
3774,-2381.3190570306165,-607.0581097578842,12,2457.4783824074625,1339,0
3775,2166.2593253899436,-1161.0859292753087,12,2457.803897791685,1333,0
3776,-813.1375970511197,2319.742927192996,12,2458.12937006985,1336,0
3777,-967.5095454655077,-2260.0719633306207,12,2458.454799259079,1335,0
3778,2240.3645854151873,1013.0974900854491,12,2458.780185376481,1329,0
3779,-2336.6217808212286,766.4193717488037,12,2459.105528439152,1334,0
3780,1205.4027683309923,-2143.7826769754392,12,2459.4308284641793,1331,0
3781,559.3518682688084,2395.3132336845206,12,2459.756085468639,1331,0
3782,-2030.7279556412966,-1388.5762385180444,12,2460.081299469593,1334,0
3783,2435.6872703826652,-347.8900988758404,12,2460.406470484095,1336,0
3784,-1561.209881967799,1902.0577552866503,12,2460.7315985291852,1333,0
3785,-133.651627975519,-2457.4249209974846,12,2461.056683621895,1334,0
3786,1758.7494887861526,1721.9756780205828,12,2461.3817257792416,1333,0
3787,-2460.3498149214583,-81.72385340857967,12,2461.7067250182345,1329,0
3788,1869.6358202399103,-1601.8932235563766,12,2462.031681355868,1337,0
3789,-296.5870775582405,2444.429607377857,12,2462.3565948091277,1332,0
3790,-1432.6833900535653,-2003.052246913351,12,2462.681465394987,1341,0
3791,2409.776303278344,509.2918300524331,12,2463.006293130409,1331,0
3792,-2121.1954123641167,1252.4096863907694,12,2463.331078032346,1332,0
3793,718.2075629626577,-2356.6454753533126,12,2463.655820117737,1340,0
3794,1062.4472482310282,2223.1522315681214,12,2463.980519403512,1339,0
3795,-2285.434381951035,-921.7318947481913,12,2464.305175906588,1327,0
3796,2308.1331366849,-864.2461589947172,12,2464.6297896438723,1336,0
3797,-1118.3029008829012,2196.6789983693307,12,2464.954360632261,1332,0
3798,-659.3203802820607,-2375.4781910480087,12,2465.278888888639,1332,0
3799,2091.0499838562746,1306.4111010760262,12,2465.603374429878,1335,0
3800,-2424.662213208932,449.2361871407578,12,2465.927817272842,1332,0
3801,1484.611050952591,-1969.34761466569,12,2466.252217434381,1335,0
3802,235.60019639060604,2455.298871310926,12,2466.576574931336,1334,0
3803,-1832.4957213847415,-1651.532449304771,12,2466.900889780536,1333,0
3804,2467.1437158377307,-20.04707964752723,12,2467.225161998799,1331,0
3805,-1805.8906754369964,1681.5346765290649,12,2467.549391602932,1328,0
3806,195.77294512058927,-2460.096126975288,12,2467.8735786097313,1337,0
3807,1517.6134855510713,1946.496675690336,12,2468.1977230359807,1333,0
3808,-2434.2001610763327,-410.2067476480074,12,2468.521824898455,1337,0
3809,2072.2661229484797,-1341.9810414756525,12,2468.8458842139175,1335,0
3810,-621.6109484474314,2389.6442891715674,12,2469.1699009991194,1329,0
3811,-1155.9766096267965,-2182.2277786692516,12,2469.4938752708013,1335,0
3812,2326.760028954025,828.3645137630316,12,2469.817807045694,1327,0
3813,-2275.5309928647184,961.0196150506549,12,2470.141696340516,1334,0
3814,1028.8811860094854,-2246.0194801193766,12,2470.465543171975,1336,0
3815,758.5988103968,2351.4522841989715,12,2470.789347556768,1336,0
3816,-2148.031781399665,-1221.6216542354603,12,2471.113109511582,1337,0
3817,2409.4009492355003,-550.2609070459837,12,2471.4368290530915,1336,0
3818,-1405.1053713674135,2033.538515827631,12,2471.760506197961,1336,0
3819,-337.59875617690113,-2448.92365741111,12,2472.0841409628433,1337,0
3820,1903.408098936654,1577.92192737865,12,2472.407733364382,1339,0
3821,-2469.707995950894,122.23917022058914,12,2472.731283419207,1331,0
3822,1738.7418911424484,-1758.6291922933556,12,2473.0547911439403,1331,0
3823,-94.1695223174856,2471.5849370528413,12,2473.378256555192,1335,0
3824,-1600.303192390694,-1886.3270375054674,12,2473.7016796695593,1331,0
3825,2454.5302078500317,309.97009331817725,12,2474.0250605036317,1334,0
3826,-2019.5398810188226,1429.6358518778409,12,2474.3483990739865,1332,0
3827,523.509106363022,-2418.664552093777,12,2474.6716953971895,1335,0
3828,1247.9280969627766,2137.352442815846,12,2474.994949489797,1339,0
3829,-2364.252880972552,-733.1495855642211,12,2475.3181613683523,1333,0
3830,2238.8541831653806,-1056.5661108150673,12,2475.641331049391,1328,0
3831,-937.283564978721,2291.702318980539,12,2475.9644585494357,1328,0
3832,-857.0107586740784,-2323.259038402063,12,2476.2875438849987,1330,0
3833,2201.5591592542924,1134.3444222561034,12,2476.6105870725823,1329,0
3834,-2389.911507929961,650.7864352181444,12,2476.933588128676,1338,0
3835,1322.8189020517937,-2094.504751098571,12,2477.256547069762,1334,0
3836,439.46941946528267,2438.2917441017694,12,2477.5794639123083,1338,0
3837,-1971.3503507001026,-1501.2587367920896,12,2477.902338672773,1336,0
3838,2468.0196055127462,-224.67582603543946,12,2478.225171367606,1339,0
3839,-1668.291775678627,1833.030973879889,12,2478.547962013243,1337,0
3840,-8.049245011104857,-2478.8576420711925,12,2478.8707106261113,1328,0
3841,1680.5982975318698,1822.6325362872738,12,2479.1934172226256,1338,0
3842,-2470.7129884503074,-208.7518352085827,12,2479.5160818191926,1334,0
3843,1963.0920977373642,-1515.2126635562136,12,2479.8387044322058,1337,0
3844,-424.0667256720924,2443.6381508271124,12,2480.1612850780493,1341,0
3845,-1338.1342461731087,-2088.587259182322,12,2480.483823773096,1333,0
3846,2397.830680311492,636.2452581803093,12,2480.806320533709,1330,0
3847,-2198.148893173407,1150.7134497521627,12,2481.1287753762394,1332,0
3848,843.6604325373256,-2333.6317349939627,12,2481.45118831703,1327,0
3849,954.3806104332216,2290.9294293864905,12,2481.7735593724096,1332,0
3850,-2251.5235410328,-1044.7208929542487,12,2482.0958885586997,1333,0
3851,2366.209411005934,-750.6350799602628,12,2482.418175892208,1337,0
3852,-1237.8831377899044,2152.12577169073,12,2482.7404213892355,1338,0
3853,-541.0337751649562,-2423.4030729803812,12,2483.0626250660694,1336,0
3854,2036.1908714582298,1421.663369082208,12,2483.3847869389874,1332,0
3855,-2462.0628989657503,327.17928042033185,12,2483.706907024257,1335,0
3856,1594.6488907660848,-1904.5983605943002,12,2484.028985338134,1340,0
3857,110.70759411955662,2481.8831214632687,12,2484.3510218968654,1334,0
3858,-1758.348163125189,-1755.5089681440747,12,2484.6730167166866,1324,0
3859,2482.7021378254854,106.72438726347954,12,2484.9949698138225,1333,0
3860,-1903.0050650099301,1598.5530089886138,12,2485.3168812044873,1338,0
3861,323.45155163648303,-2464.5038230329346,12,2485.6387509048855,1335,0
3862,1426.429967966968,2036.0003797852673,12,2485.9605789312104,1334,0
3863,-2427.4177286246145,-537.8133233371215,12,2486.282365299646,1335,0
3864,2153.468607139702,-1243.291179918764,12,2486.604110026363,1335,0
3865,-748.1663869609724,2371.718165681109,12,2486.9258131275246,1332,0
3866,-1050.5338518062158,-2254.501857663727,12,2487.247474619283,1334,0
3867,2297.822178295888,952.8972856145288,12,2487.5690945177776,1325,0
3868,-2338.317674395108,849.6295978904304,12,2487.8906728391426,1334,0
3869,1150.434796866237,-2206.2864225116696,12,2488.212209599495,1340,0
3870,642.1132043028058,2404.2650920520355,12,2488.533704814946,1338,0
3871,-2097.802974030458,-1339.2619916017045,12,2488.855158501595,1328,0
3872,2451.829691989424,-429.5709039018421,12,2489.176570675532,1332,0
3873,-1517.9278830961816,1973.194096311649,12,2489.4979413528345,1328,0
3874,-213.62825086098508,-2480.637613686061,12,2489.8192705495712,1337,0
3875,1833.4060085441458,1685.0585769741724,12,2490.140558281801,1335,0
3876,-2490.458491446849,-4.062312184256813,12,2490.4618045655707,1327,0
3877,1839.367836249525,-1679.5017007942388,12,2490.7830094169185,1333,0
3878,-221.83409947555032,2481.207293296929,12,2491.1041728518703,1336,0
3879,-1512.6528508011231,-1979.6669803184666,12,2491.425294886443,1336,0
3880,2452.945047394118,438.01894304318233,12,2491.746375536643,1329,0
3881,-2104.8740416116934,1334.1309039780374,12,2492.0674148184676,1337,0
3882,650.9599716262207,-2405.8784498266723,12,2492.388412747901,1332,0
3883,1145.2973844256137,2214.022109471323,12,2492.7093693409183,1332,0
3884,-2340.3583562311214,-859.0243095624033,12,2493.0302846134864,1337,0
3885,2306.2667968157484,-947.5935109028704,12,2493.351158581559,1332,0
3886,-1060.6155984576053,2256.877168192459,12,2493.6719912610793,1334,0
3887,-742.5291968362112,-2380.892772017625,12,2493.992782667985,1331,0
3888,2156.0651339129067,1254.1862454695945,12,2494.3135328181975,1339,0
3889,-2437.319305398766,531.6715184495755,12,2494.634241727633,1338,0
3890,1438.2493043633672,-2038.6855908889654,12,2494.954909412192,1336,0
3891,316.632738961852,2475.104787401438,12,2495.2755358877707,1334,0
3892,-1905.6291865557967,-1611.3898979907667,12,2495.5961211702506,1330,0
3893,2493.9501832428905,-99.05798051016764,12,2495.9166652755057,1338,0
3894,-1772.276094573863,1757.9071205845937,12,2496.2371682193984,1331,0
3895,119.38736206631047,-2493.701397076011,12,2496.5576300177813,1334,0
3896,1596.6434601814801,1919.6691540626762,12,2496.878050686497,1331,0
3897,-2474.350526957085,-337.0303691764237,12,2497.198430241378,1337,0
3898,2052.433065856226,-1423.0665866993052,12,2497.5187686982454,1341,0
3899,-552.203408620868,2436.036000453912,12,2497.839066072912,1339,0
3900,-1238.499838745072,-2169.543304345048,12,2498.1593223811806,1332,0
3901,2379.041589266853,763.2569138492261,12,2498.479537638841,1335,0
3902,-2270.0947348911122,1044.3514229509392,12,2498.799711861677,1332,0
3903,968.572030301525,-2303.794309854415,12,2499.119845065458,1332,0
3904,842.1036694455404,2353.308609151455,12,2499.439937265947,1335,0
3905,-2210.8612255501366,-1166.5730330154843,12,2499.759988478894,1332,0
3906,2418.538595761766,-633.3017138858092,12,2500.0799987200407,1336,0
3907,-1355.7394201070388,2100.9451741461103,12,2500.399968005119,1332,0
3908,-419.54169259513657,-2465.2757996164255,12,2500.7198963498486,1337,0
3909,1974.8794530754278,1534.617589440607,12,2501.0397837699425,1337,0
3910,-2493.1527308270097,202.45854086657982,12,2501.3596302810997,1335,0
3911,1701.8320086858773,-1833.6215024405096,12,2501.6794358990123,1333,0
3912,-16.286512152240824,2501.946192371434,12,2501.999200639361,1337,0
3913,-1678.2456336984374,-1856.0957930484435,12,2502.318924517816,1336,0
3914,2491.579063787701,235.01865648242173,12,2502.6386075500395,1331,0
3915,-1996.2206092136455,1509.934859307084,12,2502.9582497516817,1333,0
3916,452.062324809013,-2462.120966664366,12,2503.277851138383,1341,0
3917,1329.9718853751845,2121.125829391452,12,2503.5974117257747,1328,0
3918,-2413.7878062631526,-665.754028403373,12,2503.916931529479,1330,0
3919,2229.846864845309,-1139.7293360002388,12,2504.2364105651045,1330,0
3920,-874.4551069939595,2346.940192218835,12,2504.5558488482543,1330,0
3921,-940.6592836856363,-2321.5426147318567,12,2504.8752463945184,1334,0
3922,2262.0807498239524,1076.5642950032773,12,2505.1946032194783,1333,0
3923,-2395.5019726497276,734.2821658131593,12,2505.5139193387054,1333,0
3924,1270.530007641888,-2159.8503419638837,12,2505.8331947677607,1334,0
3925,522.1751716469773,2451.149340639091,12,2506.1524295221952,1332,0
3926,-2041.0232300474281,-1454.8622527259286,12,2506.4716236175504,1328,0
3927,2488.049107821105,-305.96018870206507,12,2506.7907770693587,1326,0
3928,-1628.1440766334947,1906.5012105223707,12,2507.1098898931414,1335,0
3929,-87.29140046347372,-2505.9090588856425,12,2507.4289621044104,1340,0
3930,1757.3067713086255,1789.04245659874,12,2507.747993718667,1330,0
3931,-2504.582685732345,-132.1573695627852,12,2508.066984751404,1336,0
3932,1936.3185554906963,-1594.575320159704,12,2508.3859352181034,1329,0
3933,-350.7054707773299,2484.070384020318,12,2508.704845134238,1334,0
3934,-1419.546543932431,-2068.837260300938,12,2509.0237145152696,1331,0
3935,2444.519524880606,566.6782971647123,12,2509.342543376651,1333,0
3936,-2185.5759307922194,1233.554964621246,12,2509.6613317338256,1338,0
3937,778.4201192806302,-2386.2234006687495,12,2509.980079602227,1331,0
3938,1038.0197639946546,2285.6322909769365,12,2510.2987869972762,1335,0
3939,-2309.61905227609,-984.3067780744466,12,2510.6174539343906,1328,0
3940,2368.231402443454,-834.4339545348765,12,2510.9360804289704,1331,0
3941,-1182.7581433674543,2215.2839940508693,12,2511.2546664964107,1336,0
3942,-624.3529791909633,-2432.731665715594,12,2511.5732121520964,1329,0
3943,2103.9318608997874,1372.2502412791757,12,2511.8917174114013,1337,0
3944,-2478.629803107855,409.3828271258056,12,2512.2101822896907,1336,0
3945,1551.326957657014,-1976.4070103211623,12,2512.528606802319,1329,0
3946,191.16775612631304,2505.564784438357,12,2512.846990964631,1331,0
3947,-1833.6781202578773,-1718.6112274995576,12,2513.165334791963,1336,0
3948,2513.3206649451304,28.6222843212398,12,2513.4836382996405,1329,0
3949,-1872.8156245118223,1676.8308312362328,12,2513.801901502981,1338,0
3950,248.30443322828128,-2501.828313142047,12,2514.120124417288,1328,0
3951,1507.059488761908,2012.7522692404789,12,2514.4383070578606,1329,0
3952,-2471.166014797055,-466.19580361908055,12,2514.756449439985,1333,0
3953,2137.341979644569,-1325.6580486871535,12,2515.074551578938,1332,0
3954,-680.6263748420993,2421.5589478411016,12,2515.39261348999,1337,0
3955,-1134.0102149062252,-2245.622593511282,12,2515.7106351883954,1338,0
3956,2353.3775316672645,889.9517927639083,12,2516.028616689405,1334,0
3957,-2336.756398629057,933.5788844367457,12,2516.3465580082566,1325,0
3958,1092.5659798763068,-2267.1346628766732,12,2516.66445916018,1331,0
3959,725.8949805212994,2410.0366132600525,12,2516.9823201603945,1330,0
3960,-2163.4818581192353,-1286.9134584691167,12,2517.3001410241095,1329,0
3961,2464.8928668540457,-512.5457588665068,12,2517.617921766526,1334,0
3962,-1471.501292449849,2043.2043329824905,12,2517.935662402834,1329,0
3963,-295.16267647543935,-2500.895638449524,12,2518.2533629482155,1340,0
3964,1907.2150541507276,1644.9105559941052,12,2518.5710234178428,1335,0
3965,-2517.7596182796274,75.4089156560869,12,2518.8886438268764,1331,0
3966,1805.8072410509244,-1756.547809815619,12,2519.206224190469,1327,0
3967,-145.03334124482495,2515.3459662494465,12,2519.523764523764,1331,0
3968,-1592.349351012497,-1952.9525197326432,12,2519.841264841895,1333,0
3969,2493.663449448713,364.4757891596455,12,2520.158725159985,1334,0
3970,-2085.2122827547328,1415.8706635313818,12,2520.476145493148,1328,0
3971,581.2369309438111,-2452.868449409185,12,2520.793525856491,1336,0
3972,1228.45743693282,2201.5658803779743,12,2521.110866265107,1332,0
3973,-2393.2638384796155,-793.6549624527136,12,2521.428166734084,1333,0
3974,2301.1139985809477,-1031.539803175235,12,2521.7454272784953,1334,0
3975,-1000.1005131672908,2315.2967333718852,12,2522.0626479134103,1331,0
3976,-826.6214232181762,-2383.0856095987733,12,2522.3798286538845,1336,0
3977,2219.555142496531,1198.989144828761,12,2522.6969695149673,1332,0
3978,-2446.8439431885095,615.268004760287,12,2523.014070511696,1334,0
3979,1388.7935120649786,-2106.76353225658,12,2523.331131659101,1338,0
3980,399.0953389249444,2491.891432315699,12,2523.6481529722014,1330,0
3981,-1977.777345672171,-1568.0550918083027,12,2523.9651344660056,1334,0
3982,2517.873594909761,-179.75694717088257,12,2524.2820761555154,1337,0
3983,-1735.3953912947209,1833.5765148673352,12,2524.598978055723,1335,0
3984,41.06856698790704,-2524.5818213727125,12,2524.9158401816094,1330,0
3985,1675.25801654145,1889.5265486395283,12,2525.2326625481464,1329,0
3986,-2511.955045964989,-261.69036484179173,12,2525.549445170298,1337,0
3987,2029.2612443524815,-1504.0275270649204,12,2525.866188063018,1327,0
3988,-480.4183194561048,2480.0802886864312,12,2526.1828912412498,1339,0
3989,-1321.1902405844955,-2153.52184762177,12,2526.499554719929,1335,0
3990,2429.192062938176,695.5759637582133,12,2526.816178513981,1337,0
3991,-2261.3487268093086,1128.1409201681859,12,2527.1327626383227,1335,0
3992,905.5133403971535,-2359.6706529434973,12,2527.44930710786,1334,0
3993,926.353257713018,2351.9076601611036,12,2527.76581193749,1340,0
3994,-2272.0392735367723,-1108.6196550244354,12,2528.082277142103,1336,0
3995,2424.496289424685,-717.3686239067988,12,2528.398702736576,1338,0
3996,-1303.3356358154144,2166.9601335542907,12,2528.7150887357793,1333,0
3997,-502.784294000488,-2478.5495665220074,12,2529.031435154573,1327,0
3998,2045.2294323910714,1488.1655045327768,12,2529.3477420078084,1335,0
3999,-2513.644150985955,284.24123946763297,12,2529.6640093103274,1337,0
4000,1661.688467090332,-1907.7713275806882,12,2529.9802370769617,1334,0
4001,63.41157872707124,2529.501723992957,12,2530.2964253225355,1335,0
4002,-1755.63091902969,-1822.5696354726656,12,2530.612574061861,1333,0
4003,2525.9911930249486,158.01421695656302,12,2530.928683309745,1327,0
4004,-1969.5702969288998,1589.9663032452627,12,2531.244753080982,1330,0
4005,378.3402646421165,-2503.1297697383834,12,2531.560783390357,1336,0
4006,1412.0397578750424,2101.557451553536,12,2531.8767742526493,1335,0
4007,-2461.082912209435,-595.8782587330428,12,2532.1927256826243,1335,0
4008,2217.5125447132036,-1223.2081237629075,12,2532.5086376950426,1335,0
4009,-808.960408508024,2400.163131428056,12,2532.8245103046524,1331,0
4010,-1024.9124576961344,-2316.539327112594,12,2533.140343526193,1339,0
4011,2320.8276706332567,1015.9522248723171,12,2533.4561373743973,1331,0
4012,-2397.8707817595546,818.6670348706023,12,2533.7718918639857,1338,0
4013,1215.2650584354262,-2223.6750746783896,12,2534.087607009671,1336,0
4014,606.0477848798683,2460.8750643708436,12,2534.4032828261566,1337,0
4015,-2109.440675196512,-1405.368292593256,12,2534.7189193281374,1335,0
4016,2505.0604111508496,-388.68024967154753,12,2535.034516530298,1334,0
4017,-1584.8010981649152,1978.9910255620864,12,2535.350074447314,1333,0
4018,-168.2271553537382,-2530.078975882292,12,2535.6655930938523,1332,0
4019,1833.3173278254785,1752.1836591792667,12,2535.9810724845715,1336,0
4020,-2535.7295663576556,-53.62430698494958,12,2536.29651263412,1333,0
4021,1906.2277836695687,-1673.5279014005719,12,2536.6119135571366,1340,0
4022,-275.1753942852897,2521.95925866774,12,2536.9272752682527,1331,0
4023,-1500.839750814254,-2045.7468177601563,12,2537.242597782088,1338,0
4024,2488.8638764055277,494.72881937850565,12,2537.5578811132564,1335,0
4025,-2169.664786854538,1316.5692965747958,12,2537.87312527636,1329,0
4026,710.601754235645,-2436.6873305529425,12,2538.1883302859937,1338,0
4027,1122.1223398618126,2277.0246934065185,12,2538.503496156741,1327,0
4028,-2365.8198245510325,-921.1387288358482,12,2538.8186229031803,1337,0
4029,2366.9959073757736,-918.9833374258424,12,2539.1337105398766,1331,0
4030,-1124.724326925127,2276.7949377189902,12,2539.448759081388,1337,0
4031,-708.7040686442657,-2438.8805922158353,12,2539.7637685422633,1337,0
4032,2170.285608844517,1319.7955811573183,12,2540.078738937043,1332,0
4033,-2492.119116755205,492.8917811277201,12,2540.393670280258,1329,0
4034,1504.853972644708,-2047.0990501232322,12,2540.7085625864293,1333,0
4035,273.19690557169497,2526.294410947792,12,2541.0234158700705,1336,0
4036,-1908.1706299411378,-1678.476942656658,12,2541.3382301456845,1337,0
4037,2541.1352316455686,-51.30043362020579,12,2541.653005427767,1326,0
4038,-1839.3288281590974,1754.556770783687,12,2541.967741730803,1335,0
4039,171.09894458198835,-2536.518312798654,12,2542.282439069271,1332,0
4040,1587.4269162757512,1986.171137007901,12,2542.5970974576367,1337,0
4041,-2512.4693830791093,-392.2978448705519,12,2542.911716910361,1336,0
4042,2117.8720838627996,-1408.0546283417573,12,2543.226297441893,1334,0
4043,-610.6012358698439,2469.163042562038,12,2543.5408390666744,1324,0
4044,-1217.8078823636345,-2233.415313293298,12,2543.855341799136,1333,0
4045,2406.9214988406034,824.3354283414636,12,2544.169805653703,1330,0
4046,-2331.90774294135,1018.13863418013,12,2544.4842306447886,1335,0
4047,1031.8609073845626,-2326.2121717099462,12,2544.798616786797,1333,0
4048,810.5717386154204,2412.5864661308974,12,2545.1129640941276,1330,0
4049,-2227.644184182633,-1231.5849092438934,12,2545.427272581167,1336,0
4050,2474.824660652858,-596.6933039882954,12,2545.7415422622935,1334,0
4051,-1421.9736461049104,2111.9637662098057,12,2546.0557731518766,1336,0
4052,-378.13857167370037,-2518.136457901472,12,2546.3699652642777,1332,0
4053,1980.0486057304126,1601.5640851820597,12,2546.684118613849,1335,0
4054,-2542.1807345980014,156.57941320226203,12,2546.9982332149348,1336,0
4055,1768.9751915066067,-1832.901189871992,12,2547.3123090818685,1328,0
4056,-66.28845936248771,2546.7637974801173,12,2547.6263462289758,1334,0
4057,-1671.6411867424533,-1922.9185481414138,12,2547.9403446705733,1332,0
4058,2531.840939871075,288.75847207095524,12,2548.2543044209697,1332,0
4059,-2062.2082720337685,1497.4969257916696,12,2548.5682254944645,1330,0
4060,509.12625727337934,-2497.5168576317565,12,2548.8821079053464,1336,0
4061,1311.796041471781,2185.770149301835,12,2549.195951667898,1331,0
4062,-2444.0449207493434,-725.7027114179295,12,2549.509756796392,1335,0
4063,2292.6499194816415,-1115.9553515713899,12,2549.8235233050937,1331,0
4064,-936.8269422708058,2371.82530558967,12,2550.1372512082557,1327,0
4065,-911.4700472756688,-2382.0206449397724,12,2550.4509405201266,1331,0
4066,2281.402001538399,1140.8790064579973,12,2550.7645912549438,1329,0
4067,-2453.189108461802,699.9022775533647,12,2551.0782034269346,1335,0
4068,1336.2923394979955,-2173.4587144454745,12,2551.391777050322,1338,0
4069,482.8692149005257,2505.6011895952934,12,2551.705312139315,1331,0
4070,-2048.8136976666638,-1521.5657830844693,12,2552.018808708118,1336,0
4071,2538.8461779974145,-262.0306937515544,12,2552.3322667709235,1331,0
4072,-1695.275117143192,1908.4135498353432,12,2552.6456863419176,1335,0
4073,-39.0765159123118,-2552.659990265871,12,2552.9590674352776,1336,0
4074,1753.3260263016518,1856.084008199321,12,2553.2724100651694,1330,0
4075,-2546.9272650355542,-184.28647974963138,12,2553.5857142457544,1332,0
4076,2002.7542897689211,-1584.731918910005,12,2553.8989799911824,1335,0
4077,-406.3474845576151,2521.6823197606986,12,2554.2122073155942,1334,0
4078,-1403.916065775179,-2134.155495801171,12,2554.525396233124,1332,0
4079,2477.108961285081,625.4048240309213,12,2554.8385467578964,1332,0
4080,-2249.2735736615714,1212.2575596083966,12,2555.151658904027,1330,0
4081,839.7789984154489,-2413.5391510850504,12,2555.4647326856225,1332,0
4082,1011.2192291046091,2347.2187095984646,12,2555.777768116782,1327,0
4083,-2331.450534866688,-1047.8255596566798,12,2556.0907652115957,1334,0
4084,2427.2322062192384,-802.3364737390971,12,2556.403723984144,1330,0
4085,-1247.9477262264645,2231.4628548569203,12,2556.7166444485006,1336,0
4086,-587.2055370684934,-2488.6923588977606,12,2557.0295266187286,1333,0
4087,2114.333271769677,1438.608638889581,12,2557.3423705088844,1334,0
4088,-2531.1192855384315,367.4713082342896,12,2557.6551761330143,1339,0
4089,1618.343163477847,-1980.9506316979514,12,2557.967943505156,1333,0
4090,144.814744754694,2554.178672235291,12,2558.2806726393414,1330,0
4091,-1832.3287214040795,-1785.769149895275,12,2558.5933635495894,1334,0
4092,2557.684405559556,79.05998708234311,12,2558.906016249913,1337,0
4093,-1939.5980609567455,1669.5985631081596,12,2559.2186307543166,1335,0
4094,302.43855598849416,-2541.6000707923336,12,2559.531207076796,1331,0
4095,1493.9998074242517,2078.644889204575,12,2559.843745231338,1326,0
4096,-2506.039304055232,-523.6095936194898,12,2560.1562452319195,1337,0
4097,2201.837285490871,-1306.871289845405,12,2560.468707092512,1335,0
4098,-740.8778063036912,2451.264995084503,12,2560.781130827076,1341,0
4099,-1109.6408228249002,-2308.223828904051,12,2561.0935164495654,1340,0
4100,2377.6873461967652,952.576969979741,12,2561.4058639739233,1332,0
4101,-2396.981374354538,903.8143011689027,12,2561.718173414086,1330,0
4102,1157.0827087782504,-2285.8608017651436,12,2562.03044478398,1328,0
4103,690.9642039944082,2467.4214209977135,12,2562.342678097526,1332,0
4104,-2176.4798711533485,-1352.8249592849418,12,2562.6548733686323,1332,0
4105,2518.9954522969665,-472.7175809161326,12,2562.9670306112016,1338,0
4106,-1538.3000247342366,2050.3738766143715,12,2563.279149839127,1329,0
4107,-250.743614386481,-2551.299206256374,12,2563.5912310662948,1326,0
4108,1908.5006658066484,1712.0821267145975,12,2563.9032743065795,1331,0
4109,-2564.075842632969,26.740853128298426,12,2564.2152795738502,1331,0
4110,1872.8343655126503,-1751.9393366651793,12,2564.5272468819667,1333,0
4111,-197.57578554919314,2557.2179822933786,12,2564.8391762447795,1333,0
4112,-1581.8820297990678,-2019.3190049615193,12,2565.151067676132,1339,0
4113,2530.7686025629437,420.4881452331362,12,2565.4629211898578,1332,0
4114,-2150.4070025566316,1399.6248509352076,12,2565.7747367997836,1329,0
4115,640.2879910179936,-2484.920781143363,12,2566.0865145197267,1337,0
4116,1206.557992425848,2265.0867115660953,12,2566.398254363496,1333,0
4117,-2420.016289995895,-855.290100582547,12,2566.7099563448924,1339,0
4118,2362.4716879687608,-1004.1551292235846,12,2567.0216204777084,1334,0
4119,-1063.8451852596452,2336.5430494214893,12,2567.333246775728,1333,0
4120,-793.9621700896378,-2441.807542061117,12,2567.6448352527264,1330,0
4121,2235.13146125811,1264.3525421709664,12,2567.9563859224713,1331,0
4122,-2502.4777817026866,577.5854500283068,12,2568.2678987987215,1333,0
4123,1455.2723402248555,-2116.5496487860787,12,2568.579373895228,1336,0
4124,356.67945400196345,2544.008602008425,12,2568.8908112257323,1331,0
4125,-1981.6976392230774,-1635.137445812334,12,2569.202210803969,1332,0
4126,2566.0725842305446,-132.9341658881379,12,2569.513572643663,1331,0
4127,-1802.5646972477757,1831.6005329317945,12,2569.824896758532,1332,0
4128,91.93786072465349,-2568.491275002774,12,2570.1361831622853,1338,0
4129,1667.4007111018968,1956.2655414377903,12,2570.4474318686234,1327,0
4130,-2551.236625617436,-316.2146108391582,12,2570.758642891238,1333,0
4131,2095.05595086202,-1490.349141227531,12,2571.0698162438143,1343,0
4132,-538.1777952598179,2514.4312797706925,12,2571.3809519400274,1336,0
4133,-1301.7958464538278,-2217.8655446522366,12,2571.692049993545,1330,0
4134,2458.3477070126787,756.1260155724734,12,2572.0031104180257,1334,0
4135,-2323.745843405651,1103.1796115116324,12,2572.3141332271216,1332,0
4136,968.3878061720387,-2383.4061879707597,12,2572.625118434476,1334,0
4137,896.0170036180277,2411.8775941633876,12,2572.9360660537213,1327,0
4138,-2290.171666250517,-1173.3344532158476,12,2573.246976098486,1339,0
4139,2481.5771089062177,-681.8907922480398,12,2573.557848582386,1329,0
4140,-1369.3924923310228,2179.3494905469906,12,2573.8686835190324,1333,0
4141,-462.43785607312486,-2532.3015676002124,12,2574.179480922028,1334,0
4142,2051.780079099747,1555.0557890344116,12,2574.490240804964,1334,0
4143,-2563.653244606994,239.3366696017,12,2574.8009631814266,1330,0
4144,1728.8971092491008,-1908.432546785477,12,2575.1116480649916,1334,0
4145,14.2944650435449,2575.382625605197,12,2575.4222954692304,1334,0
4146,-1750.3973432442053,-1889.5790908992478,12,2575.7329054077018,1337,0
4147,2567.3903905754237,210.96583225956576,12,2576.0434778939575,1331,0
4148,-2035.8645323618503,1578.8779578773863,12,2576.3540129415446,1331,0
4149,434.7187950044654,-2539.7282471299686,12,2576.664510563996,1335,0
4150,1395.1817549114783,2166.625918510652,12,2576.974970774842,1331,0
4151,-2492.598607241311,-655.2497105521494,12,2577.285393587602,1326,0
4152,2280.854111110296,-1200.7100082164984,12,2577.5957790157872,1332,0
4153,-870.8677219152495,2426.353109282765,12,2577.9061270729,1342,0
4154,-996.9472119515088,-2377.666136483866,12,2578.2164377724384,1333,0
4155,2341.489996166389,1079.9187922490844,12,2578.526711127887,1330,0
4156,-2456.3120104428385,785.4497484589701,12,2578.836947152727,1327,0
4157,1280.7983935844777,-2238.6503690820996,12,2579.147145860429,1325,0
4158,567.8340000432778,2516.18054765449,12,2579.457307264456,1344,0
4159,-2118.613345041303,-1471.96382231796,12,2579.7674313782622,1335,0
4160,2556.8041105154357,-345.7639953080306,12,2580.077518215296,1329,0
4161,-1651.9460470674458,1982.290154739775,12,2580.387567788994,1335,0
4162,-120.93868461029535,-2577.8622605881665,12,2580.697580112788,1335,0
4163,1830.7172255151756,1819.3609977687274,12,2581.007555200101,1334,0
4164,-2579.1842841380844,-104.92105820624467,12,2581.3174930643463,1343,0
4165,1972.9202093833621,-1665.048301823917,12,2581.6273937189308,1333,0
4166,-330.08560820342825,2560.7505718552466,12,2581.9372571772537,1329,0
4167,-1486.545663230898,-2111.4407382470886,12,2582.247083452705,1334,0
4168,2522.692841653791,552.8298351832318,12,2582.5568725586663,1330,0
4169,-2233.8542748496943,1296.57050665814,12,2582.866624508513,1328,0
4170,771.4463213737456,-2465.2932022862747,12,2583.1763393156107,1333,0
4171,1096.5725662831105,2339.2153827459483,12,2583.486016993318,1324,0
4172,-2388.9820643778426,-984.258449839768,12,2583.7956575549856,1331,0
4173,2426.7088001504703,-888.0790501257561,12,2584.105261013955,1333,0
4174,-1189.6332631378602,2294.334914356656,12,2584.4148273835604,1336,0
4175,-672.6829778797608,-2495.655747748638,12,2584.724356677129,1333,0
4176,2182.067975412363,1385.9939937387142,12,2585.0338489079786,1334,0
4177,-2545.5191939917677,452.03100891366034,12,2585.34330408942,1334,0
4178,1571.8321699228613,-2053.032788241724,12,2585.652722234755,1331,0
4179,227.81085358580216,2575.908036982009,12,2585.9621033572785,1330,0
4180,-1908.2097525185497,-1745.7192043375976,12,2586.2714474702766,1335,0
4181,2586.5801704356068,-1.7383639742029717,12,2586.580754587028,1333,0
4182,-1906.31737605744,1748.7006781440546,12,2586.8900247208035,1343,0
4183,224.4555970877224,-2577.4444096693906,12,2587.1992578848653,1335,0
4184,1575.720402783756,2052.3901218459896,12,2587.508454092469,1335,0
4185,-2548.5612623297266,-449.0384083264078,12,2587.8176133568613,1336,0
4186,2182.8115573323944,-1390.587539558775,12,2588.12673569128,1327,0
4187,-670.288962076439,2500.142537400316,12,2588.435821108957,1333,0
4188,-1194.714425252732,-2296.575154897622,12,2588.7448696231154,1338,0
4189,2432.5497949226437,886.5108545425736,12,2589.05388124697,1331,0
4190,-2392.8015112898,989.5963457739963,12,2589.3628559937283,1331,0
4191,1096.0453930369727,-2346.291647771527,12,2589.671793876591,1335,0
4192,776.8001209501073,2470.74514511147,12,2589.9806949087474,1338,0
4193,-2242.0199355766094,-1297.2843206009452,12,2590.2895591033835,1332,0
4194,2529.8002715650528,-557.9521359304821,12,2590.5983864736736,1328,0
4195,-1488.6821602498355,2120.5247996083144,12,2590.907177032786,1335,0
4196,-334.72591048994843,-2569.5055097910713,12,2591.215930793881,1331,0
4197,1982.7286957783106,1668.7680842277755,12,2591.524647770111,1333,0
4198,-2589.547486175907,108.82930138543082,12,2591.833327974621,1334,0
4199,1836.1572169823567,-1829.6793911840418,12,2592.1419714205467,1332,0
4200,-118.00856451022253,2589.763305536287,12,2592.4505781210178,1333,0
4201,-1662.5419972862708,-1989.5612851227722,12,2592.7591480891547,1331,0
4202,2570.141870683508,344.05052617236197,12,2593.0676813380715,1330,0
4203,-2127.798532342047,1482.5901003861557,12,2593.376177880872,1346,0
4204,567.5646923148732,-2530.8240397225413,12,2593.684637730655,1327,0
4205,1291.1960568206434,2249.8028231049093,12,2593.99306090051,1339,0
4206,-2472.1016193280257,-786.8377111677815,12,2594.3014474035203,1337,0
4207,2354.6318648706665,-1089.8205269381237,12,2594.609797252759,1332,0
4208,-1000.1879046146641,2394.4152011425517,12,2594.9181104612912,1332,0
4209,-880.0013275539432,-2441.474485531908,12,2595.2263870421784,1336,0
4210,2298.350857348901,1205.9781658568988,12,2595.53462700847,1329,0
4211,-2509.656909787056,663.3416880899944,12,2595.8428303732103,1333,0
4212,1402.6285218274177,-2184.6357201502115,12,2596.150997149434,1335,0
4213,441.4979999521117,2558.6479859563105,12,2596.4591273501687,1331,0
4214,-2054.132478545225,-1588.6282638130451,12,2596.767220988435,1328,0
4215,2588.0633226428267,-216.16715289555702,12,2597.075278077245,1330,0
4216,-1762.5475532828823,1907.8328339811442,12,2597.3832986296034,1337,0
4217,10.926444944028372,-2597.668303075064,12,2597.6912826585067,1324,0
4218,1746.8499646017506,1923.0484136315608,12,2597.9992301769453,1338,0
4219,-2587.3799534728973,-238.0440639179837,12,2598.3071411978995,1332,0
4220,2068.8950234604636,-1572.4100552656505,12,2598.6150157343427,1339,0
4221,-463.4459657803122,2557.267650599357,12,2598.9228537992426,1331,0
4222,-1385.8429578772234,-2198.963232094186,12,2599.2306554055567,1336,0
4223,2507.552662521227,685.4047305663318,12,2599.538420566236,1331,0
4224,-2312.2492241706022,1188.572053063022,12,2599.8461492942233,1333,0
4225,902.2184954931894,-2438.6065255366652,12,2600.153841602454,1331,0
4226,982.1033906005238,2407.8772664259604,12,2600.4614975038567,1333,0
4227,-2350.948269173313,-1112.2240042684768,12,2600.7691170113508,1335,0
4228,2485.1064769776026,-768.0141913298008,12,2601.0767001378485,1337,0
4229,-1313.8093668925314,2245.2405099377315,12,2601.3842468962557,1333,0
4230,-547.9407984632882,-2543.336564707749,12,2601.691757299469,1329,0
4231,2122.284443252619,1505.4264319215076,12,2601.9992313603784,1333,0
4232,-2582.112494354342,323.5661702020154,12,2602.306669091866,1337,0
4233,1685.6026763622294,-1983.0137713693487,12,2602.6140705068046,1338,0
4234,96.60700940199425,2601.128041011131,12,2602.9214356180632,1334,0
4235,-1828.4876133412827,-1852.9525217494106,12,2603.2287644385,1333,0
4236,2600.228206319082,131.19937142627555,12,2603.536056980967,1334,0
4237,-2006.1879895677075,1659.8824508121897,12,2603.8433132583077,1334,0
4238,358.10834913479374,-2579.410477275758,12,2604.1505332833585,1337,0
4239,1478.4831709599894,2144.12861395675,12,2604.4577170689486,1331,0
4240,-2538.824917484597,-582.3813513148664,12,2604.7648646278994,1329,0
4241,2265.710535517375,-1285.6732746874568,12,2605.0719759730246,1332,0
4242,-802.2991775513419,2478.77308959502,12,2605.3790511171305,1332,0
4243,-1082.9243247926008,-2369.994706064233,12,2605.6860900730157,1331,0
4244,2399.705816623073,1016.1751786308247,12,2605.993092853471,1333,0
4245,-2456.1741411395406,871.7847144779724,12,2606.3000594712803,1329,0
4246,1222.3681925231247,-2302.2197987828504,12,2606.6069899392196,1332,0
4247,653.8678420503594,2523.5801641977628,12,2606.913884270058,1336,0
4248,-2187.0531111677724,-1419.2951380637392,12,2607.2207424765556,1334,0
4249,2571.687594217882,-430.83978199075165,12,2607.527564571465,1332,0
4250,-1605.4431695550506,2055.079616299337,12,2607.8343505675352,1339,0
4251,-204.4065467487024,-2600.118836446956,12,2608.141100477503,1334,0
4252,1907.3023337731977,1779.3812990990189,12,2608.4478143140987,1339,0
4253,-2608.6468444635407,-23.698963488133813,12,2608.7544920900473,1327,0
4254,1939.7713972425902,-1744.8458173831666,12,2609.0611338180643,1339,0
4255,-251.730223071194,2597.1969303063115,12,2609.367739510857,1339,0
4256,-1568.9475975676855,-2085.3784874901216,12,2609.6743091811286,1327,0
4257,2565.847408277093,477.940453861905,12,2609.9808428415713,1336,0
4258,-2215.080255370221,1380.9487543964099,12,2610.2873405048726,1332,0
4259,700.596006347692,-2514.829066932714,12,2610.59380218371,1330,0
4260,1182.2836928010722,2327.875698944568,12,2610.900227890756,1333,0
4261,-2444.5234727522197,-917.9896465447895,12,2611.2066176386734,1333,0
4262,2422.8928539883022,-974.4691981239941,12,2611.512971440119,1323,0
4263,-1128.4536467037287,2355.4601179474585,12,2611.819289307742,1335,0
4264,-759.0928553673468,-2499.3955343102957,12,2612.1255712541847,1336,0
4265,2248.3124336910055,1330.3725795845426,12,2612.4318172920803,1336,0
4266,-2556.7890350396247,537.8009206957025,12,2612.7380274340558,1333,0
4267,1522.1957180026727,-2123.892698818452,12,2613.044201692731,1330,0
4268,312.28573771385004,2594.6247547613734,12,2613.350340080717,1330,0
4269,-1983.1458824322947,-1702.448944606514,12,2613.6564426106193,1336,0
4270,2612.6037005347357,-84.27279485223372,12,2613.962509295036,1340,0
4271,-1869.746080283523,1827.1424671503864,12,2614.268540146555,1336,0
4272,144.4924773012071,-2610.578848455522,12,2614.57453517776,1336,0
4273,1657.0703074198714,2022.7995442622118,12,2614.880494401226,1341,0
4274,-2588.556341118259,-372.25806755052736,12,2615.1864178295205,1334,0
4275,2160.430263811705,-1474.2255849111036,12,2615.4923054752044,1337,0
4276,-597.2788023849864,2546.69551227106,12,2615.7981573508305,1333,0
4277,-1280.0029297561632,-2281.576757379781,12,2616.1039734689443,1335,0
4278,2485.3077379273195,817.8297180945372,12,2616.409753842085,1333,0
4279,-2385.3033210964372,1075.884783035017,12,2616.715498482783,1330,0
4280,1032.2192843928754,-2404.8541221719584,12,2617.0212074035626,1338,0
4281,863.4300815272765,2470.8072555976114,12,2617.3268806169394,1330,0
4282,-2305.9420348743884,-1238.802378024584,12,2617.6325181354237,1337,0
4283,2537.425077276517,-644.2623512267804,12,2617.9381199715167,1335,0
4284,-1435.9929069946038,2189.3205272552455,12,2618.243686137713,1333,0
4285,-420.0573004230723,-2584.6376659720177,12,2618.5492166465,1332,0
4286,2055.8746599573537,1622.275988401861,12,2618.854711510358,1329,0
4287,-2612.0743091051295,192.5300073052534,12,2619.160170741759,1331,0
4288,1796.2195865108652,-1906.6187865000009,12,2619.465594353169,1334,0
4289,-36.5782000905241,2619.5156108101623,12,2619.770982357046,1332,0
4290,-1742.6888431614814,-1956.4855215207951,12,2620.0763347658403,1335,0
4291,2606.895243213503,265.5130710733659,12,2620.3816515919966,1335,0
4292,-2101.8397645235027,1565.3337038049706,12,2620.686932847951,1336,0
4293,492.52086477748117,-2574.3005259213314,12,2620.9921785461324,1331,0
4294,1375.9056655408033,2231.1619393340143,12,2621.2973886989625,1328,0
4295,-2521.9718287261585,-715.8617849219468,12,2621.6025633188565,1330,0
4296,2343.453958136303,-1175.850137600577,12,2621.907702418222,1333,0
4297,-933.8233140794351,2450.3008015510463,12,2622.2128060094587,1331,0
4298,-966.6946121621803,-2437.8477242880886,12,2622.5178741049604,1329,0
4299,2359.8274446675728,1144.7333451043148,12,2622.822906717112,1331,0
4300,-2513.611842924569,750.0370011601766,12,2623.127903858292,1327,0
4301,1346.9730091696958,-2251.236041060185,12,2623.432865540874,1328,0
4302,527.5334282696997,2570.157287416087,12,2623.7377917772196,1331,0
4303,-2125.349981600008,-1538.9891018824158,12,2624.0426825796867,1330,0
4304,2607.0419778455566,-300.88556919720753,12,2624.347537960626,1335,0
4305,-1719.3060121428323,1983.1255221517142,12,2624.6523579323793,1329,0
4306,-71.82763719640563,-2623.974235874808,12,2624.957142507283,1332,0
4307,1825.644519907957,1886.5370621670934,12,2625.261891697665,1336,0
4308,-2620.815089047078,-157.8868867992415,12,2625.566605515846,1337,0
4309,2039.3951714278662,-1654.1062041950945,12,2625.87128397414,1338,0
4310,-386.49867773687316,2597.5794063142034,12,2626.1759270848556,1340,0
4311,-1469.8180442527255,-2176.70276261806,12,2626.4805348602913,1331,0
4312,2554.435855557436,612.2560410829357,12,2626.7851073127395,1333,0
4313,-2297.400833286744,1274.1857836333663,12,2627.0896444544865,1332,0
4314,833.4283351841345,-2491.7056828831537,12,2627.3941462978105,1332,0
4315,1068.7027170679992,2400.5571233635487,12,2627.6986128549825,1331,0
4316,-2409.8603224829444,-1048.3192386493722,12,2628.0030441382673,1333,0
4317,2485.373315491211,-854.9382917171429,12,2628.307440159922,1329,0
4318,-1255.279760891538,2309.517854855442,12,2628.611800932195,1331,0
4319,-634.5261196900286,-2551.191212635995,12,2628.916126467332,1332,0
4320,2191.43833994775,1452.7208961831063,12,2629.2204167775662,1339,0
4321,-2597.4978451082793,409.15149353001806,12,2629.5246718751278,1336,0
4322,1639.12582397707,-2056.5180605021415,12,2629.828891772238,1331,0
4323,180.53849993784576,2623.9294674286107,12,2630.1330764811123,1337,0
4324,-1905.7827191381923,-1813.061561953768,12,2630.4372260139567,1334,0
4325,2630.2744138626463,49.56316958703768,12,2630.741340382973,1331,0
4326,-1973.1899821372676,1740.3796408810144,12,2631.0454196003534,1336,0
4327,279.39161043337367,-2616.474790251082,12,2631.349463678285,1332,0
4328,1561.5690403220226,2118.2781055158357,12,2631.653472628948,1330,0
4329,-2582.6269886184036,-507.1861962433894,12,2631.9574464645134,1329,0
4330,2247.2075958522432,-1370.7144199810484,12,2632.2613851971464,1339,0
4331,-731.2010667981322,2528.9810200777056,12,2632.565288839006,1339,0
4332,-1169.2721729162517,-2358.9833796878916,12,2632.8691574022437,1330,0
4333,2455.938670605699,949.7185089401551,12,2633.172990899003,1334,0
4334,-2452.7413260046583,958.7804689859454,12,2633.476789341421,1337,0
4335,1161.0621281242916,-2364.0504932499834,12,2633.7805527416285,1327,0
4336,740.847509446828,2527.754926361816,12,2634.084281111749,1330,0
4337,-2254.011659309721,-1363.6097094461602,12,2634.3879744638984,1329,0
4338,2583.4409237974673,-517.1392397106307,12,2634.691632810185,1332,0
4339,-1555.8056696219844,2126.6566996983997,12,2634.995256162713,1331,0
4340,-289.36661400165383,-2619.363846948571,12,2635.2988445335754,1334,0
4341,1982.9531763237926,1736.173004198424,12,2635.602397934863,1338,0
4342,-2635.2394141002537,59.272509416706036,12,2635.905916378656,1332,0
4343,1903.3246383667138,-1823.994331401887,12,2636.2093998770274,1331,0
4344,-171.3816106716722,2630.936780601842,12,2636.5128484420484,1340,0
4345,-1650.9907706311053,-2055.9740940223223,12,2636.816262085775,1338,0
4346,2606.479611876323,400.82918166352493,12,2637.119640820264,1331,0
4347,-2192.945391154679,1465.2612434011392,12,2637.4229846575613,1331,0
4348,627.3120681439007,-2562.045973272342,12,2637.7262936097068,1325,0
4349,1268.2225903577557,2313.1821072510193,12,2638.0295676887326,1334,0
4350,-2497.967037061306,-849.0940358730346,12,2638.3328069066647,1328,0
4351,2415.7555250241717,-1061.3789348367477,12,2638.636011275523,1332,0
4352,-1064.4740622712227,2414.724615924516,12,2638.9391808073183,1341,0
4353,-846.310200745302,-2499.871805536125,12,2639.242315514057,1333,0
4354,2312.947541316131,1271.7993832046257,12,2639.5454154077365,1334,0
4355,-2564.878131395794,624.6600444142559,12,2639.8484805003486,1334,0
4356,1469.4781761469858,-2193.406913873422,12,2640.1515108038784,1334,0
4357,398.12329274133486,2610.267772428108,12,2640.454506330302,1328,0
4358,-2057.0102617975185,-1655.9917822440134,12,2640.757467091592,1335,0
4359,2635.6840345671403,-168.43298349159812,12,2641.060393099711,1331,0
4360,-1829.9063735734433,1904.7946513877262,12,2641.3632843666164,1334,0
4361,62.652892998445694,-2640.9230611660996,12,2641.6661409042586,1336,0
4362,1737.9188021071031,1989.883975834423,12,2641.968962724581,1329,0
4363,-2625.935464766666,-293.36484942930025,12,2642.2717498395205,1336,0
4364,2134.692761849794,-1557.6542660379093,12,2642.574502261005,1328,0
4365,-521.9354513166375,2590.82677627411,12,2642.8772200009594,1335,0
4366,-1365.3757389717643,-2263.21653657517,12,2643.179903071298,1333,0
4367,2535.8567075580704,746.6128573315241,12,2643.482551483932,1334,0
4368,-2374.463340685987,1162.5505768517517,12,2643.785165250762,1331,0
4369,965.6742463153477,-2461.437232594665,12,2644.087744383684,1332,0
4370,950.7275976348329,2467.573106332515,12,2644.3902888945872,1338,0
4371,-2368.1295012854334,-1177.4390282055397,12,2644.6927987953536,1332,0
4372,2541.8243060634704,-731.5252539078583,12,2644.9952740978574,1335,0
4373,-1380.281737417832,2256.6396090981857,12,2645.297714813968,1334,0
4374,-506.6192667112365,-2596.6395434478327,12,2645.600120955546,1331,0
4375,2127.8132543649986,1572.644509909545,12,2645.902492534447,1336,0
4376,-2631.5900421427214,277.72981491959274,12,2646.204829562519,1331,0
4377,1753.0490480088154,-1982.6293237202422,12,2646.5071320516026,1330,0
4378,46.608378261376295,2646.3989984648656,12,2646.8094000135334,1331,0
4379,-1822.192454255856,-1920.107981248195,12,2647.111633460138,1337,0
4380,2640.943771298382,184.9756655354429,12,2647.4138324032383,1332,0
4381,-2072.535535766138,1647.7246289919224,12,2647.7159968546475,1333,0
4382,415.2485867554143,-2615.2568920084373,12,2648.018126826174,1332,0
4383,1460.5558695108896,2209.1574303424577,12,2648.320222329619,1331,0
4384,-2569.5258860945296,-642.4458893090731,12,2648.622283376775,1335,0
4385,2328.9199227926033,-1262.1140967518334,12,2648.9243099794303,1336,0
4386,-864.8258317356548,2504.091907411294,12,2649.226302149365,1332,0
4387,-1053.914237144868,-2430.897937130095,12,2649.528259898354,1328,0
4388,2419.447194860816,1080.682780134915,12,2649.8301832381635,1331,0
4389,-2514.3022087270074,837.5466573215435,12,2650.132072180554,1334,0
4390,1288.3602905067069,-2316.2313705339266,12,2650.43392673728,1328,0
4391,614.6650155640596,2578.485392365377,12,2650.735746920088,1337,0
4392,-2195.226607088285,-1486.2638202996318,12,2651.037532740719,1333,0
4393,2622.9470858471173,-386.9736229332889,12,2651.339284210906,1332,0
4394,-1672.8729714762558,2057.3517009262664,12,2651.641001342376,1333,0
4395,-156.2144105339573,-2647.3377302379704,12,2651.9426841468503,1337,0
4396,1903.6550960104444,1846.7531712260484,12,2652.2443326360412,1328,0
4397,-2651.4613563129005,-75.8463972733708,12,2652.5459468216563,1334,0
4398,2006.5667004555296,-1735.3069113626582,12,2652.847526715397,1331,0
4399,-307.4318019030613,2635.2771556666744,12,2653.149072328956,1335,0
4400,-1553.590032778233,-2151.0829853941314,12,2653.4505836740204,1329,0
4401,2598.899863903251,536.7676381858935,12,2653.752060762271,1330,0
4402,-2279.1880730238113,1359.890336676456,12,2654.053503605381,1331,0
4403,762.0961665685718,-2542.5989524306597,12,2654.354912215019,1334,0
4404,1155.686120475069,2389.8932174767315,12,2654.656286602844,1339,0
4405,-2466.7966345224877,-981.6895455838006,12,2654.9576267805105,1329,0
4406,2482.342511123003,-942.5368202205902,12,2655.2589327596656,1337,0
4407,-1193.863081477272,2372.0647003582326,12,2655.560204551951,1333,0
4408,-722.071101455239,-2555.819501538248,12,2655.861442169,1334,0
4409,2259.120204794572,1396.9881532385762,12,2656.1626456224394,1335,0
4410,-2609.752743126414,495.97441440477144,12,2656.4638149238917,1337,0
4411,1589.5047140168522,-2128.820040331781,12,2656.7649500849716,1333,0
4412,265.9761084411117,2643.7202404449913,12,2657.0660511172846,1331,0
4413,-1982.1544364080344,-1769.9332728179188,12,2657.3671180324336,1328,0
4414,2657.4527486422835,-33.83620447941247,12,2657.668150842012,1330,0
4415,-1936.8862645912116,1820.239434260752,12,2657.969149557609,1332,0
4416,198.66807366027408,-2650.8359052397254,12,2658.2701141908055,1327,0
4417,1644.3083946257711,2089.0787211982265,12,2658.571044753177,1327,0
4418,-2623.9111763764454,-429.75590570319844,12,2658.871941256291,1334,0
4419,2225.338161316017,-1455.7026027972372,12,2659.172803711711,1335,0
4420,-657.6565151608407,2576.875609738759,12,2659.47363213099,1329,0
4421,-1255.8610427195922,-2344.6136230473576,12,2659.774426525678,1334,0
4422,2510.0803955318815,880.6227387289707,12,2660.0751869073174,1335,0
4423,-2445.9837697523735,1046.3094179581713,12,2660.3759132874434,1329,0
4424,1096.944421010355,-2424.028245960483,12,2660.676605677586,1331,0
4425,828.6485034407378,2528.6640064954113,12,2660.977264089267,1337,0
4426,-2319.369612790421,-1304.9615317182395,12,2661.277888534003,1334,0
4427,2592.0125522202543,-604.5419167705764,12,2661.578479023303,1329,0
4428,-1503.0769048935229,2196.897771398503,12,2661.8790355686715,1332,0
4429,-375.7034026689668,-2635.535420597295,12,2662.179558181604,1332,0
4430,2057.54280851539,1689.7685022294038,12,2662.4800468735916,1333,0
4431,-2658.890270946392,143.88372759496067,12,2662.780501656116,1336,0
4432,1863.601106478461,-1902.364559155856,12,2663.0809225406574,1328,0
4433,-89.14271508771586,2661.8890991825315,12,2663.3813095386845,1339,0
4434,-1732.5445464519871,-2023.2373549733306,12,2663.681662661663,1338,0
4435,2644.49974767415,321.59148706294985,12,2663.9819819210493,1331,0
4436,-2167.448028560308,1549.3769855945432,12,2664.282267328295,1330,0
4437,551.6817700163797,-2606.8462218994805,12,2664.5825188948456,1334,0
4438,1354.2589204801052,2295.121516674021,12,2664.8827366321393,1335,0
4439,-2549.207810938544,-777.6500090978695,12,2665.182920551608,1330,0
4440,2405.2723857765377,-1148.6795681219553,12,2665.4830706646776,1340,0
4441,-997.7634302093542,2472.0170180111754,12,2665.7831869827673,1338,0
4442,-934.2089522191553,-2497.048985020836,12,2666.0832695172894,1330,0
4443,2375.856316353449,1210.333327659541,12,2666.38331827965,1333,0
4444,-2569.7400305232727,712.4859125107334,12,2666.683333281251,1341,0
4445,1413.7280201389412,-2261.4537547944747,12,2666.983314533482,1337,0
4446,485.2055816277133,2622.7801172719974,12,2667.283262047734,1327,0
4447,-2129.6774461292484,-1606.3853757577601,12,2667.5831758353847,1333,0
4448,2655.754116023202,-254.10642499909164,12,2667.883055907811,1334,0
4449,-1786.8248098608428,1981.5289800721469,12,2668.1829022763786,1337,0
4450,-20.95694304628541,-2668.400420952252,12,2668.4827149524504,1331,0
4451,1818.135810693612,1953.65866360362,12,2668.7824939473803,1343,0
4452,-2660.6130226979208,-212.4578627639671,12,2669.082239272518,1339,0
4453,2105.602875714827,-1640.7426762845691,12,2669.3819509392056,1333,0
4454,-444.3501562810558,2632.442390369256,12,2669.681628958779,1331,0
4455,-1450.7021168464423,-2241.4868654929146,12,2669.981273342568,1338,0
4456,2584.0951552310353,672.9429609643661,12,2670.280884101895,1330,0
4457,-2360.2625508604838,1249.464161553089,12,2670.580461248079,1337,0
4458,896.4837770589808,-2515.932597958472,12,2670.8800047924283,1341,0
4459,1038.5652646969718,2461.0124321028748,12,2671.179514746247,1330,0
4460,-2428.467950493958,-1113.25801745313,12,2671.478991120836,1330,0
4461,2542.9566788544794,-819.6165746673232,12,2671.778433927484,1332,0
4462,-1321.6021590560435,2322.3625326762412,12,2672.077843177478,1335,0
4463,-594.2916253970918,-2605.4591656717407,12,2672.377218882095,1331,0
4464,2198.420752670561,1519.9165089660041,12,2672.676561052609,1332,0
4465,-2648.0324094181037,364.31354445224184,12,2672.9758697002867,1336,0
4466,1706.6774873141944,-2057.584009049183,12,2673.275144836386,1332,0
4467,131.44187539833277,2670.3413701981567,12,2673.5743864721626,1339,0
4468,-1900.923540674698,-1880.4493326087702,12,2673.873594618863,1336,0
4469,2672.2060861729155,102.54088462865313,12,2674.1727692877284,1335,0
4470,-2039.8951395178149,1729.6322787724544,12,2674.471910489994,1335,0
4471,335.8429292937635,-2653.603121577035,12,2674.7710182368883,1331,0
4472,1545.0157630717385,2183.7871443572176,12,2675.0700925396327,1332,0
4473,-2614.6658162995377,-566.6768647780432,12,2675.369133409444,1332,0
4474,2311.0161790376415,-1348.482191289993,12,2675.668140857532,1335,0
4475,-793.2734039069134,2555.6833345807813,12,2675.9671148950997,1331,0
4476,-1141.5316776879047,-2420.600220778937,12,2676.266055533343,1336,0
4477,2477.0985195890585,1013.8949276180905,12,2676.564962783455,1326,0
4478,-2511.691971595716,925.7448027516142,12,2676.86383665662,1331,0
4479,1226.8488099705694,-2379.5045697526607,12,2677.1626771640153,1336,0
4480,702.7705412737398,2583.585409139364,12,2677.4614843168147,1338,0
4481,-2263.640561822156,-1430.5004043597721,12,2677.760258126182,1332,0
4482,2635.7212581806,-474.3136611725105,12,2678.0589986032787,1335,0
4483,-1623.285591448519,2130.385854392493,12,2678.357705759259,1339,0
4484,-242.12168920500037,-2667.6913403946337,12,2678.656379605268,1334,0
4485,1980.753414323274,1803.7227923510568,12,2678.9550201524476,1333,0
4486,-2679.2417685785886,7.971543381057623,12,2679.2536274119325,1336,0
4487,1970.4243549354687,-1815.882116624629,12,2679.5522013948525,1325,0
4488,-226.34406581553606,2670.2749603496063,12,2679.8507421123286,1333,0
4489,-1637.0280764278982,-2122.107225610143,12,2680.1492495754787,1337,0
4490,2640.8504553500907,459.03036117147934,12,2680.447723795411,1326,0
4491,-2257.602824640499,1445.5550789144074,12,2680.74616478323,1332,0
4492,688.3042465152819,-2591.184529173681,12,2681.044572550035,1336,0
4493,1242.9241802235044,2375.866048878962,12,2681.3429471069157,1333,0
4494,-2521.648606439863,-912.4079710523664,12,2681.641288464958,1329,0
4495,2475.9833326515063,-1030.6825585173838,12,2681.9395966352413,1337,0
4496,-1129.6226057010088,2432.766484619776,12,2682.237871628838,1339,0
4497,-810.4517004047407,-2557.1797045399576,12,2682.536113456816,1331,0
4498,2325.210389384663,1338.28122795533,12,2682.8343221302357,1337,0
4499,-2618.8247856305825,583.915012794614,12,2683.1324976601513,1332,0
4500,1536.7817142873255,-2199.795891129927,12,2683.430640057611,1330,0
4501,352.8049549676016,2660.437682741377,12,2683.728749333658,1329,0
4502,-2057.475721170649,-1723.5990417708283,12,2684.026825499328,1333,0
4503,2681.6907387041497,-118.8897890838073,12,2684.3248685656513,1338,0
4504,-1897.297004606986,1899.3325344208044,12,2684.622878543651,1329,0
4505,116.03994939142477,-2682.412110423236,12,2684.9208554443467,1334,0
4506,1726.570673614513,2056.539255403195,12,2685.218799278748,1332,0
4507,-2662.5871544673596,-350.18515797419275,12,2685.516710057862,1329,0
4508,2200.0995864413094,-1540.506997627982,12,2685.814587792687,1331,0
4509,-581.7519450848359,2622.358609036912,12,2686.112432494217,1333,0
4510,-1342.5608438252605,-2326.871371740863,12,2686.41024417344,1337,0
4511,2562.0255703785656,808.9653742444012,12,2686.7080228413356,1333,0
4512,-2435.876097255612,1134.2432009136169,12,2687.0057685088805,1326,0
4513,1030.0830690846083,-2482.0412709673533,12,2687.303481187043,1336,0
4514,917.1451748546067,2526.2709134692805,12,2687.601160886786,1334,0
4515,-2383.009675918787,-1243.4085750377615,12,2687.8988076190662,1332,0
4516,2597.3551520395085,-692.9258359837808,12,2688.1964213948354,1339,0
4517,-1447.3043750885347,2265.6809232214464,12,2688.4940022250375,1330,0
4518,-463.2995400307976,-2648.575756176752,12,2688.7915501206116,1332,0
4519,2130.945642155914,1640.2044598697812,12,2689.08906509249,1337,0
4520,-2679.5315826170345,230.02282008064293,12,2689.386547151599,1332,0
4521,1820.6263554682685,-1979.8281929941118,12,2689.68399630886,1334,0
4522,-5.119050444736283,2689.97654177923,12,2689.9814125751877,1335,0
4523,-1813.4788792127486,-1987.1825166927354,12,2690.2787959614893,1333,0
4524,2679.821551503434,240.32572084096282,12,2690.5761464786683,1335,0
4525,-2138.590998115722,1633.1651915156656,12,2690.873464137621,1329,0
4526,473.79554779677505,-2649.1352888986157,12,2691.1707489492373,1326,0
4527,1440.262150214183,2273.685320940525,12,2691.4680009244025,1330,0
4528,-2598.143734001971,-703.7393959885261,12,2691.7652200739944,1335,0
4529,2391.4234596408123,-1236.241819661335,12,2692.0624064088856,1326,0
4530,-928.3943490331402,2527.2285082048543,12,2692.3595599399423,1340,0
4531,-1022.6620745820944,-2490.8958792393246,12,2692.656680678025,1335,0
4532,2436.924019662416,1146.0372255700825,12,2692.9537686339877,1337,0
4533,-2571.3325611462014,801.1547041547695,12,2693.25082381868,1332,0
4534,1354.9977969948554,-2327.9134369944018,12,2693.5478462429437,1335,0
4535,573.4129445478458,2632.108963364733,12,2693.8448359176145,1330,0
4536,-2201.02352165152,-1553.6716053068421,12,2694.1417928535234,1334,0
4537,2672.7508688695775,-341.17853531094147,12,2694.438717061496,1335,0
4538,-1740.5322828444998,2057.2183579717816,12,2694.7356085523493,1337,0
4539,-106.22839842104942,-2692.938084577679,12,2695.032467336897,1335,0
4540,1897.5920285452937,1914.1432791725276,12,2695.3292934259443,1336,0
4541,-2692.506962028671,-129.63895798384857,12,2695.6260868302934,1330,0
4542,2073.1689051541334,-1723.3602904506104,12,2695.9228475607383,1336,0
4543,-364.6172073011659,2671.451719971727,12,2696.219575628068,1327,0
4544,-1535.8513157836444,-2216.384609179023,12,2696.516271043066,1334,0
4545,2629.924558186263,596.9060380401512,12,2696.812933816508,1336,0
4546,-2342.6864065999403,1336.4955668957,12,2697.1095639591654,1336,0
4547,824.7249474878511,-2568.234561131666,12,2697.406161481804,1328,0
4548,1126.8148836378643,2451.0993896641944,12,2697.7027263951823,1333,0
4549,-2486.8453993066028,-1046.3268896227337,12,2697.999258710054,1328,0
4550,2540.7852524375908,-908.4108657406338,12,2698.2957584371657,1337,0
4551,-1260.0116728122475,2386.371845370474,12,2698.5922255872597,1333,0
4552,-682.9526391497457,-2611.048772558337,12,2698.8886601710715,1331,0
4553,2267.5751312359494,1464.1390043982387,12,2699.1850621993294,1334,0
4554,-2661.3431997786506,452.16409962748236,12,2699.481431682759,1325,0
4555,1657.1410822302762,-2131.3571811370966,12,2699.777768632078,1332,0
4556,217.8107312570245,2691.274509474885,12,2700.074073057997,1330,0
4557,-1978.7537644247307,-1837.534636347015,12,2700.3703449712225,1337,0
4558,2700.6044880887093,18.313899506097908,12,2700.6665843824558,1330,0
4559,-2003.9323284508168,1810.926619990354,12,2700.9627913023905,1334,0
4560,254.40187076048943,-2689.2526263171267,12,2701.258965741715,1337,0
4561,1629.1546122899397,2155.053421438646,12,2701.555107711112,1336,0
4562,-2657.296805044291,-488.6447481569843,12,2701.851217221259,1332,0
4563,2289.7336370516396,-1434.8239861928257,12,2702.1472942828264,1330,0
4564,-719.2474378164184,2604.972768225134,12,2702.4433389064793,1334,0
4565,-1229.4177950261826,-2406.9341256613066,12,2702.7393511028768,1332,0
4566,2532.672386219133,944.4419432040715,12,2703.0353308826725,1340,0
4567,-2505.7494791877252,1014.5045823210668,12,2703.331278256514,1337,0
4568,1162.5009203769703,-2440.9407223696967,12,2703.6271932350437,1333,0
4569,791.7264037671944,2585.4147252574135,12,2703.923075828897,1338,0
4570,-2330.471924742069,-1371.7509278250905,12,2704.218926048703,1330,0
4571,2645.311248651545,-562.7862807119634,12,2704.5147439050875,1338,0
4572,-1570.5852691213306,2202.10397402554,12,2704.8105294086677,1338,0
4573,-329.43518121170627,-2684.9715941476943,12,2705.1062825700583,1330,0
4574,2056.812327273192,1757.4763299620954,12,2705.4020033998645,1329,0
4575,-2704.0831135247035,93.45862801553181,12,2705.697691908688,1332,0
4576,1930.9873147292003,-1895.702505762682,12,2705.9933481071234,1333,0
4577,-143.3369639382072,2702.49042824743,12,2706.288972005761,1330,0
4578,-1720.0016832134581,-2089.7832925312787,12,2706.5845636151853,1331,0
4579,2680.196688473502,379.1381161208602,12,2706.8801229459723,1327,0
4580,-2232.6414676795503,1531.0493384596416,12,2707.1756500086954,1335,0
4581,612.1381750881645,-2637.3636181990023,12,2707.4711448139205,1330,0
4582,1330.2870436702374,2358.460595694382,12,2707.7666073722085,1333,0
4583,-2574.3103456655604,-840.5511550163174,12,2708.062037694115,1329,0
4584,2466.26947223197,-1119.2474660845298,12,2708.357435790188,1335,0
4585,-1062.6254278804943,2491.511027473448,12,2708.652801670971,1341,0
4586,-899.5426670486985,-2555.23442958937,12,2708.948135347002,1333,0
4587,2389.5912840464985,1276.6571564868182,12,2709.2434368288136,1330,0
4588,-2624.665782843867,672.8517878170422,12,2709.5387061269303,1332,0
4589,1481.0033671888696,-2269.323473279037,12,2709.833943251874,1335,0
4590,440.90821604609647,2674.0231758575037,12,2710.1291482141587,1337,0
4591,-2131.6208380103176,-1674.094562132077,12,2710.424321024293,1329,0
4592,2702.919785654827,-205.4863312136899,12,2710.719461692781,1325,0
4593,-1854.4467740659409,1977.5305717374956,12,2711.0145702301197,1330,0
4594,31.612069831131368,-2711.1253525134157,12,2711.309646646801,1327,0
4595,1808.2258551375078,2020.6729712677977,12,2711.604690953311,1337,0
4596,-2698.56801201097,-268.5715631841173,12,2711.89970316013,1332,0
4597,2171.493724798587,-1624.9969240464293,12,2712.1946832777326,1335,0
4598,-503.5769986739659,2665.334914491333,12,2712.4896313165887,1336,0
4599,-1429.2412367980583,-2305.7470561698556,12,2712.7845472871595,1340,0
4600,2611.6716266711587,734.8274045249162,12,2713.0794311999052,1329,0
4601,-2422.3973895162935,1222.4528159665902,12,2713.374283065276,1335,0
4602,960.5497895327052,-2537.9803194328906,12,2713.669102893719,1327,0
4603,1006.210845682597,2520.5435394038946,12,2713.963890695674,1330,0
4604,-2444.816755181272,-1179.0127368204794,12,2714.2586464815768,1333,0
4605,2599.425672574323,-782.1676116802123,12,2714.5533702618554,1330,0
4606,-1388.5396850992797,2332.886097284733,12,2714.848062046935,1338,0
4607,-552.0358760405888,-2658.4311899246327,12,2715.1427218472327,1333,0
4608,2203.037573241358,1587.521795405288,12,2715.4373496731614,1337,0
4609,-2697.0994831290927,317.5757832467449,12,2715.731945535126,1335,0
4610,1774.4303047100182,-2056.2580318935443,12,2716.026509443529,1329,0
4611,80.58139750670135,2715.125529027317,12,2716.3210414087657,1336,0
4612,-1893.664443641471,-1947.828271405885,12,2716.615541441225,1335,0
4613,2712.3622937004047,157.13302553021214,12,2716.9100095512913,1329,0
4614,-2106.3816225561422,1716.495400564113,12,2717.2044457493444,1338,0
4615,393.7469277661043,-2688.821927327051,12,2717.4988500457553,1331,0
4616,1526.1016812258604,2248.8694178541364,12,2717.7932224508913,1334,0
4617,-2644.675740130439,-627.4473918708352,12,2718.087562975115,1330,0
4618,2374.1932514377418,-1323.9359519355467,12,2718.3818716287815,1329,0
4619,-856.4430320879999,2580.2529590696945,12,2718.676148422243,1333,0
4620,-1111.5416830959034,-2481.3857190570607,12,2718.9703933658416,1337,0
4621,2496.0382742881393,1078.9777260391832,12,2719.2646064699184,1335,0
4622,-2569.6178854201876,890.5413650856902,12,2719.5587877448065,1329,0
4623,1293.3440824171234,-2392.6681935606134,12,2719.8529372008334,1333,0
4624,662.6241137788061,2638.2056939971253,12,2720.147054848322,1338,0
4625,-2270.926232194061,-1497.8965411312247,12,2720.441140697589,1331,0
4626,2686.615269791276,-429.5327602457694,12,2720.7351947589464,1336,0
4627,-1691.0640055374229,2131.7369746701224,12,2721.029217042698,1336,0
4628,-193.0505234616143,-2714.467073919151,12,2721.3232075591463,1331,0
4629,1976.15905310199,1871.36190963775,12,2721.617166318584,1330,0
4630,-2721.5388777199364,-45.01263221485359,12,2721.9110933313013,1337,0
4631,2037.4036276975219,-1805.3770957461988,12,2722.2049886075815,1335,0
4632,-282.8338502623471,2707.7675330695906,12,2722.498852157701,1331,0
4633,-1620.6927068960451,-2187.9111384638018,12,2722.7926839919337,1339,0
4634,2673.2495248356595,518.5913400413858,12,2723.0864841205466,1333,0
4635,-2321.7248620871005,1423.5145467351697,12,2723.3802525538003,1336,0
4636,750.4783326222324,-2618.2403007104895,12,2723.6739893019503,1331,0
4637,1215.3475868703385,2437.8125939227657,12,2723.967694375247,1340,0
4638,-2543.1523830195474,-976.7169276417793,12,2724.261367783936,1337,0
4639,2535.277466482688,-997.7816233751362,12,2724.5550095382546,1330,0
4640,-1195.5717249111563,2448.5522764672523,12,2724.8486196484387,1335,0
4641,-772.4791351519746,-2613.3648780365243,12,2725.1421981247145,1330,0
4642,2335.1561949530214,1405.3631364072864,12,2725.435744977305,1332,0
4643,-2671.4683344156474,541.1625802053281,12,2725.729260216429,1327,0
4644,1604.4802763832015,-2203.8246397336798,12,2726.0227438522957,1334,0
4645,305.60122704622324,2709.134158735563,12,2726.3161958951137,1336,0
4646,-2055.555869909236,-1791.3933308131084,12,2726.6096163550806,1334,0
4647,2726.065032520787,-67.59762175875693,12,2726.903005242394,1336,0
4648,-1964.6653110519978,1891.4783148503068,12,2727.196362567243,1333,0
4649,171.02620560475157,-2722.1223405637816,12,2727.489688339811,1333,0
4650,1712.841986150309,2122.963101535367,12,2727.782982570278,1333,0
4651,-2697.3273010643934,-408.44268989991,12,2728.0762452688155,1334,0
4652,2265.06771645988,-1521.0089545598423,12,2728.369476445593,1329,0
4653,-642.832728090341,2651.8608718588407,12,2728.6626761107723,1329,0
4654,-1317.4429643452136,-2389.8836866461297,12,2728.955844274509,1337,0
4655,2586.0624329272387,872.3996177225504,12,2729.248980946956,1329,0
4656,-2496.447504196143,1103.698264378832,12,2729.542086138259,1329,0
4657,1095.3828297163502,-2500.4272547631936,12,2729.835159858558,1331,0
4658,881.4077410588973,2583.9350599427707,12,2730.128202117988,1328,0
4659,-2395.6027714472575,-1310.0715100460052,12,2730.42121292668,1341,0
4660,2651.668016200773,-652.270443802152,12,2730.7141922947553,1340,0
4661,-1514.8176066130804,2272.383686505212,12,2731.0071402323356,1338,0
4662,-418.03859827018084,-2699.1190656131316,12,2731.3000567495333,1327,0
4663,2131.705948485404,1708.0485207370264,12,2731.5929418564547,1328,0
4664,-2725.9160352711024,180.5042067428661,12,2731.8857955632034,1335,0
4665,1888.279185999822,-1974.639641990368,12,2732.178617879878,1337,0
4666,-58.51466203994986,2731.8448042168043,12,2732.471408816568,1340,0
4667,-1802.38084807502,-2054.123481802487,12,2732.7641683833604,1330,0
4668,2716.8510114386504,297.1877885189443,12,2733.0568965903362,1335,0
4669,-2204.30489378612,1616.2425360169684,12,2733.3495934475704,1330,0
4670,533.6868170803737,-2681.0405407741637,12,2733.642258965134,1324,0
4671,1417.6445557145614,2337.6663392479395,12,2733.93489315309,1336,0
4672,-2624.678778477894,-766.1992624688369,12,2734.2274960214995,1334,0
4673,2453.179081816803,-1208.1028071056148,12,2734.5200675804153,1334,0
4674,-992.9424007038789,2548.1886486059893,12,2734.8126078398864,1331,0
4675,-989.2176691002654,-2549.950666805112,12,2735.1051168099552,1330,0
4676,2452.1474407683186,1212.1769378821664,12,2735.3975945006605,1334,0
4677,-2627.231815940657,762.6617764836258,12,2735.6900409220343,1336,0
4678,1422.2203522121156,-2337.2824539951616,12,2735.9824560841025,1335,0
4679,530.1672380072218,2684.4222282911815,12,2736.2748399968887,1328,0
4680,-2204.465489633487,-1621.4598067836876,12,2736.5671926704085,1333,0
4681,2721.0752424118377,-293.51239349192457,12,2736.8595141146725,1336,0
4682,-1808.3645341146243,2054.7062349047364,12,2737.1518043396864,1328,0
4683,-54.50821104434191,-2736.901323564433,12,2737.4440633554505,1341,0
4684,1889.1445874120514,1981.4975972359266,12,2737.73629117196,1340,0
4685,-2731.7703487549093,-185.0155714081441,12,2738.028487799205,1332,0
4686,2139.52693708442,-1709.0419788554525,12,2738.3206532471686,1328,0
4687,-423.22445436488476,2705.7126715945924,12,2738.6127875258308,1332,0
4688,-1515.7717640922572,-2281.2356211449633,12,2738.9048906451644,1332,0
4689,2658.918958296762,658.2932273767242,12,2739.1969626151385,1330,0
4690,-2405.5312146045444,1310.8087486598438,12,2739.4890034457158,1329,0
4691,888.4199545878871,-2591.738795536706,12,2739.7810131468536,1333,0
4692,1095.7179347376507,2511.4542017513,12,2740.0729917285053,1330,0
4693,-2504.678080333575,-1111.8397878725686,12,2740.364939200617,1337,0
4694,2598.185392793628,-872.1425713000249,12,2740.6568555731305,1342,0
4695,-1326.8385018308447,2398.3952113985047,12,2740.948740855983,1331,0
4696,-641.7915998416045,-2665.0522588446092,12,2741.2405950591055,1333,0
4697,2273.6961106594167,1531.7656466875872,12,2741.532418192424,1334,0
4698,-2711.534146154773,406.4265914488196,12,2741.8242102658587,1339,0
4699,1725.047218319833,-2131.5281125443794,12,2742.115971289325,1336,0
4700,167.84827521821435,2737.26632911492,12,2742.4077012727334,1332,0
4701,-1972.9727674235385,-1905.1977480054677,12,2742.6994002259894,1334,0
4702,2742.0428705299246,72.11723910419086,12,2742.9910681589904,1337,0
4703,-2070.8317191665856,1799.2376137946767,12,2743.2827050816327,1332,0
4704,311.6324386946328,-2725.8182667142787,12,2743.5743110038043,1336,0
4705,1611.6469818976186,2220.6742232349834,12,2743.8658859353895,1330,0
4706,-2688.7078643066425,-548.8624786006174,12,2744.1574298862665,1329,0
4707,2353.570772804569,-1411.6318986903432,12,2744.4489428663087,1334,0
4708,-781.9892381569391,2630.98704508531,12,2744.7404248853845,1334,0
4709,-1200.7191712534257,-2468.496196429009,12,2745.0318759533557,1331,0
4710,2553.0891844946614,1009.2252553401471,12,2745.323296080081,1334,0
4711,-2564.5625466317733,980.5197317818519,12,2745.6146852754123,1328,0
4712,1228.827432107933,-2455.602399025344,12,2745.906043549196,1334,0
4713,752.7163332341999,2641.025960054626,12,2746.197370911275,1333,0
4714,-2339.265106812346,-1439.1104057890154,12,2746.488667371486,1332,0
4715,2697.2924167840924,-519.0506895853523,12,2746.7799329396594,1333,0
4716,-1638.4594837994302,2204.9604350073278,12,2747.0711676256224,1333,0
4717,-281.310158908249,-2732.9223542748186,12,2747.3623714391956,1334,0
4718,2053.7095162139735,1825.3430425572521,12,2747.653544390195,1329,0
4719,-2747.63410000653,41.314071226439054,12,2747.9446864884303,1330,0
4720,1998.3242952471635,-1886.6637249454202,12,2748.235797743709,1337,0
4721,-199.10019442663395,2741.3060961117194,12,2748.526878165829,1331,0
4722,-1705.0959130386648,-2156.07233815075,12,2748.8179277645872,1331,0
4723,2713.9778983969804,438.09127703334883,12,2749.108946549773,1331,0
4724,-2297.3723904925696,1510.3907108435403,12,2749.3999345311695,1334,0
4725,673.8279371605431,-2665.849941594982,12,2749.6908917185583,1337,0
4726,1304.0339679784936,2421.1351491311393,12,2749.9818181217124,1340,0
4727,-2597.2820721274325,-904.5030888866161,12,2750.2727137504016,1327,0
4728,2526.4051859540523,-1087.601414298672,12,2750.5635786143903,1332,0
4729,-1128.3476527218309,2508.7908590787583,12,2750.854412723436,1331,0
4730,-862.7466274810602,-2612.3683233361367,12,2751.1452160872936,1335,0
4731,2401.0457034950873,1343.6441231694428,12,2751.4359887157107,1337,0
4732,-2678.3579306468496,631.1883992447308,12,2751.7267306184312,1337,0
4733,1548.7397470238213,-2274.863775259651,12,2752.0174418051934,1334,0
4734,394.69759659086463,2723.8600931849264,12,2752.30812228573,1334,0
4735,-2131.2038158940245,-1742.0592111402955,12,2752.598772069769,1330,0
4736,2748.517613410381,-155.08361864782654,12,2752.8893911670334,1329,0
4737,-1922.1167424158175,1971.1588542085606,12,2753.1799795872407,1335,0
4738,85.8194474542406,-2752.1328133719576,12,2753.4705373401034,1334,0
4739,1795.94789022851,2087.5275269044387,12,2753.7610644353294,1335,0
4740,-2734.6691163259366,-326.16686559661605,12,2754.051560882621,1335,0
4741,2237.0183604305803,-1606.9066105709067,12,2754.3420266916746,1338,0
4742,-564.1173772666789,2696.251394930703,12,2754.6324618721824,1337,0
4743,-1405.4772060946423,-2369.4374486675947,12,2754.922866433832,1327,0
4744,2637.1650828272523,797.8473073945496,12,2755.2132403863047,1334,0
4745,-2483.763281357566,1193.1973693316195,12,2755.5035837392775,1338,0
4746,1025.5645415229048,-2557.854055877879,12,2755.7938965024223,1336,0
4747,971.6885557637763,2579.112512202154,12,2756.0841786854044,1335,0
4748,-2458.917298800931,-1245.5222670259782,12,2756.3744302978866,1339,0
4749,2654.7467837280365,-742.6435984277022,12,2756.6646513495252,1335,0
4750,-1456.032373167058,2341.1043821857884,12,2756.9548418499708,1336,0
4751,-507.8137705935055,-2710.07844432511,12,2757.245001808871,1337,0
4752,2205.309784088148,1655.4784070488774,12,2757.5351312358653,1332,0
4753,-2744.67511325773,268.99539524620974,12,2757.82523014059,1337,0
4754,1842.3279861651126,-2052.566099153155,12,2758.115298532677,1334,0
4755,28.01610390877477,2758.2630581439785,12,2758.405336421752,1333,0
4756,-1884.0361868980126,-2015.1445720986865,12,2758.695343817436,1340,0
4757,2750.729358565978,213.2791502308768,12,2758.9853207293445,1335,0
4758,-2172.5985150364436,1701.0043187662523,12,2759.2752671670873,1336,0
4759,453.04221768754024,-2722.122838703785,12,2759.565183140271,1332,0
4760,1504.8663914520405,2313.477284063562,12,2759.8550686584977,1333,0
4761,-2672.6537613393516,-689.4359085503287,12,2760.144923731361,1334,0
4762,2436.694804639512,-1297.1192809617824,12,2760.4347483684523,1335,0
4763,-920.6480702702261,2602.692285059398,12,2760.724542579357,1334,0
4764,-1079.3494187265796,-2541.299831246717,12,2761.0143063736555,1335,0
4765,2512.7656959370224,1144.9054796454295,12,2761.3040397609243,1339,0
4766,-2626.4832907602618,853.2206768223258,12,2761.593742750733,1333,0
4767,1360.4874423505244,-2403.5544344171885,12,2761.883415352647,1332,0
4768,620.4616549503066,2691.584539771383,12,2762.1730575762267,1334,0
4769,-2275.8869472900333,-1565.7389958594163,12,2762.4626694310277,1334,0
4770,2736.096487543161,-382.85246617198885,12,2762.7522509266005,1332,0
4771,-1759.0836143063807,2130.7334037553364,12,2763.0418020724915,1333,0
4772,-142.2111225653368,-2759.6695448221167,12,2763.3313228782395,1335,0
4773,1969.1983231676313,1939.035317892325,12,2763.620813353381,1334,0
4774,-2762.1143678059225,-99.6203752255985,12,2763.9102735074453,1332,0
4775,2104.2100936869515,-1792.5121705656425,12,2764.199703349959,1330,0
4776,-340.7901379536911,2743.4033757130037,12,2764.4891028904417,1338,0
4777,-1602.0219838401258,-2253.3365401761334,12,2764.77847213841,1329,0
4778,2703.6710298299377,579.450569469324,12,2765.067811103373,1332,0
4779,-2385.2656535680353,1399.1811040421658,12,2765.3571197948377,1333,0
4780,813.7725213939392,-2643.212871379101,12,2765.646398222304,1331,0
4781,1185.5380870108634,2498.9796806390045,12,2765.935646395266,1334,0
4782,-2562.483325044672,-1041.9593124820194,12,2766.224864323217,1334,0
4783,2593.5999698130363,-962.7248810464068,12,2766.514052015641,1333,0
4784,-1262.260505061845,2462.0922844932143,12,2766.8032094820182,1338,0
4785,-732.4443607526974,-2668.3937599989945,12,2767.0923367318264,1331,0
4786,2342.800505495822,1472.9853330731164,12,2767.381433774535,1334,0
4787,-2722.7798546606796,496.45731241867117,12,2767.67050061961,1330,0
4788,1672.5156785396086,-2205.513841497984,12,2767.9595372765116,1331,0
4789,256.56897026070976,2756.333137249443,12,2768.2485437546966,1330,0
4790,-2051.2763652453636,-1859.3184970267378,12,2768.537520063616,1335,0
4791,2768.7878928757195,-14.61520662986693,12,2768.8264662127167,1340,0
4792,-2031.9575965295883,1881.2624287710898,12,2769.1153822114384,1325,0
4793,227.551518326176,-2760.0399103106192,12,2769.404268069218,1335,0
4794,1696.767722034952,2189.1046794204062,12,2769.6931237954864,1329,0
4795,-2730.1473476842375,-468.07633985571385,12,2769.9819493996706,1339,0
4796,2329.5495624379723,-1499.1993983940406,12,2770.2707448911924,1332,0
4797,-705.116196214659,2679.330354740858,12,2770.5595102794673,1333,0
4798,-1290.065342047023,-2452.209496199111,12,2770.848245573907,1326,0
4799,2607.969454032239,936.8539517100762,12,2771.1369507839195,1331,0
4800,-2556.137512361195,1070.9626594330541,12,2771.4256259189056,1336,0
4801,1161.5123271091936,-2516.602692912289,12,2771.7142709882633,1331,0
4802,843.5654822930361,2640.5297341790565,12,2772.002886001384,1333,0
4803,-2405.921587671866,-1377.367530463271,12,2772.2914709676543,1337,0
4804,2704.73159394117,-609.6121756793063,12,2772.5800258964573,1333,0
4805,-1582.7624839551893,2276.76589033304,12,2772.8685507971704,1340,0
4806,-370.8920485143714,-2748.2429092692687,12,2773.157045679166,1331,0
4807,2130.117217762159,1776.1195451301135,12,2773.4455105518123,1336,0
4808,-2770.721778863908,129.23166844555018,12,2773.7339454244707,1337,0
4809,1955.9526249898688,-1967.0915913589895,12,2774.0223503065004,1333,0
4810,-113.51911448843009,2771.9872674032545,12,2774.310725207254,1334,0
4811,-1788.9309441039004,-2120.8786097340712,12,2774.59907013608,1331,0
4812,2752.020858495349,355.50132827673576,12,2774.887385102322,1335,0
4813,-2269.6279984893827,1596.99365949683,12,2775.1756701153167,1341,0
4814,594.8611152016687,-2710.966664055651,12,2775.4639251844005,1333,0
4815,1392.7442145698476,2401.0546750922226,12,2775.7521503189005,1337,0
4816,-2649.1303879885604,-829.7639347643263,12,2776.0403455281407,1330,0
4817,2514.1447388168094,-1177.7420058229038,12,2776.328510821441,1336,0
4818,-1058.4086246148854,2566.977051580482,12,2776.6166462081146,1337,0
4819,-953.6294434690968,-2608.0243259120152,12,2776.9047516974724,1331,0
4820,2465.1274975422343,1279.041211556986,12,2777.1928272988175,1332,0
4821,-2681.966361697459,722.1194047547087,12,2777.480873021451,1335,0
4822,1489.9683668781327,-2344.3536989333566,12,2777.7688888746666,1333,0
4823,484.9821423437731,2735.396190976299,12,2778.0568748677556,1333,0
4824,-2205.5729084628842,-1689.5704026333367,12,2778.344831010003,1327,0
4825,2767.8960432291483,-244.03174768136677,12,2778.6327573106882,1331,0
4826,-1876.3137092789832,2049.840692437279,12,2778.920653779089,1335,0
4827,-1.1122730012013249,-2779.208297851885,12,2779.2085204244754,1337,0
4828,1878.3429023364406,2048.762539007954,12,2779.496357256113,1334,0
4829,-2769.2375239614316,-241.91638200824218,12,2779.7841642832627,1332,0
4830,2205.5900443801097,-1692.3866449872924,12,2780.0719415151825,1332,0
4831,-483.1927107025148,2738.0512786147665,12,2780.3596889611244,1342,0
4832,-1493.39032019598,-2345.588487255373,12,2780.6474066303335,1333,0
4833,2685.879656819185,720.8678582686682,12,2780.9350945320534,1334,0
4834,-2467.678539593853,1282.8728016557009,12,2781.2227526755205,1336,0
4835,953.1197894194161,-2613.1135962711396,12,2781.5103810699684,1332,0
4836,1062.4418437779434,2570.917604395311,12,2781.7979797246244,1335,0
4837,-2520.3019492738263,-1178.1672565839508,12,2782.0855486487117,1331,0
4838,2654.507092722077,-833.7818028046586,12,2782.3730878514475,1336,0
4839,-1394.28346135309,2408.1473437888403,12,2782.6605973420474,1333,0
4840,-598.6407661190133,-2717.7986005479584,12,2782.948077129719,1331,0
4841,2277.500864779154,1599.8093045517032,12,2783.2355272236664,1334,0
4842,-2760.298937728365,358.817187960188,12,2783.5229476330887,1337,0
4843,1793.1661231181515,-2129.3555961608245,12,2783.8103383671814,1337,0
4844,116.14613386603683,2781.673970038181,12,2784.097699435133,1342,0
4845,-1964.8390722900897,-1972.8678161504433,12,2784.385030846129,1333,0
4846,2781.7512443965675,127.51476109905408,12,2784.67233260935,1334,0
4847,-2137.5322668401636,1785.2046964472036,12,2784.959604733972,1336,0
4848,370.29951272435477,-2760.5213766381353,12,2785.2468472291644,1332,0
4849,1591.8221915310226,2285.891972633303,12,2785.5340601040944,1333,0
4850,-2718.1381907024165,-610.3480779399528,12,2785.821243367923,1331,0
4851,2416.8038017409017,-1386.1671558259936,12,2786.108397029807,1329,0
4852,-845.8206054086259,2654.9176076605813,12,2786.395521098898,1335,0
4853,-1169.8098033614162,-2529.2578010079405,12,2786.6826155843437,1333,0
4854,2571.335292560005,1074.9115373998713,12,2786.969680495287,1331,0
4855,-2622.384987179334,944.4029749087215,12,2787.256715840864,1332,0
4856,1295.863454699503,-2468.023076629201,12,2787.5437216302093,1333,0
4857,711.6695110217119,2695.4640615452686,12,2787.8306978724513,1335,0
4858,-2345.764181704023,-1506.980558545616,12,2788.1176445767137,1331,0
4859,2747.926996011159,-473.38908372826467,12,2788.404561752114,1333,0
4860,-1706.6416860124712,2205.4872830203553,12,2788.6914494077682,1334,0
4861,-231.3845873771447,-2779.3634473965994,12,2788.9783075527857,1326,0
4862,2048.259455308336,1893.3127590918518,12,2789.2651361962708,1333,0
4863,-2789.523965617519,-12.491807135451,12,2789.5519353473237,1329,0
4864,2065.558571733983,-1875.2780558456566,12,2789.8387050150404,1331,0
4865,-256.37282822425817,2778.3219707133107,12,2790.1254452085127,1332,0
4866,-1687.8616061193866,-2222.05382441292,12,2790.412155936825,1334,0
4867,2745.834483047222,498.3904008995311,12,2790.69883720906,1335,0
4868,-2361.593321254179,1487.4397416391887,12,2790.9854890342945,1335,0
4869,736.6899561648239,-2692.3016005800446,12,2791.2721114216006,1336,0
4870,1275.542306393603,2483.1012513790265,12,2791.558704380046,1335,0
4871,-2618.124726714262,-969.4446427555173,12,2791.8452679186935,1328,0
4872,2585.6394828868156,-1053.787675263286,12,2792.131802046601,1331,0
4873,-1194.869332469093,2523.8635617491022,12,2792.418306772823,1334,0
4874,-823.8703933973716,-2668.414805625853,12,2792.704782106408,1336,0
4875,2410.2318805213067,1411.2343115580506,12,2792.9912280564004,1338,0
4876,-2730.7850667584653,587.548227100521,12,2793.2776446318403,1336,0
4877,1616.8785533276846,-2278.0921280292805,12,2793.5640318417622,1336,0
4878,346.62872503884205,2772.264151731928,12,2793.850389695196,1335,0
4879,-2128.448874018154,-1810.222469944192,12,2794.136718201169,1327,0
4880,2792.5257719708934,-102.95539266285732,12,2794.4230173687015,1335,0
4881,-1989.7800456974219,1962.441176123342,12,2794.7092872068106,1329,0
4882,141.60641455686223,-2791.4060298273253,12,2794.995527724508,1337,0
4883,1781.333909714386,2154.1702583829488,12,2795.2817389308007,1337,0
4884,-2768.904740611104,-385.18377097348576,12,2795.5679208346914,1339,0
4885,2302.1277011461016,-1586.5081303339616,12,2795.854073445178,1332,0
4886,-625.9105245287631,2725.185501077702,12,2796.140196771256,1327,0
4887,-1379.4505422735867,-2432.5123229741525,12,2796.426290821913,1337,0
4888,2660.5745033360045,861.9415944241074,12,2796.712355606132,1335,0
4889,-2544.3182129673814,1161.7421534757493,12,2796.9983911328945,1331,0
4890,1091.4671133131083,-2575.5581027334542,12,2797.2843974111747,1326,0
4891,935.0462034666831,2636.6813606089268,12,2797.5703744499438,1337,0
4892,-2470.779157868938,-1312.7263054576376,12,2797.856322258167,1329,0
4893,2708.8863322530074,-701.0954563630041,12,2798.1422408448075,1336,0
4894,-1524.0209945822708,2347.0321702252963,12,2798.4281302188197,1335,0
4895,-461.67895617753055,-2760.3718121700244,12,2798.713990389157,1339,0
4896,2205.2572602196487,1723.728637648203,12,2798.9998213647677,1334,0
4897,-2790.734965298095,218.62834551503408,12,2799.285623154594,1339,0
4898,1910.314784654202,-2046.5330252726362,12,2799.5713957675734,1336,0
4899,-26.196147561239176,2799.734587751659,12,2799.8571392126423,1335,0
4900,-1872.0683342321208,-2082.3448686433694,12,2800.142853498728,1330,0
4901,2787.29302049132,270.9199474390425,12,2800.428538634757,1335,0
4902,-2238.4952354570414,1683.193120481464,12,2800.7141946296492,1329,0
4903,513.6684845053843,-2753.496810970723,12,2800.9998214923185,1337,0
4904,1481.34824395744,2377.5633283099332,12,2801.285419231678,1334,0
4905,-2698.5961171865288,-752.581554587801,12,2801.5709878566345,1340,0
4906,2498.476948936558,-1268.074499243899,12,2801.856527376089,1330,0
4907,-985.8275741300795,2623.002858192267,12,2802.1420377989407,1328,0
4908,-1045.000853720462,-2600.302523885154,12,2802.4275191340803,1337,0
4909,2527.2876247100767,1211.6176220191319,12,2802.7129713903987,1331,0
4910,-2682.2523123215396,813.8320054198858,12,2802.9983945767785,1333,0
4911,1428.219160252089,-2412.175373037545,12,2803.2837887021005,1336,0
4912,576.3353557698871,2743.6904996171847,12,2803.5691537752373,1331,0
4913,-2278.5399346901927,-1633.96932836024,12,2803.8544898050613,1333,0
4914,2784.138129654909,-334.32749662817906,12,2804.1397968004376,1335,0
4915,-1827.2877094264422,2127.397383419249,12,2804.425074770228,1333,0
4916,-89.66031508064941,-2803.276837542029,12,2804.71032372329,1335,0
4917,1959.8983098747294,2006.6884698303768,12,2804.9955436684745,1336,0
4918,-2800.9513536889312,-155.79317786136613,12,2805.2807346146305,1339,0
4919,2170.791779335653,-1777.3190627371196,12,2805.565896570601,1332,0
4920,-400.1531860947719,2777.1707595425605,12,2805.851029545225,1332,0
4921,-1581.0520228938883,-2318.3344238705386,12,2806.136133547337,1335,0
4922,2732.108484866999,641.5475250655655,12,2806.4212085857675,1334,0
4923,-2448.17952925758,1372.5949848823334,12,2806.7062546693405,1334,0
4924,878.1259660068105,-2666.1010460641974,12,2806.9912718068795,1332,0
4925,1153.5397264578382,2559.3253211507863,12,2807.276260007198,1330,0
4926,-2579.6455347085457,-1108.0744177437984,12,2807.5612192791086,1332,0
4927,2650.912853586987,-925.5598536492928,12,2807.846149631422,1332,0
4928,-1329.6288375159036,2473.395874995773,12,2808.131051072937,1332,0
4929,-690.398013981705,-2722.232646613826,12,2808.415923612455,1330,0
4930,2348.157878319687,1541.0887639864181,12,2808.7007672587692,1338,0
4931,-2772.7301816315407,449.8525757062233,12,2808.9855820206694,1335,0
4932,1740.8303687700468,-2204.8831323151667,12,2809.270367906941,1336,0
4933,205.76387471301706,2802.0102119483945,12,2809.555124926365,1341,0
4934,-2044.6617707774042,-1927.3189261565951,12,2809.8398530877166,1339,0
4935,2809.8398550018615,39.99986553876623,12,2810.1245523997686,1334,0
4936,-2099.120605410913,1868.7141793060066,12,2810.4092228712884,1335,0
4937,285.55683350611366,-2796.1504420967703,12,2810.69386451104,1328,0
4938,1678.3816998755294,2254.913494909046,12,2810.9784773277793,1334,0
4939,-2761.0381109681202,-529.0260388502579,12,2811.2630613302626,1337,0
4940,2393.4977734726303,-1475.1164050276032,12,2811.547616527239,1337,0
4941,-768.5417213533027,2704.763136124733,12,2811.8321429274542,1337,0
4942,-1260.470019758019,-2513.8049505264366,12,2812.116640539649,1332,0
4943,2627.7480016018,1002.2676489230555,12,2812.4011093725594,1329,0
4944,-2614.9061040210945,1036.0820754907506,12,2812.685549434917,1331,0
4945,1228.4111952731316,-2530.5742303531893,12,2812.96996073545,1334,0
4946,803.6673867078042,2696.019052518407,12,2813.254343282882,1331,0
4947,-2413.9779941060197,-1445.2370891905175,12,2813.5386970859317,1334,0
4948,2756.5144061459605,-565.0029457531912,12,2813.823022153312,1334,0
4949,-1651.0807300868048,2278.844536763318,12,2814.1073184937345,1334,0
4950,-321.9143361150082,-2795.9204495485264,12,2814.3915861159053,1335,0
4951,2126.2014536584966,1844.3609675062241,12,2814.6758250285234,1334,0
4952,-2813.9268190118464,76.26176791729523,12,2814.9600352402877,1337,0
4953,2023.5922466204486,-1957.21087760558,12,2815.244216759889,1330,0
4954,-170.07415739972083,2810.386945063753,12,2815.5283695960156,1335,0
4955,-1773.160631250987,-2187.396026279101,12,2815.812493757353,1329,0
4956,2785.3192413682837,415.2068444325169,12,2816.0965892525774,1335,0
4957,-2334.5113819825897,1575.454412984946,12,2816.3806560903663,1332,0
4958,657.2581528141848,-2738.9070302876817,12,2816.6646942793886,1336,0
4959,1365.6010913140005,2463.804712107275,12,2816.948703828311,1332,0
4960,-2671.4972051699137,-894.3727873595765,12,2817.232684745795,1336,0
4961,2574.2784727753265,-1145.2031892225643,12,2817.5166370404986,1333,0
4962,-1124.7325189360715,2583.597639116377,12,2817.800560721074,1336,0
4963,-915.9446465417925,-2665.0788739681666,12,2818.084455796171,1331,0
4964,2475.873359543151,1346.5701272137717,12,2818.368322274433,1329,0
4965,-2735.5024775943666,679.5779536411414,12,2818.6521601644995,1324,0
4966,1558.1829582197586,-2349.1415173874734,12,2818.9359694750074,1336,0
4967,437.91075489577327,2785.0016464531245,12,2819.2197502145873,1334,0
4968,-2204.365188953279,-1757.945992836803,12,2819.503502391866,1331,0
4969,2813.18880194872,-192.79202418753584,12,2819.7872260154672,1334,0
4970,-1944.3243257935678,2042.6460574772582,12,2820.0709210940063,1335,0
4971,53.90208167574515,-2819.8394574143795,12,2820.354587636101,1331,0
4972,1865.2160299425593,2115.884959454393,12,2820.638225650358,1332,0
4973,-2804.894003348515,-300.28258354346747,12,2820.9218351453837,1335,0
4974,2271.3078216563413,-1673.4278530258564,12,2821.205416129779,1332,0
4975,-544.4621444246949,2768.4582303673033,12,2821.48896861214,1332,0
4976,-1468.7447995536722,-2409.3959230031173,12,2821.77249260106,1334,0
4977,2710.8025853638815,784.5695273106759,12,2822.0559881051263,1335,0
4978,-2529.084575348116,1252.7295042171888,12,2822.3394551329225,1342,0
4979,1018.7639353997735,-2632.3601660731697,12,2822.6228936930274,1336,0
4980,1027.0320335995475,2629.4496005743063,12,2822.9063037940173,1335,0
4981,-2533.723468873298,-1245.2491249869086,12,2823.1896854444617,1337,0
4982,2709.714466292077,-793.3772817313617,12,2823.473038652928,1333,0
4983,-1462.287182657769,2415.639914274229,12,2823.756363427978,1337,0
4984,-553.5517873157313,-2769.256293440454,12,2824.03965977817,1339,0
4985,2279.006183827111,1668.2118612687623,12,2824.322927712056,1332,0
4986,-2807.6106892524117,309.39007352466047,12,2824.6061672381866,1334,0
4987,1861.4413722276909,-2124.86141142407,12,2824.8893783651065,1333,0
4988,62.76061466337872,2824.4753681430952,12,2825.1725611013567,1328,0
4989,-1954.3792806077704,-2040.4905360062448,12,2825.4557154554727,1333,0
4990,2819.712532258399,184.4484627881947,12,2825.738841435988,1337,0
4991,-2203.9821974137776,1768.8590880799793,12,2826.0219390514294,1326,0
4992,430.34383548904964,-2793.349992975562,12,2826.3050083103203,1330,0
4993,1569.7158413495672,2350.6578180195047,12,2826.5880492211804,1331,0
4994,-2745.5810242492125,-673.0414840725982,12,2826.871061792526,1334,0
4995,2479.387164133592,-1358.469466101313,12,2827.154046032865,1336,0
4996,-910.6811286035626,2676.762948414622,12,2827.4370019507064,1337,0
4997,-1136.7332054818116,-2589.1770158787995,12,2827.719929554552,1337,0
4998,2587.414464791534,1141.4404878869234,12,2828.002828852899,1337,0
4999,-2679.1788301495158,906.2012999762652,12,2828.285699854242,1332,0
5000,1363.5492534868072,-2478.2117410172136,12,2828.56854256707,1331,0
5001,668.6360418253543,2748.695298422894,12,2828.851356999869,1333,0
5002,-2349.9832966011472,-1575.3026711383445,12,2829.134143161119,1330,0
5003,2797.185748672575,-425.8543030462971,12,2829.4169010592977,1335,0
5004,-1775.0746255088793,2203.703717352791,12,2829.699630702877,1329,0
5005,-179.7136398956795,-2824.270349601016,12,2829.9823321003255,1332,0
5006,2040.4862484370053,1961.3301277295147,12,2830.265005260108,1340,0
5007,-2829.733084460149,-67.9019197935808,12,2830.5476501906837,1333,0
5008,2132.637109938677,-1861.574322263929,12,2830.830266900508,1330,0
5009,-315.09629781388696,2813.5234712196702,12,2831.1128553980325,1334,0
5010,-1668.3320857839342,-2287.6774360787463,12,2831.3954156917043,1331,0
5011,2775.757015387559,559.9758847725027,12,2831.6779477899663,1329,0
5012,-2425.2570444086227,1462.2339992444272,12,2831.960451701259,1331,0
5013,800.6640462491777,-2716.7143915111674,12,2832.2429274340147,1330,0
5014,1244.853585833335,2544.3151435775176,12,2832.5253749966646,1328,0
5015,-2636.839359132479,-1035.3155046312302,12,2832.8077943976364,1329,0
5016,2643.9323915389928,-1017.8514179244949,12,2833.0901856453497,1328,0
5017,-1262.1304865679053,2536.735428631819,12,2833.372548748222,1336,0
5018,-782.9624317862223,-2723.3379941555927,12,2833.65488371467,1331,0
5019,2417.16130204155,1479.3685274172904,12,2833.937190553101,1327,0
5020,-2781.915668763647,541.9826675155863,12,2834.219469271919,1335,0
5021,1685.3618269566784,-2279.0251232132673,12,2834.5017198795276,1332,0
5022,296.7555356959779,2819.208426497373,12,2834.783942384322,1332,0
5023,-2123.377580976162,-1878.528053718608,12,2835.0661367946955,1335,0
5024,2834.9221363193356,-49.15771563663246,12,2835.3483031190362,1341,0
5025,-2057.3824997902607,1951.4039175826158,12,2835.6304413657294,1335,0
5026,198.91520676912793,-2828.927842932017,12,2835.9125515431538,1331,0
5027,1764.4149033146718,2220.549492571845,12,2836.194633659686,1328,0
5028,-2801.262820342556,-445.5632518133292,12,2836.476687723698,1332,0
5029,2366.772975907284,-1563.8368458745867,12,2836.7587137435567,1334,0
5030,-688.8965980941614,2752.1303524968243,12,2837.0407117276277,1334,0
5031,-1351.2007108206617,-2494.9261790838095,12,2837.3226816842666,1331,0
5032,2681.898242152508,927.0500626931039,12,2837.604623621832,1341,0
5033,-2604.02029937709,1128.1304359124672,12,2837.886537548674,1335,0
5034,1158.197398293906,-2591.096058926652,12,2838.1684234731383,1336,0
5035,896.3305286936671,2693.212131142241,12,2838.450281403569,1333,0
5036,-2480.411147064594,-1380.5652978101782,12,2838.732111348304,1335,0
5037,2761.810582674767,-657.5730418939515,12,2839.013913315678,1331,0
5038,-1592.4469989681086,2350.6834230660374,12,2839.295687314021,1330,0
5039,-413.6840263231202,-2809.28203040654,12,2839.5774333516597,1334,0
5040,2202.8990024793334,1792.2153846219371,12,2839.859151436916,1335,0
5041,-2835.25446901862,166.52956467228896,12,2840.140841578107,1331,0
5042,1978.3354781025587,-2038.182704293391,12,2840.422503783548,1336,0
5043,-81.99850680069,2839.5204251567657,12,2840.704138061548,1325,0
5044,-1857.7894898148095,-2149.376237780075,12,2840.9857444204117,1334,0
5045,2822.038611969923,329.99707960961337,12,2841.2673228684416,1322,0
5046,-2304.0215600803654,1663.0949012864057,12,2841.5488734139344,1336,0
5047,575.566346387611,-2782.9343112811734,12,2841.8303960651842,1333,0
5048,1455.5845729849782,2441.080406477455,12,2842.111890830479,1331,0
5049,-2722.498479961538,-816.8243548077597,12,2842.393357718104,1327,0
5050,2559.495976425693,-1236.842894898415,12,2842.6747967363417,1329,0
5051,-1051.921430417437,2641.1855868583966,12,2842.956207893467,1341,0
5052,-1008.5409153577541,-2658.3538556876406,12,2843.2375911977533,1331,0
5053,2539.610196319287,1279.054358012634,12,2843.5189466574684,1333,0
5054,-2736.8890771428437,772.4235751297299,12,2843.8002742808785,1332,0
5055,1496.4802126634997,-2418.542324026315,12,2844.081574076243,1334,0
5056,530.296370351763,2794.4920396364964,12,2844.3628460518185,1342,0
5057,-2278.9016001770365,-1702.5297344570934,12,2844.6440902158565,1333,0
5058,2830.7132390108386,-284.0115464004355,12,2844.9253065766065,1338,0
5059,-1895.6201441721748,2121.7502843192133,12,2845.206495142312,1339,0
5060,-35.45392811156469,-2845.266774659533,12,2845.4876559212134,1331,0
5061,1948.2851848136922,2074.267301635803,12,2845.7687889215454,1340,0
5062,-2838.032604221786,-213.47350508695214,12,2846.049894151542,1331,0
5063,2237.097113229144,-1759.8285444843289,12,2846.3309716194285,1335,0
5064,-460.8641888936323,2809.0575286731696,12,2846.6120213334307,1333,0
5065,-1557.81796176131,-2382.856100987602,12,2846.8930433017676,1339,0
5066,2758.554899756106,704.8225769876991,12,2847.174037532655,1332,0
5067,-2510.4210518837194,1343.7954242588569,12,2847.4550040343047,1334,0
5068,943.4786653338045,-2686.903051481378,12,2847.735942814923,1336,0
5069,1119.3955383186012,2618.8076731200426,12,2848.0168538827156,1327,0
5070,-2594.6424672315725,-1175.0023264821468,12,2848.29773724588,1333,0
5071,2707.178186641394,-886.333044500213,12,2848.5785929126127,1338,0
5072,-1397.6173441444419,2482.471703634633,12,2848.8594208911045,1331,0
5073,-646.389714231528,-2774.847804355346,12,2849.1402211895434,1332,0
5074,2351.242101989106,1609.6150402608234,12,2849.420993816112,1334,0
5075,-2821.2900339459716,401.4007278981169,12,2849.70173877899,1337,0
5076,1809.3673901618147,-2201.951327213893,12,2849.982456086353,1333,0
5077,153.24063836217468,2846.14077423348,12,2850.2631457463713,1330,0
5078,-2035.7357834283303,-1995.3395250105789,12,2850.543807767213,1332,0
5079,2849.201168186614,96.19097257038094,12,2850.8244421570403,1334,0
5080,-2166.101525650935,1853.861963732115,12,2851.1050489240138,1332,0
5081,344.9840351412147,-2830.4391912736237,12,2851.3856280762866,1322,0
5082,1657.7168001274472,2320.339417105872,12,2851.666179622012,1327,0
5083,-2789.989962470468,-591.2326186147343,12,2851.9467035693356,1340,0
5084,2456.8652793129054,-1448.7970870024276,12,2852.227199926401,1334,0
5085,-833.0495323882378,2728.1547750426,12,2852.507668701348,1332,0
5086,-1228.6980589507214,-2574.6263961846444,12,2852.788109902311,1331,0
5087,2645.3988540338114,1068.580789213712,12,2853.0685235374212,1334,0
5088,-2672.7133726329826,999.1012099626486,12,2853.3489096148055,1340,0
5089,1296.0198198465998,-2542.3478571125524,12,2853.6292681425875,1338,0
5090,761.7614471361362,2750.367156882343,12,2853.909599128887,1332,0
5091,-2419.7831451273537,-1513.6213299757544,12,2854.1899025818166,1335,0
5092,2806.984913925852,-518.49367690713,12,2854.47017850949,1332,0
5093,-1719.7146933008235,2278.635858061848,12,2854.7504269200135,1339,0
5094,-271.1589264816634,-2842.1247046161275,12,2855.03064782149,1332,0
5095,2119.9798413683584,1912.716777829846,12,2855.31084122202,1332,0
5096,-2855.5089341290713,21.650106444448237,12,2855.5910071296976,1333,0
5097,2091.144107064418,-1945.0234763338349,12,2855.8711455526136,1328,0
5098,-228.12247637358757,2847.026542864183,12,2856.151256498857,1336,0
5099,-1755.1004767231666,-2253.624262517182,12,2856.43133997651,1331,0
5100,2816.7339225276137,476.24574505417036,12,2856.711395993652,1337,0
5101,-2398.9064400442076,1551.659721689787,12,2856.9914245583586,1330,0
5102,720.8185056260904,-2764.854549871832,12,2857.271425678702,1336,0
5103,1336.2542025741616,2525.871078678184,12,2857.5513993627483,1330,0
5104,-2691.7773403886576,-959.9660149037385,12,2857.831345618562,1334,0
5105,2633.538487945827,-1110.5291677880443,12,2858.1112644542022,1336,0
5106,-1191.8543513387187,2598.0537340853753,12,2858.3911558777254,1336,0
5107,-876.2095564183234,-2721.0764070935616,12,2858.671019897183,1336,0
5108,2484.3935351362647,1414.7044788835353,12,2858.9508565206224,1337,0
5109,-2787.8064379804528,635.086816391854,12,2859.2306657560875,1337,0
5110,1626.8058958560543,-2351.6595368394587,12,2859.510447611618,1335,0
5111,389.00520808606814,2833.2093018486853,12,2859.7902020952515,1329,0
5112,-2200.86097251573,-1826.5297642406804,12,2860.069929215018,1343,0
5113,2856.9288793000687,-139.84769794763008,12,2860.349628978947,1334,0
5114,-2012.3414185016948,2033.1458421329708,12,2860.6293013950617,1340,0
5115,110.47844982312081,-2858.7750020112953,12,2860.9089464713834,1329,0
5116,1849.792172908934,2182.812157984476,12,2861.1885642159277,1333,0
5117,-2838.724974343824,-360.0562734304953,12,2861.468154636707,1332,0
5118,2336.6302321596045,-1652.1982805213643,12,2861.74771774173,1332,0
5119,-606.9737935536995,2796.9238126804657,12,2862.027253539002,1335,0
5120,-1441.872105025874,-2472.6109343663948,12,2862.3067620365223,1331,0
5121,2733.6832001564007,849.3386610667494,12,2862.5862432422887,1332,0
5122,-2589.7057262742405,1220.4197029310894,12,2862.865697164294,1328,0
5123,1085.292660059805,-2649.479164292543,12,2863.1451238105274,1336,0
5124,989.5329831248899,2687.010322888238,12,2863.424523188973,1331,0
5125,-2544.94849482923,-1313.025955061984,12,2863.7038953076135,1329,0
5126,2763.7716756702957,-750.9767804417157,12,2863.983240174425,1336,0
5127,-1530.7909732742385,2420.8839286802063,12,2864.2625577973818,1336,0
5128,-506.5753654863379,-2819.3937999297627,12,2864.5418481844536,1331,0
5129,2278.2281384616335,1736.9158152085672,12,2864.821111343604,1337,0
5130,-2853.4424013292787,258.19849398514845,12,2865.100347282796,1335,0
5131,1929.8170909651255,-2118.0665701103208,12,2865.3795560099884,1328,0
5132,7.747102193845282,2865.648265647338,12,2865.6587375331346,1334,0
5133,-1941.6191840903557,-2108.012083450259,12,2865.9378918601847,1329,0
5134,2855.909385312456,242.86124203797894,12,2866.2170189990848,1334,0
5135,-2270.1301452351095,1750.2311629310057,12,2866.496118957777,1324,0
5136,491.7070213554901,-2824.2918059488316,12,2866.775191744201,1336,0
5137,1545.362655981895,2414.9232413260224,12,2867.0542373662897,1333,0
5138,-2771.0291859423382,-736.8834715582509,12,2867.3332558319757,1330,0
5139,2541.2755568707285,-1328.5776394518198,12,2867.6122471491854,1331,0
5140,-976.5111923776411,2696.521071892671,12,2867.8912113258416,1334,0
5141,-1101.5319768483992,-2648.212095731846,12,2868.1701483698625,1335,0
5142,2601.3299026834575,1208.7525542495764,12,2868.449058289166,1335,0
5143,-2734.9062037626536,865.9607708323456,12,2868.727941091661,1333,0
5144,1431.8257908048854,-2486.1767645897507,12,2869.006796785256,1335,0
5145,623.6651032421274,2800.6859586533415,12,2869.285625377857,1333,0
5146,-2351.935929503572,-1644.0186688447814,12,2869.5644268773613,1335,0
5147,2845.0393770291466,-376.4982644762196,12,2869.8432012916664,1335,0
5148,-1843.7016310743852,2199.628217579883,12,2870.121948628664,1337,0
5149,-126.35157767663392,-2867.618398395893,12,2870.400668896243,1335,0
5150,2030.413234766273,2029.3403105654702,12,2870.679362102288,1339,0
5151,-2868.241614982507,-124.86007401302822,12,2870.95802825468,1334,0
5152,2199.507320979862,-1845.5805441529749,12,2871.2366673612955,1333,0
5153,-375.21290620211744,2846.8957260530915,12,2871.5152794300084,1327,0
5154,-1646.5398384596924,-2352.8932318244124,12,2871.7938644686874,1335,0
5155,2803.7357050673263,622.7889659673016,12,2872.072422485199,1336,0
5156,-2488.3166444699064,1434.810188440976,12,2872.3509534874047,1325,0
5157,865.6908255332086,-2739.083677909025,12,2872.629457483161,1340,0
5158,1212.0084493337517,2604.733291287919,12,2872.907934480324,1334,0
5159,-2653.426520261325,-1102.056124511758,12,2873.1863844867426,1336,0
5160,2701.2440879257124,-979.8369136985935,12,2873.464807510264,1337,0
5161,-1330.0718490807772,2547.4121920652815,12,2873.7432035587312,1333,0
5162,-740.0703050848432,-2777.102076541593,12,2874.021572639983,1336,0
5163,2421.8448366082134,1547.9882387777159,12,2874.2999147618534,1334,0
5164,-2831.7182064602566,494.5422117489128,12,2874.5782299321754,1335,0
5165,1754.1322140786415,-2277.6786813621366,12,2874.8565181587755,1328,0
5166,245.13106428335652,2864.665907452963,12,2875.134779449478,1335,0
5167,-2116.010786758964,-1946.9202218683006,12,2875.4130138121036,1329,0
5168,2875.6844201920035,6.254235763166209,12,2875.6912212544657,1337,0
5169,-2124.870400032595,1938.0726980857346,12,2875.969401784379,1334,0
5170,257.6889261596176,-2864.6808578504347,12,2876.247555409652,1328,0
5171,1745.221063928517,2286.613967861697,12,2876.525682138089,1330,0
5172,-2831.7309825849393,-507.24712149851973,12,2876.803781977492,1328,0
5173,2430.9057545838355,-1538.9272927371169,12,2877.0818549356563,1328,0
5174,-753.0165649243953,2777.0786904496354,12,2877.359901020378,1338,0
5175,-1320.7663262542878,-2556.6337851621906,12,2877.637920239445,1335,0
5176,2701.134208179395,993.1132812539942,12,2877.915912600645,1334,0
5177,-2662.8278494542888,1092.404615593805,12,2878.193878111758,1334,0
5178,1225.6960190389682,-2604.471015179863,12,2878.471816780564,1331,0
5179,855.5873916292419,2748.6669887938533,12,2878.7497286148373,1331,0
5180,-2487.821513773484,-1448.9803710215717,12,2879.0276136223497,1339,0
5181,2813.4858421451063,-612.1253270769337,12,2879.3054718108674,1335,0
5182,-1661.2524645346182,2352.0714804354175,12,2879.583303188154,1335,0
5183,-363.8806920592221,-2856.779802845592,12,2879.8611077619694,1334,0
5184,2198.2533399894733,1860.8821169609653,12,2880.13888554007,1336,0
5185,-2878.20894592012,112.75310916063079,12,2880.4166365302085,1333,0
5186,2046.3353551248113,-2027.5383139083253,12,2880.6943607401327,1335,0
5187,-139.33498321843445,2877.6006954495124,12,2880.9720581775864,1329,0
5188,-1841.2275023397133,-2216.186202607502,12,2881.2497288503123,1335,0
5189,2854.951211047205,390.4530478048499,12,2881.5273727660474,1327,0
5190,-2369.1276442802755,1640.7419678630129,12,2881.804989932525,1334,0
5191,638.6772331925621,-2810.4254823427523,12,2882.0825803574744,1337,0
5192,1427.6118964392792,2503.9816838677243,12,2882.360144048623,1326,0
5193,-2744.3561302511935,-882.1051129841017,12,2882.6376810136926,1340,0
5194,2619.7084170372655,-1203.46491835205,12,2882.9151912604025,1329,0
5195,-1118.8702665763988,2657.2409236972208,12,2883.192674796466,1329,0
5196,-970.0136781472748,-2715.414050233812,12,2883.470131629596,1331,0
5197,2549.7390303515963,1347.1565896738591,12,2883.7475617675,1333,0
5198,-2790.357803338786,729.0427486412203,12,2884.0249652178813,1334,0
5199,1565.2122249630813,-2422.66602956869,12,2884.3023419884403,1329,0
5200,482.39498883770506,2843.9576429237254,12,2884.5796920868734,1334,0
5201,-2276.98772530864,-1771.3630059346344,12,2884.857015520873,1332,0
5202,2875.7948016675955,-231.95745019644502,12,2885.1343122981298,1329,0
5203,-1964.0253108320865,2113.812805905699,12,2885.4115824263267,1330,0
5204,20.353061118905707,-2885.6170489001292,12,2885.688825913148,1333,0
5205,1934.3844065513397,2141.71822789344,12,2885.966042766269,1335,0
5206,-2873.3406867028375,-272.6046553859033,12,2886.2432329933667,1329,0
5207,2303.0749385673207,-1740.0706386072766,12,2886.52039660211,1338,0
5208,-522.8651517321262,2839.051255807852,12,2886.797533600166,1340,0
5209,-1532.3541580069661,-2446.8532310783908,12,2887.074643995198,1328,0
5210,2783.0029453854077,769.2168783744578,12,2887.3517277948663,1333,0
5211,-2571.945063588483,1312.8208521663703,12,2887.6287850068265,1331,0
5212,1009.7713674848873,-2705.616710734856,12,2887.9058156387305,1333,0
5213,1083.14773185478,2677.3851032262514,12,2888.182819698227,1338,0
5214,-2607.4771128250386,-1242.6838319112392,12,2888.4597971929607,1340,0
5215,2762.358175275816,-845.0901203344305,12,2888.7367481305732,1333,0
5216,-1466.1673129364597,2489.327903366023,12,2889.0136725187017,1332,0
5217,-600.4682377783924,-2826.205564961493,12,2889.2905703649817,1333,0
5218,2352.066388801699,1678.5063904165918,12,2889.567441677041,1338,0
5219,-2868.430123184593,351.15328334962476,12,2889.8442864625076,1333,0
5220,1878.0703502602648,-2196.7366158630143,12,2890.1211047290044,1335,0
5221,99.05312152019762,2888.700136586888,12,2890.3978964841504,1340,0
5222,-2024.5214305085829,-2063.3257080285407,12,2890.6746617355607,1334,0
5223,2886.851931863329,153.90231803636422,12,2890.9514004908488,1336,0
5224,-2232.84799261459,1836.7334705604385,12,2891.2281127576216,1334,0
5225,405.7758150847009,-2862.8911938619576,12,2891.504798543485,1335,0
5226,1634.8051607276727,2385.33269932271,12,2891.781457856039,1340,0
5227,-2816.9929868944887,-654.6376950552625,12,2892.058090702882,1333,0
5228,2519.6053282475286,-1420.2777861625045,12,2892.3346970916077,1331,0
5229,-898.5806130678707,2749.5004785994442,12,2892.611277029806,1337,0
5230,-1194.7897280191935,-2634.630430595498,12,2892.887830525062,1333,0
5231,2660.9223756206607,1135.7341726483785,12,2893.1643575849603,1332,0
5232,-2729.519593372554,960.0639506800205,12,2893.4408582170813,1332,0
5233,1364.2792669284895,-2551.929090282303,12,2893.717332428999,1330,0
5234,717.8948363544346,2803.5383007791493,12,2893.9937802282852,1328,0
5235,-2423.3476670943546,-1582.462032526641,12,2894.270201622509,1337,0
5236,2856.111619398969,-470.1344675028597,12,2894.5465966192355,1328,0
5237,-1788.6073089158103,2276.155507537423,12,2894.8229652260256,1334,0
5238,-218.67846210872884,-2886.82866311975,12,2895.0993074504377,1335,0
5239,2111.472940664959,1981.1315001381583,12,2895.3756233000236,1335,0
5240,-2895.445803166237,-34.5485300269913,12,2895.6519127823362,1334,0
5241,2158.5547399709803,-1930.5546960779986,12,2895.9281759049204,1334,0
5242,-287.60755883320553,2881.888598142198,12,2896.204412675321,1335,0
5243,-1734.7803440748098,-2319.512267225954,12,2896.4806231010766,1336,0
5244,2846.252428828225,538.5602207640577,12,2896.7568071897235,1337,0
5245,-2462.764923616236,1525.6437759206817,12,2897.032964948794,1334,0
5246,785.483506989557,-2788.801832373069,12,2897.309096385817,1338,0
5247,1304.7418043354428,2587.208693557498,12,2897.5852015083183,1327,0
5248,-2709.9685404733355,-1026.4845394085694,12,2897.861280323819,1336,0
5249,2691.883212354725,-1073.761971315247,12,2898.137332839836,1337,0
5250,-1259.715081394935,2610.3482360991898,12,2898.413359063886,1333,0
5251,-834.4696562429651,-2775.9791773011825,12,2898.6893590034797,1334,0
5252,2490.696053083574,1483.3857121982494,12,2898.9653326661223,1333,0
5253,-2838.844604419104,588.6945829210096,12,2899.2412800593197,1333,0
5254,1695.7795561334156,-2351.9208526223733,12,2899.51720119057,1335,0
5255,338.3168285040822,2879.989882543155,12,2899.793096067372,1336,0
5256,-2195.078319996894,-1895.2654613746363,12,2900.068964697219,1340,0
5257,2899.0915855182325,-85.25244147461888,12,2900.344807087599,1331,0
5258,-2080.3105270446317,2021.3629340292377,12,2900.620623245998,1329,0
5259,168.56122148079314,-2895.995012877768,12,2900.896413179899,1335,0
5260,1832.0988702653945,2249.4918825308673,12,2901.1721768967795,1342,0
5261,-2870.715439029846,-421.180327313229,12,2901.447914404117,1334,0
5262,2401.507628380978,-1628.7299072676137,12,2901.723625709382,1331,0
5263,-670.6694537876384,2823.4380609030877,12,2901.999310820042,1327,0
5264,-1412.808412841979,-2535.1868547708527,12,2902.274969743563,1332,0
5265,2754.5166439609197,915.1164178082865,12,2902.5506024874053,1332,0
5266,-2649.4986603399157,1185.9834943442472,12,2902.8262090590265,1330,0
5267,1152.6469314496599,-2664.470876444268,12,2903.101789465881,1331,0
5268,949.9884033830034,2743.5601020276213,12,2903.3773437154186,1332,0
5269,-2553.982451650492,-1381.4389731947433,12,2903.652871815087,1337,0
5270,2816.643014519891,-706.6272912620192,12,2903.928373772328,1338,0
5271,-1599.7367643470777,2423.8899077302053,12,2904.203849594584,1334,0
5272,-457.7614162214793,-2868.179646713034,12,2904.479299289289,1330,0
5273,2275.182264118215,1805.8642432480672,12,2904.7547228638773,1327,0
5274,-2897.76707150799,205.29490808105388,12,2905.0301203257773,1336,0
5275,1998.2379340445327,-2108.9915028148966,12,2905.3054916824153,1327,0
5276,-48.839800998083895,2905.170334737443,12,2905.580836941213,1331,0
5277,-1926.5839517608058,-2175.379111055753,12,2905.85615610959,1330,0
5278,2890.324318592553,302.69676799149096,12,2906.13144919496,1333,0
5279,-2335.925165427184,1729.35063579483,12,2906.4067162047363,1336,0
5280,554.3314396751489,-2853.3343048068655,12,2906.681957146327,1332,0
5281,1518.7966688279828,2478.6400865710666,12,2906.9571720271356,1325,0
5282,-2794.4752327860183,-801.8155482063984,12,2907.2323608545635,1336,0
5283,2602.4239778852007,-1296.529768006955,12,2907.5075236360094,1336,0
5284,-1043.2518876845836,2714.189657861542,12,2907.782660378867,1333,0
5285,-1064.2479776489085,-2706.3215333862695,12,2908.0577710905263,1333,0
5286,2613.084424841405,1276.7888582891305,12,2908.332855778375,1332,0
5287,-2789.529410025472,823.7266965462164,12,2908.6079144497976,1331,0
5288,1500.634666659359,-2491.9260818130533,12,2908.882947112173,1335,0
5289,576.8051078975795,2851.402438713845,12,2909.1579537728785,1328,0
5290,-2351.635068906642,-1713.0710734492177,12,2909.4329344392872,1331,0
5291,2891.458626108468,-325.37211543543617,12,2909.7078891187684,1336,0
5292,-1912.466582730693,2193.278726003238,12,2909.9828178186895,1331,0
5293,-71.35189345356662,-2909.3829083330693,12,2910.2577205464117,1336,0
5294,2018.0631725838764,2097.2889718540696,12,2910.5325973092968,1335,0
5295,-2905.0296274474454,-183.31083888454557,12,2910.8074481146978,1330,0
5296,2266.11706567461,-1827.324121402193,12,2911.082272969969,1335,0
5297,-436.66570609337543,2878.423711186728,12,2911.3570718824585,1330,0
5298,-1622.5166960514784,-2417.651664536104,12,2911.631844859511,1339,0
5299,2829.7605464550743,686.7716139491207,12,2911.9065919084696,1332,0
5300,-2550.725542102958,1405.2043299333989,12,2912.181313036673,1327,0
5301,931.7116215355043,-2759.4045470528026,12,2912.4560082514554,1334,0
5302,1177.0468314435238,2664.312435993339,12,2912.7306775601483,1336,0
5303,-2667.8864260976134,-1169.6076339713693,12,2913.00532097008,1336,0
5304,2757.534962063028,-939.787706346521,12,2913.2799384885757,1335,0
5305,-1398.6348030385682,2555.8991935773342,12,2913.5545301229563,1337,0
5306,-695.2408343171791,-2829.6713912215937,12,2913.8290958805383,1334,0
5307,2424.292909166002,1617.0355254500264,12,2914.103635768639,1338,0
5308,-2880.161236514898,445.2766013131308,12,2914.3781497945665,1332,0
5309,1823.1329312202645,-2274.0682300890194,12,2914.652637965629,1334,0
5310,191.80759395922757,2908.60960716621,12,2914.927100289131,1334,0
5311,-2106.368802933512,-2015.3437587737835,12,2915.2015367723716,1336,0
5312,2914.790295805781,63.226034799335594,12,2915.4759474226503,1333,0
5313,-2192.1905177907965,1922.4725573355056,12,2915.750332247259,1334,0
5314,317.87141663238833,-2898.6475747300015,12,2916.024691253488,1335,0
5315,1723.7819677228292,2352.3128464882407,12,2916.2990244486246,1335,0
5316,-2860.2966869627376,-570.1779218366717,12,2916.573331839952,1329,0
5317,2494.4779759075077,-1511.813357432848,12,2916.8476134347497,1336,0
5318,-818.2121017445081,2800.0230278622416,12,2917.1218692402967,1329,0
5319,-1288.1853266553783,-2617.5902208309417,12,2917.3960992638627,1341,0
5320,2718.2800230389093,1060.0725052314056,12,2917.670303512719,1329,0
5321,-2720.699424153538,1054.6063926463778,12,2917.9444819941314,1334,0
5322,1293.9042556119045,-2615.685718374706,12,2918.2186347153634,1332,0
5323,812.8619364542262,2803.008289724432,12,2918.4927616836744,1338,0
5324,-2493.0181077409256,-1517.9132763355938,12,2918.76686290632,1339,0
5325,2863.8785469886107,-564.8005560358473,12,2919.0409383905526,1332,0
5326,-1730.38005622066,2351.2092337845615,12,2919.3149881436225,1332,0
5327,-312.31992992281613,-2902.8358998353674,12,2919.589012172775,1329,0
5328,2191.338106446806,1929.6728487580817,12,2919.8630104852527,1337,0
5329,-2919.573721233828,57.352299699826055,12,2920.1369830882936,1329,0
5330,2114.2602040453457,-2014.6224930716255,12,2920.410929989134,1333,0
5331,-198.15031780470227,2913.955464922876,12,2920.684851195007,1335,0
5332,-1822.409642553828,-2282.722737155529,12,2920.958746713141,1327,0
5333,2886.015775174626,452.23107527369683,12,2921.23261655076,1333,0
5334,-2433.764042538723,1616.1660141351733,12,2921.506460715088,1338,0
5335,702.943282350013,-2835.960285652637,12,2921.7802792133425,1332,0
5336,1397.4660892517538,2566.220670439588,12,2922.05407205274,1335,0
5337,-2764.164108418037,-948.3653208197337,12,2922.327839240491,1330,0
5338,2679.071088664603,-1167.9803516675518,12,2922.6015807838053,1329,0
5339,-1186.6153734179356,2671.169024148082,12,2922.8752966898883,1339,0
5340,-929.4625277927539,-2771.4435605707554,12,2923.14898696594,1337,0
5341,2557.6793946371336,1415.865853196773,12,2923.4226516191598,1333,0
5342,-2842.622878609948,683.7361845063419,12,2923.696290656743,1329,0
5343,1634.3574229742187,-2424.5568283645307,12,2923.969904085882,1332,0
5344,432.68078705660986,2892.0559013463194,12,2924.243491913763,1328,0
5345,-2272.813639586601,-1840.412497161739,12,2924.517054147573,1322,0
5346,2919.355851144582,-178.21732347864693,12,2924.7905907944933,1334,0
5347,-2032.448122502059,2103.6051505303585,12,2925.0641018617002,1337,0
5348,77.70639435209027,-2924.305339097954,12,2925.3375873563728,1332,0
5349,1918.2208953104123,2208.988138672212,12,2925.611047285678,1338,0
5350,-2906.858093580267,-333.1306407205688,12,2925.8844816567866,1339,0
5351,2368.674525466058,-1718.0747924372051,12,2926.1578904768626,1335,0
5352,-586.0987828255065,2867.1393786787658,12,2926.431273753067,1338,0
5353,-1504.6943609228485,-2510.2778492045413,12,2926.7046314925597,1336,0
5354,2805.445098815389,834.6722695361992,12,2926.977963702494,1333,0
5355,-2632.706728132017,1279.7090621107639,12,2927.2512703900225,1336,0
5356,1076.945487161535,-2722.2395959361115,12,2927.5245515622923,1333,0
5357,1044.8378563380077,2735.0162438206826,12,2927.797807226448,1333,0
5358,-2618.152155627174,-1311.0603685508847,12,2928.0710373896327,1328,0
5359,2816.4152338498866,-801.8760693138867,12,2928.344242058983,1331,0
5360,-1535.2206433629933,2493.972248480748,12,2928.6174212416345,1330,0
5361,-552.6816687111516,-2876.272409399127,12,2928.890574944718,1336,0
5362,2350.6435426344697,1747.705620369423,12,2929.163703175362,1327,0
5363,-2914.12125052163,299.16105571790587,12,2929.4368059406916,1334,0
5364,1946.8833958891744,-2189.256732960079,12,2929.709883247828,1335,0
5365,43.25448036839742,2929.6636410905703,12,2929.982935103889,1336,0
5366,-2011.0412413069316,-2131.2233871095436,12,2930.2559615159903,1333,0
5367,2922.7722151427633,213.07880793139205,12,2930.528962491243,1340,0
5368,-2299.308093894468,1817.355851051573,12,2930.801938036755,1338,0
5369,467.8755608657181,-2893.4913961414486,12,2931.0748881596323,1333,0
5370,1609.6783471900537,2449.843998826762,12,2931.347812866976,1334,0
5371,-2842.037120719999,-719.183567978007,12,2931.620712165883,1329,0
5372,2581.6715215459117,-1389.5942410786024,12,2931.8935860634506,1331,0
5373,-965.0766144074439,2768.795248537505,12,2932.166434566769,1329,0
5374,-1158.7846657237749,-2693.7739508881286,12,2932.4392576829273,1327,0
5375,2674.3186699179605,1203.66924515343,12,2932.7120554190105,1331,0
5376,-2785.285285927579,919.0135341741847,12,2932.984827782101,1336,0
5377,1433.1312225338818,-2559.323132978433,12,2933.257574779276,1334,0
5378,672.1140589626816,2855.4969255358533,12,2933.5302964176117,1334,0
5379,-2424.681821685789,-1651.701566139139,12,2933.80299270418,1332,0
5380,2903.863154714665,-419.9747357765638,12,2934.0756636460487,1337,0
5381,-1857.7020674209682,2271.4187259727914,12,2934.348309250284,1332,0
5382,-164.52489836526158,-2930.005385288208,12,2934.620929523948,1337,0
5383,2100.7008541740006,2049.5501753488797,12,2934.893524474099,1330,0
5384,-2933.715117961801,-92.28004465960775,12,2935.166094107794,1337,0
5385,2225.7711540501255,-1913.8293470940328,12,2935.4386384320824,1330,0
5386,-348.47357832832364,2914.955602613366,12,2935.711157454016,1329,0
5387,-1712.2295612660794,-2385.00941916936,12,2935.9836511806398,1330,0
5388,2873.862183599177,602.0931403683052,12,2936.256119618995,1333,0
5389,-2526.0389656785765,1497.4401970941972,12,2936.5285627761227,1328,0
5390,851.1951556591755,-2810.7413269424765,12,2936.8009806590576,1331,0
5391,1271.1015546810765,2647.77280703752,12,2937.0733732748317,1326,0
5392,-2726.068336380223,-1093.8699307436707,12,2937.345740630476,1336,0
5393,2749.2713529276743,-1034.943007112583,12,2937.618082733016,1335,0
5394,-1328.256294415796,2620.483775249299,12,2937.8903995894743,1329,0
5395,-790.7697867230958,-2829.7496610841586,12,2938.1626912068705,1331,0
5396,2494.788621182856,1552.5558719790236,12,2938.4349575922215,1332,0
5397,-2888.583507178011,540.4491854551902,12,2938.7071987525396,1336,0
5398,1765.0468838559916,-2349.9381902063415,12,2938.979414694836,1337,0
5399,285.8962746475103,2925.314225881157,12,2939.2516054261155,1326,0
5400,-2187.0348763891793,-1964.0973625198337,12,2939.5237709533835,1343,0
5401,2939.652285522716,-29.059253622103387,12,2939.795911283639,1329,0
5402,-2148.17768643601,2007.3197621451418,12,2940.0680264238777,1339,0
5403,228.09546099984908,-2931.4795685235918,12,2940.340116381096,1334,0
5404,1812.1631631250564,2315.8723346101337,12,2940.612181162283,1338,0
5405,-2900.8503396377437,-483.598290964297,12,2940.884220774426,1327,0
5406,2465.890771542967,-1603.0541796268872,12,2941.156235224508,1334,0
5407,-735.4915819274314,2847.99089410656,12,2941.4282245195104,1338,0
5408,-1381.5893343117311,-2597.077378769464,12,2941.7001886664116,1333,0
5409,2773.297887938758,981.8446031600037,12,2941.9721276721843,1335,0
5410,-2708.4203566626156,1149.4603827951398,12,2942.244041543801,1332,0
5411,1220.7683466500364,-2677.3353625979203,12,2942.515930288229,1328,0
5412,908.4413903183129,2799.059527833685,12,2942.787793912433,1329,0
5413,-2560.830486441343,-1450.4300120007838,12,2943.059632423373,1332,0
5414,2868.292982033941,-660.375173075761,12,2943.3314458280092,1329,0
5415,-1669.067066214138,2424.66804500726,12,2943.6032341332957,1326,0
5416,-407.15920797891107,-2915.582511155873,12,2943.874997346185,1335,0
5417,2269.883721956775,1875.00077034535,12,2944.146735473624,1333,0
5418,-2940.5577923135497,150.73111843300063,12,2944.41844852256,1341,0
5419,2066.6490693676906,-2097.656221615367,12,2944.690136499934,1330,0
5420,-106.94615268498661,2943.019286451565,12,2944.961799412685,1337,0
5421,-1909.298293118556,-2242.538746130057,12,2945.233437267749,1346,0
5422,2922.939829835497,363.8993695532276,12,2945.505050072059,1337,0
5423,-2401.3167461707835,1706.2467244099723,12,2945.7766378325427,1334,0
5424,618.1601142363747,-2880.4649057343627,12,2946.0482005561275,1337,0
5425,1490.0513824726695,2541.7605862062005,12,2946.3197382497374,1334,0
5426,-2815.911593728309,-867.7798662716782,12,2946.59125092029,1335,0
5427,2662.7877663415047,-1262.3633832704504,12,2946.862738574703,1329,0
5428,-1110.8449353176395,2729.7662042158754,12,2947.13420121989,1332,0
5429,-1024.922481832017,-2763.4641134335907,12,2947.4056388627614,1329,0
5430,2622.680615727689,1345.4911325929393,12,2947.677051510223,1330,0
5431,-2843.010991393114,779.5437786410346,12,2947.9484391691794,1331,0
5432,1569.9180684600117,-2495.4673426680597,12,2948.2198018465315,1326,0
5433,528.1038440610508,2900.811322697142,12,2948.4911395491763,1329,0
5434,-2349.09337074125,-1782.4029666547096,12,2948.7624522840083,1328,0
5435,2936.414374615145,-272.52636671255556,12,2949.033740057919,1335,0
5436,-1981.313889010979,2184.6728069008846,12,2949.3050028777966,1331,0
5437,-14.767435723825043,-2949.5392729784326,12,2949.576240750525,1326,0
5438,2003.4583996040403,2165.122269308599,12,2949.8474536829867,1332,0
5439,-2940.0772161466207,-243.19943070561968,12,2950.1186416820597,1339,0
5440,2332.4146598392394,-1806.8319940069152,12,2950.389804754619,1330,0
5441,-499.39839567089473,2908.0923717105925,12,2950.660942907538,1336,0
5442,-1596.2939947157492,-2481.903600552293,12,2950.9320561476843,1324,0
5443,2853.8214485869603,751.8664373311415,12,2951.2031444819245,1329,0
5444,-2612.437527078099,1373.45191656427,12,2951.474207917121,1335,0
5445,998.66838999468,-2777.6719473014505,12,2951.7452464601342,1332,0
5446,1140.0081106547163,2723.009641488892,12,2952.0162601178204,1331,0
5447,-2680.2191013569904,-1237.9117774385732,12,2952.287248897031,1331,0
5448,2812.765677367117,-897.746759518241,12,2952.5582128046176,1333,0
5449,-1467.7613245951313,2562.2015326712194,12,2952.829151847428,1333,0
5450,-648.5202405974301,-2881.0104993795935,12,2953.1000660323048,1337,0
5451,2424.5156538404,1686.4530364889667,12,2953.370955366088,1339,0
5452,-2927.213486303598,394.2349624301936,12,2953.641819855617,1333,0
5453,1892.3077362620534,-2268.2088597134925,12,2953.912659507725,1341,0
5454,136.83678167778865,2951.0126558827333,12,2954.183474329243,1334,0
5455,-2094.4715599071615,-2083.743958537148,12,2954.454264327001,1328,0
5456,2952.2174994094908,121.70388728538259,12,2954.725029507822,1328,0
5457,-2259.2900989746618,1904.6281129593417,12,2954.995769878529,1333,0
5458,379.40715643877934,-2930.810503878243,12,2955.2664854459404,1337,0
5459,1700.1267310604644,2417.5957268190355,12,2955.537176216872,1338,0
5460,-2886.947349552322,-634.2988261953686,12,2955.807842198136,1328,0
5461,2557.4419733466166,-1482.528432430544,12,2956.078483396542,1330,0
5462,-884.4255095500946,2820.95578094678,12,2956.3490998188972,1330,0
5463,-1253.495125493512,-2677.7509164154912,12,2956.619691472002,1331,0
5464,2733.3331594036745,1127.8696022609727,12,2956.89025836266,1329,0
5465,-2777.59388875891,1014.7769159421964,12,2957.1608004976665,1331,0
5466,1362.7639845015383,-2624.7427154952716,12,2957.431317883815,1328,0
5467,768.198733494699,2856.1986460778844,12,2957.701810527897,1335,0
5468,-2496.0085295299573,-1587.3063411054907,12,2957.9722784366995,1333,0
5469,2912.9553395283697,-515.646380684633,12,2958.2427216170076,1339,0
5470,-1799.772990730064,2348.1092780870654,12,2958.5131400756018,1339,0
5471,-259.05211018364554,-2947.4212464813036,12,2958.783533819262,1336,0
5472,2182.1707941032178,1998.5321176710997,12,2959.053902854762,1336,0
5473,-2959.3242228118097,0.37984112548460325,12,2959.3242471888752,1334,0
5474,2182.0563049024586,-1999.4574969814757,12,2959.594566828369,1332,0
5475,-258.3898726228099,2948.5648498423716,12,2959.8648617800104,1331,0
5476,-1801.3627580541702,-2348.9342719402503,12,2960.1351320505623,1331,0
5477,2915.2172589947554,515.2750070196511,12,2960.4053776467836,1337,0
5478,-2497.881727459152,1589.3982747019954,12,2960.6755985754326,1337,0
5479,768.3072492949608,-2859.5286273581546,12,2960.945794843263,1338,0
5480,1365.1825342831492,2627.7512530847057,12,2961.2159664570236,1333,0
5481,-2781.9173475595917,-1015.5470798279151,12,2961.4861134234616,1338,0
5482,2737.541142406954,-1130.4284557764938,12,2961.756235749323,1336,0
5483,-1255.098639061008,2682.9698854491835,12,2962.026333441349,1343,0
5484,-886.9303036446333,-2826.4031270285627,12,2962.2964065062765,1336,0
5485,2563.436349228822,1485.124265323413,12,2962.566454950842,1332,0
5486,-2893.6489301444935,636.5499737441104,12,2962.8364787817773,1335,0
5487,1703.8585922456684,-2424.2248034434865,12,2963.106478005811,1330,0
5488,381.2027562596804,2938.7555969525642,12,2963.376452629669,1334,0
5489,-2266.394370998303,-1909.6220974599146,12,2963.6464026600743,1329,0
5490,2961.3695606758033,-122.84268436826945,12,2963.9163281037477,1337,0
5491,-2100.833998753115,2091.1471755194566,12,2964.186228967405,1333,0
5492,136.55241912279394,-2961.3094125456923,12,2964.4561052577587,1338,0
5493,1899.8191854505678,2276.024398505855,12,2964.7259569815214,1334,0
5494,-2938.5673540852017,-394.9960828979167,12,2964.995784145401,1333,0
5495,2433.8455832510854,-1693.8700295150102,12,2965.2655867561,1336,0
5496,-650.5083999315835,2893.3093200725098,12,2965.535364820322,1333,0
5497,-1474.871861299701,-2573.082391363781,12,2965.8051183447637,1332,0
5498,2825.8737707591195,901.1311956289345,12,2966.074847336122,1333,0
5499,-2692.6615692403457,1244.4973577859134,12,2966.3445518010885,1339,0
5500,1144.9430349328477,-2736.7691621250706,12,2966.6142317463527,1339,0
5501,1004.5069435801133,2791.660043826852,12,2966.8838871786,1330,0
5502,-2626.670113038113,-1380.0739535518912,12,2967.153518104515,1334,0
5503,2869.312047825313,-756.7353382818235,12,2967.423124530777,1327,0
5504,-1604.719800201366,2496.4122982475646,12,2967.692706464064,1329,0
5505,-503.07752994259243,-2925.0150425026636,12,2967.962263911049,1330,0
5506,2346.9861058105184,1817.1560800141458,12,2968.231796878404,1338,0
5507,-2958.3343923612088,245.47428169329729,12,2968.5013053727976,1334,0
5508,2015.7511927436226,-2179.529107158852,12,2968.7707894008927,1325,0
5509,-14.102717446111996,2969.006755357865,12,2969.040248969354,1339,0
5510,-1995.3173969692302,-2198.9789642813626,12,2969.3096840848375,1333,0
5511,2956.9421622727127,273.66594412526774,12,2969.579094754002,1330,0
5512,-2365.4303751006555,1795.755868861681,12,2969.8484809834995,1335,0
5513,531.2272589061693,-2922.2247688011676,12,2970.117842779979,1334,0
5514,1582.367500918448,2513.824395624544,12,2970.3871801500895,1339,0
5515,-2865.1122741336185,-784.8131348345815,12,2970.6564931004727,1331,0
5516,2643.017845074017,-1356.7817328591584,12,2970.925781637771,1330,0
5517,-1032.4797795207967,2786.034010000719,12,2971.195045768621,1336,0
5518,-1120.7220234424865,-2752.01419803223,12,2971.464285499659,1330,0
5519,2685.5877143168714,1272.3280350248838,12,2971.733500837516,1335,0
5520,-2839.971270786753,875.9926832490547,12,2972.002691788822,1336,0
5521,1502.5179411646566,-2564.5350136970883,12,2972.2718583602013,1337,0
5522,624.4650832955961,2906.207728250791,12,2972.5410005582767,1332,0
5523,-2423.795648930953,-1721.282850731797,12,2972.8101183896697,1335,0
5524,2950.2083611210373,-368.0633450528885,12,2973.0792118609957,1332,0
5525,-1926.9429881723424,2264.440487258043,12,2973.3482809788698,1334,0
5526,-108.74962113335266,-2971.628092460992,12,2973.617325749902,1339,0
5527,2087.6833744516175,2117.9183478213477,12,2973.886346180701,1333,0
5528,-2970.2946825156714,-151.49092058313636,12,2974.1553422778707,1332,0
5529,2292.7408325073015,-1894.8718887971625,12,2974.4243140480144,1337,0
5530,-410.6652946393074,2946.210110596122,12,2974.69326149773,1333,0
5531,-1687.477067292479,-2450.0655394013397,12,2974.9621846336136,1332,0
5532,2899.5506229559314,666.7879609860029,12,2975.2310834622576,1339,0
5533,-2588.6811062482634,1467.0821824810178,12,2975.4999579902533,1327,0
5534,917.8960365431033,-2830.6654458092466,12,2975.768808224187,1335,0
5535,1235.3706555161298,2707.519038435307,12,2976.0376341706433,1334,0
5536,-2740.074172882195,-1162.064338624998,12,2976.3064358362026,1330,0
5537,2805.6619451037927,-994.1131976774082,12,2976.5752132274433,1332,0
5538,-1397.420145105265,2628.4628469989793,12,2976.8439663509407,1330,0
5539,-745.154278675561,-2882.3506207558275,12,2977.1126952132663,1335,0
5540,2496.67876529179,1622.1575579890696,12,2977.3813998209903,1336,0
5541,-2936.989917767731,490.3980250069268,12,2977.650080180678,1330,0
5542,1834.551360385265,-2345.7240473057723,12,2977.9187362988937,1335,0
5543,231.79365633037003,2969.153364325426,12,2978.1873681821967,1340,0
5544,-2176.748014894933,-2032.970260395112,12,2978.455975837145,1336,0
5545,2978.5864920054946,28.67942890646412,12,2978.724559270293,1329,0
5546,-2215.889420395555,1991.0384417632542,12,2978.9931184881907,1332,0
5547,289.02680430520644,-2965.2088470111375,12,2979.2616534973895,1335,0
5548,1790.0117393719536,2381.9021753444435,12,2979.5301643044327,1332,0
5549,-2929.114669202867,-547.2542870189149,12,2979.7986509158636,1329,0
5550,2529.7308501830635,-1575.2021538939298,12,2980.0671133382216,1334,0
5551,-801.3832128096249,2870.572233236245,12,2980.3355515780436,1338,0
5552,-1348.2500567333905,-2658.2365930289975,12,2980.6039656418634,1334,0
5553,2790.021856362121,1049.4655978266571,12,2980.872355536211,1333,0
5554,-2766.428148591097,1110.8894178462758,12,2981.140721267616,1333,0
5555,1289.599070754715,-2688.0725876933784,12,2981.4090628426015,1337,0
5556,864.9345576638341,2853.469504122809,12,2981.6773802676917,1329,0
5557,-2565.4976037846263,-1519.9414610357012,12,2981.9456735494027,1331,0
5558,2918.6863490239066,-612.2662786904867,12,2982.2139426942526,1333,0
5559,-1738.7249311305068,2423.228345382501,12,2982.4821877087547,1327,0
5560,-354.8174829418745,-2961.571298111662,12,2982.750408599419,1330,0
5561,2262.3474397386008,1944.2695445611957,12,2983.018605372752,1335,0
5562,-2981.787838163098,94.55838504669234,12,2983.2867780352594,1338,0
5563,2134.9961654470612,-2084.0804623445674,12,2983.5549265934424,1340,0
5564,-166.5185656982025,2979.172966995675,12,2983.8230510537987,1330,0
5565,-1889.7866006831523,-2309.438590627258,12,2984.0911514228246,1331,0
5566,2953.738504428644,426.41393909631887,12,2984.3592277070134,1339,0
5567,-2466.2548210262016,1680.9482912228486,12,2984.6272799128533,1335,0
5568,683.1366366907953,-2905.6710645926164,12,2984.895308046833,1333,0
5569,1459.1599085501855,2604.2373857388297,12,2985.163312115436,1336,0
5570,-2835.3306893162858,-934.7191461723877,12,2985.431292125143,1340,0
5571,2722.32263929769,-1226.1155930691289,12,2985.6992480824324,1325,0
5572,-1179.2326205145837,2743.2481525947137,12,2985.967179993779,1340,0
5573,-983.5963100604546,-2819.5989606388102,12,2986.235087865656,1331,0
5574,2630.120956277752,1414.801666435477,12,2986.502971704532,1332,0
5575,-2895.3137904769246,733.4562390996078,12,2986.770831516874,1342,0
5576,1639.6187286361146,-2496.808047228639,12,2987.038667309146,1331,0
5577,477.60859769631713,2948.879452844174,12,2987.306479087808,1335,0
5578,-2344.3232958996114,-1851.957959647676,12,2987.5742668593193,1339,0
5579,2979.877715699036,-218.01100770441292,12,2987.8420306301327,1341,0
5580,-2050.1884687042852,2173.8277859094496,12,2988.1097704067033,1335,0
5581,43.349483733493194,-2988.0630552684192,12,2988.3774861954776,1336,0
5582,1986.6209731703977,2232.7868480801076,12,2988.6451780029024,1332,0
5583,-2973.364598618209,-304.4716139215175,12,2988.9128458354216,1328,0
5584,2398.348880539774,-1784.1307819814144,12,2989.1804896994763,1332,0
5585,-563.3552287731433,2935.8867291184715,12,2989.448109601503,1324,0
5586,-1567.9027134582773,-2545.600338059801,12,2989.7157055479374,1336,0
5587,2875.908349681307,818.0166038860958,12,2989.9832775452105,1340,0
5588,-2673.406788656803,1339.5880495001886,12,2990.2508255997527,1341,0
5589,1066.5036453407217,-2793.8808089242016,12,2990.518349717988,1335,0
5590,1100.9312421931147,2780.782335955679,12,2990.785849906342,1337,0
5591,-2690.4245056908644,-1306.9108535696175,12,2991.0533261712335,1329,0
5592,2866.8972240735843,-853.7565850985733,12,2991.3207785190807,1335,0
5593,-1537.3939357579927,2566.3241974260673,12,2991.588206956298,1335,0
5594,-599.954268118374,-2931.084249244049,12,2991.855611489298,1334,0
5595,2422.523047933159,1756.1839545539178,12,2992.122992124488,1334,0
5596,-2972.8439285707245,341.46592269240955,12,2992.3903488682754,1332,0
5597,1961.6009047016128,-2260.115459589136,12,2992.657681727063,1334,0
5598,80.26976770820237,2991.848385930021,12,2992.9249907072513,1330,0
5599,-2080.338744570238,-2152.0666132440992,12,2993.1922758152373,1328,0
5600,2987.9439247559694,181.63453007040826,12,2993.4595370574166,1329,0
5601,-2326.1168643817696,1884.5636983765567,12,2993.7267744401793,1338,0
5602,442.24116535857974,-2961.15226755773,12,2993.993987969916,1330,0
5603,1674.2841475778882,2482.4126556979572,12,2994.2611776530116,1333,0
5604,-2911.6704521865768,-699.5535561081894,12,2994.5283434958496,1335,0
5605,2619.750499343777,-1451.105551360077,12,2994.795485504812,1333,0
5606,-951.5996401880827,2839.8693851643793,12,2995.062603686273,1334,0
5607,-1216.7327439757703,-2737.071688819493,12,2995.3296980466102,1335,0
5608,2746.2910626937833,1196.4469896189505,12,2995.5967685921946,1333,0
5609,-2833.470460102368,972.9569115471013,12,2995.863815329395,1334,0
5610,1432.2176266921065,-2631.6444801288094,12,2996.130838264578,1337,0
5611,721.6419028524152,2908.2009841218933,12,2996.397837404106,1328,0
5612,-2496.8002608192587,-1657.1024282080098,12,2996.6648127543394,1339,0
5613,2960.6831366802376,-464.7099785643415,12,2996.931764321637,1333,0
5614,-1869.3750075123733,2342.7840449533787,12,2997.198692112353,1338,0
5615,-204.12710806095248,-2990.5070011211596,12,2997.4655961328394,1331,0
5616,2170.7686886742717,2067.40496765181,12,2997.7324763894458,1333,0
5617,-2997.436068854204,-58.11207389048735,12,2997.999332888518,1335,0
5618,2249.670424053758,-1982.0653327117614,12,2998.2661656364,1332,0
5619,-319.999535296852,2981.40911271999,12,2998.532974639432,1328,0
5620,-1778.1134086432814,-2414.769700406847,12,2998.7997599039522,1336,0
5621,2942.5407183932766,579.5292232472679,12,2999.0665214362957,1329,0
5622,-2561.432107987142,1560.4696588439472,12,2999.3332592427937,1333,0
5623,834.7124304488833,-2881.1204692713072,12,2999.599973329777,1337,0
5624,1330.7962540067192,2688.527725414355,12,2999.866663703572,1332,0
5625,-2797.6107906010907,-1083.5930344517449,12,3000.133330370502,1332,0
5626,2795.0761036779654,-1090.8480987967134,12,3000.3999733368883,1337,0
5627,-1324.2624926137953,2692.643468908629,12,3000.6665926090486,1337,0
5628,-842.4594227334117,-2880.253829274025,12,3000.933188193299,1331,0
5629,2567.0148728793615,1554.8744780258476,12,3001.199760095951,1331,0
5630,-2943.4008871964725,587.5297586088877,12,3001.4663083233163,1330,0
5631,1773.6590439935976,-2421.679911891685,12,3001.732832881701,1335,0
5632,328.0094157881428,2984.0257745459107,12,3001.999333777408,1339,0
5633,-2257.744777963063,-1978.9362085677546,12,3002.2658110167395,1333,0
5634,3001.8093251975306,-65.88455932270993,12,3002.5322646059944,1335,0
5635,-2169.1288547068043,2076.4585263564372,12,3002.798694551468,1331,0
5636,196.83799080023047,-2996.607215732107,12,3003.0651008594537,1336,0
5637,1879.203558830942,2342.7748471581986,12,3003.331483536241,1337,0
5638,-2968.4511329928628,-458.14612410604167,12,3003.5978425881185,1334,0
5639,2498.538272829447,-1667.485082154093,12,3003.8641780213698,1331,0
5640,-716.0378499716394,2917.548593838326,12,3004.1304898422773,1337,0
5641,-1442.9196221397822,-2635.219718362017,12,3004.3967780571193,1334,0
5642,2844.281417989882,968.5366360016891,12,3004.663042672173,1334,0
5643,-2751.7655057260476,1207.2226809898302,12,3004.9292836937116,1331,0
5644,1213.7065567522234,-2749.2028652132353,12,3005.1955011280047,1331,0
5645,962.1956320401883,2847.2758148241946,12,3005.4616949813217,1337,0
5646,-2633.0334582554797,-1449.6671368652837,12,3005.7278652599275,1339,0
5647,2921.0116304011126,-709.7119521759751,12,3005.9940119700836,1335,0
5648,-1674.607774641485,2496.655523116934,12,3006.26013511805,1336,0
5649,-451.70289698466,-2972.4004597051967,12,3006.5262347100843,1334,0
5650,2341.1064879617643,1886.8016355789325,12,3006.7923107524402,1334,0
5651,-3001.0407766072462,190.1427283399997,12,3007.058363251369,1333,0
5652,2084.6189091108663,-2167.570991634974,12,3007.3243922131182,1326,0
5653,-72.96639275177853,3006.705157731432,12,3007.590397643935,1339,0
5654,-1977.3718617227807,-2266.539326918239,12,3007.856379550061,1335,0
5655,2989.342086079296,335.6097322711039,12,3008.122337937738,1334,0
5656,-2431.1638465259584,1771.9600309671512,12,3008.388272813202,1334,0
5657,595.7754111215871,-2949.07640787805,12,3008.6541841826884,1335,0
5658,1552.9034687843414,2577.2254105214697,12,3008.9200720524295,1331,0
5659,-2886.208438673946,-851.4698165685633,12,3009.1859364286547,1334,0
5660,2703.5986985335217,-1321.8752124492878,12,3009.4517773175903,1341,0
5661,-1100.7328792955607,2801.2117250286,12,3009.7175947254586,1336,0
5662,-1080.640589172817,-2809.3087970232514,12,3009.9833886584825,1332,0
5663,2694.7294785153367,1341.6530988375719,12,3010.2491591228786,1324,0
5664,-2893.5387199986,831.0437268091628,12,3010.514906124864,1335,0
5665,1572.3822023761406,-2567.5697088201437,12,3010.780629670651,1335,0
5666,574.9934561177143,2955.6357227205463,12,3011.0463297664483,1329,0
5667,-2420.699092824493,-1791.1493243162824,12,3011.312006418465,1336,0
5668,2995.116359542586,-314.44871251185526,12,3011.5776596329038,1336,0
5669,-1996.274598019434,2255.2356261158934,12,3011.843289415968,1327,0
5670,-51.403548775843525,-3011.670246752332,12,3012.1088957738566,1332,0
5671,2072.4401128698787,2186.1820552204445,12,3012.374478712765,1337,0
5672,-3005.162501094264,-212.12812641624672,12,3012.640038238886,1334,0
5673,2359.41173421909,-1873.7065587837562,12,3012.905574358413,1329,0
5674,-474.1279675454601,2975.634834853096,12,3013.171087077533,1329,0
5675,-1660.5515403745603,-2514.6309036834164,12,3013.43657640243,1336,0
5676,2923.305298625047,732.5886506292107,12,3013.702042339289,1337,0
5677,-2650.6443159039327,1434.6026315904248,12,3013.967484894288,1332,0
5678,985.529252715608,-2848.566673266015,12,3014.232904073605,1334,0
5679,1197.585976186355,2766.4034105028454,12,3014.4982998834153,1338,0
5680,-2751.9835228780607,-1231.010434483663,12,3014.763672329889,1333,0
5681,2861.0143978303695,-951.3131006179448,12,3015.029021419197,1340,0
5682,-1467.149309752004,2634.2879309016735,12,3015.2943471575045,1330,0
5683,-697.6670683476975,-2933.745159645454,12,3015.5596495509753,1337,0
5684,2496.3739515611464,1692.1338877189914,12,3015.8249286057708,1337,0
5685,-2984.030913881441,438.5880812332814,12,3016.090184328048,1333,0
5686,1904.236977318357,-2339.2908186485593,12,3016.355416723964,1336,0
5687,176.0586382586915,3011.478599607591,12,3016.620625799672,1332,0
5688,-2164.234963307544,-2101.8294468384424,12,3016.8858115613193,1330,0
5689,3015.8699481950753,87.91163503105992,12,3017.150974015056,1343,0
5690,-2283.3927371580617,1972.5409014501608,12,3017.4161131670253,1331,0
5691,351.30137013045476,-2997.163216667465,12,3017.6812290233706,1332,0
5692,1765.671060315405,2447.530532345751,12,3017.94632159023,1333,0
5693,-2955.493569505632,-612.0929346192955,12,3018.211390873741,1331,0
5694,2592.979498059775,-1545.2046216089561,12,3018.4764368800365,1324,0
5695,-868.2878879442092,2891.1721055048565,12,3018.7414596152485,1332,0
5696,-1312.8254664665064,-2718.6190050459445,12,3019.006459085505,1334,0
5697,2804.6835366496125,1117.9222957104928,12,3019.271435296932,1329,0
5698,-2823.479763002958,1070.3093141296863,12,3019.536388255654,1325,0
5699,1359.0817849556151,-2696.682536340134,12,3019.8013179677896,1331,0
5700,819.510152714425,2906.7512982018225,12,3020.066224439458,1336,0
5701,-2567.9887844332543,-1589.9162251593684,12,3020.3311076767723,1332,0
5702,2967.7882172576446,-562.3460656096827,12,3020.595967685847,1336,0
5703,-1808.6539222386878,2419.5807466523224,12,3020.860804472791,1338,0
5704,-300.7845620239035,-3006.1152085786875,12,3021.1256180437113,1336,0
5705,2252.588235500074,2013.6152167896096,12,3021.390408404714,1338,0
5706,-3021.430742793485,36.827523707248005,12,3021.655175561897,1333,0
5707,2203.2253820532505,-2068.283809315421,12,3021.9199195213628,1332,0
5708,-227.50411680768923,3013.6094433147027,12,3022.1846402892065,1332,0
5709,-1868.0730748515484,-2376.026722706351,12,3022.449337871522,1333,0
5710,2982.7031084400255,490.1858493492125,12,3022.7140122744,1331,0
5711,-2530.689781384978,1653.4839673833108,12,3022.978663503929,1334,0
5712,749.2050919891084,-2928.9403766785,12,3023.243291566195,1329,0
5713,1426.1550899778676,2666.023566912007,12,3023.5078964672807,1336,0
5714,-2852.725037385099,-1002.5766110757748,12,3023.772478213267,1336,0
5715,2780.984725424153,-1187.8232010520546,12,3024.037036810231,1329,0
5716,-1248.3577370977403,2754.6329991903112,12,3024.3015722642476,1329,0
5717,-940.3099456213754,-2874.6855838796573,12,3024.56608458139,1329,0
5718,2635.4079389407793,1484.6632599239183,12,3024.8305737677283,1334,0
5719,-2946.4010038500287,685.5079317641357,12,3025.0950398293276,1331,0
5720,1709.6798890444275,-2495.9556640687815,12,3025.3594827722536,1342,0
5721,425.36625856800265,2995.573992755288,12,3025.623902602569,1336,0
5722,-2337.3372310594777,-1921.6801680569054,12,3025.8882993263323,1334,0
5723,3021.8200290648037,-161.87560638585245,12,3026.1526729495986,1336,0
5724,-2119.035736467355,2160.7608723721037,12,3026.4170234784233,1331,0
5725,102.94699671225607,-3024.930067930154,12,3026.6813509188573,1336,0
5726,1967.5727931457623,2300.2298371407546,12,3026.9456552769493,1337,0
5727,-3004.872203733683,-367.0736155441848,12,3027.2099365587446,1330,0
5728,2463.8689731916393,-1759.2469078965512,12,3027.4741947702873,1328,0
5729,-628.4809374496957,2961.791976365381,12,3027.7384299176174,1331,0
5730,-1537.3735953354646,-2608.693624856186,12,3028.0026420067734,1338,0
5731,2896.011318406601,885.1657718534221,12,3028.2668310437907,1330,0
5732,-2733.587943807509,1303.6475572294207,12,3028.530997034701,1333,0
5733,1135.160401194557,-2808.0261507969994,12,3028.7951399855356,1335,0
5734,1059.854873855585,2837.588350406831,12,3029.059259902321,1333,0
5735,-2698.5026449588368,-1376.547665411613,12,3029.323356791084,1334,0
5736,2919.890967557908,-807.85935506977,12,3029.5874306578444,1333,0
5737,-1607.4756645120483,2568.2721795015323,12,3029.8514815086237,1331,0
5738,-549.5882911444427,-2979.8578338969346,12,3030.115509349437,1333,0
5739,2418.325029740936,1826.171966307801,12,3030.3795141863006,1330,0
5740,-3017.0218482382406,287.01771243794485,12,3030.6434960252254,1336,0
5741,2030.9572104727072,-2249.8028378568915,12,3030.9074548722206,1334,0
5742,22.15727058672959,3031.0904069922008,12,3031.171390733292,1333,0
5743,-2063.989921028488,-2220.2580043528314,12,3031.435303614445,1334,0
5744,3021.9477062334345,242.96514315943,12,3031.699193521679,1338,0
5745,-2392.6190116457515,1862.3034836221807,12,3031.9630604609947,1333,0
5746,506.31892459094036,-2989.6556903096844,12,3032.226904438387,1338,0
5747,1646.2828081365942,2546.7141409341352,12,3032.490725459849,1333,0
5748,-2934.4536392607383,-765.8863094672788,12,3032.7545235313723,1334,0
5749,2681.356748181241,-1417.5775072224164,12,3033.018298658945,1335,0
5750,-1019.6778334209647,2856.7563977402638,12,3033.282050848553,1330,0
5751,-1177.9349265727178,-2795.508774581136,12,3033.545780106178,1332,0
5752,2757.151258512485,1265.7475805558624,12,3033.809486437802,1336,0
5753,-2888.2887494991132,929.1867947387369,12,3034.073169849402,1329,0
5754,1502.2081036917573,-2636.393523964663,12,3034.3368303469542,1334,0
5755,673.2352220218837,2958.978596716973,12,3034.6004679364305,1335,0
5756,-2495.4007791226054,-1727.2449020200625,12,3034.8640826238006,1337,0
5757,3007.0291915065864,-412.03815530512,12,3035.127674415032,1332,0
5758,-1939.1303449566078,2335.245919655672,12,3035.39124331609,1335,0
5759,-147.59440021394798,-3032.0646254698277,12,3035.6547893329375,1327,0
5760,2157.148987763721,2136.236935498952,12,3035.9183124715328,1337,0
5761,-3033.8851460737174,-118.07167498286076,12,3036.181812737834,1334,0
5762,2317.0498111139696,-1962.4678781617602,12,3036.445290137796,1334,0
5763,-382.9256365037939,3012.4687478724427,12,3036.7087446773685,1336,0
5764,-1752.687984855604,-2480.1783862744232,12,3036.9721763625034,1338,0
5765,2967.971402775578,644.9385647535493,12,3037.2355851991465,1328,0
5766,-2624.3670470356365,1529.4108677636143,12,3037.4989711932412,1336,0
5767,902.102597104302,-2900.725927125428,12,3037.7623343507307,1334,0
5768,1294.342025528698,2748.5048155224804,12,3038.025674677552,1332,0
5769,-2811.239493774137,-1152.4463148643995,12,3038.2889921796445,1328,0
5770,2851.6339098326425,-1049.277868008562,12,3038.552286862939,1335,0
5771,-1394.0498563444733,2700.1898077775854,12,3038.8155587333695,1333,0
5772,-796.0919878091063,-2932.957133499592,12,3039.0788077968623,1334,0
5773,2568.4199744919497,1625.0596403304019,12,3039.342034059346,1334,0
5774,-2991.844037425097,536.720835932325,12,3039.605237526742,1335,0
5775,1843.70258688224,-2416.9320989890753,12,3039.8684182049724,1333,0
5776,273.1489108940362,3027.835806723575,12,3040.1315760999555,1327,0
5777,-2246.879665305569,-2048.2997265137574,12,3040.3947112176074,1331,0
5778,3040.6488345503276,-7.393574760352179,12,3040.657823563842,1337,0
5779,-2237.2790931431405,2059.5587535646096,12,3040.920913144569,1333,0
5780,258.51038788931714,-3030.176955122145,12,3041.1839799656973,1335,0
5781,1856.3981617441377,2409.1878019517253,12,3041.447024033133,1329,0
5782,-2996.4923183379206,-522.5263497105533,12,3041.7100453527787,1331,0
5783,2562.703219218353,-1638.9485074912795,12,3041.9730439305345,1333,0
5784,-782.6314399370182,2939.8448988377104,12,3042.2360197722987,1333,0
5785,-1408.8703929856192,-2696.643138379372,12,3042.4989728839682,1331,0
5786,2860.6606427956585,1036.8320436598838,12,3042.761903271434,1336,0
5787,-2809.9748839095455,1167.9217233177646,12,3043.024810940588,1328,0
5788,1283.1790824597026,-2759.5382661485014,12,3043.287695897317,1335,0
5789,917.9442750871989,2901.823273018989,12,3043.5505581475068,1337,0
5790,-2637.24472835649,-1519.782959095114,12,3043.81339769704,1332,0
5791,2971.4773736972816,-660.849617995735,12,3044.0762145517974,1335,0
5792,-1744.8280518246052,2494.709415857076,12,3044.339008717656,1332,0
5793,-398.6044968935,-3018.3960069971404,12,3044.6017802004917,1332,0
5794,2333.0170793869115,1956.5866470179558,12,3044.864529006176,1328,0
5795,-3042.2119509165564,133.21578622851496,12,3045.12725514058,1339,0
5796,2153.4322032965,-2153.399578760426,12,3045.38995860957,1333,0
5797,-133.2848681696616,3042.7348132752213,12,3045.6526394190128,1334,0
5798,-1957.2264980219168,-2333.851845220871,12,3045.91529757477,1333,0
5799,3019.952551089195,398.85660226435414,12,3046.177933082702,1334,0
5800,-2496.457990699072,1745.9947023615948,12,3046.440545948665,1338,0
5801,661.4649630504852,-2974.0316243538205,12,3046.7031361785157,1334,0
5802,1521.3169165424176,2639.999022621386,12,3046.965703778105,1335,0
5803,-2905.315782585878,-919.0974939892984,12,3047.228248753283,1323,0
5804,2763.368922767321,-1284.9094118589753,12,3047.490771109898,1332,0
5805,-1169.7791574159182,2814.3234929331247,12,3047.753270853794,1333,0
5806,-1038.5788957775253,-2865.6157937248904,12,3048.015747990813,1331,0
5807,2701.74402911406,1411.5874755559876,12,3048.278202526797,1338,0
5808,-2945.949203256143,784.2087042583091,12,3048.5406344675807,1336,0
5809,1642.667274245295,-2568.4322506391973,12,3048.8030438190003,1336,0
5810,523.7444024416732,3003.7462943649243,12,3049.065430586887,1340,0
5811,-2415.402111913767,-1861.2449161146196,12,3049.3277947770725,1330,0
5812,3038.5566139062753,-259.17890362919195,12,3049.5901363953813,1337,0
5813,-2065.641914198312,2243.818950429631,12,3049.85245544764,1335,0
5814,7.462779450816995,-3050.1056222568536,12,3050.114751939671,1335,0
5815,2054.9906127861886,2254.2878213219906,12,3050.3770258772934,1322,0
5816,-3038.2968567464363,-274.1390345877847,12,3050.639277266324,1338,0
5817,2425.7322964324726,-1850.3574860130257,12,3050.9015061125788,1339,0
5818,-538.8072824270192,3003.212731793006,12,3051.1637124218682,1335,0
5819,-1631.481510290426,-2578.656255025177,12,3051.4258962000044,1329,0
5820,2945.113969150821,799.4396216805216,12,3051.6880574527927,1328,0
5821,-2711.8820180668918,1400.0342567542564,12,3051.9501961860387,1335,0
5822,1054.03836719808,-2864.4376621728748,12,3052.212312405544,1332,0
5823,1157.7841615220195,2824.3823812169544,12,3052.474406117109,1328,0
5824,-2761.7939884223283,-1300.6513620160827,12,3052.7364773265317,1327,0
5825,2915.2885346069584,-906.5830132917853,12,3052.9985260396047,1333,0
5826,-1537.3869458456163,2637.9615953882812,12,3053.260552262122,1330,0
5827,-648.3517979141947,-2983.896772031739,12,3053.522555999874,1334,0
5828,2493.881694141602,1762.4284653924003,12,3053.7845372586453,1334,0
5829,-3029.673937818004,385.06600798609804,12,3054.0464960442237,1328,0
5830,1974.0482150409705,-2330.650905797253,12,3054.30843236239,1338,0
5831,118.74052997515274,3052.2615691551105,12,3054.570346218924,1326,0
5832,-2149.5129150685175,-2170.6207010792205,12,3054.8322376196047,1329,0
5833,3051.478701755352,148.58577567677324,12,3055.0941065702045,1329,0
5834,-2350.6351274802096,1951.8489945321332,12,3055.3559530764987,1337,0
5835,414.86568328802423,-3027.3233168642496,12,3055.6177771442553,1332,0
5836,1739.1674716923178,2512.707007473683,12,3055.8795787792424,1335,0
5837,-2979.972418085506,-678.0592801884093,12,3056.1413579872255,1338,0
5838,2655.588811534586,-1513.0922192821974,12,3056.4031147739656,1331,0
5839,-936.1495942408784,2909.780736963292,12,3056.6648491452247,1332,0
5840,-1275.350256500456,-2778.179570014188,12,3056.926561106759,1332,0
5841,2817.278076750764,1187.1580510865074,12,3057.188250664325,1334,0
5842,-2879.5333563937847,1027.7585559923814,12,3057.4499178236756,1334,0
5843,1429.159642479923,-2703.1653142763316,12,3057.7115625905594,1331,0
5844,772.2101572112118,2958.86658589059,12,3057.9731849707255,1332,0
5845,-2568.3090900267975,-1660.297689598382,12,3058.234784969918,1334,0
5846,3015.5640730230452,-510.65969244954255,12,3058.4963625938803,1331,0
5847,-1878.798087934916,2413.735226733061,12,3058.757917848354,1336,0
5848,-245.10843604548484,-3049.1838013769093,12,3059.0194507390765,1332,0
5849,2240.6209263606384,2082.9829246431173,12,3059.2809612717824,1335,0
5850,-3059.460368543549,-22.411008709329412,12,3059.542449452205,1335,0
5851,2271.2833636590913,-2050.2858049465794,12,3059.803915286076,1333,0
5852,-289.85026795966303,3046.307079426451,12,3060.0653587791226,1338,0
5853,-1844.1818334553523,-2442.2516997953458,12,3060.3267799370706,1332,0
5854,3009.8166713974033,555.1608817075065,12,3060.588178765644,1335,0
5855,-2594.5724890549145,1623.8822614461267,12,3060.8495552705626,1329,0
5856,816.309994342308,-2950.2606652865206,12,3061.110909457546,1333,0
5857,1391.0696079216193,2727.072669716888,12,3061.3722413323085,1334,0
5858,-2868.0873467168904,-1071.2959309184678,12,3061.6335509005644,1331,0
5859,2838.7305962095843,-1147.5228111648057,12,3061.8948381680257,1333,0
5860,-1318.1635400033535,2763.9183927543577,12,3062.156103140401,1334,0
5861,-895.1036355616842,-2928.683916301699,12,3062.4173458233936,1334,0
5862,2638.54416928896,1555.0191853193421,12,3062.6785662227107,1335,0
5863,-2996.2362307909734,635.7424394324331,12,3062.9397643440525,1331,0
5864,1780.0452713936995,-2492.917734661321,12,3063.200940193118,1334,0
5865,371.423412509007,3040.8624843356797,12,3063.4620937756026,1333,0
5866,-2328.147595093082,-1991.5141916296493,12,3063.7232250972015,1336,0
5867,3062.2130456438085,-104.1693961241538,12,3063.9843341636065,1337,0
5868,-2187.8015919169543,2145.489266905253,12,3064.2454209805064,1332,0
5869,163.97359792590444,-3060.1164453633514,12,3064.5064855535875,1327,0
5870,1946.335709846373,2367.398847802544,12,3064.767527888534,1329,0
5871,-3034.5807502149996,-430.95205118965464,12,3065.02854799103,1333,0
5872,2528.9246595186137,-1732.206704316394,12,3065.289545866752,1331,0
5873,-694.720665294845,2985.793562390456,12,3065.5505215213793,1334,0
5874,-1504.73725361639,-2671.135675621702,12,3065.8114749605857,1332,0
5875,2914.120643754315,953.2580309889546,12,3066.0724061900432,1337,0
5876,-2792.9360636541514,1265.665099597857,12,3066.333315215422,1331,0
5877,1204.5821196188795,-2820.103174902381,12,3066.59420204239,1335,0
5878,1016.8174471798388,2893.3859540529115,12,3066.855066676611,1342,0
5879,-2704.4536696394343,-1446.765478152488,12,3067.1159091237487,1331,0
5880,2971.708692336208,-760.0969990030376,12,3067.376729389463,1335,0
5881,-1677.9500114194225,2568.0505756658217,12,3067.637527479412,1337,0
5882,-497.4674071169384,-3027.296843531594,12,3067.8983033992504,1337,0
5883,2411.9316024463014,1896.3612380347836,12,3068.159057154632,1329,0
5884,-3059.7169024935747,230.93825277576846,12,3068.419788751207,1331,0
5885,2100.3219107875293,-2237.2858268593714,12,3068.680498194623,1339,0
5886,-37.45033059474152,3068.712673538913,12,3068.9411854905265,1336,0
5887,-2045.4446367715748,-2288.2648967945997,12,3069.201850644561,1333,0
5888,3054.20729309592,305.6432737681179,12,3069.4624936623673,1334,0
5889,-2458.7452186525265,1837.8715814096863,12,3069.7231145495844,1331,0
5890,571.5863077113651,-3016.303879392275,12,3069.9837133118476,1333,0
5891,1616.1512060197188,2610.4511639333546,12,3070.2442899547905,1333,0
5892,-2955.284803743986,-833.241698884466,12,3070.5048444840468,1327,0
5893,2742.214377734699,-1381.9769558661594,12,3070.765376905243,1331,0
5894,-1088.6038631375422,2871.6095885691047,12,3071.025887224008,1330,0
5895,-1137.1382420464395,-2853.01886051872,12,3071.286375445963,1327,0
5896,2765.9114477355893,1335.714738739233,12,3071.5468415767327,1330,0
5897,-2942.008802045839,883.50676776401,12,3071.807285621935,1332,0
5898,1572.6788005265184,-2638.9924953236364,12,3072.067707587188,1333,0
5899,623.0222197027609,3008.495190914661,12,3072.3281074781057,1335,0
5900,-2491.817658995477,-1797.677600215984,12,3072.588485300301,1338,0
5901,3051.961148737262,-357.67743372811725,12,3072.848841059384,1340,0
5902,-2008.9837211759805,2325.5073442261814,12,3073.109174760961,1335,0
5903,-89.50314853285032,-3072.0659475998727,12,3073.3694864106396,1335,0
5904,2141.3289050790086,2204.974040725454,12,3073.629776014021,1334,0
5905,-3068.647679632886,-179.44753629878664,12,3073.8900435767055,1328,0
5906,2384.142197988977,-1940.6869865509714,12,3074.1502891042915,1331,0
5907,-447.1148786844147,3041.7245577565072,12,3074.410512602375,1331,0
5908,-1725.1128119727487,-2545.110171675771,12,3074.6707140765493,1337,0
5909,2991.494837187737,711.4482687301423,12,3074.930893532406,1331,0
5910,-2686.6388786678913,1496.2524972845108,12,3075.1910509755326,1335,0
5911,970.4219387200164,-2918.335357845442,12,3075.4511864115157,1341,0
5912,1255.8544812367788,2807.637712020107,12,3075.7112998459397,1330,0
5913,-2822.7987183335617,-1222.050488226408,12,3075.9713912843863,1341,0
5914,2907.1729448467686,-1005.756167642519,12,3076.2314607324333,1332,0
5915,-1464.4041051841364,2705.6091027197276,12,3076.4915081956588,1336,0
5916,-747.8698815813627,-2984.4749354322744,12,3076.7515336796373,1332,0
5917,2567.6567915713085,1695.623366404737,12,3077.0115371899406,1329,0
5918,-3038.9440778899616,484.1682470562596,12,3077.2715187321382,1337,0
5919,1913.9335038527977,-2409.991398911986,12,3077.5314783117974,1341,0
5920,216.66909774710012,3070.155452429316,12,3077.7914159344846,1333,0
5921,-2233.813886394556,-2117.6580273856416,12,3078.0513316057604,1338,0
5922,3077.862139120861,52.57996354468575,12,3078.3112253311883,1335,0
5923,-2305.2315992381646,2040.467415538375,12,3078.571097116323,1335,0
5924,321.51723878065053,-3061.9971693597086,12,3078.830946966722,1330,0
5925,1831.4271076052714,2475.212061526969,12,3079.0907748879376,1337,0
5926,-3022.67409959942,-588.0827217414519,12,3079.3505808855216,1333,0
5927,2626.291524224553,-1608.2887892994445,12,3079.6103649650227,1335,0
5928,-850.2338775436589,2960.1862025009636,12,3079.870127131987,1335,0
5929,-1372.7568100276012,-2757.3064284774086,12,3080.1298673919578,1336,0
5930,2875.004281236564,1105.9612935683722,12,3080.3895857504776,1335,0
5931,-2867.2465077267375,1126.631023862216,12,3080.649282213085,1329,0
5932,1353.3040820500519,-2767.7731231997077,12,3080.9089567853184,1340,0
5933,871.7930354951054,2955.262577718304,12,3081.1686094727115,1334,0
5934,-2639.3066198679626,-1590.364916087233,12,3081.4282402807958,1334,0
5935,3020.67309524992,-610.1918154427076,12,3081.687849215102,1329,0
5936,-1815.3245839463048,2490.5815896934946,12,3081.9474362811575,1336,0
5937,-343.828794313464,-3062.9694350745567,12,3082.207001484488,1340,0
5938,2322.7303509709186,2026.455949849025,12,3082.466544830617,1331,0
5939,-3081.819844048933,74.74255030575029,12,3082.726066325063,1327,0
5940,2222.137214262259,-2137.032101066983,12,3082.9855659733466,1337,0
5941,-195.0067930760979,3077.0720418368783,12,3083.245043780984,1340,0
5942,-1934.9031677422709,-2400.8643717338396,12,3083.5044997534865,1331,0
5943,3048.7544477605206,463.35333953738086,12,3083.7639338963677,1339,0
5944,-2561.262770718072,1717.8862067475798,12,3084.0233462151355,1337,0
5945,728.2412420370478,-2997.076023960076,12,3084.282736715297,1328,0
5946,1487.638428207871,2702.0976864131344,12,3084.542105402356,1335,0
5947,-2922.424735579688,-987.6404532379125,12,3084.8014522818157,1334,0
5948,2822.2838254094295,-1245.918941517592,12,3085.0607773591755,1334,0
5949,-1239.562283554813,2825.3646393321296,12,3085.320080639932,1335,0
5950,-994.5753155304498,-2920.893688879742,12,3085.5793621295825,1334,0
5951,2706.6316222471255,1482.0746477326609,12,3085.838621833617,1332,0
5952,-2997.1647299591245,735.5294565746838,12,3086.097859757529,1337,0
5953,1713.3168828920873,-2567.1278228395527,12,3086.3570759068043,1336,0
5954,470.7629123964243,3050.505250005651,12,3086.6162702869306,1335,0
5955,-2407.9147769233246,-1931.5140245606033,12,3086.87544290339,1334,0
5956,3080.498988218431,-202.30171424193574,12,3087.134593761665,1331,0
5957,-2134.9904309950484,2230.2053402230868,12,3087.3937228672335,1334,0
5958,67.79912679806031,-3086.90836896812,12,3087.6528302255742,1333,0
5959,2035.3544491521307,2322.1826513684546,12,3087.91191584216,1330,0
5960,-3069.6763815498825,-337.4713507170921,12,3088.1709797224635,1337,0
5961,2491.6514388553,-1824.8487902427178,12,3088.4300218719536,1339,0
5962,-604.6492861973132,3028.9270774815755,12,3088.6890422960996,1330,0
5963,-1600.295456875638,-2642.092816443661,12,3088.9480410003666,1333,0
5964,2964.9646810778236,867.2856737898312,12,3089.2070179902157,1331,0
5965,-2772.3481102706896,1363.4096799856363,12,3089.465973271109,1337,0
5966,1123.3673532851346,-2878.2713196592767,12,3089.7249068485053,1336,0
5967,1116.0017262739646,2881.4128733927614,12,3089.9838187278583,1333,0
5968,-2769.5033902931123,-1370.9306952413601,12,3090.2427089146254,1326,0
5969,2968.444631164508,-859.9630641548558,12,3090.5015774142553,1329,0
5970,-1608.0766582083206,2639.4865904803455,12,3090.7604242321986,1332,0
5971,-597.2519030007812,-3032.769388588909,12,3091.0192493739014,1335,0
5972,2489.209650348797,1832.985356354605,12,3091.2780528448097,1333,0
5973,-3073.8868493066207,329.8782164069277,12,3091.536834650365,1334,0
5974,2043.9300255847788,-2319.816813999115,12,3091.7955947960077,1334,0
5975,59.88836385253375,3091.474305873343,12,3092.0543332871757,1334,0
5976,-2132.5991270905456,-2239.29028112316,12,3092.313050129304,1328,0
5977,3085.389171039233,210.65057140638342,12,3092.571745327827,1338,0
5978,-2417.564564627759,1928.984597101852,12,3092.8304188881743,1334,0
5979,479.66660851501905,-3055.670130212962,12,3093.089070815776,1332,0
5980,1710.5273011489007,2577.3816853590497,12,3093.3477011160576,1332,0
5981,-3002.536905810002,-745.0987379192768,12,3093.6063097944443,1337,0
5982,2717.5113665683034,-1478.895524562865,12,3093.8648968563575,1331,0
5983,-1004.9127116262283,2926.3886348214282,12,3094.1234623072173,1332,0
5984,-1235.8590206269162,-2836.873716106355,12,3094.38200615244,1330,0
5985,2827.8008715869273,1257.1166336709628,12,3094.6405283974423,1329,0
5986,-2934.5475482446054,983.2754889101926,12,3094.8990290476363,1334,0
5987,1499.776231477542,-2707.5212382352647,12,3095.1575081084325,1333,0
5988,723.0763753586701,3009.777492672534,12,3095.415965585239,1336,0
5989,-2566.4637557076885,-1731.0296908599769,12,3095.674401483464,1335,0
5990,3061.979835734249,-457.2521028457501,12,3095.9328158085077,1329,0
5991,-1949.101941049929,2405.701898281539,12,3096.1912085657764,1338,0
5992,-187.8368449571687,-3090.7470488017193,12,3096.449579760665,1330,0
5993,2226.460424448558,2152.3182799865695,12,3096.707929398573,1339,0
5994,-3095.850968610389,-83.10704034027073,12,3096.9662574848962,1339,0
5995,2339.1172354331547,-2030.106046220137,12,3097.2245640250244,1331,0
5996,-353.50479819953057,3077.2446047803724,12,3097.4828490243494,1330,0
5997,-1818.1370080496815,-2508.06256300758,12,3097.7411124882597,1336,0
5998,3035.062560201145,621.2851645301628,12,3097.9993544221406,1334,0
5999,-2657.854289069808,1592.1716547135318,12,3098.257574831376,1335,0
6000,884.3962322865697,-2969.6200605998943,12,3098.515773721347,1335,0
6001,1353.9360755110517,2787.3387134379154,12,3098.773951097434,1332,0
6002,-2881.4106002756525,-1140.8211746891375,12,3099.0321069650117,1329,0
6003,2895.5172950779493,-1105.2509189792502,12,3099.290241329457,1336,0
6004,-1388.5937050698583,2771.102221542966,12,3099.54835419614,1339,0
6005,-848.0174789917247,-2981.5543522338344,12,3099.8064455704325,1327,0
6006,2639.5324559720716,1625.8131546613968,12,3100.0645154577023,1334,0
6007,-3044.783517705671,584.2031584199809,12,3100.3225638633153,1328,0
6008,1850.6590528780005,-2487.701965670466,12,3100.5805907926338,1333,0
6009,315.82642165983026,3084.71289934437,12,3100.838596251021,1334,0
6010,-2316.7669329526793,-2061.405098076803,12,3101.096580243833,1330,0
6011,3101.0289058593653,-44.941350943976424,12,3101.35454277643,1330,0
6012,-2256.4324117392202,2128.030256188273,12,3101.6124838541646,1333,0
6013,226.3780752210267,-3093.5987081486865,12,3101.870403482389,1331,0
6014,1922.9316189694332,2434.241974161072,12,3102.128301666454,1332,0
6015,-3062.4713168699486,-496.0538613385063,12,3102.3861784117075,1332,0
6016,2593.466146262635,-1703.03650817874,12,3102.644033723495,1331,0
6017,-762.0199101673069,3007.877267527485,12,3102.9018676071596,1331,0
6018,-1470.0242648519154,-2732.879188831183,12,3103.159680068043,1334,0
6019,2930.226915019477,1022.2378522122136,12,3103.4174711114842,1336,0
6020,-2851.40669840411,1225.675258906768,12,3103.67524074282,1335,0
6021,1274.7126680016906,-2830.107350267126,12,3103.9329889673845,1339,0
6022,971.8572858316735,2948.133887050568,12,3104.19071579051,1334,0
6023,-2708.277962049666,-1517.5079835955091,12,3104.4484212175275,1333,0
6024,3022.3126423374515,-710.5112891201738,12,3104.7061052537647,1336,0
6025,-1748.7609218812809,2565.6646776422153,12,3104.963767904547,1336,0
6026,-443.6365177526617,-3073.3673129185668,12,3105.221409175197,1329,0
6027,2403.3529258670083,1966.6963959204506,12,3105.4790290710384,1338,0
6028,-3100.899175070705,173.27523206108174,12,3105.7366275973886,1338,0
6029,2169.640734514035,-2222.5793761162713,12,3105.994204759564,1335,0
6030,-98.50292485045787,3104.6895454772775,12,3106.2517605628814,1331,0
6031,-2024.7225161237436,-2356.034535549413,12,3106.5092950126514,1336,0
6032,3084.701516000254,369.61677070410826,12,3106.7668081141846,1330,0
6033,-2524.4446482740823,1811.2921403794442,12,3107.0242998727904,1330,0
6034,637.9895211996028,-3041.0802966773995,12,3107.2817702937723,1330,0
6035,1583.9178292237489,2673.575192559044,12,3107.5392193824364,1327,0
6036,-2974.1521638581285,-901.5646988530619,12,3107.7966471440823,1336,0
6037,2802.2775303042486,-1344.3365066648753,12,3108.0540535840105,1332,0
6038,-1158.3218914762904,2884.4220210861636,12,3108.311438707518,1327,0
6039,-1094.3791717782972,-2909.559112370437,12,3108.568802519899,1330,0
6040,2772.569590923344,1406.29223971661,12,3108.8261450264467,1327,0
6041,-2994.5911328008297,835.9569051994512,12,3109.0834662324523,1329,0
6042,1643.5735347619939,-2639.4442664754188,12,3109.3407661432025,1336,0
6043,571.0462574991353,3056.7149313922346,12,3109.5980447639854,1333,0
6044,-2486.0586615527986,-1868.3448106059827,12,3109.855302100083,1331,0
6045,3095.447095088163,-301.67413132426685,12,3110.1125381567786,1334,0
6046,-2078.8803187675835,2313.58090851407,12,3110.3697529393507,1332,0
6047,-29.90227276586687,-3110.4832187432607,12,3110.626946453078,1337,0
6048,2123.3257622867836,2273.5627783743403,12,3110.8841187032344,1333,0
6049,-3101.700295968018,-242.18850920700172,12,3111.1412696950943,1332,0
6050,2450.895799727599,-1916.7445784135182,12,3111.398399433927,1334,0
6051,-512.5142746388299,3069.157721312385,12,3111.6555079250015,1328,0
6052,-1695.414241403064,-2609.5153860530645,12,3111.9125951735855,1334,0
6053,3013.096895642943,779.0039136402728,12,3112.169661184943,1340,0
6054,-2748.2004249024476,1461.0251279721408,12,3112.4267059643353,1336,0
6055,1039.6150145322092,-2933.9394372684646,12,3112.6837295170226,1336,0
6056,1215.368196921453,2865.882088626798,12,3112.9407318482636,1331,0
6057,-2832.284012077358,-1292.349517325319,12,3113.197712963313,1335,0
6058,2961.6520714508865,-960.3213043927923,12,3113.4546728674245,1335,0
6059,-1535.2690327372777,2708.901806473971,12,3113.7116115658496,1334,0
6060,-697.8348489190668,-3034.769599761093,12,3113.9685290638377,1335,0
6061,2564.730677394525,1766.5097091245832,12,3114.225425366635,1334,0
6062,-3084.6671614269517,429.91685616429265,12,3114.482300479487,1343,0
6063,1984.2965334684754,-2400.8680237082986,12,3114.7391544076368,1336,0
6064,158.61761724827528,3110.954909910859,12,3114.9959871563237,1327,0
6065,-2218.562433267441,-2186.956956525311,12,3115.2527987307867,1333,0
6066,3113.423708946101,113.98600165065086,12,3115.5095891362616,1336,0
6067,-2372.9337377047336,2019.2041690880699,12,3115.7663583779836,1336,0
6068,385.8064585146321,-3092.046794045717,12,3116.0231064611826,1333,0
6069,1804.314567262119,2540.7969108855814,12,3116.27983339109,1338,0
6070,-3046.9800376422068,-654.7615216320321,12,3116.5365391729324,1328,0
6071,2689.2547793573212,-1575.5344273305504,12,3116.793223811936,1331,0
6072,-918.7902204276025,2978.560815368153,12,3117.049887313323,1333,0
6073,-1334.6114838450248,-2817.1638552254963,12,3117.306529682315,1337,0
6074,2887.30548171525,1175.8686386059746,12,3117.563150924132,1332,0
6075,-2923.537666909948,1083.3870546387095,12,3117.8197510439886,1333,0
6076,1424.0254287614932,-2773.905473919515,12,3118.0763300471017,1330,0
6077,823.7819679577331,3007.5543668016517,12,3118.332887938682,1331,0
6078,-2639.2220735098226,-1661.3569293497744,12,3118.5894247239407,1337,0
6079,3068.563080494008,-557.7818758521338,12,3118.8459404080863,1339,0
6080,-1886.0417682665227,2484.279865142832,12,3119.1024349963245,1333,0
6081,-287.4220662866105,-3106.0889484706545,12,3119.358908493859,1330,0
6082,2310.2589424746593,2096.3548408406123,12,3119.615360905892,1338,0
6083,-3119.8368212563114,14.77188997097915,12,3119.871792237623,1336,0
6084,2290.680555123359,-2118.4859202694124,12,3120.12820249425,1337,0
6085,-258.08107875354045,3109.693579243686,12,3120.3845916809673,1325,0
6086,-1910.4238212998548,-2467.525242628748,12,3120.64095980297,1333,0
6087,3075.729058999177,529.0470259136121,12,3120.8973068654473,1331,0
6088,-2625.528639324955,1687.6609150194986,12,3121.153632873589,1329,0
6089,796.0499042222385,-3018.1955784852253,12,3121.4099378325814,1335,0
6090,1451.8985932818225,2763.4743485015865,12,3121.666221747611,1333,0
6091,-2937.5260643685565,-1057.0433392985258,12,3121.9224846238576,1333,0
6092,2880.2992051510455,-1204.9383755222725,12,3122.1787264665036,1335,0
6093,-1310.0263137388063,2834.3307953222247,12,3122.4349472807276,1334,0
6094,-948.6681428018761,-2975.1014696700413,12,3122.691147071705,1332,0
6095,2709.392785774303,1553.0585090054287,12,3122.9473258446105,1331,0
6096,-3047.147787825434,685.0477057479741,12,3123.203483604614,1331,0
6097,1784.2751873331285,-2563.6618450699243,12,3123.459620356889,1338,0
6098,416.09381688304893,3095.878863190822,12,3123.7157361066,1335,0
6099,-2398.247357049168,-2001.9014996764151,12,3123.971830858915,1338,0
6100,3120.9137982438633,-143.86474179263755,12,3124.2279046189956,1333,0
6101,-2204.2661097536225,2214.4098350105905,12,3124.4839573920044,1336,0
6102,129.55549265678437,-3122.0530703885315,12,3124.7399891831,1332,0
6103,2013.5513162495797,2389.8140297582954,12,3124.99599999744,1332,0
6104,-3099.2801196907394,-402.0730526779398,12,3125.2519898401797,1331,0
6105,2557.118569017243,-1797.204669476242,12,3125.507958716471,1329,0
6106,-671.6003321806883,3052.7615356943274,12,3125.7639066314655,1326,0
6107,-1567.0218965379252,-2704.892303913538,12,3126.0198335903124,1336,0
6108,2982.8458414277598,936.0719450326037,12,3126.2757395981566,1339,0
6109,-2831.9969846043505,1324.7615178559001,12,3126.531624660144,1332,0
6110,1193.4605522712689,-2890.0608834715504,12,3126.787488781417,1337,0
6111,1072.2751377580498,2937.452302412067,12,3127.0433319671156,1333,0
6112,-2775.1098475904364,-1441.7924031588543,12,3127.299154222378,1335,0
6113,3020.4434502620993,-811.4932924977155,12,3127.55495555234,1331,0
6114,-1679.162470769781,2638.8659300461486,12,3127.8107359621363,1331,0
6115,-544.4106889651173,-3080.3274179444834,12,3128.0664954568983,1326,0
6116,2482.3657049059,1903.749066213043,12,3128.3222340417556,1329,0
6117,-3116.6379734956718,273.0709471269237,12,3128.5779517218366,1331,0
6118,2113.8278192131615,-2306.8012378010662,12,3128.833648502266,1335,0
6119,-0.4490372708380705,3129.089292168814,12,3129.089324388168,1334,0
6120,-2113.511006042804,-2307.7849179106647,12,3129.3449793846635,1334,0
6121,3117.5782047139624,274.0549899061668,12,3129.6006134968725,1333,0
6122,-2484.129506077958,1903.969694357786,12,3129.8562267299117,1335,0
6123,545.651293485604,-3082.1850473191066,12,3130.1118190888956,1338,0
6124,1679.7769439229235,2641.5051426535147,12,3130.36739057894,1331,0
6125,-3023.1731062368344,-813.1570387854559,12,3130.622941205153,1328,0
6126,2778.700235382797,-1442.6451406647411,12,3130.878470972644,1329,0
6127,-1074.5219683677321,2940.9866608835778,12,3131.1339798865206,1336,0
6128,-1194.3863359101138,-2894.6573684274294,12,3131.389467951886,1335,0
6129,2836.2476399668667,1327.7421906312902,12,3131.644935173845,1335,0
6130,-2988.481452030515,936.8983994380523,12,3131.900381557498,1328,0
6131,1570.8755439333918,-2709.75091576181,12,3132.155807107941,1335,0
6132,672.1505105899705,3059.4466315191125,12,3132.4112118302737,1337,0
6133,-2562.4582721916686,-1802.0564928093918,12,3132.6665957295863,1328,0
6134,3107.0019022414267,-402.16809852119627,12,3132.9219588109754,1340,0
6135,-2019.5104422030404,2395.491092413595,12,3133.1773010795287,1340,0
6136,-129.0173465984158,-3130.7753870689453,12,3133.4326225403347,1332,0
6137,2210.1218215870786,2221.567359713545,12,3133.6879231984794,1332,0
6138,-3130.577243216167,-145.2106203315229,12,3133.9432030590474,1337,0
6139,2406.674601442688,-2007.7642697215924,12,3134.1984621271195,1339,0
6140,-418.41574496096814,3106.401175696526,12,3134.4537004077765,1332,0
6141,-1789.9628286137647,-2573.4088427960705,12,3134.708917906095,1334,0
6142,3058.42454535233,688.505120087275,12,3134.9641146271515,1326,0
6143,-2720.4870226926255,1558.3806849935654,12,3135.21929057602,1336,0
6144,953.4090217356263,-2987.0070701746113,12,3135.474445757771,1331,0
6145,1314.7871199708673,2846.7762169089992,12,3135.7295801774744,1333,0
6146,-2892.6881294064965,-1211.0967698704947,12,3135.9846938401984,1332,0
6147,2951.3023646922156,-1061.0439916243508,12,3136.2397867510067,1335,0
6148,-1459.5922952092835,2776.1826906321735,12,3136.4948589149635,1334,0
6149,-799.09150416007,-3033.2577813267367,12,3136.749910337131,1333,0
6150,2638.375890569142,1696.9892928546976,12,3137.004941022567,1332,0
6151,-3092.0073987992732,530.9333722516907,12,3137.2599509763295,1337,0
6152,1921.4658464077236,-2480.316310692781,12,3137.514940203472,1336,0
6153,258.62149417089023,3127.0936862768945,12,3137.76990870905,1337,0
6154,-2303.2079986995186,-2131.298410529731,12,3138.0248564981125,1328,0
6155,3138.240212333082,15.75974922439809,12,3138.2797835757096,1336,0
6156,-2324.8750444854672,2108.401296605724,12,3138.534689946887,1331,0
6157,290.10944932245894,-3125.3538211559053,12,3138.7895756166895,1327,0
6158,1897.3825452445462,2500.707795205454,12,3139.044440590161,1329,0
6159,-3088.5254056414256,-562.3262564628005,12,3139.2992848723425,1334,0
6160,2657.4441346018543,-1671.7627437738286,12,3139.554108468271,1334,0
6161,-830.3244751551221,3028.0292709877117,12,3139.8089113829847,1329,0
6162,-1433.2652505924434,-2793.877363350829,12,3140.0636936215164,1332,0
6163,2944.321093197583,1092.050044710309,12,3140.3184551889003,1338,0
6164,-2908.955900999522,1183.7126197012776,12,3140.573196090166,1334,0
6165,1345.4962826588558,-2838.034487695877,12,3140.827916330342,1327,0
6166,925.0126729095954,3001.7913909791678,12,3141.082615914456,1334,0
6167,-2709.976213853465,-1588.7192704655024,12,3141.3372948475303,1333,0
6168,3071.665557967555,-659.1439144798863,12,3141.5919531345885,1335,0
6169,-1819.852763400558,2561.120051763164,12,3141.8465907806512,1331,0
6170,-388.14039955353246,-3118.0357647458795,12,3142.1012077907353,1330,0
6171,2392.599397668903,2037.122510374475,12,3142.355804169859,1333,0
6172,-3140.5392255030997,114.07617225516047,12,3142.6103799230345,1332,0
6173,2238.8598736975678,-2205.6986344346574,12,3142.8649350552755,1336,0
6174,-160.95060763883632,3138.9958429250414,12,3143.1194695715913,1333,0
6175,-2001.8433426577876,-2423.5146443660487,12,3143.37398347699,1331,0
6176,3113.4096468605353,434.8337278038086,12,3143.6284767764782,1335,0
6177,-2589.666954308587,1782.5894271430218,12,3143.8829494750594,1335,0
6178,705.475053445126,-3063.968823106168,12,3144.137401577737,1334,0
6179,1549.6112415508217,2736.0381941886926,12,3144.391833089509,1344,0
6180,-2991.044331633851,-970.8006006389819,12,3144.6462440153737,1336,0
6181,2861.500852691611,-1304.6888019927144,12,3144.900634360329,1335,0
6182,-1228.7764299800328,2895.187124371329,12,3145.155004129367,1333,0
6183,-1049.6941870746205,-2965.0872016893113,12,3145.409353327481,1328,0
6184,2777.1239834263815,1477.4242385577636,12,3145.6636819596592,1340,0
6185,-3045.9967602875377,786.5772284511067,12,3145.917990030891,1334,0
6186,1714.8365309080916,-2637.7520111381023,12,3146.1722775461617,1337,0
6187,517.3506011062202,3103.6024802695065,12,3146.4265445104547,1334,0
6188,-2478.1318137875533,-1939.19125242819,12,3146.6807909287527,1333,0
6189,3137.455605075723,-244.07442753989693,12,3146.9350168060346,1337,0
6190,-2148.7657731561526,2299.4794306783097,12,3147.18922214728,1338,0
6191,31.159486542682306,-3147.289164725478,12,3147.4434069574627,1331,0
6192,2103.1570700947955,2341.9501144367437,12,3147.6975712415574,1329,0
6193,-3133.020079431234,-306.243664229488,12,3147.9517150045363,1341,0
6194,2517.2593170633236,-1890.6627226075752,12,3148.2058382513683,1331,0
6195,-579.0710947001235,3094.74985536518,12,3148.4599409870216,1330,0
6196,-1663.618731040535,-2673.344855743658,12,3148.7140232164625,1337,0
6197,3032.763866787652,847.551372075587,12,3148.968084944654,1334,0
6198,-2809.0050122767975,1423.7594041845098,12,3149.222126176558,1326,0
6199,1109.626712381629,-2947.5292295699355,12,3149.4761469171344,1328,0
6200,1172.9177689648907,2923.194127533514,12,3149.7301471713413,1334,0
6201,-2839.6912819706054,-1363.2877257204875,12,3149.9841269441345,1341,0
6202,3015.0306611132296,-913.0115621103182,12,3150.2380862404675,1330,0
6203,-1606.5888229380973,2710.068699131145,12,3150.492025065291,1334,0
6204,-646.0285685357875,-3083.8039964685818,12,3150.7459434235566,1340,0
6205,2559.6472783283793,1837.663138484886,12,3150.999841320212,1327,0
6206,-3128.9799390424673,374.0114183682041,12,3151.2537187602015,1332,0
6207,2054.7368551759205,-2389.572442087029,12,3151.50757574847,1338,0
6208,99.04195906234,3150.2048648215077,12,3151.7614122899595,1332,0
6209,-2201.1405162491264,-2256.142820773217,12,3152.015228389609,1334,0
6210,3147.308487139114,176.77467800027364,12,3152.2690240523566,1335,0
6211,-2440.333352014599,1995.7888493137727,12,3152.5227992831396,1334,0
6212,451.3261943026644,-3120.3052200604147,12,3152.7765540868895,1333,0
6213,1775.0848484697356,2605.892127608734,12,3153.030288468539,1331,0
6214,-3069.394127467457,-722.5093011638569,12,3153.284002433019,1332,0
6215,2751.5450789382116,-1540.7140158286709,12,3153.5376959852565,1338,0
6216,-988.245832816399,2994.957457781499,12,3153.7913691301774,1336,0
6217,-1294.4670763121399,-2876.170194606693,12,3154.0450218727065,1332,0
6218,2897.557775072584,1246.4986723283816,12,3154.2986542177646,1334,0
6219,-2978.806163489142,1038.2262953514023,12,3154.552266170272,1338,0
6220,1495.2873681424273,-2777.9337081135855,12,3154.805857735148,1335,0
6221,773.9510910969778,3058.6597896120775,12,3155.0594289173064,1337,0
6222,-2636.994349445841,-1732.7033216885993,12,3155.3129797216634,1330,0
6223,3115.1121217545974,-503.6630509552702,12,3155.5665101531295,1326,0
6224,-1956.9244294298603,2475.8123469884817,12,3155.8200202166154,1330,0
6225,-229.43046719932204,-3147.723250338362,12,3156.07350991703,1337,0
6226,2295.6157406084017,2166.229067174324,12,3156.3269792592787,1331,0
6227,-3156.2357344875218,-46.64749022206205,12,3156.5804282482654,1332,0
6228,2359.0093091702656,-2097.7786058705115,12,3156.8338568888926,1336,0
6229,-322.4568423828816,3140.576632531113,12,3157.0872651860614,1332,0
6230,-1883.8105761449035,-2533.7832806308843,12,3157.340653144668,1335,0
6231,3100.858119967336,595.8849887626283,12,3157.594020769611,1334,0
6232,-2689.2065486555152,1655.3453230876908,12,3157.847368065784,1329,0
6233,864.8368891779722,-3037.376689697372,12,3158.1006950380793,1333,0
6234,1414.1280832668776,2824.0824641139548,12,3158.3540016913876,1341,0
6235,-2950.6109401889207,-1127.2511164942143,12,3158.6072880305965,1328,0
6236,2937.3713748260307,-1162.0023263111973,12,3158.8605540605936,1327,0
6237,-1381.1156569351742,2841.217968084906,12,3159.1137997862625,1330,0
6238,-900.8956662740634,-3028.1986392059243,12,3159.3670252124875,1333,0
6239,2710.0283923990805,1624.4833370616197,12,3159.620230344147,1338,0
6240,-3095.861378515385,632.8051240443806,12,3159.8734151861217,1334,0
6241,1855.48675895894,-2558.0400480305325,12,3160.126579743286,1332,0
6242,359.78185331572337,3139.833915675271,12,3160.379724020517,1336,0
6243,-2386.4103964040064,-2072.352629244085,12,3160.6328480226866,1325,0
6244,3159.771858494921,-83.91544710928193,12,3160.8859517546657,1336,0
6245,-2273.4153717807335,2196.447711044146,12,3161.1390352213234,1329,0
6246,192.68205525288272,-3155.514795652767,12,3161.3920984275264,1337,0
6247,1989.6011051067653,2457.1299197555545,12,3161.64514137814,1335,0
6248,-3127.0875843045974,-467.89233813777923,12,3161.8981640780275,1333,0
6249,2622.0835887259896,-1767.4494769961134,12,3162.151166532049,1331,0
6250,-739.6070329354629,3074.700219018498,12,3162.404148745065,1337,0
6251,-1531.6894582697826,-2767.0069395332607,12,3162.6571107219324,1337,0
6252,2998.7462825893263,1005.7438703053053,12,3162.9100524675055,1331,0
6253,-2890.7835474293342,1284.1224559643347,12,3163.1629739866394,1328,0
6254,1264.262637771411,-2899.7999901260905,12,3163.415875284184,1334,0
6255,1026.6408881574464,2992.4586023474562,12,3163.66875636499,1336,0
6256,-2778.611848638523,-1513.180820194867,12,3163.921617233904,1331,0
6257,3071.246273971272,-761.2137180960283,12,3164.1744578957714,1335,0
6258,-1750.5888033950396,2636.1029648759786,12,3164.4272783554375,1323,0
6259,-489.8713973072406,-3126.535784874411,12,3164.680078617742,1339,0
6260,2473.3580446524165,1974.6645241542105,12,3164.9328586875267,1328,0
6261,-3157.896144732148,214.69033300508343,12,3165.185618569628,1334,0
6262,2183.687454377565,-2291.6171367822394,12,3165.4383582688824,1336,0
6263,-62.223001559184134,3165.0795089660805,12,3165.6910777901244,1334,0
6264,-2092.266184559306,-2376.051811924488,12,3165.9437771381854,1333,0
6265,3148.023135619897,338.74819202746266,12,3166.196456317896,1328,0
6266,-2550.278896820358,1876.8264566636783,12,3166.4491153340837,1331,0
6267,612.7671198901869,-3106.8499250497252,12,3166.7017541915748,1329,0
6268,1646.9429382147305,2705.0284579398844,12,3166.9543728951953,1326,0
6269,-3041.8675378382854,-882.1801869491541,12,3167.2069714497657,1334,0
6270,2839.109002913435,-1404.3717704282863,12,3167.459549860108,1331,0
6271,-1144.922403191249,2953.5660972239602,12,3167.71210813104,1333,0
6272,-1150.9668349252252,-2951.4869718333857,12,3167.964646267379,1333,0
6273,2842.614493219376,1398.9792146201278,12,3168.217164273939,1332,0
6274,-3041.294704231734,888.6655850273534,12,3168.4696621555336,1333,0
6275,1642.4019499037022,-2709.8553162396915,12,3168.722139916973,1333,0
6276,619.4742324888799,3107.8371378311176,12,3168.9745975630667,1333,0
6277,-2556.298458669106,-1873.322767225646,12,3169.2270350986214,1332,0
6278,3150.597187428114,-345.45240275623996,12,3169.4794525284433,1331,0
6279,-2089.968986860296,2383.113432877702,12,3169.731849857334,1334,0
6280,-68.69737629641682,-3169.2397622284725,12,3169.9842270900963,1329,0
6281,2191.6204642092607,2290.6766993312663,12,3170.2365842315303,1334,0
6282,-3163.6143904723403,-208.67196360872697,12,3170.4889212864314,1333,0
6283,2473.9035448404134,-1983.2804266734538,12,3170.7412382595967,1330,0
6284,-484.5313535594235,3133.756430774075,12,3170.993535155819,1334,0
6285,-1759.6836981780996,-2638.2405656736933,12,3171.2458119798916,1340,0
6286,3079.886860460076,756.7674192018163,12,3171.4980687366033,1332,0
6287,-2782.423040634808,1522.5380201967214,12,3171.7503054307413,1332,0
6288,1023.2938660732603,-3002.4106420769363,12,3172.002522067093,1333,0
6289,1273.655454683717,2905.3402180733356,12,3172.2547186504435,1336,0
6290,-2901.9136801095365,-1282.0674682687832,12,3172.5068951855724,1337,0
6291,3006.0438727127744,-1014.9385377085579,12,3172.7590516772625,1333,0
6292,-1531.1037322162338,2779.158390807101,12,3173.01118813029,1332,0
6293,-748.3657357693552,-3083.755620266689,12,3173.263304549435,1329,0
6294,2635.0779185586225,1768.4921156524156,12,3173.5154009394687,1338,0
6295,-3137.872933500848,475.9763158002558,12,3173.7674773051663,1336,0
6296,1992.410684915205,-2470.7690427548514,12,3174.0195336512975,1335,0
6297,199.85474474850162,3167.973813181149,12,3174.2715699826313,1337,0
6298,-2287.4838289708305,-2201.140098266566,12,3174.5235863039356,1336,0
6299,3173.820077752698,77.8852621094702,12,3174.7755826199755,1341,0
6300,-2393.0768077676703,2086.620088114867,12,3175.0275589355124,1334,0
6301,355.11692185941814,-3155.359246077868,12,3175.279515255311,1336,0
6302,1869.7107161368754,2566.7453784828235,12,3175.5314515841283,1327,0
6303,-3112.7249983848474,-629.7166699636023,12,3175.7833679267223,1335,0
6304,2720.8098302329213,-1638.4119957165535,12,3176.0352642878506,1338,0
6305,-899.5804267020711,3046.236211441017,12,3176.287140672266,1329,0
6306,-1394.4909490748921,-2854.0839148399627,12,3176.5389970847204,1333,0
6307,2956.394574876453,1162.6397196212915,12,3176.790833529963,1335,0
6308,-2965.540249689812,1139.8118386249935,12,3177.042650012744,1331,0
6309,1416.8775382700876,-2843.8808064941286,12,3177.2944465378087,1333,0
6310,876.3219184402537,3054.318237391316,12,3177.546223109902,1332,0
6311,-2709.549495067883,-1660.3437998732013,12,3177.7979797337657,1328,0
6312,3119.73071039691,-606.0365456029763,12,3178.04971641414,1332,0
6313,-1891.1703071831644,2554.4226097552328,12,3178.3014331557665,1338,0
6314,-331.02376510511976,-3161.2692493578634,12,3178.55312996338,1332,0
6315,2379.6817253438744,2107.585083944276,12,3178.804806841716,1333,0
6316,-3178.6081339985417,53.38848638338737,12,3179.056463795508,1339,0
6317,2307.9259778055903,-2186.659022566186,12,3179.308100829487,1332,0
6318,-224.74362761595106,3171.6068958567394,12,3179.5597179483825,1329,0
6319,-1976.8271319260878,-2490.653426408596,12,3179.811315156923,1328,0
6320,3140.3114528669494,501.24243534707887,12,3180.062892459833,1330,0
6321,-2654.3622884575757,1751.7878985808363,12,3180.314449861837,1337,0
6322,773.9896311235244,-3084.953816658083,12,3180.5659873676573,1336,0
6323,1513.2601538663598,2797.792648986047,12,3180.8175049820134,1329,0
6324,-3005.9503743608516,-1040.8949739910627,12,3181.0690027096234,1336,0
6325,2919.839515609226,-1263.0665869568718,12,3181.320480555205,1326,0
6326,-1299.912306861505,2903.898757613633,12,3181.5719385234715,1334,0
6327,-1003.1198167846674,-3019.5613312489445,12,3181.823376619136,1325,0
6328,2779.573322339246,1549.0552429593874,12,3182.0747948469093,1332,0
6329,-3096.187237657442,735.4077708096225,12,3182.3261932115006,1335,0
6330,1786.4123994987858,-2633.9192734244893,12,3182.5775717176166,1334,0
6331,461.97848224835855,3149.123033788852,12,3182.8289303699626,1335,0
6332,-2468.0454789448904,-2010.1620615909776,12,3183.080269173243,1335,0
6333,3177.9557829010414,-184.92442219952463,12,3183.331588132157,1333,0
6334,-2218.586164045921,2283.216028479129,12,3183.582887251406,1333,0
6335,93.63351364718132,-3182.4570327220576,12,3183.834166535688,1332,0
6336,2080.840599873521,2410.0834835992723,12,3184.0854259896987,1330,0
6337,-3162.584623542986,-371.56224098994954,12,3184.336665618132,1340,0
6338,2583.1819404144508,-1862.4637077582563,12,3184.587885425679,1330,0
6339,-646.7328214721125,3118.483069960573,12,3184.8390854170325,1335,0
6340,-1629.7529159376363,-2736.5499142154836,12,3185.0902655968794,1329,0
6341,3050.482512892697,917.0367705473195,12,3185.341425969907,1331,0
6342,-2869.0064881875287,1384.4861034831165,12,3185.5925665407995,1331,0
6343,1180.4022139141657,-2959.0962494292976,12,3185.843687314241,1334,0
6344,1128.5378819126947,2979.530541727674,12,3186.0947882949117,1339,0
6345,-2845.016859020148,-1434.8097685376729,12,3186.3458694874917,1333,0
6346,3067.26862213608,-863.8652670755056,12,3186.5969308966583,1336,0
6347,-1678.3080267051516,2709.110955183833,12,3186.8479725270863,1334,0
6348,-592.4927154175462,-3131.541534480605,12,3187.09899438345,1339,0
6349,2552.41260256551,1909.0285242145446,12,3187.349996470423,1334,0
6350,-3171.8495988271,316.49663887688257,12,3187.600978792672,1335,0
6351,2125.2000780442404,-2376.115449274457,12,3187.8519413548684,1335,0
6352,37.989517029884276,3187.876534089085,12,3188.1028841616767,1334,0
6353,-2181.5636344234204,-2325.1623833533167,12,3188.3538072177626,1334,0
6354,3179.4919383571387,240.89627212134897,12,3188.604710527788,1337,0
6355,-2507.378765487858,1970.2415401114108,12,3188.8555940964147,1336,0
6356,518.0247787756848,-3146.752346241185,12,3189.106457928302,1338,0
6357,1743.7624659323897,2670.4479890844896,12,3189.3573020281065,1333,0
6358,-3089.9008546889927,-791.2728405501053,12,3189.608126400483,1333,0
6359,2813.1150334230424,-1503.856312527655,12,3189.8589310500865,1331,0
6360,-1058.54634880707,3009.365319702349,12,3190.109715981568,1330,0
6361,-1252.3563680737532,-2934.2807512821805,12,3190.3604811995774,1333,0
6362,2905.7551372919315,1317.7962976505696,12,3190.6112267087633,1337,0
6363,-3033.010336855628,991.1852987846984,12,3190.861952513772,1327,0
6364,1567.0344924120182,-2779.8566329203036,12,3191.1126586192468,1337,0
6365,722.3404503281906,3108.5405375866767,12,3191.363345029832,1336,0
6366,-2632.6270942574997,-1804.3487973729784,12,3191.6140117501677,1334,0
6367,3160.2855542060665,-447.8785726918088,12,3191.8646587848925,1336,0
6368,-2027.9178056162132,2465.1874925986303,12,3192.1152861386445,1330,0
6369,-169.9000851483665,-3187.8415834333077,12,3192.3658938160584,1334,0
6370,2278.8139481997937,2236.0248186212225,12,3192.616481821768,1332,0
6371,-3190.989968069836,-109.46699812119753,12,3192.867050160404,1331,0
6372,2427.0710281517686,-2074.9280046079466,12,3193.1175988365976,1329,0
6373,-388.0833589103627,3169.6989299516836,12,3193.368127854976,1332,0
6374,-1855.0857859956275,-2599.5877993630043,12,3193.618637220168,1336,0
6375,3124.1238720249767,663.8147574765607,12,3193.8691269367937,1331,0
6376,-2752.2479606242578,1620.9661203244248,12,3194.11959700948,1330,0
6377,934.5483813659945,-3054.606246783078,12,3194.370047442845,1341,0
6378,1374.3577188507759,2883.876013395044,12,3194.620478241508,1332,0
6379,-2961.6709992973015,-1198.2090351525992,12,3194.870889410087,1329,0
6380,2993.4571834975077,-1117.145510024173,12,3195.1212809531976,1337,0
6381,-1452.775047214758,2846.0226039492654,12,3195.371652875452,1335,0
6382,-851.2962320359768,-3080.145244192447,12,3195.622005181464,1332,0
6383,2708.5397248274085,1696.2937714416882,12,3195.872337875842,1335,0
6384,-3143.269050665029,578.8433943057181,12,3196.1226509631947,1335,0
6385,1926.8965651781436,-2550.268540194281,12,3196.3729444481282,1343,0
6386,301.87172272754435,3182.337735536174,12,3196.623218335248,1331,0
6387,-2372.414781814963,-2142.8131283492417,12,3196.873472629157,1328,0
6388,3197.044525127226,-22.50120783495062,12,3197.1237073344537,1329,0
6389,-2342.3850938925907,2176.3345496292154,12,3197.3739224557394,1328,0
6390,257.12912223439105,-3187.2691468558114,12,3197.624117997611,1332,0
6391,1963.52397184516,2524.078765012971,12,3197.874293964664,1329,0
6392,-3153.078808856377,-534.8775795832632,12,3198.1244503614926,1333,0
6393,2686.4969015713277,-1735.6077891757855,12,3198.3745871926885,1332,0
6394,-808.6162199914439,3094.7277438842257,12,3198.6247044628417,1337,0
6395,-1494.3269504521797,-2828.3894648991127,12,3198.8748021765405,1336,0
6396,3012.655320554072,1076.2471461226942,12,3199.124880338372,1338,0
6397,-2948.663238529827,1241.5253141771982,12,3199.37493895292,1337,0
6398,1335.7185857766706,-2907.482735909324,12,3199.624978024768,1333,0
6399,979.1355577522058,3046.390250697582,12,3199.8749975584983,1330,0
6400,-2780.0083142510584,-1585.0406217807133,12,3200.1249975586893,1335,0
6401,3120.8149338076682,-709.1644019006036,12,3200.3749780299186,1337,0
6402,-1822.3004531031206,2631.201447745908,12,3200.6249389767618,1330,0
6403,-433.6772634170632,-3171.3599655660482,12,3200.8748804037937,1335,0
6404,2462.195224871013,2045.6770699752146,12,3201.124802315586,1333,0
6405,-3197.630746678759,154.78245344560457,12,3201.3747047167094,1333,0
6406,2253.4552305967036,-2274.277802665356,12,3201.624587611733,1331,0
6407,-125.38495764127786,3199.4184803487797,12,3201.8744510052234,1337,0
6408,-2068.8825885792603,-2444.0386319928703,12,3202.1242949017455,1337,0
6409,3176.7018295787534,404.67948545855495,12,3202.3741193058627,1337,0
6410,-2615.9621740346074,1847.5773066424404,12,3202.6239242221377,1326,0
6411,680.9616616022776,-3129.647139124132,12,3202.8737096551276,1338,0
6412,1612.0520314760574,2767.903222263003,12,3203.123475609393,1339,0
6413,-3058.607219949495,-952.1144227837435,12,3203.3732220894904,1332,0
6414,2898.691783061957,-1364.1062813465426,12,3203.6229490999713,1337,0
6415,-1216.0593333718987,2964.1187050654858,12,3203.8726566453915,1332,0
6416,-1105.6352689767446,-3007.319512787878,12,3204.1223447303005,1328,0
6417,2846.8979965228013,1470.772517214835,12,3204.3720133592483,1340,0
6418,-3092.9474915857854,838.61541501048,12,3204.621662536781,1338,0
6419,1714.3001764384742,-2707.835834215771,12,3204.871292267445,1332,0
6420,565.089235026344,3154.9127018758127,12,3205.1209025557832,1336,0
6421,-2547.9905276044437,-1944.7735783987887,12,3205.37049340634,1340,0
6422,3192.7331615546736,-287.14971549541525,12,3205.6200648236527,1336,0
6423,-2160.4233956588682,2368.5799018588764,12,3205.869616812262,1333,0
6424,-6.924298374799559,-3206.111672118115,12,3206.119149376704,1333,0
6425,2170.9720196229696,2359.593289110258,12,3206.3686625215137,1333,0
6426,-3194.938152604106,-273.44140329266594,12,3206.6181562512243,1333,0
6427,2540.752629808846,-1956.6747491904302,12,3206.867630570367,1331,0
6428,-551.8000339398747,3159.2905410145413,12,3207.1170854834722,1331,0
6429,-1727.3242585194125,-2702.5082619541354,12,3207.3665209950673,1333,0
6430,3099.4342558734306,826.0189425904904,12,3207.6159371096783,1332,0
6431,-2843.6152164818363,1484.6725230140678,12,3207.86533383183,1337,0
6432,1093.9965223690383,-3015.8202216054674,12,3208.1147111660457,1335,0
6433,1230.5739423108005,2962.9862929999617,12,3208.3640691168453,1336,0
6434,-2909.081472389275,-1353.6783174009427,12,3208.613407688748,1333,0
6435,3059.7004362155785,-966.9711684544657,12,3208.862726886271,1332,0
6436,-1603.0727734759394,2780.028360096379,12,3209.112026713932,1333,0
6437,-695.8802536104873,-3133.0098424095327,12,3209.3613071762425,1330,0
6438,2629.6424025320002,1840.266511895962,12,3209.6105682777156,1327,0
6439,-3182.3457410527135,419.3752310326102,12,3209.859810022861,1330,0
6440,2063.439009195637,-2459.0688187461797,12,3210.1090324161896,1338,0
6441,139.57224704078124,3207.3228069304137,12,3210.3582354622044,1332,0
6442,-2269.607808098848,-2270.8765702734136,12,3210.607419165414,1331,0
6443,3207.742168505886,141.38663440776898,12,3210.8565835303207,1334,0
6444,-2460.9854875281367,2062.704639587524,12,3211.1057285614247,1336,0
6445,421.3498307868565,-3183.592989076318,12,3211.354854263228,1337,0
6446,1839.9386268677945,2632.304285100766,12,3211.6039606402283,1335,0
6447,-3135.0526081508397,-698.1727179764466,12,3211.853047696921,1336,0
6448,2783.5149540139137,-1603.0110731934824,12,3212.102115437802,1337,0
6449,-969.7340591459949,3062.4852415207215,12,3212.3511638673626,1334,0
6450,-1353.732278157791,-2913.4530919638496,12,3212.6001929900954,1334,0
6451,2966.43924954784,1233.9522595068452,12,3212.84920281049,1338,0
6452,-3021.116869645081,1094.0077056154155,12,3213.0981933330327,1334,0
6453,1488.8013225563386,-2847.6429941189076,12,3213.3471645622108,1333,0
6454,825.8234183180095,3105.674754664042,12,3213.596116502508,1332,0
6455,-2706.999315610332,-1732.3263853226945,12,3213.8450491584063,1336,0
6456,3166.4719334087595,-551.2308907659226,12,3214.093962534387,1333,0
6457,-1962.6587136596506,2545.5786716768052,12,3214.34285663493,1335,0
6458,-272.3313162403945,-3203.0353813523157,12,3214.5917314645108,1332,0
6459,2364.6109900820898,2178.0300423967983,12,3214.8405870276056,1328,0
6460,-3215.0775424790927,-8.740471760811005,12,3215.0894233286895,1335,0
6461,2376.7861504624884,-2165.4762974850837,12,3215.3382403722317,1339,0
6462,-289.83234082869683,3202.4985892596046,12,3215.5870381627055,1329,0
6463,-1949.6941956890453,-2557.399566609889,12,3215.835816704578,1333,0
6464,3165.38724539997,568.7913384178696,12,3216.0845760023167,1332,0
6465,-2718.4813082973997,1718.9122654858386,12,3216.333316060386,1333,0
6466,843.4801820971653,-3104.0201646267265,12,3216.5820368832497,1333,0
6467,1474.8934867173618,2858.7915633775583,12,3216.8307384753707,1336,0
6468,-3018.8598698270757,-1111.7936347846442,12,3217.0794208412076,1331,0
6469,2977.249232568162,-1219.5027704651968,12,3217.328083985219,1331,0
6470,-1371.674639686707,2910.5512678598093,12,3217.5767279118613,1329,0
6471,-954.6927064049672,-3072.940259155254,12,3217.8253526255894,1348,0
6472,2779.9167663325575,1621.1300910979153,12,3218.0739581308567,1338,0
6473,-3145.124681842576,682.4886340919044,12,3218.3225444321147,1334,0
6474,1858.2461203269686,-2627.950029260406,12,3218.571111533812,1338,0
6475,404.97315248593844,3193.242356252591,12,3218.8196594403976,1336,0
6476,-2455.808419086381,-2081.202779342861,12,3219.0681881563182,1337,0
6477,3216.9173009057395,-124.27018601955344,12,3219.316697686017,1324,0
6478,-2288.288009647907,2264.8041824629386,12,3219.565188033937,1337,0
6479,157.4712707006547,-3215.960633917014,12,3219.8136592045203,1337,0
6480,2056.394447020726,2477.910789003979,12,3220.062111202205,1334,0
6481,-3190.372077511951,-438.0936053311893,12,3220.3105440314293,1342,0
6482,2648.6133552056385,-1832.1701052648823,12,3220.5589576966295,1332,0
6483,-715.447111223469,3140.3400183804924,12,3220.807352202239,1338,0
6484,-1593.8436705269892,-2799.082412849085,12,3221.0557275526917,1336,0
6485,3066.240122959734,987.4064554943279,12,3221.304083752417,1332,0
6486,-2928.159237068007,1343.2361975368694,12,3221.552420805845,1340,0
6487,1251.8869653934714,-2968.6325178233037,12,3221.800738717403,1334,0
6488,1082.2633676575335,3034.8485963926723,12,3222.049037491515,1336,0
6489,-2848.257556298656,-1506.8606083469065,12,3222.2973171326075,1331,0
6490,3118.3264261210793,-812.9208449504399,12,3222.5455776451013,1334,0
6491,-1750.3715430011505,2706.0302033517237,12,3222.7938190334175,1334,0
6492,-537.2690151790183,-3177.946192956792,12,3223.0420413019747,1330,0
6493,2543.033081258052,1980.551122194824,12,3223.29024445519,1338,0
6494,-3213.243901829279,257.41722428180844,12,3223.5384284974793,1334,0
6495,2195.6322326032864,-2360.5082289950838,12,3223.7865934332563,1329,0
6496,-24.492362933604934,3223.9417060731616,12,3224.034739266933,1334,0
6497,-2159.847637985322,-2393.962861175843,12,3224.28286600292,1332,0
6498,3209.950092922477,306.3011605380923,12,3224.5309736456247,1332,0
6499,-2574.018784061699,1942.5826364140937,12,3224.7790621994554,1335,0
6500,585.850689963399,-3171.3686271181737,12,3225.0271316688177,1334,0
6501,1710.3722029590804,2734.4152807035184,12,3225.275182058114,1335,0
6502,-3108.4852464959226,-860.9991128434348,12,3225.523213371747,1329,0
6503,2873.9177829421906,-1464.9902992472832,12,3225.7712256141167,1330,0
6504,-1129.6376413943133,3021.774114513706,12,3226.0192187896214,1334,0
6505,-1208.3123176228087,-2991.4513773553126,12,3226.2671929026587,1326,0
6506,2911.892045698307,1389.7067007821925,12,3226.515147957622,1330,0
6507,-3086.1090875866234,942.3007479118654,12,3226.763083958908,1335,0
6508,1639.2117194233485,-2779.6735309933697,12,3227.0110009109044,1327,0
6509,668.9901725702067,3157.158872943281,12,3227.258898818005,1337,0
6510,-2626.124400625063,-1876.2384263311667,12,3227.5067776845954,1332,0
6511,3204.049289182406,-390.4717051077057,12,3227.754637515064,1332,0
6512,-2098.967538015003,2452.4141726794915,12,3228.002478313794,1332,0
6513,-108.87699063943278,-3226.41376777829,12,3228.2503000851716,1328,0
6514,2259.867145507612,2305.6887224114353,12,3228.498102833576,1329,0
6515,-3224.073480421642,-173.63810884099414,12,3228.745886563388,1335,0
6516,2494.8137325110274,-2049.9523019022645,12,3228.993651278986,1335,0
6517,-454.9100197815036,3197.0387664059367,12,3229.241396984747,1336,0
6518,-1824.272101897919,-2664.8886089735433,12,3229.489123685045,1337,0
6519,3145.509111511905,732.7840264331554,12,3229.736831384254,1333,0
6520,-2814.6048578420928,1584.550249822231,12,3229.9845200867453,1334,0
6521,1005.1307775439521,-3069.8716781054372,12,3230.2321897968886,1332,0
6522,1332.6185288458491,2942.8095175489575,12,3230.4798405190527,1334,0
6523,-2970.698397281374,-1269.8626037449383,12,3230.7274722576026,1333,0
6524,3048.514037650845,-1070.4028037359308,12,3230.9750850169053,1336,0
6525,-1524.9495207685416,2848.7416448508975,12,3231.2226788013236,1332,0
6526,-799.9082986137312,-3130.901901019718,12,3231.4702536152176,1330,0
6527,2704.9285339087587,1768.434795644503,12,3231.717809462949,1330,0
6528,-3189.334930636478,523.2042624272231,12,3231.965346348875,1328,0
6529,1998.4499566825825,-2540.353867207359,12,3232.2128642773514,1330,0
6530,242.40813923483344,3223.3582323459964,12,3232.4603632527346,1332,0
6531,-2356.271802989871,-2213.2291319325395,12,3232.707843279377,1336,0
6532,3232.703735241812,40.33063542317509,12,3232.95530436163,1332,0
6533,-2411.1226062487726,2154.0862976297226,12,3233.202746503844,1329,0
6534,322.8470882489922,-3217.2923021710576,12,3233.450169710366,1329,0
6535,1935.3403980164478,2590.6094927266704,12,3233.697573985545,1338,0
6536,-3177.2343937339406,-602.9772858691429,12,3233.9449593337235,1329,0
6537,2750.3094213224413,-1701.7044652303819,12,3234.192325759246,1337,0
6538,-878.5749097195244,3112.829280254754,12,3234.439673266453,1339,0
6539,-1454.9634195149133,-2888.99315469481,12,3234.6870018596856,1336,0
6540,3024.5628073265325,1147.5277009889753,12,3234.9343115432803,1333,0
6541,-3005.5920497450375,1197.0031038010825,12,3235.1816023215765,1332,0
6542,1407.7736498041995,-2913.1037315751328,12,3235.4288741989058,1334,0
6543,929.795870119458,3099.2062919252085,12,3235.676127179604,1335,0
6544,-2779.298654314887,-1657.3168043930107,12,3235.923361268002,1333,0
6545,3169.1118389589406,-655.3854989014336,12,3236.1705764684284,1334,0
6546,-1894.242579194709,2624.1655914148737,12,3236.4177727852125,1334,0
6547,-375.8715666487611,-3214.7660203170317,12,3236.6649502226824,1330,0
6548,2448.8862282851474,2116.7324443385255,12,3236.9121087851618,1334,0
6549,-3235.811749208747,93.39338136415606,12,3237.159248476973,1338,0
6550,2323.077883949627,-2254.796918816442,12,3237.4063693024386,1336,0
6551,-189.88639115945924,3232.0803143567514,12,3237.6534712658795,1334,0
6552,-2043.3784969369995,-2511.6935159878662,12,3237.900554371613,1336,0
6553,3203.592729767724,471.7982850534556,12,3238.1476186239565,1336,0
6554,-2681.1292730134023,1816.2449783524864,12,3238.3946640272243,1329,0
6555,750.1826491357501,-3150.5596317060354,12,3238.641690585731,1331,0
6556,1575.1312387647572,2830.0815501796765,12,3238.888698303787,1327,0
6557,-3073.379723213357,-1022.906191662261,12,3239.135687185704,1335,0
6558,2957.403234801589,-1321.8797626051696,12,3239.382657235789,1332,0
6559,-1287.8783281337705,2972.6367776644634,12,3239.6296084583496,1337,0
6560,-1058.426563440592,-3062.112540355651,12,3239.8765408576915,1334,0
6561,2849.0952238359387,1543.0672070636592,12,3240.1234544381177,1334,0
6562,-3143.4005768130755,786.7863837734018,12,3240.3703492039303,1335,0
6563,1786.5152906772223,-2703.6943459230893,12,3240.61722515943,1327,0
6564,509.03728721669694,3200.6375990141505,12,3240.864082308914,1328,0
6565,-2537.541142441676,-2016.3543712392898,12,3241.110920656681,1333,0
6566,3233.3778847520057,-227.30476105142435,12,3241.3577402070264,1342,0
6567,-2230.8199076506257,2351.9018983855713,12,3241.604540964243,1335,0
6568,56.25454939469219,-3241.363204837187,12,3241.851322932623,1332,0
6569,2148.192534706108,2428.264572453535,12,3242.0980861164585,1333,0
6570,-3224.524858097292,-339.4693498869074,12,3242.3448305200363,1331,0
6571,2607.1709050898785,-1927.9678087698514,12,3242.5915561476436,1328,0
6572,-620.1703237482288,3182.9842553085327,12,3242.8382630035676,1340,0
6573,-1692.909448042534,-2766.1629743614744,12,3243.084951092092,1327,0
6574,3117.052047139789,896.2067481455668,12,3243.331620417499,1337,0
6575,-2904.0169603312925,1444.8133077004093,12,3243.5782709840682,1325,0
6576,1165.4629731065718,-3027.2258023341415,12,3243.8249027960796,1328,0
6577,1185.5756500942757,3019.6705744010446,12,3244.0715158578114,1333,0
6578,-2914.186253498718,-1425.8746368173836,12,3244.3181101735386,1327,0
6579,3112.2312449529472,-917.1786510482202,12,3244.5646857475353,1328,0
6580,-1675.444493100128,2778.7921387790875,12,3244.8112425840736,1337,0
6581,-641.6752436102961,-3180.983005571967,12,3245.0577806874257,1335,0
6582,2622.0736785615723,1912.2577295423819,12,3245.30430006186,1334,0
6583,-3225.3920326169855,361.17341531579086,12,3245.5508007116455,1336,0
6584,2134.4966589644396,-2445.224736679564,12,3245.7972826410464,1338,0
6585,77.82007889672569,3245.1107893753806,12,3246.0437458543283,1329,0
6586,-2249.5937258557565,-2340.4546713385453,12,3246.2901903557545,1333,0
6587,3239.980744590009,206.21535996614472,12,3246.536616149585,1333,0
6588,-2528.5493392251146,2036.6733265558908,12,3246.783023240081,1333,0
6589,488.75761226129185,-3210.0336441315753,12,3247.0294116314994,1331,0
6590,1808.0890977600932,2697.3345759399394,12,3247.2757813280964,1334,0
6591,-3155.491325623819,-767.6421652780882,12,3247.5221323341275,1330,0
6592,2845.5117531735264,-1565.5870664231118,12,3247.768464653846,1335,0
6593,-1040.7318648484352,3076.764076995358,12,3248.014778291503,1330,0
6594,-1311.020390513977,-2971.939692466282,12,3248.261073251348,1335,0
6595,2974.447551109171,1305.9332929750494,12,3248.5073495376305,1336,0
6596,-3075.643453778075,1046.3351973588926,12,3248.753607154596,1333,0
6597,1561.2128155219868,-2849.3182596280662,12,3248.999846106491,1332,0
6598,773.5557056700275,3155.821853372802,12,3249.2460663975576,1335,0
6599,-2702.3276802526448,-1804.6121767682832,12,3249.4922680320387,1333,0
6600,3211.8536531316395,-494.7687448343348,12,3249.7384510141737,1333,0
6601,-2034.2635214139555,2534.5950219797437,12,3249.9846153482026,1333,0
6602,-212.10779003051874,-3243.3023734163867,12,3250.23076103836,1334,0
6603,2347.398703472652,2248.4037286339194,12,3250.4768880888846,1333,0
6604,-3249.9196922536357,-72.26336486789778,12,3250.7229965040083,1332,0
6605,2445.387948338516,-2142.166609328215,12,3250.9690862879634,1334,0
6606,-356.1671714700958,3231.6474043383805,12,3251.2151574449827,1326,0
6607,-1920.46519861461,-2623.7022355652603,12,3251.4612099792917,1334,0
6608,3188.6179244360496,637.4290015092989,12,3251.707243895121,1331,0
6609,-2781.975186095258,1683.9875486327846,12,3251.953259196694,1330,0
6610,913.8938040726667,-3121.153330882287,12,3252.199255888237,1336,0
6611,1434.5404252948044,2918.988483737988,12,3252.445233973971,1334,0
6612,-3029.76295605256,-1183.442618013925,12,3252.691193458119,1333,0
6613,3033.686278284388,-1174.0304787138264,12,3252.9371343448984,1338,0
6614,-1444.0088128409332,2915.139541846619,12,3253.1830566385283,1335,0
6615,-904.4496696334409,-3125.18332183889,12,3253.4289603432253,1338,0
6616,2778.1539891562993,1693.593933779565,12,3253.6748454632034,1344,0
6617,-3192.771800923858,627.860037926784,12,3253.9207120026754,1336,0
6618,1930.2830293496463,-2619.848741168992,12,3254.166559965854,1330,0
6619,346.37792980562483,3235.926811555473,12,3254.4123893569476,1335,0
6620,-2441.4298506990735,-2152.2593440650917,12,3254.658200180166,1332,0
6621,3254.310435003957,-62.15780421115771,12,3254.9039924397152,1336,0
6622,-2357.8182633616757,2244.2577920012063,12,3255.1497661398007,1333,0
6623,222.6242575216151,-3247.774382552296,12,3255.3955212846254,1332,0
6624,2029.8370869592807,2545.380403869854,12,3255.641257878392,1326,0
6625,-3216.361188591442,-505.78721269190373,12,3255.8869759253002,1331,0
6626,2713.5037483620085,-1799.804824869999,12,3256.1326754295496,1337,0
6627,-785.1617612008502,3160.303942463126,12,3256.378356395337,1338,0
6628,-1555.9181632905331,-2860.8947322721638,12,3256.624018826859,1335,0
6629,3080.0245606583867,1058.6069647140591,12,3256.869662728308,1327,0
6630,-2986.418196429897,1300.0409055227472,12,3257.1152881038774,1333,0
6631,1324.0266535105327,-2976.130612186518,12,3257.360894957757,1333,0
6632,1034.1292571144527,3089.1061295429636,12,3257.6064832941374,1331,0
6633,-2849.4107209569434,-1579.3854954682952,12,3257.8520531172067,1337,0
6634,3168.165133002656,-760.2168703904581,12,3258.09760443115,1335,0
6635,-1822.724603822594,2700.8285800138756,12,3258.343137240153,1329,0
6636,-480.3992911825918,-3222.9825505316135,12,3258.588651548397,1332,0
6637,2531.5156229848512,2052.1765641834086,12,3258.834147360065,1334,0
6638,-3253.1312152534556,196.81792688568555,12,3259.0796246793366,1330,0
6639,2265.979765368045,-2342.7624085558873,12,3259.325083510388,1331,0
6640,-88.35634168734467,3258.3727774586546,12,3259.5705238573987,1328,0
6641,-2136.0087834785118,-2462.49192423095,12,3259.8159457245433,1333,0
6642,3238.6595871137774,372.9397790475248,12,3260.0613491159947,1332,0
6643,-2640.2027005020673,1912.832899199925,12,3260.306734035925,1332,0
6644,654.7525173326985,-3194.1351162789742,12,3260.552100488505,1338,0
6645,1674.9391657743722,2797.7453048758834,12,3260.7974484779024,1332,0
6646,-3125.1329177553207,-931.6352539283369,12,3261.042778008286,1336,0
6647,2933.907011005431,-1424.1452351404255,12,3261.288089083821,1332,0
6648,-1201.465796689568,3032.174127484288,12,3261.533381708671,1338,0
6649,-1162.368113027349,-3047.638490670644,12,3261.7786558869993,1334,0
6650,2915.963529421305,1462.175329803114,12,3262.0239116229664,1330,0
6651,-3138.061900159708,891.6095057624966,12,3262.2691489207323,1332,0
6652,1711.7642757977765,-2777.3842125464953,12,3262.514367784455,1327,0
6653,613.9405138214402,3204.4776556388506,12,3262.759568218289,1338,0
6654,-2617.4908605757946,-1948.3176319076376,12,3263.0047502263924,1329,0
6655,3246.3698451450045,-331.4857893382427,12,3263.2499138129156,1336,0
6656,-2170.019663331495,2437.5017252823977,12,3263.495058982011,1330,0
6657,-46.40727858297413,-3263.4102353970948,12,3263.740185737829,1340,0
6658,2238.7893446055014,2375.1678404864087,12,3263.9852940845185,1332,0
6659,-3255.4608422695687,-239.11232600915292,12,3264.2303840262252,1334,0
6660,2562.1859134303854,-2022.870076158847,12,3264.4754555670957,1331,0
6661,-522.8862977800227,3222.5750448350927,12,3264.720508711274,1339,0
6662,-1791.3925260711055,-2729.6360229042602,12,3264.965543462902,1331,0
6663,3164.9972339948704,802.7406236168819,12,3265.2105598261196,1327,0
6664,-2876.229755072923,1546.1249613252974,12,3265.4555578050667,1332,0
6665,1076.5306594647259,-3083.160997942281,12,3265.7005374038813,1333,0
6666,1288.9418018509205,3000.838054850895,12,3265.945498626699,1330,0
6667,-2977.6858579411637,-1342.157565793673,12,3266.1904414776554,1331,0
6668,3102.499921647813,-1021.8092954046344,12,3266.4353659608823,1335,0
6669,-1597.5843972509383,2849.372578947927,12,3266.6802720805117,1345,0
6670,-746.7704848806624,-3180.429820466268,12,3266.9251598406718,1329,0
6671,2699.1970906228507,1840.8517229731299,12,3267.170029245494,1330,0
6672,-3234.023751282556,465.92958281301003,12,3267.414880299103,1332,0
6673,2070.09265794808,-2528.3030648064037,12,3267.6597130056243,1334,0
6674,181.43587275280606,3262.86392975227,12,3267.9045273691827,1327,0
6675,-2337.993205996049,-2283.547189947323,12,3268.1493233938986,1329,0
6676,3266.7220430232364,104.53273949384997,12,3268.3941010838944,1332,0
6677,-2479.575692240021,2129.7193210497057,12,3268.6388604432886,1329,0
6678,389.7863986965634,-3245.5610552554954,12,3268.8836014761982,1334,0
6679,1905.0712439249096,2656.6715181915883,12,3269.12832418674,1329,0
6680,-3199.5355486029393,-672.1400696477539,12,3269.373028579027,1330,0
6681,2813.472581143183,-1665.7646998167277,12,3269.6177146571736,1335,0
6682,-949.430274619605,3128.9905966039173,12,3269.8623824252904,1335,0
6683,-1413.6282014699725,-2948.771830442086,12,3270.107031887488,1332,0
6684,3034.4591781563745,1219.5316708075034,12,3270.351663047875,1325,0
6685,-3061.526543167006,1150.5890775962914,12,3270.5962759105564,1333,0
6686,1480.3733405496534,-2916.658151479165,12,3270.8408704796384,1333,0
6687,878.6587403108044,3150.8663599199867,12,3271.085446759225,1335,0
6688,-2776.482818419488,-1729.9546696435075,12,3271.3300047534185,1328,0
6689,3216.100002847265,-599.9173040393352,12,3271.574544466319,1333,0
6690,-1966.3606918365267,2615.00012038244,12,3271.819065902025,1331,0
6691,-316.49767368851604,-3256.7206239635843,12,3272.063569064636,1333,0
6692,2433.440517511716,2187.776781971212,12,3272.3080539582456,1340,0
6693,-3272.4097424630927,30.56922361847444,12,3272.5525205869503,1337,0
6694,2392.5025848819196,-2233.188613022495,12,3272.7969689548418,1330,0
6695,-255.67880750817528,3263.0397403941,12,3273.041399066012,1334,0
6696,-2015.7725940182704,-2578.965073281306,12,3273.2858109245517,1334,0
6697,3228.674897177505,540.0540790845197,12,3273.5302045345484,1334,0
6698,-2745.730634212433,1782.8525694367972,12,3273.774579900088,1336,0
6699,820.377939590553,-3169.5709545982972,12,3274.0189370252583,1333,0
6700,1536.2078939897387,2891.5160913340274,12,3274.2632759141406,1330,0
6701,-3086.1732151566766,-1094.502117882602,12,3274.507596570819,1338,0
6702,3015.1985781723483,-1277.7235750300017,12,3274.751898999373,1339,0
6703,-1360.3251866755143,2979.1131879296277,12,3274.996183203883,1334,0
6704,-1009.3758660367325,-3115.824186481419,12,3275.240449188426,1337,0
6705,2849.2038071613147,1615.8086722311746,12,3275.484696957078,1332,0
6706,-3192.6153230074074,733.2171569857773,12,3275.728926513914,1331,0
6707,1858.9926865737546,-2697.4332598352257,12,3275.973137863007,1336,0
6708,451.3602769584799,3244.9767180033764,12,3276.21733100843,1327,0
6709,-2524.957469020295,-2088.010962528364,12,3276.461505954251,1329,0
6710,3272.5000390035025,-165.96232922586415,12,3276.7056627045404,1335,0
6711,-2301.1051760746996,2333.091290250389,12,3276.949801263364,1332,0
6712,120.79181769712685,-3274.967074151651,12,3277.1939216347882,1333,0
6713,2123.298487885011,2496.638446260337,12,3277.438023822877,1335,0
6714,-3252.3514602407035,-406.7062564925233,12,3277.682107831691,1337,0
6715,2673.1079088741335,-1897.1805679783233,12,3277.9261736652943,1332,0
6716,-689.590857111105,3204.818941810718,12,3278.1702213277454,1332,0
6717,-1656.464552724378,-2829.156267435156,12,3278.4142508231016,1334,0
6718,3132.7261588823594,967.2780435087839,12,3278.6582621554203,1331,0
6719,-2963.582232588135,1402.989789944292,12,3278.9022553287564,1340,0
6720,1237.6394027218691,-3036.617972157554,12,3279.1462303471617,1329,0
6721,1138.6938982122947,3075.349769729305,12,3279.3901872146903,1335,0
6722,-2917.2233457713482,-1498.601998826446,12,3279.6341259353917,1333,0
6723,3163.596083572345,-865.5979551764891,12,3279.878046513315,1335,0
6724,-1748.1642669192213,2775.449818654047,12,3280.121948952508,1332,0
6725,-585.7910421327801,-3227.6382782085407,12,3280.3658332570167,1333,0
6726,2612.3766064942834,1984.4113650756524,12,3280.609699430885,1326,0
6727,-3266.97864118049,301.4142632167214,12,3280.8535474781556,1334,0
6728,2205.529866706764,-2429.246386652544,12,3281.097377402871,1331,0
6729,14.64436128282076,3281.3085107442453,12,3281.3411892090708,1330,0
6730,-2227.4558286512124,-2409.821680416985,12,3281.5849829007934,1328,0
6731,3270.5106962350965,272.3229439687856,12,3281.8287584820755,1331,0
6732,-2595.717090668901,2008.5449422926474,12,3282.0725159569524,1337,0
6733,557.2897682657822,-3234.660432593547,12,3282.3162553294587,1330,0
6734,1774.1853247636707,2761.7868189621786,12,3282.5599766036266,1330,0
6735,-3174.0248612954692,-838.0728965181231,12,3282.803679783486,1328,0
6736,2906.7530129867478,-1526.1673962879906,12,3283.047364873069,1339,0
6737,-1112.520509309925,3089.061041217021,12,3283.2910318764007,1329,0
6738,-1266.3867219400265,-3029.4990791373402,12,3283.534680797509,1334,0
6739,2980.4125042575606,1378.5286737914366,12,3283.778311640419,1340,0
6740,-3129.0782828423967,996.8295239628877,12,3284.0219244091536,1333,0
6741,1634.057472773257,-2848.904381630573,12,3284.265519107735,1330,0
6742,719.557495483206,3204.721050371457,12,3284.5090957401835,1337,0
6743,-2695.53713778513,-1877.146648192716,12,3284.752654310519,1326,0
6744,3255.8409158876707,-436.69203156427267,12,3284.996194822758,1330,0
6745,-2105.930639161559,2521.47895946815,12,3285.239717280917,1336,0
6746,-150.39799838568044,-3282.0390677262785,12,3285.4832216890104,1333,0
6747,2328.0568579119295,2318.652899062133,12,3285.7267080510514,1328,0
6748,-3283.107458710659,-137.13283544956155,12,3285.9701763710514,1330,0
6749,2513.679381975764,-2116.7465518171853,12,3286.2136266530215,1328,0
6750,-423.69857848514164,3259.030456223088,12,3286.4570589009677,1332,0
6751,-1889.1612083770628,-2689.511094746277,12,3286.7004731189004,1334,0
6752,3209.9850189754698,707.1040785860692,12,3286.9438693108223,1338,0
6753,-2844.7956183985402,1647.0391281145887,12,3287.1872474807387,1335,0
6754,985.1777383958621,-3136.3393986890537,12,3287.4306076326543,1326,0
6755,1392.2304676888875,2978.337510229286,12,3287.673949770567,1329,0
6756,-3038.6503761744693,-1255.7881554524856,12,3287.917273898478,1337,0
6757,3089.10750667895,-1126.6831019322883,12,3288.160580020386,1335,0
6758,-1516.8604592683557,2917.6590525810575,12,3288.403868140287,1332,0
6759,-852.4277333137994,-3176.250456037354,12,3288.647138262176,1336,0
6760,2774.2852275759683,1766.3922203332304,12,3288.8903903900477,1341,0
6761,-3239.091919932946,571.5623624987049,12,3289.1336245278935,1332,0
6762,2002.468808879033,-2609.620407160127,12,3289.3768406797053,1327,0
6763,286.2362388978587,3277.1433925816564,12,3289.6200388494717,1338,0
6764,-2424.9194941924698,-2223.2780857745474,12,3289.863219041181,1333,0
6765,3290.1060974446586,1.3665860670461099,12,3290.1063812588186,1335,0
6766,-2427.1243126623035,2221.5912249744647,12,3290.3495255063713,1329,0
6767,289.0439771874289,-3277.8733317887177,12,3290.5926517878197,1329,0
6768,2001.1874246666903,2612.441174716839,12,3290.8357601071493,1327,0
6769,-3240.531340751015,-574.5925770582412,12,3291.0788504683383,1326,0
6770,2777.8038158680674,-1765.3911636090188,12,3291.321922875367,1331,0
6771,-855.8246821090887,3178.3587137849745,12,3291.564977332211,1326,0
6772,-1516.0039048024742,-2921.939794147657,12,3291.8080138428486,1337,0
6773,3091.8243076817876,1130.5850036277836,12,3292.0510324112533,1334,0
6774,-3043.738872804351,1254.9317408447753,12,3292.294033041399,1336,0
6775,1396.767185548731,-2981.583711616073,12,3292.5370157372568,1336,0
6776,984.1708253137597,3142.261571957566,12,3292.779980502797,1332,0
6777,-2848.47428090256,-1652.3299522300754,12,3293.0229273419886,1330,0
6778,3216.746414826654,-705.7921101144932,12,3293.265856258799,1331,0
6779,-1895.3127626067842,2693.508777022982,12,3293.5087672571935,1337,0
6780,-421.9255053178779,-3266.615812727639,12,3293.7516603411373,1344,0
6781,2517.867662299313,2123.850850494778,12,3293.9945355145933,1333,0
6782,-3291.480543294585,134.74358282748844,12,3294.2373927815224,1335,0
6783,2336.1895358314496,-2322.8901077475953,12,3294.480232145884,1334,0
6784,-153.5550516211055,3291.142787258195,12,3294.7230536116385,1329,0
6785,-2110.0637827109863,-2530.6976968597814,12,3294.9658571827413,1329,0
6786,3265.597700063569,440.7625906761259,12,3295.2086428631496,1338,0
6787,-2705.880299968334,1881.0135040034338,12,3295.451410656816,1335,0
6788,724.678933123002,-3215.0335058732603,12,3295.6941605676943,1336,0
6789,1637.4888312989806,2860.38989079655,12,3295.9368925997355,1337,0
6790,-3139.8301128006033,-1003.1285375018269,12,3296.17960675689,1335,0
6791,2993.036958410628,-1381.3507033291926,12,3296.422303043103,1332,0
6792,-1273.9770926712551,3040.5562595270126,12,3296.6649814623265,1330,0
6793,-1114.5572171180017,-3102.7990927177634,12,3296.907642018502,1339,0
6794,2917.9652147598827,1535.1478773887914,12,3297.1502847155753,1328,0
6795,-3188.8288647232825,839.1486587653102,12,3297.392909557488,1337,0
6796,1784.637683692519,-2772.9890619951243,12,3297.6355165481823,1329,0
6797,557.2319003854041,3250.46036880822,12,3297.8781056915977,1328,0
6798,-2606.7316130096974,-2020.53218181148,12,3298.120676991671,1339,0
6799,3287.2143765946653,-270.9642823498073,12,3298.3632304523408,1332,0
6800,-2241.0206089242533,2420.4600038787607,12,3298.605766077541,1337,0
6801,17.462895680520127,-3298.8020624575906,12,3298.848283871206,1336,0
6802,2215.595037596305,2444.4096688932136,12,3299.090783837268,1332,0
6803,-3285.127271767521,-305.8411487836214,12,3299.333265979659,1335,0
6804,2629.1365364321623,-1993.7003467917368,12,3299.5757303023065,1331,0
6805,-591.9617172733782,3246.2873140377997,12,3299.8181768091404,1337,0
6806,-1756.470459327115,-2793.780865692797,12,3300.0606055040867,1332,0
6807,3182.5722744748714,873.6324843684803,12,3300.3030163910707,1334,0
6808,-2937.0757111309645,1505.7178577291763,12,3300.545409474016,1334,0
6809,1148.6947712638957,-3094.4628487786026,12,3300.7877847568448,1336,0
6810,1243.3591314257746,3057.9172765626186,12,3301.030142243478,1336,0
6811,-2982.626717317157,-1415.0398811149757,12,3301.272481937837,1330,0
6812,3155.373417500211,-971.4003274309927,12,3301.5148038438356,1326,0
6813,-1670.6252649554342,2847.9134860617846,12,3301.757107965394,1334,0
6814,-691.9216116160105,-3228.6908311850952,12,3301.999394306425,1336,0
6815,2691.348232552279,1913.4901857960288,12,3302.241662870844,1335,0
6816,-3277.3008789376668,407.0613576776776,12,3302.483913662563,1332,0
6817,2141.770760601303,-2514.1237059924706,12,3302.7261466854925,1335,0
6818,118.99978568738243,3300.823995763233,12,3302.9683619435414,1328,0
6819,-2317.591240735234,-2353.714264915629,12,3303.210559440618,1338,0
6820,3299.072653071506,170.05772477524977,12,3303.4527391806287,1331,0
6821,-2547.692590195376,2103.2504524814867,12,3303.6949011674797,1338,0
6822,457.89751899773046,-3272.0528513604,12,3303.9370454050727,1335,0
6823,1872.737795641255,2722.2147506720944,12,3304.179171897311,1330,0
6824,-3219.9641310148772,-742.3146199406328,12,3304.4212806480955,1336,0
6825,2875.9383435316527,-1627.8140692979698,12,3304.663371661326,1328,0
6826,-1021.1296194528918,3143.198100705075,12,3304.9054449408986,1340,0
6827,-1370.3509670246497,-3007.6798744505054,12,3305.147500490712,1337,0
6828,3042.3354942051506,1292.2053786838626,12,3305.3895383146605,1339,0
6829,-3116.4238689549134,1102.316773440415,12,3305.631558416636,1333,0
6830,1553.4634095700355,-2918.141777763212,12,3305.8735608005336,1330,0
6831,825.7613166987645,3201.330699544164,12,3306.115545470243,1335,0
6832,-2771.5613412415287,-1802.899811896229,12,3306.3575124296526,1334,0
6833,3261.7430682154354,-542.8002919569575,12,3306.5994616826515,1336,0
6834,-2038.6006437500168,2603.710317086372,12,3306.841393233126,1329,0
6835,-255.59907586035257,-3297.1910943133603,12,3307.083307084961,1331,0
6836,2415.868081758999,2258.7566074143747,12,3307.3252032420396,1333,0
6837,-3307.3959683921676,-33.64384435876746,12,3307.5670817082455,1328,0
6838,2461.6769380928026,-2209.46750427836,12,3307.808942487459,1334,0
6839,-322.7137001717345,3292.272143629908,12,3308.050785583559,1336,0
6840,-1986.084016321612,-2645.8023887115637,12,3308.2926110004237,1332,0
6841,3251.928047598726,609.3964007448182,12,3308.53441874193,1338,0
6842,-2809.717211259758,1747.4235870992152,12,3308.776208811953,1330,0
6843,891.495491580089,-3186.665308514902,12,3309.017981214366,1331,0
6844,1495.3096949171147,2952.160042458214,12,3309.2597359530423,1335,0
6845,-3096.976501447869,-1166.8489831506563,12,3309.501473031853,1335,0
6846,3072.033610147481,-1231.6693948151167,12,3309.7431924546654,1331,0
6847,-1433.345920401769,2983.541431330828,12,3309.9848942253498,1333,0
6848,-958.5185888985081,-3168.413185608217,12,3310.226578347772,1333,0
6849,2847.221980783636,1688.942566265209,12,3310.468244825798,1335,0
6850,-3240.5537168247556,677.9466117425927,12,3310.709893663291,1334,0
6851,1931.6780749392071,-2689.0555618653843,12,3310.9515248641137,1335,0
6852,392.1002489064716,3287.895587576875,12,3311.193138432128,1335,0
6853,-2510.247221410799,-2159.6895349562083,12,3311.434734371191,1333,0
6854,3310.0689578934152,-103.16731066766971,12,3311.676312685163,1337,0
6855,-2371.2262664563214,2312.160460103843,12,3311.9178733779013,1329,0
6856,186.6401131460547,-3306.8966521747893,12,3312.1594164532603,1331,0
6857,2096.306835157173,2564.6632630568324,12,3312.400941915094,1332,0
6858,-3278.3955724778016,-475.1025892982987,12,3312.642449767255,1335,0
6859,2738.513674968772,-1864.3344260108026,12,3312.883940013595,1334,0
6860,-760.0103384024784,3224.7766256783357,12,3313.125412657964,1339,0
6861,-1618.0152509007,-2891.440237641571,12,3313.3668677042087,1334,0
6862,3146.4431646345165,1039.1801632656052,12,3313.608305156178,1340,0
6863,-3022.2655579519537,1359.2317305071151,12,3313.8497250177174,1331,0
6864,1310.4721784454885,-3043.98795489081,12,3314.09112729267,1333,0
6865,1089.9623019734017,3129.981178901375,12,3314.332511984879,1335,0
6866,-2918.188689681872,-1571.8062130596122,12,3314.573879098187,1329,0
6867,3213.7553529466913,-812.2662934078256,12,3314.815228636432,1329,0
6868,-1821.1777609247586,2770.002087203741,12,3315.056560603454,1336,0
6869,-528.2681742917748,-3272.9394641561025,12,3315.2978750030893,1336,0
6870,2600.556614901137,2056.6733558574497,12,3315.539171839175,1329,0
6871,-3307.073049521653,240.14130241912764,12,3315.780451115544,1328,0
6872,2276.485254034549,-2411.143896196006,12,3316.0217128360305,1333,0
6873,-49.90870842488004,3315.8873806001557,12,3316.262957004465,1333,0
6874,-2203.20886497056,-2478.9253109593956,12,3316.504183624679,1335,0
6875,3299.3075776055152,339.6608725697269,12,3316.745392700501,1334,0
6876,-2662.437946344342,1978.3387429522086,12,3316.986584235758,1332,0
6877,626.8958393391898,-3257.453239360346,12,3317.227758234276,1342,0
6878,1738.2509239930857,2825.6120974467085,12,3317.4689146998808,1335,0
6879,-3190.637583829635,-909.4128922847909,12,3317.7100536363932,1332,0
6880,2967.192068884381,-1484.7798578744357,12,3317.951175047638,1337,0
6881,-1185.046810706428,3099.3651053779586,12,3318.192278937434,1332,0
6882,-1219.8630336215142,-3086.087195657912,12,3318.4333653096005,1330,0
6883,2984.327766305769,1451.6844640817853,12,3318.6744341679555,1337,0
6884,-3181.3802449003665,945.5261695784436,12,3318.9154855163156,1335,0
6885,1707.2810124561845,-2846.3997513537315,12,3319.1565193584947,1330,0
6886,663.8677233254132,3252.3344917038794,12,3319.397535698308,1340,0
6887,-2686.6308249818744,-1949.8755884048628,12,3319.6385345395656,1329,0
6888,3298.3994143756213,-377.0428400680171,12,3319.8795158860808,1336,0
6889,-2177.6063404309307,2506.2383418412164,12,3320.1204797416613,1335,0
6890,-87.24686205511766,-3319.214965177992,12,3320.3614261101156,1336,0
6891,2306.597971346868,2388.724722227012,12,3320.60235499525,1336,0
6892,-3314.614383366688,-203.30147461017447,12,3320.84326640087,1337,0
6893,2581.608918334116,-2089.233206891407,12,3321.084160330779,1327,0
6894,-492.3770272930034,3284.625528579187,12,3321.3250367887813,1336,0
6895,-1855.803739807662,-2754.7763029538164,12,3321.5658957786763,1335,0
6896,3229.4707239324202,777.7652880293712,12,3321.806737304264,1335,0
6897,-2906.8948363076406,1608.092786703545,12,3322.047561369343,1330,0
6898,1057.2793483385437,-3149.5651095947874,12,3322.2883679777105,1331,0
6899,1347.9934670851471,3036.793310829001,12,3322.529157133162,1333,0
6900,-3045.513519016621,-1328.776657488758,12,3322.7699288394915,1332,0
6901,3143.4703685167665,-1077.4943351391987,12,3323.010683100492,1336,0
6902,-1590.1754459355177,2918.105901290044,12,3323.251419919956,1331,0
6903,-798.664176404927,-3226.1022199129775,12,3323.4921393016716,1332,0
6904,2768.3113243464645,1839.4706878597233,12,3323.7328412494285,1329,0
6905,-3284.0490052679434,513.6361854451384,12,3323.973525767015,1337,0
6906,2074.7494806322447,-2597.27060442616,12,3324.214192858216,1330,0
6907,224.59164571239276,3316.859748719593,12,3324.4548425268167,1337,0
6908,-2406.287617947532,-2294.2057230580676,12,3324.6954747766,1337,0
6909,3324.2758672011346,66.25676376149097,12,3324.936089611348,1333,0
6910,-2496.153979890363,2196.819361867858,12,3325.176687034841,1328,0
6911,356.68190691302107,-3306.233206729509,12,3325.4172670508588,1328,0
6912,1970.4648384309205,2679.042426037223,12,3325.6578296631787,1333,0
6913,-3262.8625900670604,-644.4592449029437,12,3325.898374875576,1333,0
6914,2841.464771230445,-1728.9528489395873,12,3326.138902691828,1326,0
6915,-927.3838752945678,3194.4888711409885,12,3326.3794131157074,1329,0
6916,-1474.1287898593646,-2982.1710733805603,12,3326.619906150986,1336,0
6917,3101.6285030157674,1203.2874258796899,12,3326.8603818014367,1334,0
6918,-3100.077357560728,1207.9405519889176,12,3327.1008400708265,1333,0
6919,1470.0546735197343,-2984.985637630906,12,3327.341280962925,1334,0
6920,932.423630611256,3194.2739665028303,12,3327.5817044814994,1333,0
6921,-2845.4467867198937,-1725.6397607685772,12,3327.8221106303145,1335,0
6922,3264.0325783948447,-649.6855602344116,12,3328.0624994131344,1332,0
6923,-1968.0818857723298,2684.0740844646657,12,3328.3028708337233,1334,0
6924,-361.8897931182276,-3308.8118377503497,12,3328.54322489584,1333,0
6925,2502.0972029889076,2195.520345338454,12,3328.783561603247,1344,0
6926,-3328.2615558654356,71.23914477438898,12,3329.023880959702,1328,0
6927,2406.2088155893216,-2300.9039823035278,12,3329.2641829689633,1338,0
6928,-220.041066696056,3322.225448245086,12,3329.504467634786,1338,0
6929,-2082.0298460238964,-2598.5287607155146,12,3329.7447349609247,1336,0
6930,3290.7423876459293,509.72005861097085,12,3329.984984951134,1330,0
6931,-2771.00186673219,1847.1460837104141,12,3330.225217609164,1331,0
6932,795.578668419015,-3234.046162681762,12,3330.4654329387663,1328,0
6933,1598.0470890892034,2922.301404895382,12,3330.7056309436894,1336,0
6934,-3152.563743406216,-1075.4263544104672,12,3330.9458116276824,1330,0
6935,3051.262437293473,-1336.636651735203,12,3331.1859749944915,1330,0
6936,-1347.117981996377,3046.9120667623492,12,3331.4261210478617,1337,0
6937,-1064.913406828579,-3156.890786194028,12,3331.6662497915363,1333,0
6938,2917.8933660465077,1608.5702671570734,12,3331.9063612292584,1336,0
6939,-3238.3706980018906,784.9555543613587,12,3332.1464553647697,1326,0
6940,1857.7777508239187,-2766.4890797802946,12,3332.386532201809,1331,0
6941,498.9049644095085,3295.0711428567897,12,3332.626591744116,1333,0
6942,-2593.8523861842136,-2092.828181835877,12,3332.8666339954257,1336,0
6943,3326.5507011421514,-208.95079021305713,12,3333.1066589594757,1329,0
6944,-2311.9171903089787,2401.2994201377387,12,3333.3466666400004,1331,0
6945,82.68728569876049,-3332.560999109209,12,3333.586657040731,1337,0
6946,2190.299239393698,2513.3621390303842,12,3333.826630165402,1334,0
6947,-3313.0486668607255,-373.7760439251978,12,3334.066586017742,1328,0
6948,2695.6150463818885,-1962.462616642561,12,3334.30652460148,1340,0
6949,-662.0858293107847,3268.1558032973044,12,3334.546445920344,1333,0
6950,-1719.5297428414126,-2857.274481649207,12,3334.786349978061,1329,0
6951,3198.2189440166026,945.4076296145118,12,3335.0262367783557,1335,0
6952,-2997.0963411872276,1463.3569358301256,12,3335.266106324951,1332,0
6953,1221.5700010530709,-3103.7665396300667,12,3335.50595862157,1336,0
6954,1195.9024555641777,3114.003422730227,12,3335.745793671934,1340,0
6955,-2985.5149634279896,-1488.45571084516,12,3335.985611479762,1333,0
6956,3207.0937240480803,-919.2115345073826,12,3336.2254120487723,1335,0
6957,-1744.017969437223,2844.363078490519,12,3336.4651953826815,1326,0
6958,-635.4007374931674,-3275.647402086058,12,3336.7049614852076,1330,0
6959,2681.3854054920166,1986.2961277751147,12,3336.9447103600623,1335,0
6960,-3319.1323388363385,346.64177083960345,12,3337.184442010959,1328,0
6961,2213.4307193649333,-2497.8239430695735,12,3337.424156441611,1333,0
6962,55.144864343831856,3337.2082709858705,12,3337.663853655728,1330,0
6963,-2295.07870312662,-2423.677731558929,12,3337.9035336570173,1334,0
6964,3329.7294512373996,236.85814649761238,12,3338.1431964491876,1325,0
6965,-2615.4219967352187,2074.6970330613485,12,3338.382842035946,1331,0
6966,527.1309086881491,-3296.7458205184103,12,3338.6224704209967,1331,0
6967,1838.36180646751,2787.189600389883,12,3338.862081608044,1329,0
6968,-3238.5026816749405,-813.4496793190201,12,3339.1016756007893,1329,0
6969,2937.6592109218846,-1587.8785723366284,12,3339.3412524029345,1330,0
6970,-1093.6203615994752,3155.438876716681,12,3339.5808120181787,1335,0
6971,-1325.1617610485052,-3065.672243905866,12,3339.8203544502217,1335,0
6972,3048.18348112455,1365.4953187028582,12,3340.0598797027574,1335,0
6973,-3170.241782807474,1052.2200523377649,12,3340.2993877794847,1338,0
6974,1626.9898364784474,-2917.5510401697925,12,3340.5388786840967,1335,0
6975,771.1410172275781,3250.560187344516,12,3340.778352420286,1334,0
6976,-2764.5353832440496,-1876.098109052849,12,3341.017808991745,1328,0
6977,3306.005330903565,-484.0751512288216,12,3341.257248402164,1336,0
6978,-2110.9086245578783,2590.3020632287594,12,3341.496670655232,1332,0
6979,-193.21942111307126,-3336.1454187886848,12,3341.7360757546367,1336,0
6980,2396.179478356159,2329.618833093689,12,3341.9754637040646,1336,0
6981,-3340.742350056387,-99.19954909036093,12,3342.2148345072014,1337,0
6982,2530.5489842159977,-2183.6487443000956,12,3342.4541881677305,1333,0
6983,-390.9425240035486,3319.7535967185477,12,3342.6935246893336,1335,0
6984,-1954.3323935679657,-2712.1550279161597,12,3342.9328440756926,1333,0
6985,3273.3325855091794,679.7748043608202,12,3343.1721463304875,1332,0
6986,-2873.040479856978,1709.9819885318052,12,3343.411431457397,1331,0
6987,963.4833445166356,-3201.8275788741403,12,3343.6506994600977,1339,0
6988,1452.4647425611922,3011.967159783893,12,3343.889950342266,1327,0
6989,-3105.7790633072045,-1239.8937091229318,12,3344.1291841075754,1331,0
6990,3127.8647204303775,-1183.7492516098994,12,3344.368400759701,1331,0
6991,-1506.8867388576562,2985.915664625332,12,3344.6076003023136,1341,0
6992,-905.8904450871079,-3219.8388937181126,12,3344.846782739083,1337,0
6993,2843.1486210132475,1762.4147976088002,12,3345.0859480736813,1335,0
6994,-3287.17839061874,621.0138712212404,12,3345.325096309775,1333,0
6995,2004.5174763718412,-2678.5648558360253,12,3345.564227451029,1333,0
6996,331.2994369606949,3329.3604014989915,12,3345.803341501111,1332,0
6997,-2493.418702777848,-2231.33663364308,12,3346.0424384636844,1330,0
6998,3346.0546543729365,-38.96472698746097,12,3346.2815183424123,1336,0
6999,-2441.130656741843,2289.1223463841197,12,3346.5205811409555,1329,0
7000,253.75197074576738,-3337.1259996204276,12,3346.759626862975,1336,0
7001,2067.235050779587,2632.287834722548,12,3346.998655512129,1333,0
7002,-3302.635500910657,-544.6088028343053,12,3347.2376670920753,1327,0
7003,2803.338740053209,-1829.4512588524688,12,3347.47666160647,1337,0
7004,-831.3775205186635,3242.8400235559325,12,3347.715639058969,1342,0
7005,-1577.5876525659241,-2952.967524113927,12,3347.9545994532245,1338,0
7006,3158.1903230405364,1111.860550362819,12,3348.1935427928893,1331,0
7007,-3080.02203955029,1313.569273348181,12,3348.4324690816147,1329,0
7008,1383.9078349742426,-3049.327647908126,12,3348.6713783230507,1334,0
7009,1039.4148084872697,3183.52271169806,12,3348.9102705208447,1334,0
7010,-2917.078882628719,-1645.4333145167518,12,3349.1491456786453,1329,0
7011,3262.6700906859382,-757.2211561647064,12,3349.388003800098,1331,0
7012,-1894.4309228107443,2762.4502671900595,12,3349.6268448888454,1336,0
7013,-469.14738692653253,-3316.8510260999074,12,3349.865668948533,1337,0
7014,2586.6197411978155,2128.989975186766,12,3350.1044759828014,1330,0
7015,-3345.643416439483,177.39822444191554,12,3350.343265995292,1335,0
7016,2347.3098302730527,-2390.927970622179,12,3350.582038989644,1333,0
7017,-115.79282819692024,3348.819496619392,12,3350.820794969495,1332,0
7018,-2176.868125635147,-2547.7137130364003,12,3351.0595339384827,1333,0
7019,3326.3476378985215,408.18058729798213,12,3351.298255900241,1328,0
7020,-2728.661593074351,1946.0744873927476,12,3351.536960858406,1332,0
7021,697.5253818545818,-3278.3926460490698,12,3351.775648816609,1339,0
7022,1700.309970834931,2888.7620191146448,12,3352.014319778483,1335,0
7023,-3205.314555037346,-981.6102094343457,12,3352.2529737476557,1336,0
7024,3026.782818944637,-1441.4526585849273,12,3352.4916107277577,1334,0
7025,-1258.2577233991617,3107.6659250161297,12,3352.730230722418,1339,0
7026,-1171.4814489528148,-3141.6605823607697,12,3352.9688337352613,1335,0
7027,2986.1876649452042,1525.3469211065099,12,3353.2074197699135,1333,0
7028,-3232.508854235062,892.4609275995939,12,3353.4459888299975,1335,0
7029,1780.8294054200976,-2841.8034113553845,12,3353.6845409191365,1332,0
7030,606.5255786937354,3298.624974499258,12,3353.923076040952,1338,0
7031,-2675.6125059513147,-2022.7450946663857,12,3354.161594199063,1327,0
7032,3339.495512365894,-315.86345608198314,12,3354.4000953970885,1335,0
7033,-2249.2372606803683,2488.881625382588,12,3354.638579638647,1332,0
7034,-22.699439570464314,-3354.8002526891505,12,3354.8770469273536,1340,0
7035,2283.035127019782,2458.566779404978,12,3355.115497266823,1335,0
7036,-3344.4147035522465,-270.7217956935464,12,3355.353930660669,1329,0
7037,2649.1254848688245,-2059.644184178062,12,3355.5923471125034,1335,0
7038,-562.1529661814461,3308.4111054422183,12,3355.8307466259375,1336,0
7039,-1820.4147937744171,-2819.448523844201,12,3356.0691292045817,1334,0
7040,3247.057933868631,849.3613919297117,12,3356.3074948520434,1332,0
7041,-2968.225616373194,1567.1747478523164,12,3356.54584357193,1334,0
7042,1130.1461014515603,-3160.817898799904,12,3356.7841753678476,1333,0
7043,1301.8596686277788,3094.311135487246,12,3357.0224902433997,1337,0
7044,-3050.344455795556,-1402.3546987111772,12,3357.260788202192,1334,0
7045,3196.7329287205707,-1026.4982135559712,12,3357.499069247823,1337,0
7046,-1663.8998627146266,2916.4768551898796,12,3357.737333383897,1340,0
7047,-743.1965636635155,-3274.699813381181,12,3357.97558061401,1331,0
7048,2760.2337667604734,1912.7753534681722,12,3358.2138109417633,1334,0
7049,-3327.6076878544986,454.12231362446516,12,3358.4520243707516,1335,0
7050,2147.071401381681,-2582.805528368116,12,3358.6902209045716,1332,0
7051,161.48788699050183,3355.0442116841537,12,3358.9284005468176,1331,0
7052,-2385.5450774831443,-2364.989362195091,12,3359.166563301082,1331,0
7053,3356.792018241265,132.46639676436868,12,3359.4047091709567,1334,0
7054,-2564.855524814607,2169.9576348002715,12,3359.642838160033,1328,0
7055,425.489473597978,-3332.8304349092405,12,3359.880950271899,1333,0
7056,1937.6892184581632,2745.133966252101,12,3360.1190455101437,1333,0
7057,-3283.3356971982407,-715.3367734876631,12,3360.3571238783534,1331,0
7058,2904.4383547819275,-1690.5140766262934,12,3360.5951853801134,1330,0
7059,-999.7874140438543,3208.679654736431,12,3360.833230019008,1328,0
7060,-1430.3211343066666,-3041.5426107085345,12,3361.0712577986196,1336,0
7061,3109.4269786016184,1276.6612176863562,12,3361.3092687225317,1337,0
7062,-3155.3903426585125,1159.0995580438278,12,3361.5472627943227,1340,0
7063,1543.8354217972299,-2986.3308909771154,12,3361.7852400175716,1329,0
7064,878.9235486542367,3245.102986905199,12,3362.0232003958567,1334,0
7065,-2840.3274493850363,-1799.2609539113253,12,3362.261143932755,1334,0
7066,3309.986586912196,-591.9364784006416,12,3362.4990706318417,1334,0
7067,-2040.978146984614,2672.5284289472493,12,3362.7369804966906,1330,0
7068,-300.33449379399434,-3349.53716083842,12,3362.974873530874,1340,0
7069,2484.2128566924275,2267.1317744330718,12,3363.2127497379643,1333,0
7070,-3363.4446154481716,6.3497096547958956,12,3363.450609121531,1334,0
7071,2475.9852894134992,-2276.817262453873,12,3363.6884516851433,1332,0
7072,-287.76687719587454,3351.595176089877,12,3363.9262774323693,1334,0
7073,-2051.924720585641,-2665.934159173767,12,3364.1640863667753,1333,0
7074,3314.0723136706783,579.7626236327037,12,3364.401878491926,1334,0
7075,-2835.518191943191,1811.2527662254145,12,3364.6396538113854,1331,0
7076,867.4004934795487,-3251.156161108143,12,3364.8774123287167,1329,0
7077,1556.6402781681466,2983.4327618340244,12,3365.1151540474807,1335,0
7078,-3163.3214233247354,-1148.476195980906,12,3365.3528789712386,1330,0
7079,3108.538845329276,-1290.0334286672305,12,3365.590587103547,1332,0
7080,-1420.8350784300983,3051.233796335924,12,3365.828278447966,1330,0
7081,-1013.4708073987209,-3209.871792229494,12,3366.065953008051,1326,0
7082,2915.744922465535,1682.388643303458,12,3366.3036107873572,1329,0
7083,-3286.6487634358878,729.0678334732318,12,3366.541251789439,1332,0
7084,1931.1305634192856,-2757.8859198719433,12,3366.778876017848,1333,0
7085,439.00057446827174,3338.2747783273517,12,3367.0164834761354,1337,0
7086,-2578.8595356308206,-2165.15207213858,12,3367.254074167852,1340,0
7087,3364.3473249384447,-145.48909642832479,12,3367.491648096547,1326,0
7088,-2382.6566107675835,2380.030981975977,12,3367.7292052657676,1327,0
7089,149.2195279087362,-3364.6594972583325,12,3367.9667456790608,1332,0
7090,2162.917525607638,2581.973620589361,12,3368.20426933997,1333,0
7091,-3339.2016351860007,-442.86842241363314,12,3368.4417762520407,1335,0
7092,2761.5713737576802,-1929.176909368894,12,3368.679266418814,1334,0
7093,-733.2081909317004,3288.1614541793206,12,3368.916739843833,1328,0
7094,-1680.5946947869663,-2920.0687443712527,12,3369.1541965306365,1329,0
7095,3211.9226631639317,1018.014148159993,12,3369.391636482764,1338,0
7096,-3056.245829434679,1419.070621943507,12,3369.6290597037532,1331,0
7097,1295.1033661849335,-3111.0620808489916,12,3369.8664661971407,1329,0
7098,1146.6040910179825,3169.053337900899,12,3370.1038559664603,1338,0
7099,-2986.3452721626404,-1562.3514058725211,12,3370.3412290152455,1335,0
7100,3257.620675610105,-865.278876338467,12,3370.578585347032,1329,0
7101,-1817.7086051054844,2838.720737748867,12,3370.8159249653486,1330,0
7102,-577.247189985125,-3321.262663755199,12,3371.053247873727,1332,0
7103,2669.312700675989,2059.2157987957103,12,3371.2905540756938,1344,0
7104,-3359.4848391223454,284.71321660068713,12,3371.5278435747796,1337,0
7105,2285.019350235601,-2479.412545150337,12,3371.765116374508,1330,0
7106,-10.083754445563219,3371.9872950377912,12,3372.002372478406,1328,0
7107,-2270.4689725409075,-2493.3853783017644,12,3372.239611889997,1332,0
7108,3358.6670332212916,304.886470596005,12,3372.4768346128044,1341,0
7109,-2682.713071512478,2044.0769496122414,12,3372.7140406503486,1335,0
7110,597.4369999324527,-3319.6188081030796,12,3372.95123000615,1332,0
7111,1801.9655333900002,2851.546986545109,12,3373.188402683728,1333,0
7112,-3255.134456723104,-885.4940251938374,12,3373.4255586866,1333,0
7113,2998.58823682944,-1545.9846654957842,12,3373.662698018283,1331,0
7114,-1166.8500153288942,3165.700718913107,12,3373.899820682292,1329,0
7115,-1278.0910369685712,-3122.704485093106,12,3374.1369266821403,1331,0
7116,3051.9955640138114,1439.3481431675998,12,3374.3740160213424,1337,0
7117,-3222.9386631253324,1000.3331313776902,12,3374.611088703408,1333,0
7118,1700.8988193733087,-2914.883051900107,12,3374.848144731848,1333,0
7119,714.8355607192924,3298.516351502768,12,3375.0851841101726,1336,0
7120,-2755.4067671892403,-1949.4957161603973,12,3375.322206841889,1331,0
7121,3348.8517624365454,-423.78281374501717,12,3375.5592129305032,1333,0
7122,-2183.2311577157825,2574.7818765827533,12,3375.7962023795217,1339,0
7123,-129.40254122496398,-3373.55227947108,12,3376.0331751924473,1328,0
7124,2374.3858697245387,2400.3107593918844,12,3376.2701313727844,1332,0
7125,-3372.4215189200513,-166.05149419675124,12,3376.507070924034,1333,0
7126,2599.067203176251,-2155.7480542432545,12,3376.7439938496964,1333,0
7127,-460.3166728639367,3345.460889127756,12,3376.9809001532717,1337,0
7128,-1920.5378849410629,-2777.973043876796,12,3377.2177898382574,1335,0
7129,3292.8696352028455,751.1388457263282,12,3377.454662908149,1330,0
7130,-2935.6524475090873,1670.5522163146848,12,3377.6915193664445,1331,0
7131,1036.2896018193408,-3215.043368472828,12,3377.928359216636,1336,0
7132,1407.7015756383169,3070.891771773372,12,3378.1651824622195,1333,0
7133,-3112.5710914749275,-1313.5833435738216,12,3378.4019891066846,1332,0
7134,3182.648907150141,-1133.995561638587,12,3378.6387791535217,1338,0
7135,-1580.8940389200725,2986.230740868324,12,3378.875552606222,1329,0
7136,-851.5274801464494,-3270.06130684968,12,3379.112309468272,1326,0
7137,2836.983281952744,1836.1715219228945,12,3379.3490497431603,1332,0
7138,-3332.452643640692,562.4583343610135,12,3379.5857734343717,1334,0
7139,2077.4572167897386,-2665.965399701998,12,3379.8224805453915,1333,0
7140,269.0002920363071,3369.3380422398077,12,3380.059171079701,1333,0
7141,-2474.4808417964077,-2302.899164875123,12,3380.295845040785,1329,0
7142,3380.427846742682,26.600243732654906,12,3380.5325024321246,1329,0
7143,-2510.766239211719,2263.9904796696123,12,3380.769143257197,1339,0
7144,322.07983080746345,-3365.6298938812383,12,3381.0057675194817,1335,0
7145,2036.1011632537607,2699.4614375828155,12,3381.2423752224563,1329,0
7146,-3325.0502742377275,-615.1753195566404,12,3381.4789663695974,1335,0
7147,2867.534151921912,-1792.5534545897035,12,3381.7155409643783,1333,0
7148,-903.6411870909441,3258.9925751668825,12,3381.952099010274,1336,0
7149,-1535.2083337668278,-3013.6913199484916,12,3382.1886405107566,1332,0
7150,3167.955610825104,1185.2667412197748,12,3382.425165469297,1335,0
7151,-3136.8073731760246,1266.0329788708227,12,3382.6616738893654,1330,0
7152,1457.8930625629953,-3052.6296562358643,12,3382.89816577443,1335,0
7153,987.0857284788457,3235.932904841104,12,3383.1346411279583,1330,0
7154,-2913.8912138469227,-1719.4295547842917,12,3383.371099953418,1334,0
7155,3310.30199092117,-700.5003418295671,12,3383.6075422542726,1335,0
7156,-1967.869976208412,2752.7963522094233,12,3383.843968033988,1328,0
7157,-408.46967680616444,-3359.3381078911766,12,3384.0803772960244,1331,0
7158,2570.5726674918405,2201.3078297103025,12,3384.3167700438444,1336,0
7159,-3382.658601420893,113.22891076598337,12,3384.5531462809095,1330,0
7160,2417.9509930359604,-2368.6099288984697,12,3384.7895060106766,1333,0
7161,-182.96156753191005,3380.077671416186,12,3385.0258492366056,1329,0
7162,-2148.449479369316,-2616.1354771107926,12,3385.2621759621516,1331,0
7163,3351.6078501088496,477.83346375985343,12,3385.4984861907715,1331,0
7164,-2794.3382068248347,1911.7724723091308,12,3385.7347799259173,1339,0
7165,769.1279493630208,-3297.459961471653,12,3385.9710571710443,1335,0
7166,1660.3870342649604,2951.1887259958157,12,3386.2073179296035,1330,0
7167,-3218.0415618322763,-1054.6129651773126,12,3386.443562205046,1333,0
7168,3085.4797367206243,-1396.2144513957833,12,3386.67979000082,1333,0
7169,-1332.1003249128303,3113.9538731919474,12,3386.916001320375,1332,0
7170,-1121.2744854127413,-3196.176391934962,12,3387.152196167158,1332,0
7171,2985.9872323680092,1599.4624872547765,12,3387.3883745446137,1335,0
7172,-3282.424269733889,837.6699310957436,12,3387.6245364561883,1334,0
7173,1854.648868251273,-2835.1150903436483,12,3387.860681905323,1328,0
7174,547.5705336367107,3343.5559679318676,12,3388.096810895462,1333,0
7175,-2662.4866073895496,-2095.7015688001206,12,3388.332923430046,1339,0
7176,3379.0962680584894,-253.19638858638857,12,3388.569019512514,1333,0
7177,-2320.7703965219985,2469.4179003617687,12,3388.805099146305,1330,0
7178,43.199048409822346,-3388.765828766645,12,3389.0411623348573,1330,0
7179,2257.3820087178965,2528.127066964149,12,3389.277209081605,1326,0
7180,-3372.483379983412,-339.3462122017362,12,3389.513239389987,1334,0
7181,2716.178474965074,-2027.9976558508147,12,3389.7492532634324,1332,0
7182,-632.9768067968008,3330.366400571764,12,3389.9852507053774,1333,0
7183,-1783.0168913916923,-2883.478934379772,12,3390.2212317192516,1330,0
7184,3262.730273897743,921.8411792663419,12,3390.457196308486,1335,0
7185,-3028.7412920031024,1524.3117089740467,12,3390.6931444765096,1335,0
7186,1203.725555623948,-3170.085927342951,12,3390.92907622675,1333,0
7187,1253.859741483022,3150.846830407363,12,3391.1649915626335,1337,0
7188,-3053.1359733994123,-1476.4690067639162,12,3391.4008904875877,1330,0
7189,3248.8538833842263,-973.7291432524922,12,3391.636773005034,1343,0
7190,-1737.9800142482286,2912.7693815463194,12,3391.8726391183973,1335,0
7191,-686.0627746509739,-3322.0050977140613,12,3392.1084888310993,1334,0
7192,2750.0547212328333,1986.2525091802906,12,3392.344322146559,1337,0
7193,-3369.7332851985325,393.06181018397865,12,3392.580139068199,1332,0
7194,2219.381260984514,-2566.232027387779,12,3392.8159395994358,1331,0
7195,96.9688952721398,3391.665819822127,12,3393.0517237436866,1335,0
7196,-2362.703350309883,-2435.5764981692637,12,3393.2874915043667,1334,0
7197,3387.627545895652,199.9490192249003,12,3393.5232428848926,1333,0
7198,-2633.1776487176885,2141.0220620753967,12,3393.7589778886772,1333,0
7199,495.41803349384435,-3357.6421745160833,12,3393.994696519133,1325,0
7200,1902.8810008711687,2810.6660948116087,12,3394.2303987796704,1329,0
7201,-3301.9321572274416,-787.174713178297,12,3394.4660846737,1335,0
7202,2966.67684376793,-1650.0995438612636,12,3394.701754204631,1331,0
7203,-1072.9834285929082,3220.917037423505,12,3394.9374073758713,1333,0
7204,-1384.6097071954405,-3100.009025590112,12,3395.1730441908257,1333,0
7205,3115.210291701793,1350.6534857154263,12,3395.4086646529017,1339,0
7206,-3209.6351362989035,1108.4413795214964,12,3395.6442687655017,1334,0
7207,1618.0559178277244,-2985.614684915433,12,3395.87985653203,1333,0
7208,823.7068016534512,3294.708956024772,12,3396.1154279558873,1333,0
7209,-2833.1161741561787,-1873.1398089130066,12,3396.3509830404746,1334,0
7210,3354.572080744898,-532.5844112315411,12,3396.586521789192,1330,0
7211,-2113.948023881959,2658.876407869602,12,3396.822044205436,1334,0
7212,-237.3021758034329,-3388.759017303968,12,3397.0575502926054,1328,0
7213,2464.223877237194,2338.632224795958,12,3397.293040054096,1336,0
7214,-3397.000802253942,-59.879457964099,12,3397.528513493301,1336,0
7215,2545.4670579981075,-2250.643787152125,12,3397.763970613615,1326,0
7216,-356.68486869225956,3379.2271164344647,12,3397.9994114184306,1331,0
7217,-2019.7667241434838,-2732.863403107206,12,3398.2348359111384,1332,0
7218,3335.5668786430488,650.8406856516176,12,3398.4702440951282,1332,0
7219,-2899.3805823213165,1773.3562075505595,12,3398.7056359737894,1329,0
7220,940.0932017882678,-3266.347313430016,12,3398.9410115505093,1333,0
7221,1513.2952191189663,3043.737436079479,12,3399.176370828675,1337,0
7222,-3172.091499762624,-1222.2256408428448,12,3399.4117138116703,1329,0
7223,3164.822180025611,-1241.5718137981144,12,3399.6470405028813,1341,0
7224,-1495.0751465101694,3053.514418876648,12,3399.8823509056897,1334,0
7225,-960.2639218696046,-3261.7009673413663,12,3400.1176450234775,1334,0
7226,2911.517531202057,1756.5493632412042,12,3400.352922859626,1335,0
7227,-3333.6250906264895,671.5234583732205,12,3400.5881844175137,1337,0
7228,2004.64248171263,-2747.1819234468308,12,3400.823429700519,1339,0
7229,377.55986152443904,3380.036767694347,12,3401.0586587120197,1332,0
7230,-2561.7600780248313,-2237.4506257431044,12,3401.2938714553907,1330,0
7231,3400.5734666219255,-80.62318591411072,12,3401.5290679340083,1336,0
7232,-2453.1864628361677,2356.6663273695262,12,3401.7642481512444,1332,0
7233,217.01311994248672,-3395.070736490306,12,3401.9994121104723,1332,0
7234,2133.466065980088,2650.1929260549023,12,3402.234559815063,1332,0
7235,-3363.563521758568,-513.0696201248902,12,3402.4696912683885,1326,0
7236,2826.9559419945194,-1893.8638023949554,12,3402.7048064738146,1331,0
7237,-805.278348427299,3306.2859497560407,12,3402.9399054347114,1333,0
7238,-1639.6901424334496,-2982.1160669575847,12,3403.174988154444,1330,0
7239,3223.6695924954834,1091.4001825270159,12,3403.410054636379,1333,0
7240,-3114.4789420671264,1372.8878029250732,12,3403.6451048838803,1332,0
7241,1369.2420019089707,-3116.3402157351675,12,3403.88013890031,1334,0
7242,1095.496762934384,3223.024486782607,12,3404.115156689033,1330,0
7243,-2985.1130397241295,-1636.673498309595,12,3404.3501582534077,1334,0
7244,3306.9147601287937,-809.6386658518246,12,3404.5851435967934,1335,0
7245,-1891.6435096330579,2830.986547559548,12,3404.8201127225507,1327,0
7246,-517.5005917972614,-3365.5004289837025,12,3405.0550656340347,1338,0
7247,2655.1348881268427,2132.1957522356292,12,3405.2900023346033,1330,0
7248,-3398.325793587478,221.3183242256259,12,3405.52492282761,1331,0
7249,2356.483830742434,-2458.8989315239182,12,3405.7598271164106,1333,0
7250,-76.64076105265322,3405.132331311849,12,3405.9947152043555,1333,0
7251,-2243.776044979415,-2562.785410442422,12,3406.229587094798,1331,0
7252,3385.8607311663877,374.09505362329514,12,3406.4644427910885,1338,0
7253,-2749.5154433108078,2011.408667326303,12,3406.6992822965753,1338,0
7254,668.7661799127685,-3340.651403035774,12,3406.934105614607,1334,0
7255,1763.5717691161624,2915.238346203701,12,3407.16891274853,1335,0
7256,-3269.8434573321533,-958.396454783776,12,3407.403703701691,1332,0
7257,3058.679037533292,-1502.1592942675604,12,3407.6384784774336,1322,0
7258,-1240.7661794100648,3173.972162453879,12,3407.873237079102,1330,0
7259,-1229.1696866233901,-3178.73274772922,12,3408.107979510039,1337,0
7260,3053.7648990830407,1513.7106530405167,12,3408.342705773585,1333,0
7261,-3274.4735278841063,946.6906121781358,12,3408.5774158730796,1334,0
7262,1775.1367680862675,-2910.135641956958,12,3408.812109811862,1331,0
7263,656.8829936443652,3345.1613911231275,12,3409.046787593271,1333,0
7264,-2744.178010894245,-2023.039061541944,12,3409.2814492206426,1331,0
7265,3390.2480315573043,-361.9644796410606,12,3409.5160946973106,1330,0
7266,-2255.515099460828,2557.1569439719983,12,3409.750724026611,1337,0
7267,-64.19247472950825,-3409.381076704114,12,3409.9853372118773,1329,0
7268,2350.499056182888,2470.780076591875,12,3410.2199342564404,1332,0
7269,-3402.406840339484,-234.15313965669077,12,3410.4545151636307,1330,0
7270,2667.180518983051,-2125.7817571795317,12,3410.6890799367798,1332,0
7271,-530.7874612691886,3369.3715543049584,12,3410.9236285792153,1325,0
7272,-1884.721210960589,-2843.206984543202,12,3411.1581610942635,1332,0
7273,3310.5210694193884,823.4380662383222,12,3411.392677485252,1340,0
7274,-2997.505663855636,1629.1592295271148,12,3411.627177755506,1331,0
7275,1109.862417628696,-3226.2990273586524,12,3411.861661908349,1332,0
7276,1361.0492004928483,3128.888792181304,12,3412.0961299471032,1332,0
7277,-3117.3435170921002,-1387.8650497954964,12,3412.3305818750914,1334,0
7278,3236.3437924713326,-1082.441156337042,12,3412.5650176956337,1332,0
7279,-1655.3143970008066,2984.482241039785,12,3412.7994374120494,1332,0
7280,-795.4660992119609,-3319.0410791378445,12,3413.0338410276568,1323,0
7281,2828.7262276356014,1910.1591371104296,12,3413.268228545773,1332,0
7282,-3376.340462342679,502.319701333346,12,3413.502599969714,1329,0
7283,2150.4439252857906,-2651.262137964001,12,3413.736955302796,1336,0
7284,205.2455054914167,3407.796103418685,12,3413.97129454833,1336,0
7285,-2453.4432250848513,-2374.3243968095944,12,3414.2056177096306,1340,0
7286,3413.159983030382,93.48224558727806,12,3414.4399247900087,1330,0
7287,-2580.081324056129,2236.7790148462977,12,3414.6742157927747,1331,0
7288,391.57601985586956,-3392.383855148741,12,3414.9084907212373,1336,0
7289,2002.9237870028928,2766.1338187907663,12,3415.142749578705,1329,0
7290,-3345.6196714224707,-686.7525130576533,12,3415.3769923684854,1335,0
7291,2931.051478600623,-1753.663944372782,12,3415.611219093883,1337,0
7292,-976.7501383355667,3273.2184722779275,12,3415.8454297582025,1334,0
7293,-1490.904366606078,-3073.5653839856623,12,3416.0796243647487,1330,0
7294,3175.7277528496393,1259.3463541776675,12,3416.3138029168226,1335,0
7295,-3192.577861654456,1216.6538526934698,12,3416.5479654177257,1329,0
7296,1532.3746981777458,-3053.887323459178,12,3416.782111870758,1332,0
7297,933.0097636397229,3287.1709388093814,12,3417.01624227922,1334,0
7298,-2908.6236959690527,-1793.741395867121,12,3417.2503566464075,1334,0
7299,3356.6134234256137,-642.1419824921753,12,3417.4844549756185,1336,0
7300,-2041.441417425349,2741.043038556743,12,3417.718537270148,1327,0
7301,-346.27631456857245,-3400.3665558243583,12,3417.952603533291,1338,0
7302,2552.4227525732526,2273.5738589600255,12,3418.18665376834,1334,0
7303,-3418.088187907071,47.67745473650925,12,3418.420687978587,1335,0
7304,2488.356530576188,-2344.2017355037588,12,3418.654706167325,1333,0
7305,-251.36834771831175,3409.6354576061894,12,3418.8887083378427,1332,0
7306,-2117.9694043484237,-2684.1396391104518,12,3419.1226944934288,1331,0
7307,3375.0659376914427,548.5707941870244,12,3419.35666463737,1332,0
7308,-2859.418460593606,1875.4535630658772,12,3419.590618772955,1339,0
7309,841.6530775677585,-3314.637249688225,12,3419.824556903468,1335,0
7310,1618.5072068394334,3012.844904970851,12,3420.0584790321936,1330,0
7311,-3228.80514544058,-1128.36932463464,12,3420.2923851624146,1337,0
7312,3143.2378843600018,-1349.0943637581697,12,3420.526275297414,1331,0
7313,-1406.5218061264625,3118.2200706317626,12,3420.760149440472,1333,0
7314,-1069.2750822448245,-3249.592404977942,12,3420.994007594869,1329,0
7315,2983.722236117772,1673.977782915999,12,3421.2278497638827,1334,0
7316,-3331.0873128222047,781.1896788584348,12,3421.461675950792,1331,0
7317,1928.6858589355493,-2826.335234458581,12,3421.695486158872,1330,0
7318,487.04236710619267,3387.091633340261,12,3421.9292803913995,1333,0
7319,-2647.258250088499,-2168.6917156060645,12,3422.163058651647,1332,0
7320,3417.1694562320376,-189.08439225604755,12,3422.39682094289,1327,0
7321,-2392.1531069151674,2447.856922509179,12,3422.6305672683984,1334,0
7322,110.40319862193121,-3421.083327505199,12,3422.864297631444,1337,0
7323,2229.652931988427,2597.3540003001926,12,3423.0980120352974,1336,0
7324,-3398.7961224212836,-409.1270196577692,12,3423.331710483225,1336,0
7325,2782.7177546250105,-1994.312387289098,12,3423.5653929784958,1333,0
7326,-704.7989083369815,3350.4713845677,12,3423.799059524376,1337,0
7327,-1743.633103946229,-2946.8192341612744,12,3424.032710124131,1337,0
7328,3276.472128042416,995.1534525696044,12,3424.266344781025,1332,0
7329,-3088.3957653737984,1479.5308703846597,12,3424.4999634983205,1329,0
7330,1277.965348218455,-3177.3581115059856,12,3424.7335662792807,1339,0
7331,1204.0248065982437,3206.356852425516,12,3424.9671531271656,1329,0
7332,-3053.8816045390417,-1551.0664542365846,12,3425.2007240452353,1335,0
7333,3299.7925765276073,-919.2219274436918,12,3425.4342790367473,1333,0
7334,-1812.3624145117903,2906.9816783848146,12,3425.6678181049606,1330,0
7335,-627.3010284387074,-3367.9806145106804,12,3425.901341253131,1332,0
7336,2737.7770643208155,2059.8487192216076,12,3426.1348484845134,1331,0
7337,-3410.3918224188956,330.4960174923796,12,3426.3683398023627,1332,0
7338,2291.6260823394264,-2547.5576340372854,12,3426.601815209932,1336,0
7339,31.0788198487697,3426.694341046019,12,3426.8352747104727,1331,0
7340,-2337.774566829825,-2505.9150174504366,12,3427.0687183072355,1336,0
7341,3416.756191504955,268.6580127458543,12,3427.3021460034706,1338,0
7342,-2701.0694998625954,2110.0292786859686,12,3427.535557802428,1338,0
7343,566.4188556745803,-3380.646340559198,12,3427.7689537073525,1333,0
7344,1866.0611975663721,2875.5896103124937,12,3428.0023337214934,1331,0
7345,-3318.6342271442268,-859.9225932761863,12,3428.235697848093,1332,0
7346,3028.1330629937925,-1607.7344783277597,12,3428.4690460903976,1329,0
7347,-1146.9200944569066,3231.187753277572,12,3428.70237845165,1333,0
7348,-1337.0237586429926,-3157.5255294018075,12,3428.9356949350918,1335,0
7349,3118.9697543366497,1425.2114480080415,12,3429.1689955439642,1331,0
7350,-3262.769678489613,1055.9990649279891,12,3429.402280281507,1330,0
7351,1692.662825695299,-2982.832975295332,12,3429.635549150958,1334,0
7352,766.8099834406357,3343.052863670536,12,3429.8688021555577,1331,0
7353,-2823.81359106411,-1947.2228436729097,12,3430.1020392985392,1331,0
7354,3397.7533973221834,-471.66921776342144,12,3430.33526058314,1327,0
7355,-2186.938296998676,2643.123320074289,12,3430.5684660125935,1330,0
7356,-172.83565830510506,-3426.445364399999,12,3430.8016555901336,1333,0
7357,2442.1401912050187,2409.969146379495,12,3431.034829318991,1333,0
7358,-3428.9019378557377,-127.40290643923318,12,3431.267987202398,1333,0
7359,2614.6026422789223,-2222.3980343287017,12,3431.501129243585,1334,0
7360,-426.74730479134007,3405.097170104449,12,3431.7342554457796,1326,0
7361,-1985.5747747552962,-2799.266477821548,12,3431.96736581221,1332,0
7362,3355.2062463702396,722.9045886686048,12,3432.2004603461023,1328,0
7363,-2962.5408696720956,1733.4796207404627,12,3432.4335390506826,1331,0
7364,1013.6055975530599,-3279.6041975532817,12,3432.6666019291765,1325,0
7365,1468.0392420272206,3103.1694739198733,12,3432.8996489848055,1327,0
7366,-3178.863082089375,-1296.6223449135998,12,3433.1326802207923,1338,0
7367,3220.069053133121,-1191.2830448950256,12,3433.365695640358,1329,0
7368,-1569.7850941099096,3053.7476579295712,12,3433.5986952467233,1333,0
7369,-905.3276564296593,-3312.3378201058513,12,3433.831679043107,1333,0
7370,2905.2095774151053,1830.9989927074093,12,3434.0646470327265,1338,0
7371,-3379.262394146379,612.3607364193787,12,3434.297599218798,1337,0
7372,2078.26013781288,-2734.380149060841,12,3434.5305356045387,1334,0
7373,314.62424086235575,3420.32331615913,12,3434.7634561931627,1325,0
7374,-2542.5617213952537,-2309.6709490521826,12,3434.996360987884,1329,0
7375,3435.1990799313025,-14.39726498802544,12,3435.229249991913,1332,0
7376,-2523.454731463048,2331.2177543628895,12,3435.462123208463,1334,0
7377,286.0214027132325,-3423.768648315764,12,3435.6949806407433,1330,0
7378,2101.9616540163283,2717.9693164281566,12,3435.9278222919643,1335,0
7379,-3386.1124346605507,-584.3308821525661,12,3436.1606481653325,1333,0
7380,2891.719675852431,-1856.5444557801227,12,3436.3934582640563,1329,0
7381,-878.245824024429,3322.5117415268305,12,3436.6262525913403,1337,0
7382,-1596.841450142964,-3043.3694128556454,12,3436.8590311503904,1328,0
7383,3233.446660570371,1165.5139180834835,12,3437.091793944409,1329,0
7384,-3171.751040524496,1324.8378530717555,12,3437.3245409766014,1338,0
7385,1443.9331529884203,-3119.592449295408,12,3437.557272250166,1333,0
7386,1042.6136305244602,3275.8749697515323,12,3437.7899877683044,1333,0
7387,-2981.814411966799,-1711.3686956898246,12,3438.022687534217,1331,0
7388,3354.9371368834813,-752.3275932464992,12,3438.2553715511012,1336,0
7389,-1965.769260779527,2821.1613235287186,12,3438.488039822154,1340,0
7390,-456.20088325086823,-3408.325212493832,12,3438.7206923505723,1327,0
7391,2638.8574464481653,2205.1828444201788,12,3438.953329139551,1338,0
7392,-3435.6233432574218,156.49997848145145,12,3439.1859501922836,1332,0
7393,2427.7717020017403,-2436.293201353148,12,3439.418555511963,1334,0
7394,-144.48065443903684,3436.615390248503,12,3439.6511451017827,1331,0
7395,-2215.0145624244647,-2631.826454811859,12,3439.8837189649303,1333,0
7396,3411.286638432269,444.43612640454,12,3440.1162771045983,1338,0
7397,-2815.7792172691497,1976.7112585289574,12,3440.348819523974,1329,0
7398,741.0687767267601,-3359.8239638648784,12,3440.581346226245,1334,0
7399,1723.20387004404,2978.215644016605,12,3440.8138572145976,1332,0
7400,-3282.6144568884833,-1032.1057733714713,12,3441.0463524922175,1337,0
7401,3117.8858041867506,-1456.429920061635,12,3441.2788320622903,1331,0
7402,-1315.3165278560182,3180.2425114366333,12,3441.5112959279963,1337,0
7403,-1178.429066034084,-3233.7137993839274,12,3441.74374409252,1331,0
7404,3053.485402378858,1588.52979117775,12,3441.976176559042,1330,0
7405,-3324.8060512566335,891.3275052006816,12,3442.2085933307408,1336,0
7406,1849.6502999847917,-2903.307384306073,12,3442.4409944107974,1334,0
7407,597.3217128966361,3390.4581948908067,12,3442.6733798023884,1335,0
7408,-2730.852356610295,-2096.674845176524,12,3442.905749508691,1333,0
7409,3430.160524786444,-298.6616383079495,12,3443.1381035328805,1335,0
7410,-2327.707639835694,2537.435150590167,12,3443.3704418781317,1335,0
7411,2.3665140030037817,-3443.601951389195,12,3443.6027645476183,1331,0
7412,2324.5315050581235,2540.9748684298743,12,3443.835071544513,1336,0
7413,-3430.672437412258,-303.4577848397264,12,3444.0673628719865,1338,0
7414,2734.83830582851,-2093.766806732079,12,3444.2996385332103,1329,0
7415,-602.3061095590824,3391.4638948966867,12,3444.5318985313525,1331,0
7416,-1846.9036814358033,-2907.807901409389,12,3444.764142869581,1333,0
7417,3326.269535730619,896.6219803631939,12,3444.996371551065,1334,0
7418,-3058.5532316929507,1585.8285307373576,12,3445.228584578968,1328,0
7419,1184.1499866673964,-3235.581680173691,12,3445.460781956457,1332,0
7420,1312.5371170242574,3185.913733363421,12,3445.6929636866953,1334,0
7421,-3120.088039766987,-1462.686098964162,12,3445.925129772845,1324,0
7422,3288.907638112795,-1029.119306962664,12,3446.157280218069,1330,0
7423,-1730.0945638740213,2980.666502655666,12,3446.3894150255283,1340,0
7424,-737.7430901338223,-3366.73954040995,12,3446.621534198381,1333,0
7425,2818.3784609364684,1984.3242806883616,12,3446.853637739787,1335,0
7426,-3418.806539924075,440.6379949259654,12,3447.085725652903,1333,0
7427,2223.424534061667,-2634.460730649189,12,3447.317797940886,1338,0
7428,140.07802873532114,3444.702911118117,12,3447.549854606892,1334,0
7429,-2430.3161259992808,-2445.55996199395,12,3447.781895654074,1332,0
7430,3444.2232639136287,161.63572722684646,12,3448.0139210855864,1338,0
7431,-2649.0246443761566,2207.502759565156,12,3448.245930904581,1335,0
7432,462.1927351080804,-3417.364170762799,12,3448.4779251142095,1337,0
7433,1967.7221502344787,2832.2552038043104,12,3448.70990371762,1339,0
7434,-3364.324247264823,-759.2906948369517,12,3448.941866717965,1334,0
7435,2993.842818236852,-1712.8062294642739,12,3449.1738141183896,1335,0
7436,-1050.6531800874593,3285.502685308918,12,3449.4057459220426,1334,0
7437,-1444.7033452289254,-3132.5440530476744,12,3449.637662132068,1334,0
7438,3181.496249540055,1334.047080939261,12,3449.8695627516117,1332,0
7439,-3247.2904292798676,1165.4633704700343,12,3450.1014477838185,1332,0
7440,1607.2997193834572,-3053.0947597593263,12,3450.3333172318294,1331,0
7441,877.2220300435647,3337.196654380177,12,3450.565171098787,1338,0
7442,-2901.2750934149485,-1868.315506634273,12,3450.797009387831,1337,0
7443,3401.5674521272163,-582.1845657768296,12,3451.0288321021017,1334,0
7444,-2115.0920143575645,2727.193753806439,12,3451.260639244738,1329,0
7445,-282.60886475105275,-3439.9029389743137,12,3451.492430818877,1341,0
7446,2532.178060432218,2345.735336790093,12,3451.7242068276546,1337,0
7447,-3451.902505280635,-19.211820248979016,12,3451.9559672742066,1345,0
7448,2558.4746257152374,-2317.716028673762,12,3452.1877121616662,1329,0
7449,-320.96642567951426,3437.467171274006,12,3452.4194414931685,1329,0
7450,-2085.4450158941654,-2751.6756868646758,12,3452.6511552718443,1333,0
7451,3396.7003993220114,620.3437734399262,12,3452.8828535008247,1332,0
7452,-2923.853533212225,1837.1392207240006,12,3453.114536183241,1331,0
7453,915.0502726301733,-3329.9073558523287,12,3453.3462033222213,1331,0
7454,1574.6961307956049,3073.6837989060214,12,3453.5778549208935,1333,0
7455,-3237.59262815201,-1202.8274914283265,12,3453.809490982385,1333,0
7456,3200.0129259707464,-1300.1220225887039,12,3454.041111509821,1329,0
7457,-1481.4694642686584,3120.456413161308,12,3454.2727165063275,1331,0
7458,-1015.5166240735192,-3301.8670455108154,12,3454.5043059750265,1335,0
7459,2979.389206987551,1748.8396019321187,12,3454.735879919042,1338,0
7460,-3378.4594849547884,723.0570575819215,12,3454.9674383414963,1330,0
7461,2002.887074727819,-2815.465035458306,12,3455.1989812455085,1332,0
7462,424.9811854726086,3429.1968435763924,12,3455.4305086341988,1332,0
7463,-2629.9332771147424,-2241.6625432755286,12,3455.6620205106865,1336,0
7464,3453.6835892922572,-123.57048617429439,12,3455.893516878088,1332,0
7465,-2463.3331160575876,2424.2091410053745,12,3456.1249977395205,1330,0
7466,178.86740850335585,-3451.725141168586,12,3456.3564630980995,1335,0
7467,2199.862871717073,2666.1964191785855,12,3456.587912956938,1333,0
7468,-3423.329413602964,-480.01638092963924,12,3456.819347319151,1338,0
7469,2848.693670162849,-1958.6077640952299,12,3457.0507661878496,1331,0
7470,-777.5695650667694,3368.706809961632,12,3457.2821695661464,1330,0
7471,-1702.2870790330944,-3009.421655494121,12,3457.5135574571505,1338,0
7472,3288.26866529181,1069.2470176998474,12,3457.7449298639713,1333,0
7473,-3147.143519741479,1432.859960411071,12,3457.976286789717,1339,0
7474,1352.8131882619305,-3182.624149607457,12,3458.207628237495,1332,0
7475,1152.3864605850474,3260.7982834668364,12,3458.438954210411,1340,0
7476,-3052.575655106669,-1626.0940531992896,12,3458.6702647115703,1333,0
7477,3349.5090165538986,-863.0117890412257,12,3458.901559744076,1335,0
7478,-1886.993783791117,2899.112702178665,12,3459.1328393110316,1337,0
7479,-566.9499045230356,-3412.58960406336,12,3459.3641034155394,1333,0
7480,2723.4044105356006,2133.5108194418044,12,3459.5953520607004,1333,0
7481,-3449.55005235535,266.46657631905765,12,3459.826585249613,1336,0
7482,2363.753223309076,-2526.790592687877,12,3460.0578029853777,1330,0
7483,-36.137955930963635,3460.10029452054,12,3460.289005271091,1333,0
7484,-2310.7715377275476,-2575.953202297795,12,3460.520192109851,1332,0
7485,3444.1524655151006,338.5465910126003,12,3460.751363504752,1335,0
7486,-2768.480680186843,2076.996563172938,12,3460.9825194588893,1333,0
7487,638.4431088424535,-3401.8216291821627,12,3461.213659975356,1333,0
7488,1827.2514223488322,2939.855819512952,12,3461.4447850572456,1334,0
7489,-3333.424951186316,-933.5299110411544,12,3461.6758947076482,1331,0
7490,3088.760396124518,-1563.4446633420414,12,3461.9069889296566,1332,0
7491,-1221.5456237430144,3239.47932376706,12,3462.138067726358,1332,0
7492,-1287.5930438980051,-3214.0479388623735,12,3462.3691311008424,1333,0
7493,3120.6974601034417,1500.28242757953,12,3462.600179056196,1329,0
7494,-3314.7525565163955,1001.8061135110024,12,3462.831211595506,1331,0
7495,1767.602982171506,-2977.9824877622095,12,3463.0622287218575,1336,0
7496,708.2700807433299,3390.09638398731,12,3463.293230438335,1334,0
7497,-2812.4210823163835,-2021.456815205891,12,3463.5242167480224,1332,0
7498,3439.4955903133055,-409.23108901368425,12,3463.7551876540006,1336,0
7499,-2259.8960506561657,2625.27519323759,12,3463.9861431593517,1334,0
7500,-106.97802898717791,-3462.5649021085537,12,3464.217083267156,1338,0
7501,2417.972425141588,2481.0903553185863,12,3464.448007980492,1332,0
7502,-3459.1206074331885,-196.174981154705,12,3464.678917302439,1331,0
7503,2683.34098909887,-2192.0951476206264,12,3464.909811236073,1332,0
7504,-497.90631326833005,3429.18201663422,12,3465.1406897844704,1330,0
7505,-1949.3684168709851,-2865.0938510467527,12,3465.3715529507085,1326,0
7506,3372.9713685678876,795.9046091217677,12,3465.6024007378574,1336,0
7507,-3024.9514211300598,1691.6468011388288,12,3465.833233148993,1332,0
7508,1087.8864862229223,-3290.912182525317,12,3466.0640501871862,1334,0
7509,1420.9002107395647,3161.6835058430916,12,3466.2948518555086,1330,0
7510,-3183.6260680451906,-1371.6140342177596,12,3466.525638157029,1333,0
7511,3274.236705114792,-1139.1988407995461,12,3466.7564090948185,1330,0
7512,-1644.9119675925176,3051.928016659455,12,3466.9871646719434,1336,0
7513,-848.6973419907928,-3361.7425275737232,12,3467.217904891471,1327,0
7514,2896.820211189563,1905.684303352382,12,3467.4486297564667,1334,0
7515,-3423.524091765475,551.6183400698146,12,3467.6793392699965,1328,0
7516,2151.9304356285134,-2719.484399700737,12,3467.9100334351238,1336,0
7517,250.2354304568619,3459.1013615307766,12,3468.1407122549113,1336,0
7518,-2521.2728920328595,-2381.7604841587795,12,3468.3713757324203,1332,0
7519,3468.194875097036,53.144222175694566,12,3468.602023870713,1334,0
7520,-2593.4097987099117,2303.6982475913405,12,3468.8326566728465,1336,0
7521,356.1975459360936,-3450.7279388947927,12,3469.0632741418826,1332,0
7522,2068.4217329476824,2785.252508242243,12,3469.293876280878,1331,0
7523,-3406.8272689165897,-656.6033504074809,12,3469.5244630928887,1327,0
7524,2955.8140106439437,-1817.2406374723632,12,3469.7550345809714,1330,0
7525,-952.0601055881184,3336.822074271798,12,3469.985590748181,1335,0
7526,-1552.074543669242,-3103.7823072654296,12,3470.2161315975695,1334,0
7527,3241.2415895337735,1240.303575047891,12,3470.4466571321914,1329,0
7528,-3228.01809499342,1274.950657239351,12,3470.6771673550975,1330,0
7529,1519.124168008152,-3120.8110744121536,12,3470.9076622693383,1332,0
7530,987.9883088634265,3327.5635383188683,12,3471.1381418779633,1342,0
7531,-2976.4463109242897,-1786.3838776100697,12,3471.368606184022,1330,0
7532,3401.6496537759335,-693.382746371778,12,3471.5990551905616,1335,0
7533,-2040.0326753306658,2809.2466398632937,12,3471.829488900629,1334,0
7534,-393.3883410238917,-3449.7022499262853,12,3472.0599073172693,1335,0
7535,2620.486589451735,2278.1242359677435,12,3472.290310443527,1330,0
7536,-3471.3463769287464,90.3013365552656,12,3472.520698282445,1326,0
7537,2498.83087240416,-2411.6061600352295,12,3472.751070837068,1340,0
7538,-213.55772714293056,3466.4092512537445,12,3472.9814281104354,1336,0
7539,-2184.1998387327258,-2700.4575657617606,12,3473.211770105589,1330,0
7540,3434.9216327203044,515.8617809743995,12,3473.442096825568,1342,0
7541,-2881.4549830766864,1940.0044279595172,12,3473.6724082734113,1331,0
7542,814.2950484377812,-3377.1176429152883,12,3473.902704452156,1333,0
7543,1680.8857806315345,3040.4313826282473,12,3474.1329853648376,1331,0
7544,-3293.4330259602207,-1106.5707855869437,12,3474.363251014494,1330,0
7545,3176.163315318196,-1408.8245435209199,12,3474.5935014041575,1338,0
7546,-1390.4488034010371,3184.501864518315,12,3474.8237365368623,1334,0
7547,-1125.9010174931716,-3287.605039965695,12,3475.053956415641,1330,0
7548,3051.1517758389355,1663.7526381030655,12,3475.2841610435253,1336,0
7549,-3373.8965799442826,834.2792505152419,12,3475.5143504235457,1332,0
7550,1924.3862380631003,-2894.397624161779,12,3475.7445245587314,1329,0
7551,536.1904849352525,3434.370359158269,12,3475.97468345211,1338,0
7552,-2715.4337973040347,-2170.350039154742,12,3476.204827106711,1328,0
7553,3468.556366096167,-233.91608583795755,12,3476.4349555255594,1325,0
7554,-2399.7563054095976,2515.625106140992,12,3476.665068711681,1338,0
7555,70.22991914644871,-3476.185806089295,12,3476.895166668101,1334,0
7556,2296.4963764361587,2610.843617112215,12,3477.1252493978413,1331,0
7557,-3457.1932133465066,-373.91855475605314,12,3477.3553169039255,1338,0
7558,2801.9903953446296,-2059.720812245302,12,3477.585369189375,1332,0
7559,-674.8237322640967,3411.7170061969027,12,3477.81540625721,1332,0
7560,-1807.1072198180623,-2971.7273589751517,12,3478.045428110449,1337,0
7561,3340.098480886419,970.6400661317444,12,3478.275434752113,1336,0
7562,-3118.7488184994913,1540.5861894447921,12,3478.5054261852174,1330,0
7563,1259.100536930701,-3242.8792512057585,12,3478.735402412779,1337,0
7564,1262.1953409768162,3241.9227198094063,12,3478.9653634378137,1336,0
7565,-3120.7971531641683,-1537.9938650080567,12,3479.1953092633357,1334,0
7566,3340.299360770319,-974.0637455718196,12,3479.4252398923595,1334,0
7567,-1805.1814618905732,2974.7806456353405,12,3479.6551553278955,1336,0
7568,-678.3956429339609,-3413.1187133834387,12,3479.8850555729573,1337,0
7569,2805.9417495441435,2058.613829295128,12,3480.1149406305535,1332,0
7570,-3459.8162951407876,377.4535784414764,12,3480.344810503695,1331,0
7571,2296.3462802253716,-2615.567579187182,12,3480.5746651953896,1335,0
7572,73.54108936189859,3480.0275441690783,12,3480.8045047086457,1332,0
7573,-2405.1105302624587,-2516.553861378817,12,3481.034329046469,1328,0
7574,3473.590664316522,231.0149275979808,12,3481.264138211865,1333,0
7575,-2717.5453624813103,2176.1771993236957,12,3481.493932207839,1336,0
7576,533.882032242678,-3440.5479179410404,12,3481.7237110373935,1327,0
7577,1930.5161193317028,2897.776304858686,12,3481.953474703532,1333,0
7578,-3381.14535609763,-832.740104077754,12,3482.1832232092556,1335,0
7579,3055.8608096688895,-1670.004404763592,12,3482.412956557565,1330,0
7580,-1125.2991157306194,3295.8309877989623,12,3482.6426747514593,1331,0
7581,-1396.6334083446616,-3190.5822544945577,12,3482.872377793938,1340,0
7582,3185.251401931555,1409.3166806977997,12,3483.102065687998,1339,0
7583,-3300.9026363143785,1112.4934991148425,12,3483.3317384366364,1326,0
7584,1682.6152407550658,-3050.2468673172625,12,3483.5613960428486,1333,0
7585,819.7580779793676,3385.970568919283,12,3483.791038509629,1330,0
7586,-2891.8449480069166,-1943.0987614341363,12,3484.0206658399716,1331,0
7587,3445.1278530558834,-520.6669531462134,12,3484.2502780368695,1334,0
7588,-2188.7688073785157,2711.2526824047277,12,3484.479875103313,1333,0
7589,-217.50920247563099,-3477.91456865151,12,3484.7094570422946,1336,0
7590,2509.847385634883,2417.7398745154005,12,3484.939023856802,1333,0
7591,-3484.0726496872758,-87.394345933166,12,3485.1685755498256,1331,0
7592,2628.253861233914,-2289.166145326508,12,3485.3981121243523,1327,0
7593,-391.70888108043613,3463.5479139868576,12,3485.6276335833695,1336,0
7594,-2050.8940908394816,-2818.693567623074,12,3485.857139929862,1337,0
7595,3416.490531930221,693.1034881106532,12,3486.086631166816,1336,0
7596,-2987.5951189778293,1796.85152560245,12,3486.3161072972143,1330,0
7597,989.26900230046,-3343.2539300937724,12,3486.54556832404,1332,0
7598,1528.980020637586,3133.6592183086996,12,3486.7750142502746,1337,0
7599,-3244.39213783144,-1277.935701034108,12,3487.0044450788982,1329,0
7600,3255.7611412225287,-1249.3275756603525,12,3487.233860812893,1330,0
7601,-1556.8906984654682,3120.655596670627,12,3487.463261455237,1331,0
7602,-960.0329610405514,-3352.9593963714665,12,3487.6926470089074,1334,0
7603,2972.985464249042,1823.9949093580028,12,3487.922017476881,1342,0
7604,-3424.5029847033543,663.3093605232907,12,3488.1513728621353,1331,0
7605,2077.1994521986535,-2802.5064559757243,12,3488.380713167644,1329,0
7606,361.42743957908664,3469.837201644957,12,3488.6100383963812,1337,0
7607,-2610.518278955648,-2314.561365623829,12,3488.83934855132,1334,0
7608,3488.607937315342,-56.69796910290978,12,3489.068643635433,1339,0
7609,-2534.2585178214067,2398.4857232949394,12,3489.297923651691,1330,0
7610,248.5458627090262,-3480.664441472379,12,3489.5271886030637,1332,0
7611,2168.0274864273047,2734.60359432509,12,3489.75643849252,1336,0
7612,-3446.0605315968564,-551.9663147062435,12,3489.9856733230295,1329,0
7613,2914.057056937566,-1920.9038156327274,12,3490.214893097558,1333,0
7614,-851.2389968254778,3385.0542344670866,12,3490.444097819073,1333,0
7615,-1659.003063238985,-3071.2389741216266,12,3490.6732874905374,1331,0
7616,3298.1058635475842,1144.070676502568,12,3490.9024621149183,1332,0
7617,-3204.9396321161134,1384.327257006606,12,3491.131621695178,1334,0
7618,1428.2168511922264,-3185.8745464896383,12,3491.360766234277,1328,0
7619,1098.9767961136124,3314.128845051722,12,3491.589895735179,1332,0
7620,-3049.2132289894607,-1701.4989521465086,12,3491.819010200844,1333,0
7621,3397.9638924924184,-805.134389600751,12,3492.0481096342305,1336,0
7622,-1961.8210478290778,2889.1621927982546,12,3492.277194038297,1328,0
7623,-505.04836028698867,-3455.796023172002,12,3492.5062634160013,1335,0
7624,2706.9411372015943,2207.1859187041173,12,3492.7353177703003,1335,0
7625,-3487.17547482564,201.0154416321605,12,3492.964357104149,1331,0
7626,2435.710380246312,-2503.939884174612,12,3493.1933814205026,1337,0
7627,-104.63680063238088,3491.8549712084864,12,3493.4223907223127,1330,0
7628,-2281.70777816313,-2645.6397364474774,12,3493.6513850125352,1330,0
7629,3469.791669145117,409.56778771180973,12,3493.8803642941184,1333,0
7630,-2835.3612530913642,2041.9418611870822,12,3494.1093285700144,1332,0
7631,711.4418511726254,-3421.147540285287,12,3494.3382778431746,1333,0
7632,1786.4739136381397,3003.4165471826295,12,3494.567212116545,1331,0
7633,-3346.2881842351003,-1007.9461235842696,12,3494.7961313930746,1337,0
7634,3148.512797453571,-1517.2564596241107,12,3495.02503567571,1328,0
7635,-1296.8082591366633,3245.780081742282,12,3495.253924967398,1332,0
7636,-1236.3478439462087,-3269.5326896621727,12,3495.4827992710825,1329,0
7637,3120.386308541483,1575.8138486086684,12,3495.7116585897074,1334,0
7638,-3365.54302031503,945.896494553598,12,3495.9405029262152,1329,0
7639,1842.8233950289948,-2971.06074235008,12,3496.1693322835495,1330,0
7640,648.1244909709801,3435.8018924559096,12,3496.3981466646505,1333,0
7641,-2798.9408069063857,-2095.788720132407,12,3496.6269460724575,1336,0
7642,3479.7644480952827,-345.31056423476633,12,3496.8557305099107,1335,0
7643,-2332.7686756096655,2605.338808311565,12,3497.0844999799474,1333,0
7644,-39.77265859437127,-3497.087092942973,12,3497.3132544855057,1341,0
7645,2391.731929591333,2551.9440387620807,12,3497.5419940295214,1336,0
7646,-3487.630180748693,-266.1498118181576,12,3497.7707186149296,1329,0
7647,2751.6314780988273,-2159.7509598876586,12,3497.9994282446646,1343,0
7648,-570.113875330746,3451.4591362430124,12,3498.22812292166,1336,0
7649,-1911.1678441149209,-2930.296481863418,12,3498.4568026488478,1340,0
7650,3388.8440076775278,869.7909470833275,12,3498.68546742916,1329,0
7651,-3086.5651500391696,1647.8821482629396,12,3498.914117265527,1330,0
7652,1162.884667755014,-3300.257452002845,12,3499.1427521608775,1336,0
7653,1371.9065436163414,3219.234759315117,12,3499.3713721181402,1331,0
7654,-3186.3711676762437,-1447.1485002588827,12,3499.599977140245,1339,0
7655,3327.283019666288,-1085.3514209878695,12,3499.828567230115,1337,0
7656,-1720.402949361757,3048.050802041752,12,3500.057142390678,1332,0
7657,-790.4087523636755,-3409.8759514367816,12,3500.2857026248585,1331,0
7658,2886.349371846433,1980.5522723830597,12,3500.51424793558,1333,0
7659,-3466.3743221308596,489.33532354799894,12,3500.7427783257654,1331,0
7660,2225.600552665778,-2702.499246988569,12,3500.971293798337,1329,0
7661,184.43546592926313,3496.338593286905,12,3501.1997943562146,1335,0
7662,-2497.902758406153,-2453.667012768222,12,3501.4282800023193,1324,0
7663,3499.532339116346,121.95658030166292,12,3501.65675073957,1334,0
7664,-2663.0004497098867,2274.121501777102,12,3501.8852065708834,1333,0
7665,427.4945367418958,-3475.9241103706263,12,3502.113647499178,1338,0
7666,2032.8644185269982,2851.9926815977087,12,3502.3420735273703,1331,0
7667,-3425.6877287194297,-729.838054160728,12,3502.570484658375,1334,0
7668,3019.190902243037,-1775.9747452632532,12,3502.798880895105,1338,0
7669,-1026.6706392347132,3349.2010089771243,12,3503.0272622404755,1331,0
7670,-1505.4159311125454,-3163.308849030165,12,3503.2556286973977,1337,0
7671,3247.042918585568,1315.7174031163818,12,3503.4839802687834,1332,0
7672,-3283.2366980519832,1223.2566307053937,12,3503.712316957544,1336,0
7673,1594.7624960994772,-3119.9891956599085,12,3503.940638766587,1334,0
7674,931.6548873845732,3378.049610472356,12,3504.1689456988224,1334,0
7675,-2969.0064587937522,-1861.6660945617998,12,3504.3972377571586,1329,0
7676,3447.0148642233694,-632.8416277578027,12,3504.6255149444996,1343,0
7677,-2114.380810101798,2795.244853295193,12,3504.8537772637533,1336,0
7678,-329.1035936009206,-3489.597516144084,12,3505.082024717824,1336,0
7679,2600.0292898952684,2350.9673948582754,12,3505.3102573096153,1328,0
7680,-3505.464550732669,22.765841882273484,12,3505.5384750420303,1336,0
7681,2569.6096227595217,-2384.849342541719,12,3505.76667791797,1338,0
7682,-283.82605331250807,3494.4874833745,12,3505.9948659403367,1335,0
7683,-2151.347882406589,-2768.6282323317955,12,3506.2230391120297,1328,0
7684,3456.7433976924476,588.3239605095766,12,3506.4511974359493,1330,0
7685,-2946.4938241459186,1901.3085347386307,12,3506.6793409149914,1331,0
7686,888.3951749673521,-3392.514408679015,12,3506.9074695520553,1337,0
7687,1636.6420544790662,3101.8386137113166,12,3507.1355833500365,1335,0
7688,-3302.2855553044456,-1181.7402892461644,12,3507.36368231183,1338,0
7689,3233.466949665639,-1359.3717245183484,12,3507.591766440331,1333,0
7690,-1466.1108134700432,3186.741138314533,12,3507.8198357384317,1334,0
7691,-1071.6178883347557,-3340.364516246836,12,3508.0478902090263,1336,0
7692,3046.759530921452,1739.3264100620372,12,3508.2759298550054,1336,0
7693,-3421.706149296509,775.5817351294819,12,3508.503954679259,1336,0
7694,1999.291611090307,-2883.40650166152,12,3508.731964684678,1336,0
7695,473.5284616480498,3476.8622054963907,12,3508.9599598741497,1337,0
7696,-2697.9271002372,-2244.0118898539035,12,3509.187940250564,1334,0
7697,3505.403435766305,-167.76993925547532,12,3509.4159058168075,1333,0
7698,-2471.608963576509,2491.7361680499507,12,3509.643856575763,1324,0
7699,139.3529809141553,-3507.104325039439,12,3509.87179253032,1331,0
7700,2266.4075458703596,2680.335209637387,12,3510.0997136833594,1330,0
7701,-3481.9448724627455,-445.4883894451034,12,3510.3276200377645,1335,0
7702,2868.587084894012,-2023.662060814323,12,3510.55551159642,1333,0
7703,-748.2913293540887,3430.110797979198,12,3510.7833883622043,1332,0
7704,-1765.3543844441022,-3034.9174448943395,12,3511.011250337999,1335,0
7705,3351.992173301908,1045.4417583599516,12,3511.239097526683,1332,0
7706,-3178.046668438191,1493.458862248611,12,3511.4669299311363,1332,0
7707,1334.662324914712,-3248.1804873580004,12,3511.6947475542347,1333,0
7708,1210.054422941985,3296.872501859685,12,3511.922550398855,1329,0
7709,-3119.4641682468764,-1613.73582194355,12,3512.1503384678736,1338,0
7710,3390.478547435908,-917.3086827109503,12,3512.378111764165,1337,0
7711,-1880.5221843347372,2966.822595677893,12,3512.6058702906025,1332,0
7712,-617.4613661245447,-3458.141330446691,12,3512.833614050059,1330,0
7713,2791.4186492696504,2132.9749001124233,12,3513.0613430454073,1332,0
7714,-3499.3358904458173,312.80717037461955,12,3513.2890572795172,1333,0
7715,2369.1567092516116,-2594.5898494768057,12,3513.5167567552594,1332,0
7716,5.678204148532181,3513.7398534891063,12,3513.7444414755037,1330,0
7717,-2377.838158558936,-2587.254469838838,12,3513.972111443117,1337,0
7718,3501.235953790905,301.57386471956323,12,3514.199766660968,1333,0
7719,-2785.5930773409377,2142.818519490217,12,3514.4274071319214,1331,0
7720,606.5958159590222,-3461.9129850504637,12,3514.655032858844,1326,0
7721,1891.326220102856,2962.648330320601,12,3514.8826438445994,1334,0
7722,-3396.065173761498,-907.050900205875,12,3515.1102400920518,1337,0
7723,3117.058643628683,-1625.2831790736388,12,3515.3378216040633,1329,0
7724,-1200.6367407350613,3304.189978920263,12,3515.5653883834957,1334,0
7725,-1346.7232583990274,-3247.6355191565303,12,3515.7929404332103,1331,0
7726,3186.9843345441304,1485.1029766889264,12,3516.0204777560675,1337,0
7727,-3353.3726935242194,1057.776714777803,12,3516.2480003549235,1337,0
7728,1758.2685123988808,-3045.3393634054355,12,3516.4755082326387,1327,0
7729,760.6539085485,3433.4538924252197,12,3516.703001392071,1333,0
7730,-2880.3336020287634,-2018.0382407238992,12,3516.9304798360745,1331,0
7731,3487.2591317738893,-457.62839494465845,12,3517.1579435675058,1334,0
7732,-2262.419111999207,2693.2247885500983,12,3517.385392589217,1334,0
7733,-151.0195268758956,-3514.3695170687706,12,3517.6128269040646,1333,0
7734,2485.4402758471447,2489.535425575798,12,3517.8402465148984,1334,0
7735,-3514.570503785991,-156.82529744107984,12,3518.0676514245715,1329,0
7736,2697.6432264476625,-2258.5661431096155,12,3518.295041635934,1334,0
7737,-463.5486063745983,3487.853593476677,12,3518.522417151836,1339,0
7738,-2014.3350888189525,-2885.1436965864877,12,3518.749777975126,1337,0
7739,3434.416452139696,766.800908497234,12,3518.9771241086523,1340,0
7740,-3050.595438016727,1754.6131977024268,12,3519.204455555261,1331,0
7741,1064.2586898255956,-3354.661449555038,12,3519.4317723177987,1334,0
7742,1481.385682537534,3192.725553437502,12,3519.65907439911,1333,0
7743,-3249.192630390886,-1353.6422166191314,12,3519.8863618020396,1330,0
7744,3310.4394390749635,-1196.7417099011143,12,3520.1136345294312,1332,0
7745,-1632.7330075827426,3118.8111398335445,12,3520.3408925841263,1335,0
7746,-902.8584257235497,-3402.8292145066566,12,3520.5681359689656,1337,0
7747,2964.509138415085,1899.3908413629485,12,3520.795364686792,1328,0
7748,-3469.1807244598053,601.9843029818443,12,3521.022578740443,1330,0
7749,2151.570169093455,-2787.462252204891,12,3521.2497781327584,1338,0
7750,296.42193866474383,3508.979058683343,12,3521.476962866576,1333,0
7751,-2589.02061591355,-2387.335805950772,12,3521.704132944731,1334,0
7752,3521.9125471571597,11.489568180050572,12,3521.931288370061,1330,0
7753,-2604.877781568932,2370.6985770208153,12,3522.158429145401,1332,0
7754,319.39252260004895,-3507.8751996767473,12,3522.3855552735854,1338,0
7755,2134.163139545255,2802.5252351774357,12,3522.6126667574454,1336,0
7756,-3466.967570715919,-624.9286868148699,12,3522.839763599815,1335,0
7757,2978.7592489040444,-1881.22123554584,12,3523.0668458035257,1329,0
7758,-925.7573422358703,3399.496042547539,12,3523.293913371407,1339,0
7759,-1613.8059216995925,-3132.224520542442,12,3523.5209663062888,1338,0
7760,3305.970531698891,1219.5732218848327,12,3523.7480046109995,1332,0
7761,-3261.739786244305,1333.9616062057246,12,3523.975028288368,1331,0
7762,1504.1241759779136,-3187.1006358818922,12,3524.2020373412192,1334,0
7763,1043.8284190756533,3366.3069128542074,12,3524.4290317723808,1334,0
7764,-3043.7902505680004,-1777.2284351054002,12,3524.6560115846764,1333,0
7765,3445.1185899784005,-745.6258451698388,12,3524.8829767809316,1339,0
7766,-2036.7913389239088,2877.1306959685635,12,3525.109927363968,1333,0
7767,-441.6357453419994,-3497.564562440016,12,3525.336863336609,1335,0
7768,2688.3924067433954,2280.8214018998624,12,3525.563784701675,1328,0
7769,-3523.236355095011,134.18489533781755,12,3525.790691461987,1329,0
7770,2507.445593014606,-2479.0152476480716,12,3526.0175836203653,1332,0
7771,-174.3728237437762,3521.9304533649756,12,3526.2444611796273,1331,0
7772,-2250.597529064707,-2714.9237120346183,12,3526.4713241425907,1333,0
7773,3493.6499147539143,481.6744472566143,12,3526.6981725120736,1333,0
7774,-2901.6617522047704,2004.8838060575838,12,3526.925006290891,1324,0
7775,785.3660228970033,-3438.6043986011164,12,3527.151825481858,1331,0
7776,1743.751554217772,3066.2241465951415,12,3527.378630087788,1337,0
7777,-3357.208613433666,-1083.1206423509818,12,3527.6054201114953,1335,0
7778,3207.3448041170514,-1469.1968239495195,12,3527.832195555792,1331,0
7779,-1372.6562703690104,3250.07919340693,12,3528.0589564234892,1332,0
7780,-1183.3189829852274,-3323.9368502585617,12,3528.2857027173977,1336,0
7781,3118.030027326052,1651.7532348063078,12,3528.5124344403266,1331,0
7782,-3415.1009977356807,888.304663538787,12,3528.739151595085,1332,0
7783,1918.2712433883535,-2962.0660756960337,12,3528.9658541844806,1331,0
7784,586.4110370200599,3480.13248248699,12,3529.1925422113204,1332,0
7785,-2783.3757226792904,-2170.1657969840776,12,3529.4192156784097,1333,0
7786,3518.5265115748903,-279.94854410164584,12,3529.645874588554,1337,0
7787,-2405.5038733270662,2583.321721235758,12,3529.8725189445577,1328,0
7788,28.736787527450776,-3529.9821808392467,12,3530.0991487492247,1331,0
7789,2363.4308003614224,2622.47876100131,12,3530.3257640053557,1331,0
7790,-3514.4048319587287,-337.28130263200035,12,3530.552364715754,1335,0
7791,2819.4239296987066,-2125.382013813588,12,3530.7789508832184,1335,0
7792,-643.3218175283533,3471.9068304163948,12,3531.00552251055,1335,0
7793,-1870.9939190735581,-2994.82583045989,12,3531.2320796005465,1333,0
7794,3402.806758036422,944.5137201023911,12,3531.4586221560066,1337,0
7795,-3147.335527428905,1602.2106845804688,12,3531.6851501797264,1333,0
7796,1238.5489323586403,-3307.627025853016,12,3531.911663674503,1334,0
7797,1321.087231253356,3275.779071826936,12,3532.138162643132,1332,0
7798,-3187.0899252024824,-1523.1735976811174,12,3532.3646470884064,1335,0
7799,3379.1665382626697,-1029.7735220357379,12,3532.5911170131203,1332,0
7800,-1796.2053574106271,3042.112146849514,12,3532.8175724200646,1332,0
7801,-730.4981193514041,-3456.69965395087,12,3533.0440133120337,1330,0
7802,2873.79780981233,2055.5500841180824,12,3533.270439691816,1333,0
7803,-3507.777961945159,425.55113640062996,12,3533.4968515622027,1329,0
7804,2299.217943506023,-2683.430052798085,12,3533.7232489259823,1332,0
7805,117.26671257981432,3532.0034708534363,12,3533.9496317859425,1329,0
7806,-2472.4612523655446,-2525.3386615563077,12,3534.176000144871,1331,0
7807,3529.1837549988886,191.9948526704455,12,3534.402354005554,1328,0
7808,-2732.1758799114696,2242.501942302389,12,3534.628693370776,1331,0
7809,499.86517108798176,-3499.3334809265016,12,3534.8550182433232,1336,0
7810,1995.308518892108,2918.1404891534235,12,3535.0813286259763,1329,0
7811,-3442.6743481285284,-803.9859033203333,12,3535.307624521521,1333,0
7812,3081.8028377820106,-1732.7698257526154,12,3535.533905932738,1336,0
7813,-1102.0268244108356,3359.6334440350734,12,3535.760172862407,1325,0
7814,-1456.8927208513587,-3221.903722945539,12,3535.9864253133096,1337,0
7815,3250.8400254989415,1391.703678450999,12,3536.212663288225,1337,0
7816,-3337.3640785209745,1169.786735861645,12,3536.4388867899293,1336,0
7817,1670.7956858440868,-3117.1207509759365,12,3536.665095821203,1330,0
7818,873.6479453076643,3427.2932859123243,12,3536.891290384821,1331,0
7819,-2959.4933995619294,-1937.1625687973058,12,3537.117470483558,1333,0
7820,3490.9960436760844,-570.7421686172548,12,3537.343636120189,1332,0
7821,-2188.760964657788,2779.1591245537397,12,3537.569787297489,1333,0
7822,-263.3876337553777,-3527.977742898153,12,3537.7959240182304,1333,0
7823,2577.4933005937078,2423.6601010444006,12,3538.022046285184,1342,0
7824,-3537.948306812158,-46.062765060136186,12,3538.2481541011225,1331,0
7825,2640.0566127475477,-2356.035034011155,12,3538.4742474688155,1335,0
7826,-355.2394795683007,3520.8244648315035,12,3538.7003263910324,1337,0
7827,-2116.4754164684205,-2836.2883865158747,12,3538.9263908705416,1340,0
7828,3476.7304432077535,661.7744519641269,12,3539.1524409101116,1339,0
7829,-3010.847327554915,1860.6446114600783,12,3539.378476512508,1337,0
7830,963.3192525437763,-3405.997066598634,12,3539.6044976804965,1335,0
7831,1590.4978724323348,3162.390949548809,12,3539.8305044168433,1339,0
7832,-3309.1592770123157,-1257.5630717237716,12,3540.056496724311,1338,0
7833,3289.7526992960893,-1308.100599141402,12,3540.2824746056635,1330,0
7834,-1542.2504283914413,3186.9520887717176,12,3540.508438063663,1332,0
7835,-1015.612546622547,-3391.9509364291907,12,3540.7343871010717,1326,0
7836,3040.305010022279,1815.1984591315154,12,3540.9603217206486,1338,0
7837,-3468.196499169907,715.2713073691688,12,3541.1862419251543,1331,0
7838,2074.313655600083,-2870.334973167944,12,3541.4121477173485,1332,0
7839,409.3751932436468,3517.898797742301,12,3541.638039099987,1328,0
7840,-2678.337827942528,-2317.6079218478917,12,3541.863916075828,1337,0
7841,3540.6703884807025,-100.26564783569077,12,3542.0897786476276,1330,0
7842,-2543.2138282596675,2465.778462017383,12,3542.3156268181415,1337,0
7843,209.69067594887971,-3536.3299931454508,12,3542.541460590123,1340,0
7844,2234.2796243225557,2749.398945285507,12,3542.767279966326,1331,0
7845,-3504.9039399480057,-518.1200360311757,12,3542.993084949504,1335,0
7846,2934.579146773636,-1985.6095364701787,12,3543.2188755424067,1339,0
7847,-822.6597800924541,3446.6260148467272,12,3543.4446517477872,1333,0
7848,-1721.668386754477,-3097.3307808579693,12,3543.670413568395,1330,0
7849,3361.935723842928,1120.9764443326762,12,3543.8961610069787,1332,0
7850,-3236.4016147677153,1444.4738100529648,12,3544.1218940662866,1327,0
7851,1410.783633205741,-3251.4749791869544,12,3544.347612749065,1334,0
7852,1156.1454643768375,3350.7204695708156,12,3544.573317058063,1339,0
7853,-3116.083234445177,-1689.8595432785792,12,3544.7990069960247,1338,0
7854,3439.405470601763,-858.8888221386183,12,3545.024682565694,1331,0
7855,-1956.063996711173,2956.7911053658,12,3545.2503437698156,1331,0
7856,-554.9782999485285,-3501.7708500965964,12,3545.4759906111335,1334,0
7857,2774.812524925188,2207.354854009274,12,3545.7016230923887,1335,0
7858,-3537.332249502722,246.73985618058046,12,3545.9272412163227,1337,0
7859,2441.8036799912466,-2571.535492343282,12,3546.1528449856755,1333,0
7860,-63.466810784336175,3545.8104805430403,12,3546.3784344031874,1333,0
7861,-2348.5114864879292,-2657.6105429190065,12,3546.604009471596,1335,0
7862,3527.1337157786993,373.266327194329,12,3546.8295701936395,1330,0
7863,-2853.117833065653,2107.443624546752,12,3547.0551165720553,1332,0
7864,680.2858332969629,-3481.4380915098086,12,3547.28064860958,1325,0
7865,1850.173656173965,3026.822994824749,12,3547.506166308947,1336,0
7866,-3409.0667180028927,-982.1731579538244,12,3547.7316696728913,1334,0
7867,3177.390074412752,-1578.6678925674414,12,3547.9571587041464,1337,0
7868,-1276.6148395486218,3310.567104204995,12,3548.1826334054454,1334,0
7869,-1295.0021778601747,-3303.659994511754,12,3548.408093779519,1334,0
7870,3186.6870162807763,1561.3538549180716,12,3548.633539829099,1332,0
7871,-3404.6594767314314,1001.3460178693764,12,3548.8589715569146,1337,0
7872,1834.206920588157,-3038.3688012594043,12,3549.084388965695,1335,0
7873,699.94598732534,3479.6085433317285,12,3549.3097920581686,1327,0
7874,-2866.7422189580343,-2093.0812335032692,12,3549.535180837063,1334,0
7875,3527.926540290079,-393.10854266585267,12,3549.7605553051035,1331,0
7876,-2335.99052312057,2673.115836601715,12,3549.9859154650176,1339,0
7877,-83.18237174295122,-3549.236635254293,12,3550.2112613195286,1341,0
7878,2458.967051769603,2561.0702915600555,12,3550.4365928713614,1327,0
7879,-3543.3687555089464,-227.4595842847325,12,3550.661910123238,1337,0
7880,2766.592125002093,-2225.9308196519505,12,3550.887213077881,1336,0
7881,-536.43829951324,3510.3609430962147,12,3551.112501738012,1334,0
7882,-1975.7871707700592,-2950.9769663317343,12,3551.3377761063507,1337,0
7883,3450.459116280502,841.3868829954381,12,3551.5630361856174,1335,0
7884,-3112.8072472942,1710.4476142789954,12,3551.7882819785304,1335,0
7885,1139.9687101992818,-3364.1152387762495,12,3552.0135134878074,1333,0
7886,1431.940530854285,3250.8377868015423,12,3552.238730716166,1331,0
7887,-3251.9839103950653,-1429.895327124197,12,3552.4639336663213,1333,0
7888,3364.0053716943185,-1142.395666663601,12,3552.6891223409916,1328,0
7889,-1708.9439901389014,3114.9174047746646,12,3552.914296742887,1337,0
7890,-844.0278471435009,-3451.4369461495753,12,3553.1394568747223,1328,0
7891,2953.9591918450765,1974.9747069048724,12,3553.364602739213,1340,0
7892,-3512.4563467718463,539.1200348922105,12,3553.5897343390675,1334,0
7893,2225.946647879606,-2770.3359942060356,12,3553.8148516769975,1335,0
7894,230.00586146143775,3546.5895313234914,12,3554.0399547557145,1337,0
7895,-2565.4484379910305,-2459.933802363263,12,3554.2650435779265,1334,0
7896,3553.5682607068634,80.94823343838972,12,3554.4901181463424,1340,0
7897,-2675.1397592043477,2340.8603693351947,12,3554.71517846367,1332,0
7898,391.3611184142707,-3533.332205580666,12,3554.9402245326155,1334,0
7899,2098.2869180454077,2869.9114985587107,12,3555.165256355884,1333,0
7900,-3486.0294611042696,-698.8552041110358,12,3555.3902739361824,1339,0
7901,3042.752088930829,-1839.5813994784462,12,3555.615277276213,1332,0
7902,-1001.0746543442311,3412.01546544408,12,3555.84026637868,1332,0
7903,-1566.721154814121,-3192.332191839989,12,3556.065241246285,1332,0
7904,3311.850329911075,1295.7034353075962,12,3556.290201881731,1334,0
7905,-3317.5002858538114,1281.7924377058407,12,3556.5151482877172,1328,0
7906,1580.4830643703178,-3186.294600823754,12,3556.740080466943,1332,0
7907,986.9744629861889,3417.291531229538,12,3556.9649984221096,1331,0
7908,-3036.3034850987,-1853.22992269645,12,3557.1899021559143,1329,0
7909,3490.93520699538,-684.522739257156,12,3557.4147916710526,1330,0
7910,-2111.85199877504,2863.0195834590213,12,3557.639666970223,1333,0
7911,-376.7518130381881,-3537.860663080506,12,3557.8645280561204,1331,0
7912,2667.7641864798716,2354.364934613024,12,3558.089374931439,1336,0
7913,-3557.70174161177,66.01755624513486,12,3558.314207598874,1336,0
7914,2578.9072513405845,-2452.0271998864437,12,3558.5390260611166,1332,0
7915,-245.3008672549006,3550.299633062538,12,3558.76383032086,1338,0
7916,-2217.455775778316,-2783.7546376193773,12,3558.9886203807964,1336,0
7917,3515.704145004668,554.8192181215379,12,3559.2133962436137,1325,0
7918,-2967.333191008485,1965.8417366460112,12,3559.4381579120045,1334,0
7919,860.1664413676157,-3454.1733733478077,12,3559.662905388655,1333,0
7920,1699.1078880918221,3128.231510714025,12,3559.887638676255,1331,0
7921,-3366.171778173905,-1159.0028299471637,12,3560.1123577774906,1331,0
7922,3265.2115486878934,-1419.2933249738085,12,3560.3370626950477,1334,0
7923,-1449.0379527551788,3252.36667850891,12,3560.5617534316125,1331,0
7924,-1128.5378430534113,-3377.21813580295,12,3560.7864299898697,1336,0
7925,3113.623192449536,1728.048209813707,12,3561.011092372502,1336,0
7926,-3463.3871096872394,829.0655754837899,12,3561.2357405821926,1335,0
7927,1993.8938798980157,-2950.99766108095,12,3561.4603746216244,1334,0
7928,523.1679791386949,3523.0519816778087,12,3561.6849944934775,1332,0
7929,-2765.7296060756526,-2244.535530143512,12,3561.9096002004317,1330,0
7930,3555.749091402774,-213.18630112732288,12,3562.134191745168,1332,0
7931,-2478.049661596161,2559.2322822798155,12,3562.358769130364,1331,0
7932,98.50634059155789,-3561.2212092010323,12,3562.5833323586976,1337,0
7933,2333.0818972131,2692.643470810148,12,3562.807881432845,1333,0
7934,-3539.419558341574,-409.52312514574584,12,3563.032416355484,1336,0
7935,2886.668614051406,-2089.0055798514604,12,3563.256937129289,1331,0
7936,-717.4818062973345,3490.504241170939,12,3563.4814437569335,1334,0
7937,-1828.8681903557876,-3058.6338686257864,12,3563.705936241092,1335,0
7938,3414.8430655350066,1020.0229594315406,12,3563.9304145844376,1327,0
7939,-3207.2165939247307,1554.6580716202031,12,3564.154878789641,1327,0
7940,1314.8280584790668,-3313.008780042119,12,3564.3793288593743,1331,0
7941,1268.4718513863725,3331.272904197497,12,3564.6037647963058,1338,0
7942,-3185.7747389592164,-1599.6372440679597,12,3564.8281866031075,1335,0
7943,3429.8464747096655,-972.4984112694885,12,3565.052594282446,1336,0
7944,-1872.2666468841726,3034.10902951181,12,3565.27698783699,1324,0
7945,-669.0021450432599,-3502.175913618206,12,3565.501367269405,1334,0
7946,2859.167106263431,2130.625133255777,12,3565.725732582359,1330,0
7947,-3547.7006426427542,360.30563441638026,12,3565.9500837785154,1332,0
7948,2372.7303447932286,-2662.2829885076844,12,3566.1744208605387,1335,0
7949,48.771874699705776,3566.065241164031,12,3566.3987438310933,1328,0
7950,-2444.9590878188683,-2596.7239088690058,12,3566.623052692841,1331,0
7951,3557.1222200581765,263.2138134072598,12,3566.847347448444,1333,0
7952,-2800.885703353177,2208.854743244059,12,3567.071628100563,1328,0
7953,573.2620477040084,-3520.933203663797,12,3567.2958946518584,1331,0
7954,1955.7735517656697,2983.6470659603656,12,3567.5201471049886,1338,0
7955,-3457.768510400547,-878.9976840028552,12,3567.744385462613,1327,0
7956,3143.6028469548196,-1687.6495905896918,12,3567.96860972739,1330,0
7957,-1178.0780112698003,3368.1051348440105,12,3568.1928199019735,1340,0
7958,-1406.532636653285,-3279.52221246162,12,3568.4170159890227,1333,0
7959,3252.6231463506547,1468.2107028025528,12,3568.6411979911904,1327,0
7960,-3390.3581154137423,1114.5724961832577,12,3568.8653659111324,1337,0
7961,1747.1713861458595,-3112.200531365734,12,3569.089519751501,1331,0
7962,814.0025642905972,3475.2553611682024,12,3569.3136595149494,1335,0
7963,-2947.906518571175,-2012.8206968743073,12,3569.5377852041292,1337,0
7964,3533.5572057741806,-507.12274009490505,12,3569.7618968216916,1339,0
7965,-2263.1206856354406,2760.993437559925,12,3569.985994370286,1334,0
7966,-196.28182826104114,-3564.8104358990117,12,3570.2100778525623,1334,0
7967,2552.887173131842,2496.150452448512,12,3570.434147271169,1327,0
7968,-3568.7688911635114,-116.14043853696874,12,3570.6582026287533,1331,0
7969,2710.1208885384217,-2325.176287834476,12,3570.8822439279625,1326,0
7970,-427.75161842024323,3545.395401494573,12,3571.106271171442,1330,0
7971,-2079.599895838194,-2903.388412395037,12,3571.330284361837,1326,0
7972,3494.862124284051,736.1648811541967,12,3571.5542835017923,1333,0
7973,-3074.467594711283,1818.0343806073133,12,3571.7782685939505,1338,0
7974,1039.0172905384914,-3417.5492783516743,12,3572.0022396409545,1334,0
7975,1542.4790579709434,3222.0425750944187,12,3572.226196645448,1330,0
7976,-3314.0422839949347,-1333.9879084510605,12,3572.4501396100686,1334,0
7977,3344.9771829642855,-1255.04089393466,12,3572.674068537459,1333,0
7978,-1618.8155816374685,3185.1273306804774,12,3572.897983430257,1332,0
7979,-957.9183942098168,-3442.3236846691925,12,3573.1218842911026,1336,0
7980,3031.7854058661737,1891.3162751842644,12,3573.3457711226324,1335,0
7981,-3513.330089550517,653.3847885120657,12,3573.5696439274834,1332,0
7982,2149.399819601714,-2855.1848303561924,12,3573.7935027082917,1330,0
7983,343.7706384437094,3557.445958569716,12,3574.0173474676926,1339,0
7984,-2656.672356925035,-2391.085943238005,12,3574.24117820832,1336,0
7985,3574.3266707132584,-31.446001778832137,12,3574.464994932808,1334,0
7986,-2614.5194668779764,2437.762900143511,12,3574.6887976437893,1335,0
7987,281.1977101546622,-3563.8361140495467,12,3574.9125863438953,1336,0
7988,2200.127975578379,2817.9845441516154,12,3575.1363610357585,1331,0
7989,-3526.0477804530383,-591.7660432655846,12,3575.360121722007,1333,0
7990,2999.9178382732816,-1945.5829367081121,12,3575.583868405271,1329,0
7991,-897.8798392511418,3461.244255216084,12,3575.8076010881796,1330,0
7992,-1676.0731069021454,-3158.9205340304766,12,3576.0313197733603,1331,0
7993,3369.915105051034,1197.193461704865,12,3576.25502446344,1330,0
7994,-3293.7690926060245,1393.6589125726873,12,3576.478715161045,1334,0
7995,1487.4127700335684,-3252.753180236869,12,3576.7023918688005,1336,0
7996,1100.5001309061304,3403.424666696119,12,3576.926054589331,1333,0
7997,-3110.6493588956528,-1766.3127033461733,12,3577.149703325261,1330,0
7998,3487.041103358012,-798.8393727726109,12,3577.373338079212,1328,0
7999,-2031.7543397732095,2944.6857731874775,12,3577.5969588538064,1331,0
8000,-490.9849269926716,-3543.9714730039805,12,3577.820565651665,1334,0
8001,2756.1275689890904,2281.701300227154,12,3578.0441584754094,1335,0
8002,-3573.7730741087453,179.29309740011416,12,3578.2677373276583,1339,0
8003,2514.235370935495,-2546.4132617344053,12,3578.491302211031,1330,0
8004,-133.84983239191237,3576.210874986073,12,3578.7148531281446,1336,0
8005,-2317.1437620560223,-2727.5712247281213,12,3578.9383900816174,1333,0
8006,3551.2593658295054,446.04586827838324,12,3579.1619130740646,1331,0
8007,-2920.0701283073936,2070.0701547935128,12,3579.385422108102,1331,0
8008,754.9036692854046,-3499.102806449024,12,3579.6089171863455,1335,0
8009,1807.080324787038,3090.2525300964603,12,3579.8323983114074,1332,0
8010,-3420.1338674199637,-1058.0568646944087,12,3580.0558654859005,1333,0
8011,3236.8094320768837,-1530.1845314922382,12,3580.279318712438,1336,0
8012,-1353.1821846201321,3314.9506746295165,12,3580.5027579936313,1342,0
8013,-1241.500042814186,-3358.612458098192,12,3580.726183332091,1326,0
8014,3184.3522794775167,1638.017264923158,12,3580.949594730426,1332,0
8015,-3454.722541359381,943.2349453998088,12,3581.1729921912456,1334,0
8016,1910.3779901517353,-3029.33258899445,12,3581.3963757171587,1338,0
8017,637.671255359219,3524.3971640677214,12,3581.619745310772,1333,0
8018,-2851.072802067579,-2168.1752413747663,12,3581.843100974693,1329,0
8019,3567.096093522531,-327.1474584591785,12,3582.0664427115253,1335,0
8020,-2409.430920718413,2650.9324092262373,12,3582.2897705238756,1332,0
8021,-14.040613576734819,-3582.4855702668765,12,3582.513084414347,1333,0
8022,2430.4388246512526,2632.293129502837,12,3582.736384385544,1340,0
8023,-3570.4409159005513,-299.25184387607857,12,3582.959670440068,1332,0
8024,2835.050383640875,-2191.2757293909235,12,3583.1829425805204,1338,0
8025,-610.3304590568794,3531.047540142644,12,3583.4062008095034,1336,0
8026,-1935.2702148886926,-3016.1447570308483,12,3583.629445129616,1337,0
8027,3464.600339038556,916.8121349185554,12,3583.8526755434573,1334,0
8028,-3174.1838521928635,1664.378824810647,12,3584.0758920536264,1335,0
8029,1216.3483885995038,-3371.6014885438926,12,3584.299094662721,1338,0
8030,1380.672601954704,3307.9515060247827,12,3584.522283373337,1331,0
8031,-3252.756649951694,-1506.6433473768877,12,3584.74545818807,1331,0
8032,3416.4171484530584,-1086.3212543975533,12,3584.9686191095175,1338,0
8033,-1785.471346077443,3108.969615859313,12,3585.1917661402717,1328,0
8034,-783.5765621219168,-3498.7437418726736,12,3585.4148992829264,1331,0
8035,2941.3354372486124,2050.6939912101748,12,3585.6380185400762,1327,0
8036,-3554.2942403235156,474.7551507915246,12,3585.8611239143106,1333,0
8037,2300.276560804788,-2751.132084035969,12,3586.084215408221,1331,0
8038,162.22076464451962,3582.6365184760434,12,3586.3072930243998,1330,0
8039,-2539.810702480931,-2532.3036144118496,12,3586.530356765435,1333,0
8040,3583.546732333098,151.6338259913483,12,3586.753406633916,1344,0
8041,-2744.993693324235,2308.9845438222783,12,3586.9764426324296,1335,0
8042,464.4051438716788,-3557.011085496576,12,3587.1994647635647,1332,0
8043,2060.416648515878,2936.712998322886,12,3587.4224730299047,1336,0
8044,-3503.225987097201,-773.6974107019103,12,3587.6454674340384,1334,0
8045,3105.987939789517,-1796.0063802453694,12,3587.8684479785493,1332,0
8046,-1077.140898537266,3422.596599761405,12,3588.09141466602,1333,0
8047,-1517.7749123666385,-3251.5164639580776,12,3588.3143674990347,1337,0
8048,3315.733788323188,1372.4100862978098,12,3588.5373064801765,1334,0
8049,-3372.178068111471,1227.8497778425444,12,3588.7602316120256,1332,0
8050,1657.2414820841375,-3183.4494923054103,12,3588.983142897164,1332,0
8051,928.4486006413638,3467.0424277714133,12,3589.2060403381697,1335,0
8052,-3026.7505571545707,-1929.450974957512,12,3589.4289239376226,1333,0
8053,3535.3765693773794,-621.8621331914588,12,3589.6517936981018,1334,0
8054,-2186.950582966248,2846.831071149742,12,3589.8746496221843,1332,0
8055,-310.4367293986713,-3576.6505332559755,12,3590.0974917124463,1331,0
8056,2645.063266242931,2427.764469130454,12,3590.3203199714644,1330,0
8057,-3590.5414830542063,-3.443612477969381,12,3590.5431344018134,1331,0
8058,2650.044102361928,-2422.9870522841766,12,3590.7659350060676,1334,0
8059,-317.3754998111779,3576.936229808914,12,3590.9887217868013,1333,0
8060,-2182.2982643019423,-2852.0824471997175,12,3591.211494746585,1340,0
8061,3535.932150915306,628.9545485354711,12,3591.434253887993,1332,0
8062,-3032.3270732689816,1924.8357126570495,12,3591.656999213594,1338,0
8063,935.7937983689575,-3467.8364965687465,12,3591.8797307259606,1341,0
8064,1652.567134850174,3189.3920838951562,12,3592.1024484276613,1334,0
8065,-3373.1640885850056,-1235.541999075907,12,3592.3251523212653,1339,0
8066,3322.0687720957817,-1367.5741564778223,12,3592.54784240934,1331,0
8067,-1525.9016278316826,3252.6334288051303,12,3592.7705186944513,1335,0
8068,-1072.036376064258,-3429.334922167127,12,3592.9931811791685,1332,0
8069,3107.1612465578846,1804.6464994255387,12,3593.2158298660543,1336,0
8070,-3510.3626851695867,768.2146956215878,12,3593.4384647576753,1340,0
8071,2069.638834568784,-2937.855526475862,12,3593.6610858565946,1327,0
8072,458.43402428665104,3564.524967702758,12,3593.883693165376,1326,0
8073,-2746.007069754988,-2318.845655246512,12,3594.1062866865805,1336,0
8074,3591.4002846132335,-145.06548755643556,12,3594.3288664227707,1333,0
8075,-2550.3543815064904,2533.0796530568564,12,3594.551432376507,1333,0
8076,169.4917219896251,-3590.776038153451,12,3594.77398455035,1339,0
8077,2300.6988602069487,2762.3875098621565,12,3594.996522946858,1329,0
8078,-3562.6501980346975,-482.82871335840093,12,3595.2190475685898,1332,0
8079,2953.316260863876,-2050.6396717407506,12,3595.441558418103,1340,0
8080,-792.5453447205871,3507.23136912319,12,3595.6640554979545,1334,0
8081,-1784.8129071733447,-3121.6730908901136,12,3595.886538810701,1329,0
8082,3424.9372458781827,1096.2686084150948,12,3596.1090083588956,1343,0
8083,-3266.1629721500935,1505.2506234363996,12,3596.3314641450947,1337,0
8084,1391.6708128103355,-3316.3914649467756,12,3596.553906171851,1333,0
8085,1214.0905812355415,3385.6733540841096,12,3596.7763344417176,1336,0
8086,-3182.4188796466365,-1676.487421506242,12,3596.998748957247,1328,0
8087,3479.2827296781666,-913.5598978519382,12,3597.2211497209896,1337,0
8088,-1948.5344133061592,3024.0392920994964,12,3597.4435367354968,1332,0
8089,-605.9580115706982,-3546.2677406272196,12,3597.6659100033175,1333,0
8090,2842.459690727724,2205.7250296870757,12,3597.8882695270013,1335,0
8091,-3586.108766623746,293.63908790267743,12,3598.110615309096,1342,0
8092,2446.0857815806653,-2639.0650520873687,12,3598.3329473521485,1334,0
8093,-21.005997580738732,3598.4939555410733,12,3598.555265658706,1337,0
8094,-2415.4077772242576,-2667.7715924952367,12,3598.777570231314,1332,0
8095,3583.3216633132297,335.5679621628196,12,3598.9998610725174,1338,0
8096,-2869.079961906111,2173.1958430359728,12,3599.2221381848613,1333,0
8097,647.6375643273119,-3540.701284388756,12,3599.444401570887,1334,0
8098,1914.2797592200036,3048.4640400438716,12,3599.6666512331385,1333,0
8099,-3470.9524660059515,-954.8240564246412,12,3599.8888871741588,1333,0
8100,3204.544513852813,-1640.6384302264282,12,3600.1111093964864,1337,0
8101,-1254.773500119963,3374.6027119346504,12,3600.333317902663,1334,0
8102,-1354.3640303806296,-3336.1202126438934,12,3600.5555126952286,1331,0
8103,3252.383393604412,1545.1868045664405,12,3600.7776937767208,1335,0
8104,-3442.177351982471,1057.646007650453,12,3600.9998611496776,1331,0
8105,1823.8373488709553,-3105.224198808093,12,3601.222014816637,1329,0
8106,752.7543385497972,3521.8973445849406,12,3601.444154780135,1333,0
8107,-2934.246060066391,-2088.5880539218015,12,3601.666281042706,1338,0
8108,3574.6631181542048,-442.02216201007064,12,3601.8883936068864,1330,0
8109,-2337.4077725005127,2740.7526165369595,12,3602.11049247521,1327,0
8110,-127.82792526751096,-3600.06389131107,12,3602.3325776502093,1331,0
8111,2526.2202743787193,2568.3868722055704,12,3602.554649134417,1333,0
8112,-3597.8983706999807,-187.42282175451874,12,3602.776706930364,1332,0
8113,2779.7518914527836,-2292.286941454903,12,3602.9987510405836,1333,0
8114,-501.3158440066112,3568.1763443736827,12,3603.2207814676026,1333,0
8115,-2040.7395222365328,-2969.87915619168,12,3603.4427982139523,1339,0
8116,3511.118658878007,811.4467100670905,12,3603.664801282161,1333,0
8117,-3137.3072526471533,1773.5002685332665,12,3603.8867906747564,1332,0
8118,1115.4392102887373,-3427.15557979944,12,3604.1087663942662,1332,0
8119,1492.6120901176278,3280.748260448321,12,3604.3307284432153,1340,0
8120,-3316.9235479192293,-1410.9635634058427,12,3604.55267682413,1341,0
8121,3399.0976596642186,-1200.2229376516818,12,3604.7746115395344,1333,0
8122,-1695.7542718996715,3181.2603554776865,12,3604.9965325919525,1336,0
8123,-898.5693771714257,-3491.4428356210788,12,3605.218439983908,1337,0
8124,3021.1987790353855,1967.6274895302456,12,3605.440333717922,1329,0
8125,-3557.07011593561,589.9594819289092,12,3605.662213796517,1326,0
8126,2224.497767692314,-2837.958717376261,12,3605.884080222214,1337,0
8127,276.7551722158981,3595.4702856026706,12,3606.1059329975324,1333,0
8128,-2632.9378942355042,-2464.3940523176707,12,3606.327772124991,1335,0
8129,3606.342537445408,38.64586150952509,12,3606.549597607109,1336,0
8130,-2685.4748084447256,2407.70119682837,12,3606.771409446404,1331,0
8131,353.8285139921854,-3589.596827317252,12,3606.993207645393,1335,0
8132,2163.9687313500513,2886.042156611585,12,3607.2149922065914,1331,0
8133,-3545.3546156151365,-666.3787583172568,12,3607.436763132516,1330,0
8134,3064.554912387444,-1903.602686739538,12,3607.6585204256794,1336,0
8135,-973.902135469067,3473.947989036219,12,3607.8802640885965,1325,0
8136,-1628.5931069173278,-3219.6404290077744,12,3608.1019941237805,1340,0
8137,3375.9171689016016,1274.0420984863083,12,3608.3237105337435,1337,0
8138,-3350.1051519941593,1341.0426803730716,12,3608.5454133209964,1331,0
8139,1564.4980708288072,-3252.0064247127398,12,3608.76710248805,1327,0
8140,1043.1506631447357,3454.9438047500425,12,3608.988778037416,1338,0
8141,-3103.1584239104704,-1843.0430803737297,12,3609.2104399716013,1328,0
8142,3533.3471343254655,-737.1960582870889,12,3609.4320882931156,1330,0
8143,-2107.5408341237367,2930.507060646847,12,3609.6537230044655,1330,0
8144,-425.5201803382061,-3584.708157734035,12,3609.875344108159,1331,0
8145,2735.368818189173,2355.96210251319,12,3610.096951606702,1336,0
8146,-3608.626860558223,110.50873837712513,12,3610.318545502599,1329,0
8147,2586.4002877879425,-2519.2327306802063,12,3610.540125798355,1335,0
8148,-205.42642547032182,3604.9133115400273,12,3610.7616924964736,1326,0
8149,-2283.749020923102,-2797.0860568514468,12,3610.9832455994588,1332,0
8150,3573.589168863245,519.8658020906013,12,3611.204785109812,1331,0
8151,-2986.400926477651,2030.7165007290964,12,3611.426311030034,1333,0
8152,830.4007447752375,-3514.8875662070236,12,3611.647823362627,1330,0
8153,1762.068830158521,3152.8896964187916,12,3611.86932211009,1330,0
8154,-3429.2513790646085,-1134.6519198342198,12,3612.090807274922,1333,0
8155,3295.271635000337,-1479.8597405032026,12,3612.3122788596224,1334,0
8156,-1430.2875373549105,3317.32988418204,12,3612.5337368666887,1338,0
8157,-1186.2473341128964,-3412.4503311125345,12,3612.7551812986167,1340,0
8158,3179.9738373317896,1715.0412222116797,12,3612.976612157903,1332,0
8159,-3503.522136951022,883.4775808667382,12,3613.1980294470436,1333,0
8160,1986.7293885088593,-3018.2290066917085,12,3613.419433168533,1334,0
8161,573.8671376755614,3567.7831363882055,12,3613.6408233248644,1337,0
8162,-2833.3282110688924,-2243.2679840717087,12,3613.86219991853,1337,0
8163,3604.734585298761,-259.785622294558,12,3614.0835629520243,1339,0
8164,-2482.6884768179375,2626.6819234683576,12,3614.3049124278377,1343,0
8165,56.36252271463298,-3614.0867817518224,12,3614.526248348461,1341,0
8166,2399.867511717116,2703.1529601938355,12,3614.7475707163835,1329,0
8167,-3595.761336095511,-372.15643732256575,12,3614.9688795340962,1325,0
8168,2902.9682618887355,-2154.6171981274747,12,3615.190174804086,1328,0
8169,-685.1773815470222,3549.8918231146654,12,3615.411456528841,1342,0
8170,-1892.8048302538052,-3080.5989473749846,12,3615.6327247108493,1338,0
8171,3476.822810874803,993.0272613481635,12,3615.8539793525956,1334,0
8172,-3234.6791185889324,1616.431563588365,12,3616.0752204565656,1335,0
8173,1293.3470008001013,-3377.10727332156,12,3616.2964480252444,1333,0
8174,1327.610565740593,3364.0229169454155,12,3616.517662061116,1334,0
8175,-3251.502406018876,-1583.834620045116,12,3616.7388625666626,1344,0
8176,3467.633650010422,-1028.550858886131,12,3616.9600495443683,1333,0
8177,-1862.2628802891525,3100.96387671594,12,3617.1812229967136,1329,0
8178,-721.540424218836,-3544.7114715048533,12,3617.402382926179,1331,0
8179,2926.6385543470474,2126.496360732702,12,3617.623529335246,1333,0
8180,-3594.659555569859,408.92869739149586,12,3617.8446622263928,1331,0
8181,2374.507836317433,-2729.8557718801017,12,3618.0657816020985,1333,0
8182,93.10858905922008,3617.088717552198,12,3618.28688746484,1340,0
8183,-2512.117189449332,-2604.393830908296,12,3618.507979817096,1330,0
8184,3611.8204455756336,223.50183203238316,12,3618.7290586613417,1336,0
8185,-2814.389226401579,2275.085335172007,12,3618.9501240000536,1342,0
8186,538.4778529951421,-3578.8883192737017,12,3619.1711758357046,1329,0
8187,2020.570910997757,3002.880815755046,12,3619.392214170771,1334,0
8188,-3518.537804441531,-849.4066862909485,12,3619.613239007726,1328,0
8189,3168.419695736433,-1750.5189606712204,12,3619.8342503490403,1338,0
8190,-1153.905952346173,3431.2244247702697,12,3620.0552481971868,1336,0
8191,-1466.9940052751042,-3309.73240436246,12,3620.2762325546378,1330,0
8192,3317.610324254361,1449.6419338584524,12,3620.4972034238613,1335,0
8193,-3425.730717280841,1172.164260109689,12,3620.718160807328,1332,0
8194,1734.3474617248448,-3178.55924626372,12,3620.939104707507,1329,0
8195,868.2850534384281,3515.5200278160023,12,3621.1600351268653,1333,0
8196,-3015.1299672848636,-2005.8392957514764,12,3621.380952067871,1337,0
8197,3578.406246069804,-557.6815740981691,12,3621.6018555329906,1336,0
8198,-2262.034866775049,2828.5682352550702,12,3621.822745524689,1337,0
8199,-242.73107970451252,-3613.9011639702435,12,3622.0436220454326,1335,0
8200,2620.2972739553384,2500.9682517181664,12,3622.2644850976853,1336,0
8201,-3621.726244727368,-74.15529821258451,12,3622.48533468391,1334,0
8202,2720.805259247792,-2391.906925707929,12,3622.7061708065703,1337,0
8203,-390.551013035017,3601.8148073182942,12,3622.9269934681265,1336,0
8204,-2145.14151531473,-2919.8575100975772,12,3623.147802671042,1336,0
8205,3554.3125888713917,704.0326843196611,12,3623.3685984177764,1337,0
8206,-3096.5954040814777,1881.8865277751129,12,3623.5893807107896,1334,0
8207,1012.1986594740595,-3479.576680252774,12,3623.8101495525393,1335,0
8208,1604.1542016940257,3249.6598740771933,12,3624.030904945486,1335,0
8209,-3378.172842608331,-1312.687413462758,12,3624.2516468920862,1328,0
8210,3377.872836822799,-1314.06814825362,12,3624.4723753947965,1339,0
8211,-1603.1956457309605,3250.8712249963532,12,3624.6930904560736,1330,0
8212,-1013.8471134819549,-3480.246260034526,12,3624.9137920783714,1339,0
8213,3098.6405155858893,1881.495935464548,12,3625.134480264146,1333,0
8214,-3555.98977613633,705.7880078422235,12,3625.3551550158504,1333,0
8215,2145.4538201033542,-2922.6405707517174,12,3625.5758163359374,1337,0
8216,392.248333141607,3604.516783862662,12,3625.79646422686,1331,0
8217,-2724.2135782197706,-2393.0441659616386,12,3626.0170986910694,1328,0
8218,3625.4489907175725,-75.6281409591273,12,3626.237719731016,1337,0
8219,-2622.3667055334645,2504.873821514681,12,3626.4583273491503,1334,0
8220,241.64833913834914,-3618.6193610535606,12,3626.6789215479225,1335,0
8221,2266.2961238947532,2831.660622111982,12,3626.8995023297794,1332,0
8222,-3584.073446825662,-557.151261112472,12,3627.1200696971696,1333,0
8223,3019.3180699898253,-2010.3030597979296,12,3627.34062365254,1332,0
8224,-868.4637713722325,3522.0690904373128,12,3627.561164198338,1333,0
8225,-1738.8510315819988,-3183.8965262656106,12,3627.7816913370084,1334,0
8226,3433.0745015518273,1173.2005228411185,12,3628.002205070995,1323,0
8227,-3324.129879469501,1454.015317807238,12,3628.2227054027435,1328,0
8228,1469.0259521369665,-3317.7647222110368,12,3628.4431923346956,1336,0
8229,1157.9742075079585,3438.938169660268,12,3628.6636658692964,1337,0
8230,-3177.0165069129716,-1753.6721799705044,12,3628.8841260089857,1327,0
8231,3527.4359052011237,-852.9923415236101,12,3629.1045727562055,1330,0
8232,-2024.9563973721006,3011.901656552186,12,3629.3250061133954,1334,0
8233,-541.4033884694154,-3588.9388920618076,12,3629.5454260829965,1338,0
8234,2823.6788568073966,2280.797604702985,12,3629.7658326674464,1336,0
8235,-3622.9695230343873,225.59218772817556,12,3629.9862258691837,1335,0
8236,2519.232574891659,-2613.7840832028846,12,3630.2066056906465,1335,0
8237,-92.02350369034468,3629.260485934917,12,3630.426972134269,1335,0
8238,-2383.8196459040705,-2738.430918573954,12,3630.6473252024903,1336,0
8239,3607.7568620558445,409.0115209733891,12,3630.8676648977444,1335,0
8240,-2936.709135372926,2135.5419579622408,12,3631.0879912224655,1325,0
8241,722.9439160980926,-3558.6165983675105,12,3631.3083041790874,1331,0
8242,1870.8481202090782,3112.5435436488524,12,3631.528603770043,1334,0
8243,-3482.209349460077,-1031.4155547270104,12,3631.748889997765,1339,0
8244,3264.5819892596223,-1591.7614254032198,12,3631.9691628646856,1331,0
8245,-1332.0625427545538,3379.1136977305564,12,3632.1894223732334,1333,0
8246,-1300.4158922715726,-3391.6542434522316,12,3632.4096685258396,1332,0
8247,3250.112772671303,1622.5803415913965,12,3632.6299013249336,1331,0
8248,-3492.7810098257205,999.0399478503447,12,3632.8501207729446,1335,0
8249,1900.7414331557457,-3096.1883024591775,12,3633.0703268723,1330,0
8250,689.9393826671007,3567.1814711680904,12,3633.2905196254264,1336,0
8251,-2918.513142974533,-2164.4123993095477,12,3633.5106990347504,1336,0
8252,3614.2793179120717,-375.4797093226858,12,3633.7308651026974,1330,0
8253,-2411.5702845981873,2718.4423412025903,12,3633.9510178316937,1332,0
8254,-58.068059299990466,-3633.707211717688,12,3634.171157224162,1333,0
8255,2497.5028009807065,2640.3181170255843,12,3634.3912832825254,1330,0
8256,-3625.309649581831,-259.86524324899983,12,3634.6113960092075,1337,0
8257,2848.8994676013517,-2257.381630008699,12,3634.8314954066295,1324,0
8258,-575.8852899477099,3589.144206189247,12,3635.0515814772148,1335,0
8259,-1999.913256957166,-3035.7119370333835,12,3635.271654223381,1334,0
8260,3525.4811445678647,887.5712361813335,12,3635.49171364755,1327,0
8261,-3199.3194658695206,1727.065417205835,12,3635.7117597521396,1337,0
8262,1192.5348459615318,-3434.8013976309467,12,3635.9317925395685,1337,0
8263,1440.9241140759912,3338.4633736907044,12,3636.151812012254,1335,0
8264,-3317.792935711525,-1488.4387913994651,12,3636.3718181726135,1330,0
8265,3452.072042360568,-1143.677670653991,12,3636.591811023063,1337,0
8266,-1773.014566827609,3175.3455474667803,12,3636.8117905660174,1333,0
8267,-837.5999940023522,-3539.269168917117,12,3637.0317568038918,1339,0
8268,3008.544073786851,2044.0798800638927,12,3637.251709739099,1332,0
8269,-3599.3805244730142,525.0331799461501,12,3637.4716493740534,1328,0
8270,2299.5553876331924,-2818.6601460990573,12,3637.691575711168,1334,0
8271,208.3695912611787,3631.9391670893456,12,3637.911488752853,1332,0
8272,-2607.142492092218,-2537.4806454290797,12,3638.13138850152,1332,0
8273,3636.6890682496783,109.96645339962225,12,3638.35127495958,1339,0
8274,-2756.02915268206,2375.605882625864,12,3638.5711481294416,1324,0
8275,427.53723984048247,-3613.5871248040476,12,3638.7910080135134,1335,0
8276,2125.8188042657894,2953.52237361256,12,3639.010854614204,1338,0
8277,-3562.8035405775995,-741.9103256106627,12,3639.2306879339208,1334,0
8278,3128.4426292431854,-1859.6899514526567,12,3639.4505079750706,1341,0
8279,-1050.6771715600776,3484.720574330532,12,3639.670314740059,1327,0
8280,-1579.2536416412763,-3279.4447602243226,12,3639.890108231291,1337,0
8281,3379.9296632634473,1351.4715947410211,12,3640.1098884511716,1327,0
8282,-3405.366471212223,1286.6542646506146,12,3640.329655402104,1333,0
8283,1641.9879014322255,-3249.226943682173,12,3640.549409086491,1331,0
8284,984.1298852631622,3505.237277122893,12,3640.769149506735,1333,0
8285,-3093.6072028104054,-1919.998561124352,12,3640.98887666524,1334,0
8286,3578.2859824766965,-673.9951243227076,12,3641.208590564402,1335,0
8287,-2183.371286237606,2914.2563076080223,12,3641.4282912066255,1334,0
8288,-358.623449472498,-3623.94663612593,12,3641.6479785943066,1330,0
8289,2712.5421682880215,2430.0853864132673,12,3641.867652729846,1341,0
8290,-3641.862915471627,40.4290107782106,12,3642.087313615642,1332,0
8291,2658.247272079241,-2490.0043053142044,12,3642.3069612540894,1330,0
8292,-278.1518395490633,3631.8909061473023,12,3642.526595647587,1335,0
8293,-2248.3420995827423,-2866.1049881753925,12,3642.7462167985295,1335,0
8294,3594.1002555144696,594.6792020163675,12,3642.9658247093125,1331,0
8295,-3052.0616666930346,1989.4018152959786,12,3643.185419382329,1339,0
8296,906.7283162494232,-3528.773690747465,12,3643.4050008199747,1336,0
8297,1715.1624947618568,3214.68779457077,12,3643.624569024641,1331,0
8298,-3436.404904795579,-1211.9081360799953,12,3643.8441239987205,1328,0
8299,3352.7322028003614,-1427.7208327629862,12,3644.0636657446034,1333,0
8300,-1507.8796508127398,3317.6948260297913,12,3644.2831942646826,1340,0
8301,-1129.2751462795943,-3465.1316921576304,12,3644.5027095613473,1329,0
8302,3173.5462997237764,1792.3738124368829,12,3644.722211636986,1332,0
8303,-3551.0192216393843,822.1085618989879,12,3644.9417004939874,1336,0
8304,2063.2089311836426,-3005.057221798622,12,3645.16117613474,1330,0
8305,508.571549676228,3609.7305964379007,12,3645.380638561631,1334,0
8306,-2813.512176949222,-2318.3074063114345,12,3645.6000877770457,1337,0
8307,3640.809603921775,-191.06393691894303,12,3645.8195237833697,1333,0
8308,-2555.7116636198652,2600.372644917913,12,3646.0389465829903,1334,0
8309,127.98346026240733,-3644.0115578712507,12,3646.2583561782894,1331,0
8310,2367.265849499888,2773.59917756542,12,3646.4777525716518,1338,0
8311,-3619.305223487207,-446.12744730426715,12,3646.6971357654593,1338,0
8312,2970.296462543149,-2115.9723355005513,12,3646.9165057620944,1334,0
8313,-760.9311607502211,3566.8731080036086,12,3647.135862563938,1338,0
8314,-1848.4123683114826,-3144.2919261215447,12,3647.3552061733717,1332,0
8315,3487.110114285514,1069.9827339016579,12,3647.574536592775,1332,0
8316,-3294.24748535621,1566.6312601324814,12,3647.7938538245276,1334,0
8317,1370.913775376332,-3380.62056736384,12,3648.0131578710075,1335,0
8318,1272.78373484757,3419.0088570092166,12,3648.2324487345923,1332,0
8319,-3248.2136362458064,-1661.417519260825,12,3648.451726417659,1323,0
8320,3517.6144424397653,-969.1174512612896,12,3648.670990922585,1334,0
8321,-1939.2665075549662,3090.8971857173706,12,3648.890242251745,1340,0
8322,-657.9558104569687,-3589.302738901514,12,3649.1094804075137,1333,0
8323,2909.8701047979885,2202.329669509754,12,3649.328705392267,1335,0
8324,-3633.5182200308905,341.68017897377376,12,3649.5479172083765,1336,0
8325,2448.588666715509,-2706.5131703415686,12,3649.7671158582166,1336,0
8326,22.711663669485063,3649.9156401666824,12,3649.986301344157,1329,0
8327,-2482.37851527776,-2676.1533788046204,12,3650.205473668572,1333,0
8328,3638.3627291234943,296.5074220403872,12,3650.4246328338295,1324,0
8329,-2883.2764107721873,2239.177781929039,12,3650.643778842302,1334,0
8330,613.532258950878,-3598.9412564289837,12,3650.8629116963566,1339,0
8331,1978.7690507239738,3068.366510685603,12,3651.082031398363,1333,0
8332,-3531.946456455265,-925.9342464414509,12,3651.3011379506897,1332,0
8333,3230.000794614421,-1703.1426442873803,12,3651.5202313557024,1334,0
8334,-1231.3196072038852,3437.8848184480044,12,3651.7393116157673,1332,0
8335,-1414.4059151639121,-3366.935685033104,12,3651.958378733252,1335,0
8336,3317.4702580296303,1527.3477295916673,12,3652.17743271052,1335,0
8337,-3478.116478473618,1114.7671336069604,12,3652.396473549935,1332,0
8338,1811.7491073002202,-3171.6186990552405,12,3652.6155012538616,1334,0
8339,806.5185984883044,3562.6854688973685,12,3652.8345158246634,1328,0
8340,-3001.441106984966,-2082.3427386722046,12,3653.0535172647,1333,0
8341,3619.9885641463416,-492.019100696008,12,3653.272505576336,1337,0
8342,-2337.052852378519,2808.235026700833,12,3653.4914807619302,1330,0
8343,-173.67587293193932,-3649.580344527481,12,3653.710442823842,1335,0
8344,2593.4746893336232,2573.9248310286503,12,3653.929391764433,1333,0
8345,-3651.2275243409167,-146.07383576568353,12,3654.1483275860596,1342,0
8346,2791.1402107810595,-2358.799763388377,12,3654.3672502910813,1340,0
8347,-464.78141989451456,3624.9107894844583,12,3654.5861598818547,1330,0
8348,-2106.002836115154,-2987.030641669906,12,3654.8050563607358,1333,0
8349,3570.824996667569,780.0056686807195,12,3655.0239397300807,1337,0
8350,-3160.090701590059,1837.015720597962,12,3655.2428099922445,1338,0
8351,1089.3314652610634,-3489.3777323173517,12,3655.4616671495814,1332,0
8352,1553.8946933227624,3308.9894653902056,12,3655.6805112044462,1331,0
8353,-3381.186241822507,-1390.3882904103414,12,3655.8993421591904,1338,0
8354,3432.580740328667,-1258.8047748259853,12,3656.1181600161667,1331,0
8355,-1680.8683891981236,3247.072752217681,12,3656.336964777727,1331,0
8356,-954.003173760217,-3529.911889049843,12,3656.5557564462215,1335,0
8357,3088.058223817563,1958.544461152904,12,3656.774535024001,1332,0
8358,-3600.231172238947,641.8220208429884,12,3656.993300513415,1330,0
8359,2221.2867385776844,-2905.3545781916046,12,3657.2120529168124,1334,0
8360,324.65052496320897,3642.99355429585,12,3657.430792236539,1332,0
8361,-2700.35546171577,-2467.079321866609,12,3657.649518474945,1331,0
8362,3657.8649272740836,-4.916687722919808,12,3657.8682316343766,1332,0
8363,-2694.0356466654816,2474.6256150164822,12,3658.0869317171787,1333,0
8364,314.93128343761776,-3644.7247202926496,12,3658.305618725696,1329,0
8365,2229.8889295284976,2900.4129640391297,12,3658.524292662275,1334,0
8366,-3603.6668740691725,-632.4437213986084,12,3658.7429535292586,1331,0
8367,3084.6257227075585,-1968.0152821588742,12,3658.961601328989,1341,0
8368,-945.1882610497696,3534.9991727260294,12,3659.18023606381,1337,0
8369,-1691.0062487377502,-3245.2577504306,12,3659.398857736062,1329,0
8370,3439.240937583215,1250.7684730803403,12,3659.6174663480874,1328,0
8371,-3381.0731410553853,1400.9798052912367,12,3659.836061902227,1331,0
8372,1546.8422269087941,-3317.1191002211303,12,3660.054644400818,1330,0
8373,1100.1541342521587,3491.0257634236787,12,3660.273213846201,1334,0
8374,-3169.5626844692524,-1831.1396421955553,12,3660.4917702407147,1339,0
8375,3574.267319112652,-790.83065919529,12,3660.710313586695,1337,0
8376,-2101.4804911503215,2997.6957392828585,12,3660.92884388648,1330,0
8377,-475.37643803692964,-3630.1538868427215,12,3661.147361142405,1328,0
8378,2802.828776164186,2355.790918461563,12,3661.3658653568073,1328,0
8379,-3658.250903119837,156.2060492519281,12,3661.584356532019,1339,0
8380,2592.1193504297134,-2586.4487764361083,12,3661.802834670376,1331,0
8381,-164.23689006822937,3658.3365405523746,12,3662.0212997742105,1334,0
8382,-2350.2078444786393,-2808.6514713917545,12,3662.2397518458565,1333,0
8383,3630.403457631124,483.4984331101602,12,3662.458190887645,1332,0
8384,-3003.7241523501143,2095.910593653409,12,3662.676616901907,1334,0
8385,799.1330957368144,-3574.6589061472837,12,3662.895029890974,1332,0
8386,1825.5003610468468,3175.8382250703253,12,3663.1134298571756,1327,0
8387,-3491.5231950336474,-1108.7225886316337,12,3663.3318168028404,1338,0
8388,3323.670003378474,-1541.0443564810637,12,3663.550190730298,1329,0
8389,-1409.8943454926996,3381.6265220375403,12,3663.768551641874,1330,0
8390,-1244.7178591599722,-3446.0814632112533,12,3663.9868995398983,1339,0
8391,3245.8041970562654,1700.3397055800144,12,3664.205234426696,1336,0
8392,-3542.129003028643,938.7875829511745,12,3664.4235563045927,1331,0
8393,1977.8316110621406,-3085.090293376085,12,3664.6418651759136,1326,0
8394,625.594337276835,3611.0707172758543,12,3664.860161042983,1337,0
8395,-2900.709775012239,-2240.241683646755,12,3665.078443908125,1333,0
8396,3652.3721267359283,-307.53511643790597,12,3665.296713773662,1337,0
8397,-2485.556549370079,2694.069160189379,12,3665.514970641915,1335,0
8398,12.955245733291362,-3665.710321562247,12,3665.733214515208,1336,0
8399,2466.7457919994927,2711.8932865532884,12,3665.9514453958604,1340,0
8400,-3650.976484851442,-333.42271527567885,12,3666.169663286193,1334,0
8401,2917.5138782791373,-2220.4757981226967,12,3666.3878681885253,1335,0
8402,-651.4128491294562,3608.2767770764267,12,3666.606060105176,1330,0
8403,-1957.1408316227785,-3100.838558389472,12,3666.8242390384626,1336,0
8404,3537.931574190352,964.489593695535,12,3667.0424049907033,1332,0
8405,-3260.457948697033,1678.7536938986418,12,3667.260557964214,1335,0
8406,1270.2539471015557,-3440.473064837584,12,3667.478697961312,1335,0
8407,1387.4429497936999,3395.1438940150615,12,3667.696824984311,1338,0
8408,-3316.6412247290996,-1566.362341997361,12,3667.914939035528,1334,0
8409,3503.858911796944,-1085.4366523298968,12,3668.1330401172745,1337,0
8410,-1850.5446082767537,3167.378198570205,12,3668.3511282318655,1331,0
8411,-775.0453017011464,-3585.76418358918,12,3668.5692033816126,1331,0
8412,2993.821132240338,2120.6213778398023,12,3668.7872655688284,1334,0
8413,-3640.2260268545742,458.64416862155883,12,3669.005314795824,1334,0
8414,2374.5207981017275,-2797.293509695101,12,3669.223351064909,1330,0
8415,138.65511745920813,3666.82079714872,12,3669.4413743783944,1335,0
8416,-2579.295060700117,-2610.2944258929833,12,3669.659384738589,1336,0
8417,3665.3381827698036,182.4719318957183,12,3669.877382147801,1332,0
8418,-2826.1321800460337,2341.4903162106507,12,3670.095366608339,1330,0
8419,502.2777613163891,-3635.782866245865,12,3670.31333812251,1338,0
8420,2085.6958988485394,3020.376237743633,12,3670.531296692619,1332,0
8421,-3578.3745395675182,-818.3126875314554,12,3670.7492423209737,1332,0
8422,3191.5337680583416,-1813.866645413417,12,3670.9671750098773,1329,0
8423,-1128.1553265844605,3493.546272643188,12,3671.185094761636,1339,0
8424,-1528.0806676085622,-3338.288404748902,12,3671.4030015785515,1328,0
8425,3381.9412470672687,1429.4311460805268,12,3671.6208954629287,1334,0
8426,-3459.510370303207,1230.5234649386275,12,3671.838776417069,1330,0
8427,1719.830662870011,-3244.4078798838004,12,3672.0566444432743,1336,0
8428,923.4712114065892,3554.2651732395047,12,3672.274499543845,1326,0
8429,-3081.9933742403905,-1997.1271469634405,12,3672.492341721082,1334,0
8430,3621.820811784637,-609.2733436838286,12,3672.710170977285,1334,0
8431,-2259.1936957592716,2895.9357460139827,12,3672.9279873147525,1331,0
8432,-290.3345841499059,-3661.653428336235,12,3673.145790735783,1322,0
8433,2687.6543870487008,2504.019547802667,12,3673.3635812426737,1332,0
8434,-3673.451371111239,-30.9034638990404,12,3673.581358837722,1331,0
8435,2729.725510770875,-2458.7392370576204,12,3673.7991235232234,1336,0
8436,-351.98100780586714,3657.1176314338,12,3674.016875301473,1333,0
8437,-2210.938646637587,-2934.5783855273576,12,3674.234614174767,1332,0
8438,3612.7706376289584,670.438900934342,12,3674.452340145399,1336,0
8439,-3117.004275358688,1946.1460241707603,12,3674.670053215662,1330,0
8440,983.8374774360416,-3540.743399060752,12,3674.88775338785,1329,0
8441,1666.38536848596,3275.600678302517,12,3675.1054406642534,1334,0
8442,-3441.581006465615,-1289.775242410523,12,3675.323115047165,1334,0
8443,3409.1472695389793,-1373.795797997259,12,3675.540776538876,1334,0
8444,-1585.907274061538,3316.036507350108,12,3675.7584251416743,1339,0
8445,-1070.6151943554125,-3516.615291102415,12,3675.976060857851,1340,0
8446,3165.065187623472,1869.9631969891811,12,3676.1936836896944,1342,0
8447,-3597.1754765476376,759.1630858546008,12,3676.411293639492,1343,0
8448,2139.7645886596692,-2989.81730296654,12,3676.6288907095313,1330,0
8449,441.8229013699285,3650.2044495925234,12,3676.8464749021,1334,0
8450,-2791.629315136713,-2393.241685845649,12,3677.0640462194833,1329,0
8451,3675.2895473122658,-121.02373080184918,12,3677.281604663967,1338,0
8452,-2628.449262719291,2572.0137000627383,12,3677.4991502378352,1333,0
8453,200.7782686487378,-3672.232030637282,12,3677.7166829433722,1335,0
8454,2332.6474053667266,2843.5815589210515,12,3677.934202782861,1329,0
8455,-3641.0486571325096,-521.1186778398486,12,3678.151709758585,1333,0
8456,3036.986142886111,-2075.359045543142,12,3678.369203872825,1336,0
8457,-837.5436888559935,3581.9716036363957,12,3678.586685127863,1336,0
8458,-1802.1149323873217,-3207.1766041904584,12,3678.80415352598,1332,0
8459,3495.446738980404,1147.6289012356108,12,3679.0216090694544,1335,0
8460,-3352.8439772732036,1515.0040475400724,12,3679.239051760567,1335,0
8461,1448.997897543211,-3382.130259601979,12,3679.456481601596,1336,0
8462,1216.22207186983,3472.866808833396,12,3679.6738985948195,1339,0
8463,-3242.8837134552746,-1739.3404557493996,12,3679.8913027425147,1334,0
8464,3566.3197913749163,-908.054593979663,12,3680.1086940469568,1337,0
8465,-2016.430258993021,3078.7674499087034,12,3680.3260725104237,1335,0
8466,-592.8596260148589,-3632.48089655562,12,3680.5434381351893,1324,0
8467,2891.032545515814,2278.141966772122,12,3680.7607909235285,1334,0
8468,-3670.8369532566803,273.0495607123615,12,3680.9781308777156,1337,0
8469,2522.4675169031752,-2681.111267024986,12,3681.1954580000224,1335,0
8470,-48.92729239696346,3681.0876273268336,12,3681.4127722927233,1335,0
8471,-2450.6061444218826,-2747.531533016812,12,3681.6300737580896,1335,0
8472,3663.147772115241,370.60545010447726,12,3681.847362398392,1329,0
8473,-2951.6057194982313,2201.2777372756327,12,3682.064638215902,1338,0
8474,689.5211347338283,-3617.1481314366124,12,3682.2819012128884,1326,0
8475,1935.0311879305773,3133.122133230044,12,3682.49915139162,1332,0
8476,-3543.4343891725766,-1003.2311446666555,12,3682.716388754366,1333,0
8477,3290.68523040891,-1653.9016640564394,12,3682.933613303395,1333,0
8478,-1309.3315718069139,3442.564572389258,12,3683.150825040973,1340,0
8479,-1360.0388019465465,-3423.082595731485,12,3683.3680239693667,1337,0
8480,3315.304827519227,1605.476222380048,12,3683.585210090843,1330,0
8481,-3529.2942715508298,1055.6902693491575,12,3683.8023834076657,1336,0
8482,1889.3946001700474,-3162.623601513191,12,3684.0195439221,1337,0
8483,743.1845737123349,3608.5006151303364,12,3684.2366916364103,1330,0
8484,-2985.684272203728,-2158.9093141480716,12,3684.453826552859,1334,0
8485,3660.088623577834,-424.9132470941757,12,3684.6709486737072,1336,0
8486,-2411.9527771739486,2785.836283898046,12,3684.888058001219,1329,0
8487,-103.312544235093,-3683.6566775696774,12,3685.105154537656,1335,0
8488,2564.6048558565008,2646.5830675263637,12,3685.3222382852764,1334,0
8489,-3679.0176671976405,-219.15520629825613,12,3685.5393092463414,1330,0
8490,2860.998831802419,-2323.6793419973405,12,3685.75636742311,1327,0
8491,-540.020454932398,3646.2004755984835,12,3685.9734128178407,1331,0
8492,-2064.9003307836024,-3053.5531146403473,12,3686.190445432791,1336,0
8493,3585.4498086350823,856.8253437887155,12,3686.407465270219,1333,0
8494,-3222.7660092031674,1790.2455836908766,12,3686.62447233238,1335,0
8495,1167.1425342135544,-3497.2243715308805,12,3686.841466621531,1331,0
8496,1501.8149198515914,3367.336031124776,12,3687.058448139926,1334,0
8497,-3382.1934060174576,-1468.5938050706968,12,3687.2754168898205,1341,0
8498,3486.150128662885,-1201.8141621830518,12,3687.492372873468,1338,0
8499,-1758.8682790895464,3241.231614188128,12,3687.7093160931217,1330,0
8500,-892.5382679097227,-3578.2922519431963,12,3687.926246551034,1329,0
8501,3075.4125074830076,2035.7401378410457,12,3688.143164249457,1336,0
8502,-3643.0504153929924,576.3537723524905,12,3688.360069190642,1327,0
8503,2297.085689334948,-2886.000231436683,12,3688.57696137684,1330,0
8504,255.680680492722,3679.9221988545874,12,3688.7938408103,1334,0
8505,-2674.4399283761477,-2540.899657504677,12,3689.0107074932703,1334,0
8506,3688.6186449537013,67.02605538085524,12,3689.227561428001,1330,0
8507,-2765.31056845934,2442.346711662183,12,3689.4444026167407,1333,0
8508,389.2953299692935,-3669.066522436476,12,3689.661231061735,1332,0
8509,2191.493335437755,2968.5951156619362,12,3689.8780467652314,1333,0
8510,-3621.408937773415,-708.6588074770718,12,3690.0948497294753,1339,0
8511,3149.191393597407,-1923.7966541430574,12,3690.3116399567125,1338,0
8512,-1022.6698272290162,3546.004289968552,12,3690.5284174491867,1335,0
8513,-1641.3029751076274,-3305.7108984154756,12,3690.745182209143,1342,0
8514,3443.4235761730392,1328.9221478535442,12,3690.9619342388237,1327,0
8515,-3436.9492032228686,1346.1724163218046,12,3691.178673540472,1334,0
8516,1625.0683862170433,-3314.446068367674,12,3691.3954001163297,1334,0
8517,1040.6623887371306,3541.8952260997125,12,3691.6121139686393,1334,0
8518,-3160.0533938074773,-1908.8380099646608,12,3691.828815099638,1341,0
8519,3619.739019407118,-727.1103295797637,12,3692.045503511569,1326,0
8520,-2178.054745558707,2981.422064275569,12,3692.2621792066716,1333,0
8521,-407.91581860466675,-3669.878020443198,12,3692.478842187183,1337,0
8522,2779.9145108940356,2430.6532685927828,12,3692.6954924553424,1327,0
8523,-3691.9217151582016,85.52221432659512,12,3692.9121300133856,1334,0
8524,2664.69504818488,-2557.068692894068,12,3693.1287548635505,1331,0
8525,-237.602049494814,3685.694678900555,12,3693.3453670080735,1336,0
8526,-2314.5863595110714,-2878.3832240279066,12,3693.561966449189,1332,0
8527,3651.2379704743116,558.9823637348753,12,3693.7785531891323,1334,0
8528,-3070.0764017691677,2054.3200547383276,12,3693.995127230138,1328,0
8529,876.1568955954403,-3588.808868454903,12,3694.211688574438,1328,0
8530,1778.2589639912087,3238.3012609985676,12,3694.4282372242665,1326,0
8531,-3498.878951414738,-1186.6954467540954,12,3694.644773181855,1333,0
8532,3381.7638788476715,-1488.5137109617608,12,3694.8612964494355,1333,0
8533,-1488.2180737789276,3382.1305363450624,12,3695.077807029238,1331,0
8534,-1187.3002207331376,-3499.359682262891,12,3695.2943049234927,1335,0
8535,3239.451502192956,1778.4133279245864,12,3695.5107901344304,1328,0
8536,-3590.1819523089025,876.922772720287,12,3695.727262664278,1327,0
8537,2055.055974670994,-3071.9285377379874,12,3695.9437225152656,1338,0
8538,559.7563728058566,3653.5288151461505,12,3696.1601696896205,1335,0
8539,-2880.8388652472513,-2316.024056973702,12,3696.3766041895674,1336,0
8540,3688.908665690333,-238.22857971866003,12,3696.5930260173354,1332,0
8541,-2559.315171623366,2667.6405028223835,12,3696.8094351751483,1323,0
8542,85.19907543064484,-3696.0439820902784,12,3697.025831665232,1333,0
8543,2433.961139774791,2783.061833676392,12,3697.2422154898104,1333,0
8544,-3674.8735014063645,-408.04993402931655,12,3697.4585866511075,1334,0
8545,2985.5458111922926,-2181.585709815719,12,3697.6749451513447,1328,0
8546,-727.85117525142,3625.5527394709247,12,3697.8912909927462,1329,0
8547,-1912.4427570879975,-3165.211320095652,12,3698.107624177533,1337,0
8548,3548.452850540388,1042.1527563134841,12,3698.323944707927,1333,0
8549,-3320.6769780202976,1628.5896989868206,12,3698.540252586147,1332,0
8550,1348.5461827828358,-3444.157835074032,12,3698.756547814414,1338,0
8551,1332.1970985416096,3450.7464251430174,12,3698.972830394946,1332,0
8552,-3313.4601166878833,-1644.682964926285,12,3699.1891003299625,1334,0
8553,3554.417530436105,-1025.532066455506,12,3699.4053576216816,1330,0
8554,-1928.2926189271839,3157.354521714491,12,3699.621602272319,1332,0
8555,-710.9409199200607,-3630.890112408143,12,3699.837834284092,1339,0
8556,2977.030707159658,2197.2000747834645,12,3700.054053659216,1333,0
8557,-3679.5721149591745,390.83123060326943,12,3700.2702603999073,1337,0
8558,2449.34235756312,-2773.8640946245255,12,3700.48645450838,1329,0
8559,67.65339936193394,3700.0841906036108,12,3700.7026359868473,1334,0
8560,-2549.4053793995863,-2682.784413904414,12,3700.918804837523,1331,0
8561,3692.2626556222003,256.11810146433874,12,3701.13496106262,1329,0
8562,-2895.733962567071,2305.3686945986765,12,3701.351104664349,1334,0
8563,578.003674373908,-3656.160794113172,12,3701.5672356449236,1331,0
8564,2043.6185207923684,3086.555254887625,12,3701.783354006552,1330,0
8565,-3592.0485005855176,-895.5375868389533,12,3701.9994597514465,1330,0
8566,3253.7816396050175,-1766.155440998693,12,3702.2155528818153,1333,0
8567,-1206.2868596048722,3500.4102634326478,12,3702.4316333998663,1333,0
8568,-1475.1008500377795,-3396.1268354138097,12,3702.6477013078083,1330,0
8569,3381.9415043259005,1507.8699086187326,12,3702.86375660785,1333,0
8570,-3512.4948247635566,1172.680734901547,12,3703.079799302197,1333,0
8571,1797.9747975422963,-3237.5433012398057,12,3703.2958293930556,1334,0
8572,861.2086503243279,3601.9882926803843,12,3703.5118468826313,1329,0
8573,-3068.315535072293,-2074.3769612184824,12,3703.7278517731293,1335,0
8574,3663.9155457064926,-543.0680196166007,12,3703.943844066754,1336,0
8575,-2334.9562640167205,2875.548512045846,12,3704.159823765708,1339,0
8576,-220.6938963699509,-3697.795857548798,12,3704.375790872195,1339,0
8577,2660.713125628293,2577.713262391557,12,3704.5917453884176,1332,0
8578,-3703.363200200679,-103.44567366200725,12,3704.8076873165764,1334,0
8579,2800.784546738423,-2425.4496331095484,12,3705.023616658873,1333,0
8580,-426.8685476416325,3680.568331526304,12,3705.239533417509,1337,0
8581,-2171.5551323123523,-3002.4570450429233,12,3705.4554375946823,1331,0
8582,3629.579222951533,747.0974931818088,12,3705.671329192593,1327,0
8583,-3181.1811783572575,1900.969834180839,12,3705.8872082134385,1336,0
8584,1061.6791625681656,-3550.779823611788,12,3706.1030746594192,1328,0
8585,1615.7622359911543,3335.582767185498,12,3706.3189285327294,1329,0
8586,-3444.7671700153805,-1368.202888603963,12,3706.534769835567,1340,0
8587,3464.4735971742757,-1318.1133086659636,12,3706.7505985701277,1339,0
8588,-1664.3191578626454,3312.346862991763,12,3706.966414738606,1332,0
8589,-1010.2998188494474,-3566.8605630207603,12,3707.182218343199,1338,0
8590,3154.5269461482126,1947.757619937561,12,3707.398009386098,1330,0
8591,-3641.95332011627,694.6769134598317,12,3707.613787869497,1335,0
8592,2216.344494449087,-2972.510232434065,12,3707.829553795589,1334,0
8593,373.6600997892832,3689.1703850358363,12,3708.0453071665665,1333,0
8594,-2767.685137112552,-2468.0192425923815,12,3708.261047984621,1337,0
8595,3708.143637736586,-49.70675923533385,12,3708.4767762519423,1329,0
8596,-2700.850375170287,2541.6150870937404,12,3708.6924919707217,1333,0
8597,274.7026641184653,-3698.7211906720163,12,3708.9081951431476,1330,0
8598,2296.0265873233384,2913.050275965786,12,3709.1238857714093,1328,0
8599,-3660.9686024199655,-597.0836558600513,12,3709.339563857696,1334,0
8600,3102.9889265355155,-2032.7960354639538,12,3709.5552294041936,1330,0
8601,-914.9666592800762,3595.16842615278,12,3709.77088241309,1330,0
8602,-1753.9353853893228,-3269.2064272356997,12,3709.9865228865724,1337,0
8603,3501.8180960436744,1225.9159931337267,12,3710.202150826825,1331,0
8604,-3410.4242181928253,1461.5767690969433,12,3710.4177662360344,1333,0
8605,1527.5485144818715,-3381.626167379273,12,3710.6333691163836,1335,0
8606,1157.9561947001337,3525.554913932782,12,3710.848959470056,1337,0
8607,-3235.506938820403,-1817.5518833983874,12,3711.064537299237,1335,0
8608,3613.710676149262,-845.3964449208694,12,3711.2801026061074,1335,0
8609,-2093.702289711328,3064.5734975780147,12,3711.4956553928505,1335,0
8610,-526.2893070657568,-3674.210060035796,12,3711.7111956616454,1333,0
8611,2870.1292405003824,2353.881505688997,12,3711.9267234146746,1338,0
8612,-3706.583281445856,203.07727028417372,12,3712.142238654117,1329,0
8613,2596.0931341465357,-2653.6579355367594,12,3712.357741382153,1334,0
8614,-121.7651696216382,3710.5758641303933,12,3712.5732316009608,1332,0
8615,-2416.8123994576968,-2818.47792714925,12,3712.7887093127183,1337,0
8616,3686.150638791819,445.7504550021989,12,3713.0041745196036,1335,0
8617,-3019.3280578959902,2161.401878134195,12,3713.219627223792,1327,0
8618,766.397015528072,-3633.488078223137,12,3713.4350674274624,1327,0
8619,1889.3782258856702,3197.1002360809894,12,3713.650495132788,1329,0
8620,-3552.984965580772,-1081.2482760018602,12,3713.8659103419436,1335,0
8621,3350.4275661980532,-1602.820989274906,12,3714.0813130571064,1333,0
8622,-1387.891477009875,3445.251405636945,12,3714.296703280447,1337,0
8623,-1303.9215094990636,-3478.1300575259806,12,3714.51208101414,1337,0
8624,3311.106201474109,1683.9761644868065,12,3714.7274462603577,1335,0
8625,-3579.223705071751,994.9661647777028,12,3714.942799021272,1327,0
8626,1967.2322062911824,-3151.570631689972,12,3715.158139299053,1337,0
8627,678.3188810837191,3652.9280715017276,12,3715.373467095872,1331,0
8628,-2967.8606753503627,-2235.4871978405263,12,3715.588782413899,1334,0
8629,3698.6723117480874,-356.40304475138714,12,3715.8040852553036,1337,0
8630,-2486.683123164473,2761.377743983786,12,3716.019375622253,1327,0
8631,-31.682955554915875,-3716.0995937040366,12,3716.234653516917,1333,0
8632,2533.697991123372,2718.8921438294287,12,3716.449918941462,1329,0
8633,-3705.069880813175,-293.35503795068047,12,3716.665171898055,1336,0
8634,2930.3313944173146,-2286.560281053678,12,3716.8804123888626,1336,0
8635,-616.2215761987924,3665.66105484769,12,3717.0956404160497,1333,0
8636,-2021.852908499347,-3119.376671130425,12,3717.310855981781,1340,0
8637,3598.1683699054074,934.4433539879586,12,3717.5260590882212,1336,0
8638,-3284.5749082820485,1741.599170843846,12,3717.741249737534,1338,0
8639,1245.5820672337322,-3503.102241411995,12,3717.956427931882,1326,0
8640,1447.9419029109592,3424.6553470085996,12,3718.1715936734286,1335,0
8641,-3381.184386657498,-1547.2530961105092,12,3718.3867469643337,1337,0
8642,3538.539310220029,-1143.127092683732,12,3718.6018878067603,1328,0
8643,-1837.1437812196245,3233.342346106588,12,3718.8170162028673,1332,0
8644,-829.4867031001806,-3625.3485086788546,12,3719.0321321548167,1332,0
8645,3060.7024269902417,2113.0311529686555,12,3719.247235664766,1341,0
8646,-3684.4118141734507,509.4208315127138,12,3719.462326734874,1331,0
8647,2372.7989780389944,-2864.5811229247997,12,3719.6774053672993,1327,0
8648,185.3793430473268,3715.270447648642,12,3719.8924715641983,1332,0
8649,-2646.4750748514857,-2614.4539923643374,12,3720.107525327729,1327,0
8650,3717.681542117422,140.15688138449568,12,3720.322566660047,1334,0
8651,-2836.141195928706,2408.04964997736,12,3720.537595563307,1329,0
8652,464.69493904307484,-3691.620052717743,12,3720.752612039666,1332,0
8653,2151.126225710024,3036.158092238042,12,3720.967616091277,1329,0
8654,-3637.278998899268,-785.7489956508625,12,3721.182607720293,1338,0
8655,3212.967762989353,-1877.6682758121021,12,3721.397586928868,1337,0
8656,-1100.8593260938683,3555.0680365011517,12,3721.6125537191538,1329,0
8657,-1589.7663649497147,-3365.2106776358846,12,3721.827508093302,1334,0
8658,3445.610370272347,1407.61115947255,12,3722.0424500534646,1336,0
8659,-3491.7151469865744,1289.6221664908396,12,3722.2573796017923,1324,0
8660,1703.653184277374,-3309.7380300714985,12,3722.4722967404336,1327,0
8661,979.5316255099339,3591.506340607777,12,3722.687201471539,1330,0
8662,-3148.485546619014,-1986.7155716738034,12,3722.9020937972564,1334,0
8663,3663.813798515371,-661.8673959399761,12,3723.116973719735,1335,0
8664,-2254.6273789978104,2963.0820747784674,12,3723.3318412411218,1335,0
8665,-339.0606860733946,-3708.0773793381713,12,3723.5466963635627,1340,0
8666,2754.9420244122007,2505.333199821454,12,3723.7615390892042,1333,0
8667,-3723.95159898425,13.582651532220542,12,3723.9763694201924,1333,0
8668,2736.9089330280226,-2525.654270146928,12,3724.191187358673,1334,0
8669,-312.0745221477305,3711.308326268011,12,3724.4059929067885,1333,0
8670,-2276.970022501019,-2947.576549749253,12,3724.6207860666836,1333,0
8671,3670.2378144272984,635.4167022890805,12,3724.8355668405015,1335,0
8672,-3135.71774503984,2010.7894527877004,12,3725.0503352303845,1337,0
8673,953.9669112416069,-3601.0480602535904,12,3725.2650912384743,1334,0
8674,1729.147174087545,3299.886369308049,12,3725.479834866913,1332,0
8675,-3504.2624953831682,-1265.284301432264,12,3725.69456611784,1335,0
8676,3438.819544109991,-1434.196689107583,12,3725.909284993396,1333,0
8677,-1566.9828582038206,3380.6160270127375,12,3726.1239914957205,1338,0
8678,-1128.1939239895883,-3551.4473767568306,12,3726.3386856269517,1339,0
8679,3231.0494580131544,1856.7496869187569,12,3726.5533673892287,1333,0
8680,-3636.901199142711,813.4799737389418,12,3726.768036784688,1332,0
8681,2132.3627443216524,-3056.702328757093,12,3726.9826938154683,1335,0
8682,492.4631914344926,3694.5202672447417,12,3727.197338483704,1330,0
8683,-2858.904235219274,-2391.7078780330376,12,3727.41197079153,1339,0
8684,3723.8568696829007,-167.60075809931985,12,3727.6265907410843,1336,0
8685,-2632.795043748564,2639.164689369157,12,3727.8411983345,1335,0
8686,158.62012551698137,-3724.6798058062627,12,3728.0557935739107,1342,0
8687,2399.1615992817297,2853.773575554293,12,3728.27037646145,1327,0
8688,-3696.9762063384283,-483.7012815442233,12,3728.48494699925,1334,0
8689,3052.9463923095846,-2140.7284567837864,12,3728.6995051894432,1332,0
8690,-805.1526859776404,3640.9516822203213,12,3728.914051034161,1337,0
8691,-1865.8403306266246,-3228.7830308968,12,3729.128584535534,1340,0
8692,3557.0288001255853,1120.5115416974236,12,3729.3431056956933,1333,0
8693,-3379.931406428053,1576.5987719902876,12,3729.557614516767,1332,0
8694,1427.3611472132422,-3445.8438959746995,12,3729.772111000885,1333,0
8695,1275.2157478397828,3505.2282088990187,12,3729.986595150175,1334,0
8696,-3308.242250424057,-1723.3494168360553,12,3730.201066966766,1334,0
8697,3603.7078564326675,-963.9967248312985,12,3730.415526452784,1332,0
8698,-2006.2069101369075,3145.271662944065,12,3730.6299736103556,1335,0
8699,-645.3230333336905,-3674.609936122337,12,3730.8444084416064,1330,0
8700,2958.17447328019,2273.7642326401105,12,3731.0588309486625,1336,0
8701,-3717.3850752398603,321.63364622491594,12,3731.2732411336474,1330,0
8702,2523.968674144437,-2748.3780911544122,12,3731.4876389986875,1340,0
8703,-4.593487912783145,3731.699197399061,12,3731.7020245459044,1334,0
8704,-2517.484106262367,-2754.8999572972466,12,3731.9163977774206,1333,0
8705,3717.436130739316,330.86041448608034,12,3732.1307586953594,1338,0
8706,-2964.784975411226,2267.2560617574404,12,3732.3451073018423,1335,0
8707,654.6683000352762,-3674.698547762649,12,3732.5594435989897,1340,0
8708,1999.6059844561744,3152.0114065350485,12,3732.7737675889225,1336,0
8709,-3603.8072292541647,-973.5365706409912,12,3732.988079273761,1338,0
8710,3315.140099107886,-1716.5797748100604,12,3733.202378655623,1331,0
8711,-1285.0219147965418,3505.29865753157,12,3733.4166657366272,1334,0
8712,-1420.3415680733744,-3452.916134226672,12,3733.6309405188936,1332,0
8713,3379.920957052487,1586.7370053280408,12,3733.8452030045382,1330,0
8714,-3564.2784793582855,1113.1571863772826,12,3734.059453195677,1333,0
8715,1876.3687966980278,-3228.6282131546195,12,3734.2736910944272,1339,0
8716,797.3768081053904,3648.368159313923,12,3734.487916702905,1330,0
8717,-3052.573211987585,-2151.696257712923,12,3734.702130023223,1334,0
8718,3704.534881487492,-475.41698733055034,12,3734.916331057498,1333,0
8719,-2410.607403482856,2853.098656947152,12,3735.130519807842,1336,0
8720,-149.74216062336617,-3732.3420643520667,12,3735.344696276369,1339,0
8721,2631.7269284624103,2651.1154961649268,12,3735.558860465191,1332,0
8722,-3731.570230262985,-177.15421703999726,12,3735.773012376422,1339,0
8723,2871.3742900436355,-2390.1484653628545,12,3735.987152012169,1332,0
8724,-502.76876303108804,3702.2187362337454,12,3736.201279374547,1325,0
8725,-2130.2088563314583,-3069.6922041805788,12,3736.4153944656637,1332,0
8726,3644.505829045885,824.6073381013306,12,3736.6294972876285,1334,0
8727,-3244.545313668042,1853.8947401497066,12,3736.8435878425526,1335,0
8728,1140.20415115024,-3558.8670238855175,12,3737.0576661325417,1332,0
8729,1563.3186223347643,3394.589059821724,12,3737.2717321597047,1337,0
8730,-3445.951818543409,-1447.1406511729858,12,3737.4857859261483,1338,0
8731,3518.6685892121404,-1260.7027243929672,12,3737.69982743398,1336,0
8732,-1743.064061800375,3306.6187679350005,12,3737.913856685304,1333,0
8733,-948.3619889383348,-3615.8276421777805,12,3738.1278736822264,1333,0
8734,3141.9289563622074,2025.7054161878254,12,3738.3418784268515,1335,0
8735,-3685.31592229618,628.686370832277,12,3738.555870921284,1334,0
8736,2292.8969542627697,-2953.137917052388,12,3738.769851167627,1335,0
8737,304.12254966695536,3726.5948900818385,12,3738.9838191679833,1333,0
8738,-2741.686060584929,-2542.588748735094,12,3739.197774924455,1332,0
8739,3739.341936127758,22.844796263334796,12,3739.4117184391453,1329,0
8740,-2772.86443249171,2509.187685093012,12,3739.625649714153,1330,0
8741,349.71201144436685,-3723.45290141443,12,3739.83956875158,1333,0
8742,2257.4186522261457,2981.9559065454823,12,3740.053475553524,1333,0
8743,-3679.042925061166,-673.9756342460587,12,3740.267370122088,1333,0
8744,3168.25691586282,-1988.302822783142,12,3740.4812524593676,1335,0
8745,-993.1515710090204,3606.4456126499836,12,3740.695122567462,1336,0
8746,-1703.8973557642687,-3330.3353886687655,12,3740.9089804484693,1337,0
8747,3506.210531135108,1304.7941260433643,12,3741.1228261044844,1327,0
8748,-3466.9444445407353,1406.3769830554447,12,3741.3366595376046,1331,0
8749,1606.5147420235935,-3379.099049104786,12,3741.550480749926,1334,0
8750,1098.0173801389951,3577.0319865654956,12,3741.764289743543,1332,0
8751,-3226.0785539086933,-1896.000306964741,12,3741.9780865205503,1337,0
8752,3659.748803902686,-781.1777597530905,12,3742.191871083042,1337,0
8753,-2171.0308876179224,3048.3150895222325,12,3742.4056434331114,1330,0
8754,-458.28282182839763,-3714.4551222510413,12,3742.6194035728504,1327,0
8755,2847.1644712734683,2429.496753140056,12,3742.8331515043524,1330,0
8756,-3740.7255517454764,131.80419765128204,12,3743.0468872297065,1339,0
8757,2669.414558730006,-2624.1619450103094,12,3743.2606107510073,1329,0
8758,-195.75846952789522,3738.3523939842935,12,3743.4743220703417,1333,0
8759,-2381.0104696802005,-2888.9425648969327,12,3743.6880211897997,1338,0
8760,3707.3472825279023,521.8966628873716,12,3743.9017081114716,1336,0
8761,-3086.39477570085,2119.5677126542805,12,3744.1153828374468,1331,0
8762,844.1122026807712,-3647.941143889991,12,3744.329045369811,1329,0
8763,1841.831857265533,3260.253887285743,12,3744.5426957106524,1329,0
8764,-3560.582478934989,-1159.9363821784216,12,3744.7563338620575,1338,0
8765,3409.182947441716,-1549.9263307888589,12,3744.969959826113,1330,0
8766,-1466.948882108737,3445.9339774986875,12,3745.1835736049034,1339,0
8767,-1246.0835697489556,-3532.0356364569284,12,3745.3971752005154,1336,0
8768,3304.867491730768,1762.7963189492941,12,3745.6107646150313,1332,0
8769,-3627.865090287395,932.6279465435446,12,3745.824341850536,1330,0
8770,2045.210284708317,-3138.4574063261284,12,3746.0379069091123,1331,0
8771,611.9579881573586,3695.9311980515004,12,3746.251459792842,1339,0
8772,-2947.972456001056,-2312.024740062074,12,3746.4650005038084,1333,0
8773,3735.706317710741,-286.52802274132694,12,3746.678529044092,1329,0
8774,-2561.1926272972887,2734.8660526391436,12,3746.8920454157737,1329,0
8775,41.170605301100075,-3746.8793657201113,12,3747.105549620934,1333,0
8776,2500.765195713779,2790.801575875044,12,3747.319041661652,1331,0
8777,-3729.3582489873697,-368.6286081001583,12,3747.5325215400067,1333,0
8778,2999.0885799334787,-2247.458050712535,12,3747.745989258077,1333,0
8779,-693.3379687472802,3683.2706201273613,12,3747.95944481794,1331,0
8780,-1976.8802902935831,-3184.4535352001544,12,3748.1728882216735,1336,0
8781,3608.9629498535905,1012.8111505034242,12,3748.3863194713535,1337,0
8782,-3345.47153123445,1691.1003026727371,12,3748.5997385690566,1333,0
8783,1324.600153445155,-3506.9979232233754,12,3748.8131455168577,1327,0
8784,1392.3033800626874,3480.903804741811,12,3749.026540316833,1332,0
8785,-3378.150179274397,-1626.3152727157058,12,3749.239922971055,1333,0
8786,3589.70726962662,-1082.7750082033647,12,3749.4532934815975,1338,0
8787,-1915.6434144351244,3223.4004263714023,12,3749.666651850535,1337,0
8788,-764.8833846260476,-3671.042550546507,12,3749.8799980799386,1333,0
8789,3043.927977879244,2190.365829144524,12,3750.093332171881,1334,0
8790,-3724.280458023838,441.0612995738257,12,3750.306654128433,1333,0
8791,2448.375126624387,-2841.101765042396,12,3750.5199639516654,1333,0
8792,113.78751795169424,3749.0068552562548,12,3750.7332616436483,1333,0
8793,-2616.46989548176,-2687.6914417465537,12,3750.9465472064517,1337,0
8794,3745.025878915336,214.43219500442967,12,3751.159820642144,1333,0
8795,-2906.47762717919,2371.7478370827757,12,3751.3730819527937,1332,0
8796,541.0842592529457,-3712.3614889162786,12,3751.5863311404682,1335,0
8797,2108.8053172939753,3103.053356575206,12,3751.799568207235,1338,0
8798,-3651.257334909332,-863.6665295533935,12,3752.0127931551615,1336,0
8799,3275.9080298096974,-1829.6520380193454,12,3752.226005986313,1334,0
8800,-1179.7074620077065,3562.174940129041,12,3752.4392067027547,1334,0
8801,-1536.4223151263893,-3423.712381258342,12,3752.6523953065516,1326,0
8802,3445.790216133956,1486.785050501754,12,3752.865571799768,1330,0
8803,-3545.328701797091,1231.3587601563374,12,3753.0787361844677,1326,0
8804,1782.5453881165197,-3302.98833472123,12,3753.291888462713,1331,0
8805,916.7951287698693,3639.8195960602,12,3753.5050286365677,1332,0
8806,-3134.856995994321,-2064.7207110564527,12,3753.718156708093,1337,0
8807,3706.455207438973,-595.1384672901931,12,3753.9312726793496,1325,0
8808,-2331.1467870324122,2942.678143682802,12,3754.144376552399,1335,0
8809,-268.8506937761081,-3744.718855195421,12,3754.357468329301,1334,0
8810,2727.9181908939704,2579.7795145689815,12,3754.5705480121164,1332,0
8811,-3754.311040109031,-59.57024521892888,12,3754.7836156029016,1332,0
8812,2808.71060605912,-2492.2168307374477,12,3754.996671103717,1328,0
8813,-387.60949822982593,3735.151787662989,12,3755.209714516621,1336,0
8814,-2237.3745173423854,-3016.182234074547,12,3755.4227458436685,1339,0
8815,3687.3813103943085,712.7545662812382,12,3755.6357650869186,1331,0
8816,-3200.6005287255066,1965.3387126706705,12,3755.8487722484247,1337,0
8817,1032.5145465191645,-3611.358983987375,12,3756.0617673302445,1335,0
8818,1678.1890043268095,3360.5478222689517,12,3756.274750334432,1336,0
8819,-3507.6606445508182,-1344.439214940318,12,3756.4877212630417,1338,0
8820,3494.79354699956,-1378.1212079676552,12,3756.700680118127,1337,0
8821,-1646.1378018097328,3377.0742274123945,12,3756.9136269017417,1334,0
8822,-1067.4305760315376,-3602.303702542718,12,3757.126561615937,1330,0
8823,3220.5937804211935,1935.297316050515,12,3757.3394842627677,1323,0
8824,-3682.248819846781,748.4942409511194,12,3757.552394844283,1332,0
8825,2209.7002779551276,-3039.4118973257036,12,3757.7652933625327,1331,0
8826,423.7530273364215,3734.0103604332994,12,3757.978179819569,1341,0
8827,-2834.9106287140944,-2467.2417245182646,12,3758.191054217441,1336,0
8828,3757.1855015903975,-95.69277213516143,12,3758.4039165581976,1333,0
8829,-2705.945356782666,2608.6509398741587,12,3758.616766843888,1336,0
8830,233.17470405623547,-3751.590270457088,12,3758.829605076559,1333,0
8831,2362.3607958980742,2923.9787054634676,12,3759.042431258258,1335,0
8832,-3717.261002662849,-560.3308291375657,12,3759.255245391034,1331,0
8833,3119.6671983146816,-2097.9219651263065,12,3759.4680474769298,1332,0
8834,-883.269567636066,3654.4541139393164,12,3759.680837517993,1333,0
8835,-1817.3556415255937,-3291.5070214439916,12,3759.8936155162687,1333,0
8836,3563.6441860682876,1199.5166172678444,12,3760.106381473801,1338,0
8837,-3438.176675640749,1522.8069960043933,12,3760.3191353926327,1333,0
8838,1506.648366666813,-3445.5203814837932,12,3760.5318772748087,1332,0
8839,1216.5287746167298,3558.5471390062426,12,3760.744607122371,1333,0
8840,-3300.9812135581956,-1802.3104692965244,12,3760.9573249373616,1333,0
8841,3651.690557635573,-900.8640692552908,12,3761.1700307218234,1331,0
8842,-2084.235890985843,3131.1277122989486,12,3761.382724477795,1333,0
8843,-578.2283923622489,-3716.887397576925,12,3761.595406207318,1335,0
8844,2937.255037379501,2350.2622928917413,12,3761.8080759124327,1332,0
8845,-3753.632002847923,251.0911929875032,12,3762.0207335951777,1337,0
8846,2598.3486164138985,-2720.842602500185,12,3762.233379257592,1330,0
8847,-78.04304451628536,3761.636516624464,12,3762.446012901714,1343,0
8848,-2483.5427862392326,-2826.5907430894677,12,3762.6586345295796,1332,0
8849,3740.833135172905,406.65397427353247,12,3762.871244143228,1330,0
8850,-3033.2361091332973,2227.1683156532868,12,3763.0838417446935,1334,0
8851,732.2246886203949,-3691.3746769157374,12,3763.296427336013,1334,0
8852,1953.6784188514541,3216.6971625743827,12,3763.509000919222,1341,0
8853,-3613.6334618695687,-1052.260995787905,12,3763.721562496354,1337,0
8854,3375.563559519454,-1665.1638524915063,12,3763.9341120694453,1331,0
8855,-1364.3105280397808,3508.198509645629,12,3764.1466496405264,1341,0
8856,-1363.830918406297,-3508.6130060180526,12,3764.359175211632,1337,0
8857,3375.8710771431042,1665.9815336637623,12,3764.5716887847952,1331,0
8858,-3614.8206620496985,1051.9845917210878,12,3764.7841903620456,1326,0
8859,1954.9612090815497,-3217.6585696724264,12,3764.9966799454155,1338,0
8860,732.0108893431128,3693.36703535989,12,3765.2091575369354,1337,0
8861,-3034.766871830226,-2229.033430355361,12,3765.4216231386363,1328,0
8862,3743.6443042723026,-406.35861389854654,12,3765.634076752546,1338,0
8863,-2486.095748295755,2828.5911564426856,12,3765.8465183806948,1332,0
8864,-77.52061254123467,-3765.26102078345,12,3766.0589480251097,1333,0
8865,2600.7052417480577,2724.1755166553003,12,3766.27136568782,1326,0
8866,-3758.0451574850254,-251.98530572902726,12,3766.4837713708525,1336,0
8867,2941.445029912851,-2352.849577852564,12,3766.6961650762332,1334,0
8868,-579.6356483191014,3722.045474627855,12,3766.9085468059884,1334,0
8869,-2086.917954286086,-3136.2355543036592,12,3767.1209165621435,1341,0
8870,3657.5311964808225,902.9205650385676,12,3767.333274346723,1332,0
8871,-3307.050144497035,1804.9430300655304,12,3767.5456201617517,1330,0
8872,1219.363074104498,-3564.9899990757935,12,3767.757954009254,1335,0
8873,1509.0807970012977,3452.5751473533387,12,3767.970275891252,1326,0
8874,-3445.124324377066,-1526.5380406611123,12,3768.1825858097695,1336,0
8875,3571.6903045176464,-1201.5940947818613,12,3768.394883766827,1333,0
8876,-1822.0907625584434,3298.8460486963,12,3768.6071697644475,1334,0
8877,-884.8353040592597,-3663.477376030915,12,3768.819443804651,1333,0
8878,3127.269545894404,2103.75502074776,12,3769.0317058894584,1326,0
8879,-3727.227218647264,561.2283497605783,12,3769.243956020889,1330,0
8880,2369.3704561788427,-2931.703198038107,12,3769.4561942009623,1329,0
8881,233.25015251688933,3762.4452642332017,12,3769.668420431696,1335,0
8882,-2713.639418263567,-2616.8991397541804,12,3769.88063471511,1332,0
8883,3768.8553560047862,96.58833011308946,12,3770.0928370532206,1328,0
8884,-2844.4412083852676,2474.74326184349,12,3770.3050274480443,1331,0
8885,425.7613273001473,-3746.4019127925417,12,3770.5172059015986,1328,0
8886,2216.8397125111946,3050.2494470179463,12,3770.7293724158994,1331,0
8887,-3695.250404398338,-751.7475964670039,12,3770.9415269929605,1338,0
8888,3232.742704910082,-1941.8997409368617,12,3771.153669634798,1334,0
8889,-1072.0497343465804,3615.7861340360587,12,3771.365800343425,1336,0
8890,-1652.0252420048307,-3390.518042980878,12,3771.5779191208558,1334,0
8891,3508.611336781359,1384.2133099379312,12,3771.7900259691023,1336,0
8892,-3522.361519009138,1349.4329658799793,12,3772.002120890178,1333,0
8893,1685.8456725615326,-3374.540615892118,12,3772.2142038860943,1330,0
8894,1036.4375659006557,3627.2575276632792,12,3772.426274958863,1334,0
8895,-3214.594751540133,-1974.6342910449594,12,3772.6383341104934,1325,0
8896,3704.3966236327924,-715.4338926958715,12,3772.8503813429975,1335,0
8897,-2248.3644832720597,3029.992929094186,12,3773.0624166583834,1331,0
8898,-388.8786701607644,-3753.181767499943,12,3773.2744400586607,1329,0
8899,2822.143446011447,2504.9364004171116,12,3773.486451545838,1331,0
8900,-3773.232946210478,59.271693343413844,12,3773.698451121923,1329,0
8901,2742.38113541447,-2592.6329682627356,12,3773.910438788923,1335,0
8902,-270.8633076420952,3764.390132355198,12,3774.1224145488445,1333,0
8903,-2343.214418161037,-2958.875832224501,12,3774.3343784036942,1332,0
8904,3726.714559263843,598.9979914581512,12,3774.546330355477,1334,0
8905,-3152.757679789905,2075.7935862040267,12,3774.7582704061992,1334,0
8906,922.6187689648176,-3660.488301737057,12,3774.970198557864,1333,0
8907,1792.4145689938034,3322.5366834481692,12,3775.1821148124764,1334,0
8908,-3566.2121652424257,-1239.2460580840798,12,3775.3940191720385,1330,0
8909,3466.907115553112,-1495.2441446557152,12,3775.6059116385545,1335,0
8910,-1546.4532823939958,3444.601899403302,12,3775.8177922140258,1340,0
8911,-1186.5552050566862,-3584.7575574022967,12,3776.029660900454,1337,0
8912,3296.5827643498956,1841.8854681524588,12,3776.2415176998416,1330,0
8913,-3675.1794551449307,868.7093717006911,12,3776.453362614187,1335,0
8914,2123.2772970110054,-3123.2824912257997,12,3776.6651956454916,1336,0
8915,544.1389280171248,3737.4741239259943,12,3776.8770167957555,1336,0
8916,-2926.0226903458833,-2388.470476179482,12,3777.0888260669753,1334,0
8917,3771.158146179927,-215.3282064681274,12,3777.3006234611516,1339,0
8918,-2635.430292661977,2706.3087725755922,12,3777.5124089802807,1332,0
8919,115.2054272453469,-3775.9671224115837,12,3777.72418262636,1332,0
8920,2465.81846064665,2862.2612248245596,12,3777.935944401387,1337,0
8921,-3751.8577453431285,-444.9308471085992,12,3778.147694307357,1331,0
8922,3067.2214913285356,-2206.388978202246,12,3778.359432346266,1328,0
8923,-771.322549567657,3699.0081811924188,12,3778.571158520109,1330,0
8924,-1930.0030142876806,-3248.73642588014,12,3778.78287283088,1333,0
8925,3617.8167547633075,1091.8799975060851,12,3778.994575280573,1331,0
8926,-3405.410574958175,1638.7735706811457,12,3779.2062658711816,1336,0
8927,1404.1467774196492,-3508.898948026576,12,3779.417944604698,1335,0
8928,1334.9278076537598,3536.038425746068,12,3779.629611483115,1337,0
8929,-3373.082734853344,-1705.729422808402,12,3779.841266508423,1336,0
8930,3639.613681661839,-1020.7900118339471,12,3780.0529096826144,1330,0
8931,-1994.315759808045,3211.4022871918833,12,3780.2645410076793,1330,0
8932,-698.7638162873697,-3715.337014195012,12,3780.476160485607,1333,0
8933,3025.0901005839637,2267.692634231744,12,3780.6877681183882,1331,0
8934,-3762.6222312669024,371.31380902960547,12,3780.8993639080104,1333,0
8935,2523.7628842584754,-2815.567598911335,12,3781.110947856463,1330,0
8936,40.94667043509758,3781.1008146015206,12,3781.322519965733,1336,0
8937,-2584.4342901122354,-2760.561428422137,12,3781.5340802378078,1329,0
8938,3770.624790923774,289.80801588473923,12,3781.7456286746738,1333,0
8939,-2976.270345711335,2333.455555445471,12,3781.9571652783166,1334,0
8940,618.417131996582,-3731.267914644179,12,3782.168690050723,1327,0
8941,2064.549165644375,3169.232831875423,12,3782.3802029938765,1335,0
8942,-3663.325152598852,-942.3634258271044,12,3782.5917041097628,1337,0
8943,3337.9659249085576,-1779.770626836322,12,3782.8031934003648,1333,0
8944,-1259.1647943062746,3567.3104744021985,12,3783.0146708676666,1331,0
8945,-1481.2974683792079,-3481.1719018418707,12,3783.22613651365,1328,0
8946,3443.9529649665624,1566.3933015363743,12,3783.437590340298,1333,0
8947,-3597.748259417831,1171.4125924950467,12,3783.6490323495914,1336,0
8948,1861.693786424277,-3294.1912885546344,12,3783.8604625435128,1333,0
8949,852.4868131964125,3686.7962017619343,12,3784.0718809240398,1335,0
8950,-3119.1665464759008,-2142.801916964236,12,3784.2832874931555,1333,0
8951,3747.627569780047,-526.9607179140563,12,3784.494682252837,1327,0
8952,-2407.561553023722,2920.213582668571,12,3784.706065205065,1334,0
8953,-197.32599080761605,-3779.7701587995784,12,3784.9174363518155,1337,0
8954,2698.850803495086,2653.9412842928396,12,3785.128795695068,1330,0
8955,-3782.971383439778,-133.89365958003788,12,3785.340143236801,1330,0
8956,2880.050016685019,-2456.7685893043786,12,3785.551478978988,1333,0
8957,-464.161822125332,3757.2002612159617,12,3785.762802923606,1333,0
8958,-2195.8163863477102,-3084.1514874348964,12,3785.9741150726322,1336,0
8959,3702.6476993250476,790.9488066132545,12,3786.18541542804,1335,0
8960,-3264.6775976865665,1917.9885774330007,12,3786.396703991804,1333,0
8961,1111.751019951798,-3619.72508205197,12,3786.6079807659,1337,0
8962,1625.4092394107158,3420.2404600317623,12,3786.819245752298,1334,0
8963,-3509.06116921492,-1424.1101469717903,12,3787.030498952972,1334,0
8964,3549.643068537755,-1320.3159038585686,12,3787.241740369896,1336,0
8965,-1725.6319886433482,3371.497329046963,12,3787.4529700050402,1336,0
8966,-1005.0424453129955,-3651.888509130484,12,3787.6641878603755,1333,0
8967,3208.0811416132133,2014.0048135060804,12,3787.8753939378735,1333,0
8968,-3726.1876395932186,682.0012276695091,12,3788.0865882395033,1331,0
8969,2287.017081449485,-3020.0584214809955,12,3788.2977707672353,1337,0
8970,353.66464552292024,3771.9651799171143,12,3788.508941523037,1334,0
8971,-2808.8637202745385,-2542.57440420639,12,3788.7201005088777,1333,0
8972,3788.864166052456,-22.54620153438697,12,3788.9312477267254,1337,0
8973,-2778.7156122894294,2576.1093816099856,12,3789.1423831785473,1333,0
8974,308.8187351317458,-3776.7487325517995,12,3789.353506866309,1332,0
8975,2323.5732318248074,2993.6278052468742,12,3789.564618791979,1333,0
8976,-3735.7052024576915,-637.8923422730049,12,3789.775718957522,1331,0
8977,3185.6602695828365,-2053.1850006274176,12,3789.9868073649013,1329,0
8978,-962.1537811476933,3666.0414756823466,12,3790.197884016084,1337,0
8979,-1767.0115751953183,-3353.3371576872137,12,3790.4089489130324,1337,0
8980,3568.284720178418,1279.1185073093236,12,3790.620002057711,1333,0
8981,-3495.3688302362575,1467.2412005572953,12,3790.8310434520813,1332,0
8982,1586.357307630917,-3443.177383250243,12,3791.0420730981086,1331,0
8983,1156.1667469029112,3610.6617749875077,12,3791.253090997751,1333,0
8984,-3291.671553122754,-1881.514917921842,12,3791.464097152972,1336,0
8985,3698.3270255876328,-836.168171965504,12,3791.6750915657317,1335,0
8986,-2162.3280782364695,3114.921713634257,12,3791.88607423799,1336,0
8987,-509.69431237183676,-3757.68701569673,12,3792.097045171708,1327,0
8988,2914.2759471262048,2426.6428876127748,12,3792.3080043688437,1328,0
8989,-3788.2808154929467,179.2441434694443,12,3792.518951831355,1335,0
8990,2672.4313249772167,-2691.26565267729,12,3792.729887561201,1336,0
8991,-152.6523491109355,3789.8677101332855,12,3792.9408115603387,1335,0
8992,-2447.5938579528906,-2897.8068097289174,12,3793.151723830725,1337,0
8993,3762.4290923717717,483.45353952011675,12,3793.362624374317,1335,0
8994,-3101.0386824256784,2185.12221399619,12,3793.5735131930683,1335,0
8995,810.6256253543426,-3706.16865448928,12,3793.7843902889367,1329,0
8996,1905.856772166513,3280.5654945431343,12,3793.995255663876,1335,0
8997,-3621.5108776690445,-1131.6620356470348,12,3794.206109319841,1337,0
8998,3435.0070051191606,-1611.9326520615848,12,3794.4169512587832,1335,0
8999,-1444.102634690696,3509.0978299955377,12,3794.627781482658,1337,0
9000,-1305.5977173880494,-3563.174792281613,12,3794.8385999934176,1338,0
9001,3369.78429727904,1745.5525743476207,12,3795.0494067930126,1335,0
9002,-3664.0813979447926,989.1953847622484,12,3795.2602018833963,1329,0
9003,2033.7006506470393,-3204.631283557878,12,3795.4709852665196,1330,0
9004,665.1466967732226,3736.9479353841243,12,3795.68175694433,1337,0
9005,-3014.89793075448,-2306.337023752677,12,3795.8925169187814,1338,0
9006,3781.2101010119973,-335.9317966564642,12,3796.10326519182,1333,0
9007,-2561.370165588221,2802.0319189535603,12,3796.3140017653973,1336,0
9008,-4.0709460689600485,-3796.5225440392296,12,3796.5247266414585,1329,0
9009,2567.65842061351,2796.8429049649067,12,3796.7354398219536,1332,0
9010,-3782.7615601256275,-327.8947685400473,12,3796.9461413088284,1336,0
9011,3010.9474473466066,-2313.5676928322096,12,3797.15683110403,1333,0
9012,-657.4228934216159,3740.0260880380433,12,3797.367509209505,1338,0
9013,-2041.7014025239146,-3202.039253808716,12,3797.5781756271977,1336,0
9014,3668.6370013128117,981.9890796737708,12,3797.788830359055,1331,0
9015,-3368.649672752751,1754.1377888474958,12,3797.9994734070197,1340,0
9016,1299.1064211701494,-3569.134699962231,12,3798.210104773036,1331,0
9017,1453.0757764483576,3509.4972272248633,12,3798.4207244590484,1331,0
9018,-3442.275020271694,-1606.3445100019824,12,3798.6313324669977,1337,0
9019,3623.4974712482667,-1140.8181607326455,12,3798.841928798828,1328,0
9020,-1901.3480633103866,3289.0234937053647,12,3799.05251345648,1334,0
9021,-819.7539939340071,-3709.771339237668,12,3799.2630864418957,1332,0
9022,3110.547998442515,2181.854978999582,12,3799.473647757016,1331,0
9023,-3767.6519242814607,492.3403065545332,12,3799.6841974037798,1331,0
9024,2445.7136817057612,-2908.2098595385532,12,3799.8947353841263,1337,0
9025,161.08330424073466,3796.6896329690803,12,3800.1052616999973,1332,0
9026,-2683.5534654560433,-2690.8996261545803,12,3800.315776353328,1336,0
9027,3796.655676993876,171.48081627450597,12,3800.5262793460593,1332,0
9028,-2915.5308311446865,2438.2944802965812,12,3800.7367706801274,1333,0
9029,502.8052851037676,-3767.5438743658606,12,3800.9472503574684,1330,0
9030,2174.3067415370006,3117.8823251859194,12,3801.1577183800205,1328,0
9031,-3709.570746078147,-830.352262501419,12,3801.368174749718,1332,0
9032,3296.3993927381907,-1893.607943465407,12,3801.5786194684965,1332,0
9033,-1151.6122779473446,3623.173907126309,12,3801.789052538291,1339,0
9034,-1598.3442155793703,-3449.709519441306,12,3801.9994739610365,1330,0
9035,3509.008763801587,1464.123456394186,12,3802.209883738666,1334,0
9036,-3576.632944438707,1290.7737140009112,12,3802.420281873113,1329,0
9037,1765.4903841572832,-3367.9435422002202,12,3802.6306683663083,1336,0
9038,973.249351130489,3676.19173881397,12,3802.8410432201867,1333,0
9039,-3201.052685613959,-2053.4024700295995,12,3803.051406436679,1342,0
9040,3747.6173401656742,-648.2007958106474,12,3803.261758017715,1337,0
9041,-2325.6516606810706,3009.6086711018393,12,3803.472097965226,1341,0
9042,-318.11588154918826,-3790.3564853330327,12,3803.6824262811424,1338,0
9043,2795.0723074531475,2580.149374766611,12,3803.8927429673927,1334,0
9044,-3804.0754954296162,-14.478434719266579,12,3804.1030480259074,1335,0
9045,2814.942525672533,-2559.0815886095434,12,3804.3133414586136,1323,0
9046,-347.03541786514364,3788.6628800603476,12,3804.5236232674392,1334,0
9047,-2303.4391875052775,-3028.2285101136326,12,3804.7338934543113,1331,0
9048,3744.230240359442,677.0080554748758,12,3804.9441520211567,1327,0
9049,-3218.3690473971624,2030.0986859647692,12,3805.1543989699026,1333,0
9050,1001.8685652794246,-3671.1114635631734,12,3805.3646343024734,1336,0
9051,1741.1496456475868,3383.902763298804,12,3805.574858020796,1335,0
9052,-3569.860214935937,-1319.1277594750036,12,3805.785070126793,1329,0
9053,3523.556421739152,-1438.8016342848584,12,3805.9952706223894,1334,0
9054,-1626.354117866246,3441.2457458454637,12,3806.2054595095096,1336,0
9055,-1125.3673291863897,-3636.254718030613,12,3806.415636790076,1327,0
9056,3286.2470497531262,1921.192423467486,12,3806.6258024660106,1337,0
9057,-3721.1285582757578,803.2448274247291,12,3806.8359565392366,1327,0
9058,2201.381817889437,-3106.0454104642126,12,3807.0460990116735,1339,0
9059,474.89929775668264,3777.521761286123,12,3807.256229885244,1342,0
9060,-2902.015399457048,-2464.7731379001493,12,3807.466349161867,1335,0
9061,3804.9961312526916,-142.84411486669558,12,3807.6764568434646,1340,0
9062,-2709.34540046479,2675.7143907712357,12,3807.886552931954,1331,0
9063,190.37837984590595,-3803.334861997724,12,3808.096637429255,1329,0
9064,2428.8706735384067,2933.2213096227647,12,3808.306710337286,1330,0
9065,-3772.5442463461054,-522.2163434448314,12,3808.516771657963,1332,0
9066,3134.6816663468953,-2163.37025279277,12,3808.7268213932066,1332,0
9067,-850.1279738410243,3712.853677172446,12,3808.936859544931,1336,0
9068,-1881.242439527041,-3312.1785706272462,12,3809.1468861150524,1335,0
9069,3624.7139397232995,1171.6009795043694,12,3809.3569011054874,1331,0
9070,-3464.3473145835087,1584.6443398876702,12,3809.56690451815,1333,0
9071,1484.1718275295452,-3508.7938079014575,12,3809.776896354956,1331,0
9072,1275.8443622294271,3590.016875081145,12,3809.986876617819,1336,0
9073,-3365.97497026376,-1785.4446223722202,12,3810.196845308652,1338,0
9074,3688.218925265505,-957.2048679950201,12,3810.406802429368,1334,0
9075,-2073.1094708480855,3197.345324152518,12,3810.61674798188,1334,0
9076,-631.1640993120807,-3758.195295582651,12,3810.8266819681003,1331,0
9077,3004.1906890220553,2344.9601924112035,12,3811.0366043899394,1330,0
9078,-3799.4038269048574,300.2175213086777,12,3811.246515249309,1340,0
9079,2598.9112390706173,-2787.985002009951,12,3811.4564145481186,1333,0
9080,-33.10127787643796,3811.522570496329,12,3811.666302288278,1331,0
9081,-2550.379070637139,-2833.013694999733,12,3811.8761784716985,1334,0
9082,3794.452302321107,366.2399833579768,12,3812.0860431002866,1334,0
9083,-3045.470233319676,2293.187968301726,12,3812.2958961759514,1327,0
9084,696.64709733075,-3748.3173320545634,12,3812.5057377006005,1332,0
9085,2018.3771689358273,3234.648915093969,12,3812.715567676141,1338,0
9086,-3673.4646002363693,-1021.7914810812691,12,3812.925386104481,1332,0
9087,3399.0957247066467,-1728.0475266267977,12,3813.135192987523,1334,0
9088,-1339.1817452902935,3570.4610700974245,12,3813.3449883271774,1330,0
9089,-1424.4192151708153,-3537.5457452098285,12,3813.554772125346,1330,0
9090,3440.08943363868,1646.385340243136,12,3813.7645443839347,1339,0
9091,-3648.932887905801,1109.8147501089677,12,3813.9743051048467,1331,0
9092,1941.0471994584536,-3283.342164544307,12,3814.1840542899868,1331,0
9093,786.641223262015,3732.398101203145,12,3814.393791941257,1330,0
9094,-3101.413963028475,-2220.9077941085293,12,3814.6035180605604,1335,0
9095,3787.295995607726,-457.371885508585,12,3814.813232649797,1330,0
9096,-2483.820459612754,2895.6926501977186,12,3815.022935710872,1327,0
9097,-124.52721893487883,-3813.199833701919,12,3815.232627245683,1339,0
9098,2667.748581251535,2727.7678616829585,12,3815.442307256132,1339,0
9099,-3809.904846602979,-209.3443570558595,12,3815.651975744119,1328,0
9100,2950.877475342123,-2419.322658414644,12,3815.861632711543,1335,0
9101,-541.6859977675559,3777.4298510789804,12,3816.071278160302,1335,0
9102,-2152.3130349312623,-3151.4359583632627,12,3816.280912092295,1334,0
9103,3716.01715457559,869.9520141363756,12,3816.4905345094203,1333,0
9104,-3327.9023086264283,1868.7606118063622,12,3816.7001454135743,1329,0
9105,1191.627372380746,-3626.130748524239,12,3816.9097448066545,1334,0
9106,1570.8334379881164,3478.9197044626417,12,3817.119332690557,1331,0
9107,-3508.4528033657343,-1504.246963285989,12,3817.3289090671765,1335,0
9108,3603.325936891339,-1260.8101334166674,12,3817.5384739384094,1326,0
9109,-1805.4144932692172,3363.87849178496,12,3817.74802730615,1332,0
9110,-941.0624614522737,-3700.1623536873876,12,3817.9575691722926,1336,0
9111,3193.509179394394,2092.8208526110748,12,3818.1670995387303,1332,0
9112,-3768.6812463333586,614.0371841633407,12,3818.376618407357,1332,0
9113,2364.261819856488,-2998.644034754523,12,3818.586125780064,1334,0
9114,282.2373391363887,3808.35162299875,12,3818.795621658745,1333,0
9115,-2780.7701225228393,-2617.6549668900816,12,3819.0051060452906,1335,0
9116,3818.8633229290917,51.79691870156293,12,3819.214578941592,1333,0
9117,-2851.0556348361256,2541.551055373309,12,3819.42404034954,1334,0
9118,385.50776388226416,-3800.12944042522,12,3819.633490271023,1329,0
9119,2282.814291190051,3062.6718583515385,12,3819.842928707933,1336,0
9120,-3752.2870394336273,-716.3392867199343,12,3820.052355662158,1325,0
9121,3250.8781236197087,-2006.5371726860192,12,3820.2617711355856,1333,0
9122,-1041.7570693407865,3675.696152904711,12,3820.4711751301043,1337,0
9123,-1714.8318158948855,-3414.2278546099774,12,3820.6805676476015,1334,0
9124,3570.937074236298,1359.2676012635295,12,3820.889948689965,1338,0
9125,-3551.4645315386456,1409.928963183248,12,3821.099318259079,1332,0
9126,1666.437386065856,-3438.80596113273,12,3821.3086763568317,1337,0
9127,1094.1609240914122,3661.5313561666285,12,3821.518022985107,1333,0
9128,-3280.3087852139115,-1960.9115925121232,12,3821.7273581457903,1331,0
9129,3743.579389495749,-769.9437346602898,12,3821.9366818407657,1336,0
9130,-2240.4321073477377,3096.653673300483,12,3822.1459940719164,1332,0
9131,-439.75867146199863,-3796.9740993156615,12,3822.3552948411275,1329,0
9132,2889.241698784071,2502.8548511664303,12,3822.5645841502796,1333,0
9133,-3821.3002670166416,106.13326198014099,12,3822.7738620012565,1336,0
9134,2746.1662248106504,-2659.656193140237,12,3822.983128395939,1332,0
9135,-228.37806348682514,3816.3652157672236,12,3823.192383336209,1335,0
9136,-2409.6506592305323,-2968.498559957518,12,3823.401626823946,1335,0
9137,3782.2003349461825,561.2135300694214,12,3823.610858861032,1333,0
9138,-3168.144455463731,2141.1353785584,12,3823.820079449346,1333,0
9139,889.8236372441776,-3719.0608887999592,12,3824.029288590766,1332,0
9140,1856.162814932426,3343.5698892743567,12,3824.2384862871722,1330,0
9141,-3627.4241104018543,-1211.690687954363,12,3824.4476725404415,1335,0
9142,3493.426005387398,-1556.9119258593412,12,3824.6568473524517,1331,0
9143,-1524.3480785031168,3507.985595119206,12,3824.866010725081,1333,0
9144,-1245.671501754322,-3616.5594851622627,12,3825.0751626602055,1332,0
9145,3361.6540208976285,1825.399201211288,12,3825.2843031597013,1335,0
9146,-3712.021423313679,924.8226602221057,12,3825.4934322254435,1330,0
9147,2112.535815246518,-3189.54423535726,12,3825.702549859306,1337,0
9148,596.8206295060343,3779.0746401991087,12,3825.9116560631664,1330,0
9149,-2992.968762353034,-2383.5557445922987,12,3826.120750838896,1333,0
9150,3817.1993741545753,-264.175960211975,12,3826.32983418837,1334,0
9151,-2636.379767607471,2773.427792633148,12,3826.53890611346,1330,0
9152,70.56469071110642,-3826.0973098478353,12,3826.74796661604,1329,0
9153,2532.597735054533,2869.067568461337,12,3826.957015697981,1334,0
9154,-3805.6939114643765,-404.83805681157946,12,3827.1660533611553,1329,0
9155,3079.832628291727,-2272.318415563646,12,3827.375079607433,1327,0
9156,-736.083890309741,3756.1390424778574,12,3827.5840944386837,1342,0
9157,-1994.5790218225407,-3267.0559416247274,12,3827.7930978567792,1330,0
9158,3677.805866890783,1061.7645715806018,12,3828.002089863589,1335,0
9159,-3429.2984528584075,1701.502900738913,12,3828.21107046098,1329,0
9160,1379.384549529699,-3571.2880399820383,12,3828.4200396508218,1334,0
9161,1395.3313252682462,3565.3121171540033,12,3828.628997434983,1339,0
9162,-3437.3952096794196,-1686.509464092325,12,3828.83794381533,1331,0
9163,3674.049500873728,-1078.4063543625432,12,3829.0468787937293,1330,0
9164,-1980.784804116258,3277.146862711849,12,3829.255802372048,1333,0
9165,-753.1529173289027,-3754.6718475945354,12,3829.4647145521526,1333,0
9166,3091.764562223575,2259.9539578890676,12,3829.673615335907,1333,0
9167,-3806.555547651269,422.0602594954258,12,3829.8825047251776,1332,0
9168,2521.8755177186413,-2882.662636024433,12,3830.0913827218274,1329,0
9169,87.66289136784744,3829.2969612550332,12,3830.300249327721,1335,0
9170,-2651.437386378555,-2764.5397060114838,12,3830.5091045447216,1338,0
9171,3822.715557953752,247.47881319081645,12,3830.717948374691,1330,0
9172,-2986.0837966748136,2399.85490378817,12,3830.926780819492,1333,0
9173,580.7982210193536,-3786.8553479715533,12,3831.135601880988,1333,0
9174,2129.837577628543,3184.8064137277447,12,3831.344411561038,1330,0
9175,-3721.984594102612,-909.7420960155757,12,3831.5532098615045,1332,0
9176,3359.180597191564,-1843.4494068055474,12,3831.761996784247,1328,0
9177,-1231.7901570338386,3628.593806012813,12,3831.970772331125,1330,0
9178,-1542.880222557302,-3507.865536026364,12,3832.1795365039984,1335,0
9179,3507.392031906298,1544.4743877838214,12,3832.3882893047257,1336,0
9180,-3629.7168778434816,1230.4289441890446,12,3832.5970307351645,1335,0
9181,1845.397950561287,-3359.301475614269,12,3832.805760797174,1330,0
9182,908.4859955371221,3723.795536265777,12,3833.01447949261,1332,0
9183,-3185.450479923131,-2132.253559020946,12,3833.223186823329,1338,0
9184,3789.374928039421,-579.5150168427317,12,3833.4318827911884,1325,0
9185,-2402.841168956089,2987.1649296230257,12,3833.6405673980444,1335,0
9186,-246.03401179848007,-3825.946584185193,12,3833.849240645751,1334,0
9187,2765.9581396534013,2655.0848516921437,12,3834.0579025361626,1338,0
9188,-3833.2240918138045,-89.40392574284327,12,3834.2665530711342,1327,0
9189,2887.0487204844976,-2523.5193055629334,12,3834.4751922525206,1328,0
9190,-424.2301581475632,3811.14533610542,12,3834.683820082172,1336,0
9191,-2261.700604331928,-3096.951787865706,12,3834.892436561944,1341,0
9192,3759.8730248710403,755.8801736036544,12,3835.1010416936865,1336,0
9193,-3283.1816397617104,1982.5030442174875,12,3835.309635479253,1340,0
9194,1081.8132284871792,-3679.79349130765,12,3835.5182179204935,1330,0
9195,1688.0611715238686,3444.306821581588,12,3835.7267890192593,1328,0
9196,-3571.5137837740326,-1399.531811825689,12,3835.935348777401,1332,0
9197,3579.0878409836537,-1380.6267513426524,12,3836.1438971967664,1332,0
9198,-1706.6007830165634,3435.8570644611004,12,3836.352434279207,1331,0
9199,-1062.551546892651,-3686.4867028372737,12,3836.5609600265702,1332,0
9200,3273.856351867022,2000.6660359340215,12,3836.7694744407045,1328,0
9201,-3765.6749029416505,736.2693293594372,12,3836.977977523458,1336,0
9202,2279.4725465280435,-3086.746654590389,12,3837.186469276676,1336,0
9203,404.27725559866997,3816.0398190539895,12,3837.394949702206,1336,0
9204,-2875.955556444479,-2540.881665358724,12,3837.6034188018953,1334,0
9205,3837.1894498428032,-69.11675639875182,12,3837.8118765775894,1331,0
9206,-2782.887522702136,2643.092324529881,12,3838.0203230311326,1326,0
9207,266.64591858573084,-3828.955465149937,12,3838.2287581643695,1330,0
9208,2389.935623475364,3003.632420194492,12,3838.437181979145,1334,0
9209,-3791.394543816329,-600.4393500760655,12,3838.645594477302,1335,0
9210,3201.421091036988,-2118.419929537943,12,3838.853995660684,1332,0
9211,-929.7066424136541,3724.787988470207,12,3839.0623855311337,1330,0
9212,-1830.6207485004672,-3374.7337191487554,12,3839.2707640904937,1336,0
9213,3629.6396198423736,1251.9250097631677,12,3839.479131340604,1332,0
9214,-3522.237617467548,1528.7387501128285,12,3839.6874872833077,1332,0
9215,1564.6251054032023,-3506.6719663438744,12,3839.8958319204435,1337,0
9216,1215.0829405252869,3642.7974755185637,12,3840.104165253854,1330,0
9217,-3356.820777780973,-1865.4099457915256,12,3840.312487285377,1331,0
9218,3735.4840975389056,-892.0530012470942,12,3840.5207980168525,1335,0
9219,-2151.973284633163,3181.227904791663,12,3840.7290974501184,1339,0
9220,-562.1209299224992,-3799.581563822925,12,3840.937385587013,1333,0
9221,2981.2325981962244,2422.1172959731307,12,3841.1456624293746,1328,0
9222,-3834.5927601972307,227.81212312558117,12,3841.3539279790402,1336,0
9223,2673.7694306328935,-2758.361294648156,12,3841.5621822378457,1331,0
9224,-108.31395385151264,3840.2432328435984,12,3841.7704252076283,1329,0
9225,-2514.3159663462175,-2904.998316931782,12,3841.9786568902227,1331,0
9226,3816.483338613463,443.6833624172041,12,3842.1868772874645,1334,0
9227,-3114.028583513941,2250.9611238442467,12,3842.3950864011886,1333,0
9228,775.7274010595443,-3763.4886739892554,12,3842.6032842332293,1336,0
9229,1970.3095711034316,3299.2544906415164,12,3842.8114707854197,1333,0
9230,-3681.658779038293,-1101.902280027711,12,3843.0196460595935,1326,0
9231,3459.252265153578,-1674.5070217917414,12,3843.227810057583,1331,0
9232,-1419.7086093970847,3571.614125910552,12,3843.4359627812196,1339,0
9233,-1365.8156941887516,-3592.7910445095044,12,3843.644104232336,1334,0
9234,3434.191414547612,1726.7105513801303,12,3843.8522344127646,1334,0
9235,-3698.8423456585583,1046.597010297227,12,3844.0603533243334,1333,0
9236,2020.554489911569,-3270.437211337071,12,3844.2684609688745,1335,0
9237,719.2935313306377,3776.587985971716,12,3844.4765573482173,1339,0
9238,-3081.5999789833777,-2298.9870746765077,12,3844.6846424641903,1334,0
9239,3825.4263951618614,-386.4102679781231,12,3844.8927163186227,1329,0
9240,-2559.8725010371363,2869.1205583652077,12,3845.1007789133437,1335,0
9241,-50.49550819117862,-3844.9772695885363,12,3845.308830250179,1335,0
9242,2634.62117486365,2801.208893488681,12,3845.5168703309573,1338,0
9243,-3835.084532873249,-285.878690560129,12,3845.7248991575048,1335,0
9244,3021.1436667955313,-2379.8930531814344,12,3845.9329167316478,1327,0
9245,-620.136195386506,3795.8175798069574,12,3846.140923055212,1341,0
9246,-2106.88273503351,-3217.987747151582,12,3846.348918130023,1334,0
9247,3727.4707936555797,949.7165274147028,12,3846.556901957905,1326,0
9248,-3390.22854402708,1817.6772043638616,12,3846.764874540683,1334,0
9249,1272.0944757377388,-3630.5613401783376,12,3846.9728358801804,1333,0
9250,1514.4879336322315,3536.5415731873386,12,3847.180785978221,1333,0
9251,-3505.8252548909104,-1584.7994454091302,12,3847.388724836627,1333,0
9252,3655.800641455007,-1199.6339733173431,12,3847.5966524572186,1331,0
9253,-1885.434391397914,3354.211853138376,12,3847.804568841822,1333,0
9254,-875.5242137070294,-3747.0865150424115,12,3848.0124739922553,1340,0
9255,3176.8765055092267,2171.694193191915,12,3848.220367910341,1336,0
9256,-3809.694004623485,544.6389548461179,12,3848.428250597898,1335,0
9257,2441.3833294566243,-2975.1718334663105,12,3848.6361220567474,1337,0
9258,209.51092549474646,3843.1374125964235,12,3848.8439822887076,1332,0
9259,-2750.637392370939,-2692.4327170220613,12,3849.051831295598,1338,0
9260,3847.154300419026,127.29410342744224,12,3849.2596690792375,1329,0
9261,-2922.915585186668,2504.9879205043844,12,3849.4674956414433,1328,0
9262,463.19696279189316,-3821.707546851324,12,3849.6753109840315,1334,0
9263,2240.100243924836,3131.0622633808944,12,3849.883115108821,1336,0
9264,-3766.985680933322,-795.6248359894986,12,3850.0909080176275,1336,0
9265,3315.2737689051874,-1957.998936978566,12,3850.298689712267,1336,0
9266,-1122.0309653531635,3683.4014867766787,12,3850.5064601945546,1336,0
9267,-1660.840848173347,-3474.134090250236,12,3850.7142194663056,1335,0
9268,3571.588890517274,1439.9141631130612,12,3850.9219675293343,1334,0
9269,-3606.4210717412234,1350.898609556203,12,3851.1297043854543,1333,0
9270,1746.8379776838385,-3432.3981528548575,12,3851.3374300364803,1338,0
9271,1030.5432558735324,3711.1158157316486,12,3851.545144484224,1332,0
9272,-3266.8894036732067,-2040.4493681950848,12,3851.7528477304977,1336,0
9273,3787.410530146941,-702.2260861945156,12,3851.9605397771143,1334,0
9274,-2318.4967442856446,3076.324567846648,12,3852.168220625885,1334,0
9275,-368.4599069541642,-3834.714760835195,12,3852.3758902786212,1335,0
9276,2862.1577438338813,2578.8472326626375,12,3852.5835487371323,1332,0
9277,-3852.6599606938553,31.79979978582776,12,3852.7911960032297,1332,0
9278,2819.503038257376,-2626.024108278031,12,3852.9988320787224,1333,0
9279,-305.1764384394786,3841.102360185341,12,3853.2064569654194,1328,0
9280,-2369.72743138657,-3038.6167742797065,12,3853.414070665129,1335,0
9281,3800.124116928975,639.8880339049788,12,3853.6216731796603,1333,0
9282,-3234.505643662413,2095.2262983067008,12,3853.829264510819,1336,0
9283,969.7710011127987,-3730.032735164757,12,3854.036844660414,1334,0
9284,1804.6191419160564,3405.664362885773,12,3854.2444136302515,1338,0
9285,-3631.35875915654,-1292.2977839093714,12,3854.4519714221374,1334,0
9286,3550.7767291092923,-1500.1282011934566,12,3854.659518037877,1338,0
9287,-1604.9966215953907,3504.8517578732744,12,3854.867053479277,1327,0
9288,-1184.0825279723967,-3668.7257415825593,12,3855.07457774814,1335,0
9289,3351.474631274987,1905.4704920098313,12,3855.282090846272,1331,0
9290,-3758.602199587176,858.9001718817162,12,3855.489592775475,1334,0
9291,2191.415486194,-3172.396281499068,12,3855.697083537554,1334,0
9292,527.0696799504667,3819.7117106500214,12,3855.9045631343106,1332,0
9293,-2968.982704664224,-2460.6384739340942,12,3856.1120315675475,1330,0
9294,3851.5800551072107,-191.13105216142802,12,3856.3194888390667,1338,0
9295,-2711.0739245388286,2742.7865712967227,12,3856.5269349506684,1336,0
9296,146.34370109231642,-3853.9568655020785,12,3856.7343699041558,1335,0
9297,2495.5353747081213,2940.7997540771785,12,3856.9417937013254,1339,0
9298,-3826.8175923035556,-482.7702509848992,12,3857.1492063439814,1337,0
9299,3148.0520773048215,-2229.118237908613,12,3857.3566078339195,1335,0
9300,-815.5717406787444,3770.363740517119,12,3857.5639981729396,1326,0
9301,-1945.5714797026883,-3331.2387511806314,12,3857.771377362842,1336,0
9302,3685.0213750057246,1142.1985229157492,12,3857.978745405423,1336,0
9303,-3488.951605844686,1647.0630504245396,12,3858.1861023024803,1334,0
9304,1460.1476933736042,-3571.437905597092,12,3858.39344805581,1331,0
9305,1335.8759560553722,3619.977269270229,12,3858.600782667209,1338,0
9306,-3430.4771762025407,-1766.9822702996887,12,3858.8081061384746,1332,0
9307,3723.30650224608,-1014.390797637706,12,3859.0154184714006,1339,0
9308,-2060.349873238551,3263.2128952683865,12,3859.2227196677827,1331,0
9309,-685.0675593813673,-3798.1419719493447,12,3859.430009729416,1339,0
9310,3070.9204574248956,2338.0007579488224,12,3859.6372886580934,1329,0
9311,-3843.9044041647126,350.42678499670365,12,3859.8445564556096,1329,0
9312,2597.8050690322248,-2855.0672187026494,12,3860.051813123757,1333,0
9313,13.030286026967065,3860.2370667675395,12,3860.2590586643278,1332,0
9314,-2617.3012993843645,-2837.7691781117287,12,3860.4662930791146,1331,0
9315,3847.008549707299,324.5384699522493,12,3860.67351636991,1329,0
9316,-3056.050982055091,2359.439000076102,12,3860.880728538503,1338,0
9317,659.694141291824,-3804.313819855723,12,3861.0879295866857,1344,0
9318,2083.4509269007926,3250.974044066829,12,3861.295119516249,1341,0
9319,-3732.4735422767767,-989.869312689231,12,3861.5022983289805,1335,0
9320,3421.040468923288,-1791.4469319489015,12,3861.7094660266716,1333,0
9321,-1312.5341627028392,3632.0316727333143,12,3861.9166226111097,1341,0
9322,-1485.6599839469839,-3564.9424135739764,12,3862.1237680840836,1335,0
9323,3503.7513395096735,1625.2158474750884,12,3862.330902447381,1336,0
9324,-3681.572144542266,1168.4290926412532,12,3862.5380257027896,1337,0
9325,1925.5174523047956,-3348.6090456889187,12,3862.745137852095,1328,0
9326,842.1814172325677,3770.030564924924,12,3862.9522388970845,1333,0
9327,-3167.7872360120996,-2211.1363656181006,12,3863.1593288395443,1336,0
9328,3829.6341452435704,-509.4136959137933,12,3863.36640768126,1335,0
9329,-2479.8819347474605,2962.665284792258,12,3863.5734754240143,1335,0
9330,-172.67313844018932,-3859.9202047790077,12,3863.7805320695948,1331,0
9331,2734.808973655385,2729.6922679331415,12,3863.987577619783,1331,0
9332,-3860.6505025435094,-165.46207181872794,12,3864.1946120763637,1337,0
9333,2958.6500538169,-2485.958539286055,12,3864.4016354411197,1329,0
9334,-502.40251737123515,3831.81311007453,12,3864.6086477158324,1325,0
9335,-2218.0153825627026,-3164.99727688907,12,3864.8156489022863,1333,0
9336,3773.6225513009313,835.5673762857488,12,3865.022639002261,1340,0
9337,-3347.148716154054,1933.0275404008771,12,3865.229618017537,1331,0
9338,1162.404190372319,-3686.5182080392433,12,3865.4365859498976,1336,0
9339,1633.174031463123,3503.7041232036827,12,3865.64354280112,1335,0
9340,-3571.161002997123,-1480.4084202248341,12,3865.8504885729876,1330,0
9341,3633.4589862441985,-1320.7481952595206,12,3866.0574232672748,1333,0
9342,-1787.1426375828833,3428.4283852712015,12,3866.264346885764,1332,0
9343,-998.1401522264996,-3735.413797226923,12,3866.4712594302314,1340,0
9344,3259.4076564229026,2080.255207721342,12,3866.6781609024565,1328,0
9345,-3808.781750914821,667.8185186847039,12,3866.885051304215,1333,0
9346,2357.498318825236,-3065.387687835943,12,3867.0919306372843,1332,0
9347,332.31151676107487,3852.9948164808047,12,3867.298798903441,1338,0
9348,-2847.849092557914,-2616.745219928196,12,3867.505656104461,1328,0
9349,3867.7081348366205,5.81237633283151,12,3867.7125022421205,1330,0
9350,-2856.0065354630374,2608.45292642831,12,3867.9193373181915,1337,0
9351,343.9640913360427,-3852.8027076235517,12,3868.126161334452,1338,0
9352,2349.028004830375,3073.4455310811404,12,3868.332974292674,1334,0
9353,-3808.3863569408486,-679.5537920332807,12,3868.53977619463,1334,0
9354,3267.392213721786,-2071.5569318052176,12,3868.7465670420956,1326,0
9355,-1010.0107103819882,3734.792948064681,12,3868.9533468368413,1336,0
9356,-1778.1609484260543,-3436.3561575442895,12,3869.160115580641,1337,0
9357,3632.5798807318397,1332.802839921289,12,3869.366873275265,1334,0
9358,-3579.037957396988,1471.0837160106128,12,3869.5736199224843,1332,0
9359,1645.4563363817515,-3502.523867878868,12,3869.7803555240703,1336,0
9360,1152.6741583216037,3694.339221665707,12,3869.9870800817926,1330,0
9361,-3345.6150337396643,-1945.574477118557,12,3870.1937935974215,1334,0
9362,3781.3710277365676,-825.3684938223031,12,3870.4004960727257,1338,0
9363,-2230.8560338454704,3163.0493761962143,12,3870.6071875094744,1331,0
9364,-491.6715956389747,-3839.4607749060056,12,3870.813867909435,1333,0
9365,2956.2196507000353,2499.11291798009,12,3871.0205372743762,1335,0
9366,-3868.1573820046106,154.13782158587793,12,3871.2271956060654,1334,0
9367,2748.286963109493,-2726.7047453661726,12,3871.433842906269,1335,0
9368,-184.64853882605345,3867.234789498745,12,3871.640479176753,1327,0
9369,-2476.257628141612,-2976.4657160919014,12,3871.8471044192843,1333,0
9370,3836.6937389133964,522.0930508853221,12,3872.0537186356287,1329,0
9371,-3181.8971154513483,2206.791958178747,12,3872.26032182755,1335,0
9372,855.6110029618155,-3776.7618155783503,12,3872.4669139968128,1332,0
9373,1920.3674635598911,3363.0029445274877,12,3872.6734951451826,1327,0
9374,-3687.891753998434,-1182.6472047023792,12,3872.88006527442,1335,0
9375,3518.39095594387,-1619.174197278473,12,3873.0866243862924,1332,0
9376,-1500.6955632666466,3570.7580184593585,12,3873.2931724825585,1332,0
9377,-1305.515791596811,-3646.865574420224,12,3873.499709564982,1331,0
9378,3426.2516846607477,1807.3182877842487,12,3873.706235635325,1333,0
9379,-3747.4370955187837,981.7918390013946,12,3873.912750695348,1332,0
9380,2100.1645746561426,-3255.4736612909933,12,3874.1192547468127,1336,0
9381,650.4795343663686,3819.3293096263,12,3874.3257477914785,1335,0
9382,-3059.726303008108,-2376.988630742759,12,3874.5322298311057,1336,0
9383,3861.98549237536,-314.1147189837568,12,3874.7387008674527,1329,0
9384,-2635.666896048768,2840.503478799604,12,3874.945160902281,1336,0
9385,24.72752875245925,-3875.072715359261,12,3875.1516099373453,1334,0
9386,2599.4791713748655,2874.214333968196,12,3875.3580479744064,1334,0
9387,-3858.4844437025513,-363.45260723429925,12,3875.5644750152196,1337,0
9388,3090.7996639517983,-2338.4946947375042,12,3875.7708910615447,1323,0
9389,-699.4662593403951,3812.341400247931,12,3875.9772961151357,1326,0
9390,-2059.544627361366,-3283.759419919025,12,3876.18369017775,1333,0
9391,3736.990689380219,1030.1944415912733,12,3876.390073251143,1335,0
9392,-3451.6107263216554,1764.7615685812336,12,3876.5964453370693,1333,0
9393,1353.1030428632416,-3633.003186813113,12,3876.802806437284,1334,0
9394,1456.3998345706618,3593.0626938396927,12,3877.0091565535413,1331,0
9395,-3501.169214974528,-1665.7173013793938,12,3877.215495687595,1338,0
9396,3707.0263470231516,-1136.8182187474777,12,3877.4218238411977,1332,0
9397,-1965.6407713602944,3342.4925367106066,12,3877.628141016103,1338,0
9398,-808.4619482005913,-3792.6230076705097,12,3877.834447214063,1336,0
9399,3158.1827130378306,2250.573693765438,12,3878.04074243683,1339,0
9400,-3849.191069298043,473.84397435884864,12,3878.247026686155,1333,0
9401,2518.3306305567985,-2949.6458830170445,12,3878.453299963789,1335,0
9402,135.52574089873008,3876.2911105274143,12,3878.6595622714817,1326,0
9403,-2718.4740361200725,-2766.857227061246,12,3878.8658136109843,1338,0
9404,3873.7093078351786,203.90242370090243,12,3879.0720539840454,1332,0
9405,-2994.2459740025124,2466.4328588408293,12,3879.278283392415,1329,0
9406,541.8411391416363,-3841.4591212108053,12,3879.484501837841,1329,0
9407,2195.448248481727,3198.7508481028217,12,3879.690709322072,1332,0
9408,-3779.781239410526,-875.7018797514522,12,3879.8969058468547,1334,0
9409,3378.8007190896183,-1907.591596930401,12,3880.103091413938,1334,0
9410,-1202.9268021118328,3689.1417848547107,12,3880.309266025068,1332,0
9411,-1605.063957031443,-3533.0114199983236,12,3880.5154296819906,1333,0
9412,3570.228791586167,1521.008341768439,12,3880.721582386451,1335,0
9413,-3660.19638814023,1290.1792124527565,12,3880.927724140196,1334,0
9414,1827.5084291625203,-3423.946982845958,12,3881.1338549449697,1338,0
9415,965.346379935737,3759.37579482884,12,3881.339974802517,1330,0
9416,-3251.410887947192,-2120.0771773071024,12,3881.5460837145806,1327,0
9417,3829.784093746756,-633.0511790403173,12,3881.7521816829053,1333,0
9418,-2396.470898122211,3053.9363507534536,12,3881.9582687092343,1336,0
9419,-295.83701058769765,-3870.875929704611,12,3882.16434479531,1339,0
9420,2833.0304945689886,2654.5693091049993,12,3882.370409942874,1333,0
9421,-3882.3303622368003,-43.71451079759719,12,3882.576464153668,1333,0
9422,2892.3917986105275,-2590.3802198385,12,3882.7825074294337,1338,0
9423,-383.00332081716743,3864.0533712984634,12,3882.9885397719113,1333,0
9424,-2327.839322483776,-3108.1126248413643,12,3883.1945611828414,1326,0
9425,3816.178625541593,719.4308152695971,12,3883.4005716639635,1334,0
9426,-3300.0749318390403,2047.414331357371,12,3883.6065712170175,1331,0
9427,1050.41975278154,-3739.0665068926455,12,3883.8125598437423,1341,0
9428,1751.249172817088,3466.8034750627935,12,3884.018537545875,1333,0
9429,-3633.301398523163,-1373.433998228392,12,3884.224504325155,1333,0
9430,3607.0159586612076,-1441.6087797885298,12,3884.4304601833205,1335,0
9431,-1685.9979553767032,3499.687256665312,12,3884.636405122106,1333,0
9432,-1120.8617704927267,-3719.6328974037087,12,3884.8423391432502,1333,0
9433,3339.241499759253,1985.7155401228988,12,3885.0482622484888,1341,0
9434,-3803.7859273319227,791.4623295088777,12,3885.2541744395558,1338,0
9435,2270.2885486966884,-3153.187261431944,12,3885.4600757181897,1333,0
9436,455.9314295183799,3858.8245012668463,12,3885.6659660861224,1333,0
9437,-2942.9440662292964,-2537.534280171555,12,3885.871845545089,1334,0
9438,3884.3209174581852,-116.83753761868265,12,3886.077714096824,1330,0
9439,-2785.4022779642596,2710.1169993030776,12,3886.283571743061,1336,0
9440,223.22304629309508,-3880.073642549021,12,3886.48941848553,1329,0
9441,2456.4844525276962,3011.990062149891,12,3886.6952543259677,1334,0
9442,-3846.1089030247936,-561.6460683325573,12,3886.9010792661034,1333,0
9443,3215.5577316981817,-2183.9845407227695,12,3887.1068933076695,1334,0
9444,-895.8392647126109,3782.6805326116514,12,3887.312696452396,1332,0
9445,-1894.7002916238048,-3394.5413246741705,12,3887.5184887020155,1335,0
9446,3690.268076409168,1223.2422181380837,12,3887.724270058256,1340,0
9447,-3547.5648336782137,1590.843722950079,12,3887.9300405228487,1333,0
9448,1541.3459745771702,-3569.573165891792,12,3888.135800097522,1327,0
9449,1274.738928060923,3673.4507843832735,12,3888.341548784005,1325,0
9450,-3421.5141922358202,-1847.7122698972544,12,3888.5472865840275,1331,0
9451,3771.2292957117666,-948.8042997190373,12,3888.7530134993144,1341,0
9452,-2139.992219297869,3247.2193183313907,12,3888.9587295315955,1341,0
9453,-615.5340277778408,-3840.1455520133077,12,3889.1644346825965,1331,0
9454,3048.017882712389,2415.944326069102,12,3889.3701289540445,1328,0
9455,-3879.6656296112683,277.47901256311894,12,3889.5758123476658,1335,0
9456,2673.4516717520883,-2825.430260828599,12,3889.7814848651847,1330,0
9457,-62.772660261413684,3889.480632825378,12,3889.9871465083274,1331,0
9458,-2581.156261116158,-2910.538155685449,12,3890.1927972788185,1330,0
9459,3869.509107372781,402.6155336783526,12,3890.398437178382,1336,0
9460,-3125.3836595871753,2317.0621442649044,12,3890.6040662087426,1333,0
9461,739.4467306218316,-3819.8977123180516,12,3890.809684371622,1336,0
9462,2035.1663649445231,3316.338020618299,12,3891.0152916687443,1334,0
9463,-3741.020145068592,-1070.6858896011354,12,3891.220888101831,1340,0
9464,3481.9337057725174,-1737.6241448038375,12,3891.426473672605,1335,0
9465,-1393.7949322350514,3633.474327262529,12,3891.6320483827863,1333,0
9466,-1426.7109948365908,-3620.897090116258,12,3891.837612234097,1334,0
9467,3498.0778727505517,1706.2975110375605,12,3892.043165228258,1330,0
9468,-3732.158252362571,1104.8053128592207,12,3892.2487073669895,1332,0
9469,2005.7979885986954,-3335.8618719805277,12,3892.4542386520106,1339,0
9470,774.3701893787304,3814.8592123172184,12,3892.6597590850397,1336,0
9471,-3148.0630401221183,-2289.9998024928054,12,3892.8652686677974,1332,0
9472,3868.36054684498,-437.9345608800571,12,3893.0707674020005,1337,0
9473,-2556.723075387395,2936.11428861031,12,3893.276255289368,1340,0
9474,-98.07385495980479,-3892.246333285359,12,3893.4817323316156,1335,0
9475,2701.6337920791843,2803.921335111926,12,3893.6871985304624,1327,0
9476,-3886.3273821713124,-242.6097248369784,12,3893.8926538876235,1325,0
9477,3029.6972165785646,-2446.412634012525,12,3894.0980984048156,1332,0
9478,-581.5071233357576,3850.6427340782698,12,3894.303532083754,1334,0
9479,-2172.401125586494,-3232.317024914254,12,3894.5089549261534,1338,0
9480,3785.4594087841247,916.0224148173161,12,3894.7143669337297,1325,0
9481,-3410.224048230106,1881.693902013042,12,3894.9197681081955,1334,0
9482,1243.5926876212466,-3691.2704083140493,12,3895.1251584512665,1329,0
9483,1576.5139104298764,3562.05051764024,12,3895.330537964654,1328,0
9484,-3568.7909887663427,-1561.7076802334527,12,3895.5359066500723,1329,0
9485,3686.6281227418744,-1259.1954116056497,12,3895.741264509233,1330,0
9486,-1867.9290181889096,3418.953229134294,12,3895.946611543849,1334,0
9487,-932.1661256428962,-3782.997001611806,12,3896.1519477556317,1333,0
9488,3242.898938315952,2159.908904530298,12,3896.357273146291,1335,0
9489,-3850.413136269147,597.9286579902252,12,3896.5625877175385,1329,0
9490,2435.408120353961,-3041.970954383685,12,3896.767891471084,1334,0
9491,259.04134807286414,3888.354096528323,12,3896.9731844086377,1338,0
9492,-2817.70290228851,-2692.313197686129,12,3897.1784665319087,1334,0
9493,3896.523087948929,81.90131305994899,12,3897.383737842606,1332,0
9494,-2928.652632786829,2571.8074882212272,12,3897.588998342437,1331,0
9495,422.28854595678865,-3874.8512724946877,12,3897.7942480331103,1333,0
9496,2306.16341987696,3142.6120156362613,12,3897.999486916334,1333,0
9497,-3823.4983437948335,-759.513275063817,12,3898.2047149938135,1332,0
9498,3332.547959341061,-2022.8010526721932,12,3898.409932267258,1332,0
9499,-1090.9920967846328,3742.8513522117696,12,3898.61513873837,1330,0
9500,-1723.8868713767513,-3497.0007227186666,12,3898.820334408858,1330,0
9501,3633.521788334349,1414.1850705263284,12,3899.0255192804266,1339,0
9502,-3634.7054289540224,1411.706925934756,12,3899.2306933547807,1329,0
9503,1726.6151808955235,-3496.34094691881,12,3899.4358566336236,1333,0
9504,1088.6493479805627,3744.6017942020876,12,3899.6410091186594,1334,0
9505,-3332.353606355466,-2025.8873221898893,12,3899.8461508115934,1336,0
9506,3825.842291218343,-757.1860819674256,12,3900.051281714126,1335,0
9507,-2309.706659464142,3142.810071771279,12,3900.256401827962,1339,0
9508,-419.85397040499305,-3877.7986852768877,12,3900.4615111548014,1336,0
9509,2929.1566422984574,2575.8962255647693,12,3900.6666096963477,1332,0
9510,-3900.0668918864767,79.23533814501529,12,3900.871697454301,1329,0
9511,2822.41361900855,-2693.024575312126,12,3901.076774430362,1337,0
9512,-262.06177584750225,3892.470118785712,12,3901.281840626232,1333,0
9513,-2436.2176316857935,-3047.36667486262,12,3901.4868960436092,1333,0
9514,3855.06026777525,601.4235876822727,12,3901.691940684195,1334,0
9515,-3249.0279882008786,2160.698297284318,12,3901.896974549687,1336,0
9516,936.2505860725192,-3788.1175853026084,12,3902.101997641784,1332,0
9517,1868.5727858298317,3425.8481787808614,12,3902.3070099621846,1330,0
9518,-3692.14856409539,-1263.9774446754777,12,3902.512011512585,1334,0
9519,3576.467794947523,-1562.0749379281406,12,3902.717002294684,1334,0
9520,-1582.0926768800314,3567.8821115281507,12,3902.9219823101766,1335,0
9521,-1243.5491391114692,-3699.727765473444,12,3903.126951560761,1335,0
9522,3416.264013766494,1888.1578822344397,12,3903.331910048132,1327,0
9523,-3794.6783188486233,915.4323877054969,12,3903.5368577739855,1331,0
9524,2179.8264372925787,-3238.449737649227,12,3903.7417947400163,1328,0
9525,580.2356495340836,3860.5863014585957,12,3903.9467209479176,1335,0
9526,-3035.7956251555656,-2454.8614873931947,12,3904.1516363993856,1334,0
9527,3896.9408382000065,-240.52464233219422,12,3904.3565410961123,1337,0
9528,-2711.1531015760906,2809.8485474869176,12,3904.5614350397914,1329,0
9529,101.09980335371388,-3903.4572919095503,12,3904.7663182321166,1339,0
9530,2562.334097811257,2946.73445888729,12,3904.971190674779,1330,0
9531,-3880.0794908636194,-442.0216562336258,12,3905.17605236947,1334,0
9532,3159.7969421275757,-2295.143412626153,12,3905.3809033178827,1327,0
9533,-779.6297170273973,3826.9802069422544,12,3905.5857435217063,1335,0
9534,-2010.3187225235795,-3348.704023032069,12,3905.7905729826325,1339,0
9535,3744.559880441392,1111.3376182730203,12,3905.995391702351,1328,0
9536,-3512.0038323958556,1710.03774263518,12,3906.2001996825506,1341,0
9537,1434.6036382879836,-3633.4436009123465,12,3906.4049969249218,1338,0
9538,1396.5970222549574,3648.4403184687812,12,3906.6097834311527,1341,0
9539,-3494.4763668044025,-1746.9501772647955,12,3906.8145592029314,1334,0
9540,3756.9629080180785,-1072.39438070905,12,3907.0193242419473,1336,0
9541,-2045.9827464248108,3328.7166598153094,12,3907.2240785498857,1333,0
9542,-739.910563994011,-3836.734595628171,12,3907.4288221284337,1330,0
9543,3137.4283829001633,2329.4083244833805,12,3907.63355497928,1331,0
9544,-3887.138399018801,401.6902623583907,12,3907.8382771041074,1333,0
9545,2595.0529409613378,-2922.0712232264136,12,3908.042988504604,1334,0
9546,60.32263429890321,3907.782130543006,12,3908.2476891824545,1328,0
9547,-2684.2895136490097,-2840.8783513050957,12,3908.4523791393435,1332,0
9548,3898.5014480332125,281.57851424237333,12,3908.657058376956,1335,0
9549,-3064.997676049011,2425.899677607086,12,3908.8617268969747,1332,0
9550,621.3947435244953,-3859.361161218282,12,3909.0663847010837,1336,0
9551,2148.8763534603513,3265.6898838589905,12,3909.271031790966,1337,0
9552,-3790.654783350116,-956.5230334209878,12,3909.4756681683034,1336,0
9553,3441.413007493901,-1855.3373040640836,12,3909.6802938347787,1331,0
9554,-1284.39572279481,3692.902331130137,12,3909.884908792074,1337,0
9555,-1547.527227064597,-3590.815991037937,12,3910.089513041869,1334,0
9556,3566.846389386257,1602.5001823782177,12,3910.294106585846,1333,0
9557,-3712.7490774775283,1227.800589546104,12,3910.498689425685,1336,0
9558,1908.398070203221,-3413.446470306019,12,3910.703261563065,1332,0
9559,898.6036184963432,3806.2726566583847,12,3910.9078229996676,1337,0
9560,-3233.8717100234453,-2199.7440221784987,12,3911.11237373717,1335,0
9561,3870.664505657941,-562.4555845929216,12,3911.3169137772506,1330,0
9562,-2474.3036343407025,3029.491958247849,12,3911.5214431215886,1331,0
9563,-221.92952271416559,-3905.4253656865426,12,3911.7259617718623,1336,0
9564,2801.8673287148945,2729.9705991603755,12,3911.930469729747,1336,0
9565,-3910.2828125014526,-120.36746344312874,12,3912.1349669969213,1334,0
9566,2964.7828642778645,-2552.736290274485,12,3912.33945357506,1328,0
9567,-461.81416165467397,3885.193390308286,12,3912.543929465841,1338,0
9568,-2284.0023894202977,-3176.9376898394416,12,3912.7483946709376,1334,0
9569,3830.342992471737,799.7953238314531,12,3912.952849192027,1331,0
9570,-3364.8054887227972,1997.7197058298593,12,3913.1572930307825,1333,0
9571,1131.7216971163325,-3746.1454857327853,12,3913.3617261888785,1333,0
9572,1696.077151838667,3526.942343590385,12,3913.5661486679896,1336,0
9573,-3633.2395880898016,-1455.0498601549882,12,3913.770560469788,1336,0
9574,3662.1011044729134,-1381.3817360231267,12,3913.9749615959477,1332,0
9575,-1767.3017123549796,3492.484023944441,12,3914.17935204814,1334,0
9576,-1056.0409187196258,-3769.2409816818304,12,3914.383731828038,1330,0
9577,3324.950993188658,2066.0834670684912,12,3914.5881009373134,1330,0
9578,-3847.535560173293,722.5441946358613,12,3914.792459377636,1334,0
9579,2349.10400290799,-3131.9180039588605,12,3914.9968071506773,1331,0
9580,383.4440431896058,3896.379173764074,12,3915.2011442581083,1337,0
9581,-2914.8581311991984,-2614.1924326609765,12,3915.405470701597,1344,0
9582,3915.3915899499407,-41.33639255279508,12,3915.6097864828157,1342,0
9583,-2859.3147548922975,2675.4287754405277,12,3915.8140916034304,1328,0
9584,301.15925323822654,-3904.4209691308897,12,3916.018386065112,1333,0
9585,2415.4590074174466,3082.5894607433415,12,3916.2226698695263,1335,0
9586,-3863.5450752037377,-641.4198717446664,12,3916.4269430183426,1335,0
9587,3282.3019759923172,-2136.9355952852043,12,3916.631205513228,1328,0
9588,-976.8390108627408,3793.0707279006415,12,3916.8354573558486,1338,0
9589,-1841.9878210615716,-3456.917827640808,12,3917.0396985478715,1331,0
9590,3693.5315006912006,1304.8467547577413,12,3917.2439290909624,1332,0
9591,-3605.094433784222,1532.8712025144246,12,3917.4481489867867,1326,0
9592,1622.9294142167796,-3565.683681493632,12,3917.652358237009,1331,0
9593,1211.9502447086302,3725.6914263463486,12,3917.856556843295,1340,0
9594,-3410.5005268332725,-1928.648790337414,12,3918.0607448073083,1334,0
9595,3817.7794271805587,-881.68035330095,12,3918.2649221307133,1334,0
9596,-2219.660864195623,3229.1648530166963,12,3918.4690888151717,1326,0
9597,-544.5890477825841,-3880.647210071441,12,3918.6732448623475,1333,0
9598,3023.060020787002,2493.7337690137033,12,3918.8773902739035,1332,0
9599,-3913.807193383922,203.2566186284446,12,3919.081525051501,1337,0
9600,2748.7649071794826,-2793.7593820976363,12,3919.285649196802,1333,0
9601,-139.70362389099458,3916.9992210200558,12,3919.489762711468,1332,0
9602,-2543.014269645668,-2982.7970806574344,12,3919.6938655971594,1333,0
9603,3890.192602310184,481.66535782752726,12,3919.8979578555363,1339,0
9604,-3194.0335112713096,2272.7406206771307,12,3920.102039488258,1339,0
9605,820.0093615814714,-3833.586394868224,12,3920.306110496985,1337,0
9606,1985.0043373661388,3380.851635407507,12,3920.510170883376,1327,0
9607,-3747.6079278943616,-1152.143575594348,12,3920.71422064909,1333,0
9608,3541.815567344855,-1682.0054955063733,12,3920.918259795784,1340,0
9609,-1475.5229603297607,3632.9095768460434,12,3921.1222883251166,1336,0
9610,-1366.0615224093679,-3675.6871353520555,12,3921.326306238745,1334,0
9611,3490.3638138362,1787.668998182498,12,3921.5303135383256,1331,0
9612,-3781.435405885466,1039.5894723956303,12,3921.734310225516,1331,0
9613,2086.188690039437,-3321.0565712663697,12,3921.9382963019702,1333,0
9614,705.0875356338888,3858.244622505645,12,3922.142271769345,1330,0
9615,-3126.2789692637316,-2368.7929006857685,12,3922.3462366292956,1336,0
9616,3905.52049844405,-365.1159216376859,12,3922.5501908834767,1337,0
9617,-2633.3139126734122,2907.51746982209,12,3922.7541345335426,1324,0
9618,-22.277263922582442,-3922.8948142299355,12,3922.9580675811458,1330,0
9619,2666.442532825238,2877.72205383712,12,3923.1619900279416,1331,0
9620,-3910.2282848752993,-320.80330447358733,12,3923.365901875582,1328,0
9621,3100.1412710539403,-2404.8958604288996,12,3923.5698031257193,1330,0
9622,-661.4982518531706,3867.61167425004,12,3923.7736937800064,1336,0
9623,-2124.8763273604463,-3298.863530584917,12,3923.977573840096,1338,0
9624,3795.365147756173,997.1977713561977,12,3924.1814433076365,1338,0
9625,-3472.36193466617,1828.5247044219593,12,3924.3853021842797,1334,0
9626,1325.329772746924,-3694.035867918798,12,3924.589150471677,1338,0
9627,1518.1072921092227,3619.302453463209,12,3924.792988171478,1341,0
9628,-3564.3938509081527,-1643.3795896286863,12,3924.996815285332,1327,0
9629,3738.5541823429635,-1195.9985893327546,12,3925.2006318148888,1330,0
9630,-1948.909250866099,3407.4261153968605,12,3925.404437761795,1336,0
9631,-864.6631299844192,-3829.19804549798,12,3925.608233127702,1329,0
9632,3224.329168161596,2239.5761686851274,12,3925.812017914256,1336,0
9633,-3890.533879059143,526.6366260459065,12,3926.0157921231034,1337,0
9634,2513.151099995388,-3016.4998837381,12,3926.2195557558925,1332,0
9635,184.50656162671854,3922.085839029621,12,3926.42330881427,1337,0
9636,-2785.5248475176963,-2767.5352434723413,12,3926.627051299881,1324,0
9637,3923.606092276904,159.1076134179836,12,3926.8307832143723,1336,0
9638,-3000.776341073132,2533.168243693212,12,3927.0345045593886,1335,0
9639,501.57453894475077,-3895.076762001278,12,3927.2382153365743,1327,0
9640,2261.358380416322,3211.0836605919926,12,3927.4419155475744,1334,0
9641,-3836.7101123801503,-840.2710952781213,12,3927.6456051940327,1331,0
9642,3396.841744116378,-1972.1729552522527,12,3927.849284277593,1329,0
9643,-1172.6024951195247,3748.946970609142,12,3928.0529527998983,1328,0
9644,-1667.823173311846,-3556.6228170223512,12,3928.256610762591,1325,0
9645,3632.4533980963092,1496.0221624891044,12,3928.460258167314,1339,0
9646,-3689.1977620390026,1350.6368396302598,12,3928.663895015709,1332,0
9647,1808.0512466855807,-3488.1156358926405,12,3928.867521309417,1333,0
9648,1023.0405549329924,3793.545574124871,12,3929.0711370500794,1333,0
9649,-3317.033362754849,-2106.297621508237,12,3929.274742239336,1336,0
9650,3868.861223337181,-687.5411511741898,12,3929.4783368788276,1335,0
9651,-2388.474224277897,3120.5113170697036,12,3929.681920970195,1331,0
9652,-346.7065086104213,-3914.56186525225,12,3929.8854945150756,1331,0
9653,2900.049346579379,2652.4165938638894,12,3930.089057515109,1334,0
9654,-3930.291350943883,3.1459014137805332,12,3930.2926099719343,1335,0
9655,2896.0994734755677,-2657.330961648274,12,3930.4961518871887,1331,0
9656,-340.50997790513634,3915.9230016621937,12,3930.699683262511,1338,0
9657,-2394.2104795466744,-3117.6523506685094,12,3930.903204099536,1329,0
9658,3871.56062658961,681.62916211168,12,3931.1067143999035,1335,0
9659,-3315.373815453691,2112.6988578129244,12,3931.310214165247,1331,0
9660,1017.598566940166,-3797.5377755278905,12,3931.513703397204,1332,0
9661,1814.94832509691,3487.7446261485256,12,3931.71718209741,1330,0
9662,-3694.415231866413,-1345.8440082540924,12,3931.9206502675,1334,0
9663,3633.4393828151306,-1503.2359267287363,12,3932.1241079091083,1335,0
9664,-1663.8499255004156,3562.9767646466994,12,3932.327555023869,1337,0
9665,-1179.9461109873907,-3751.3367184466038,12,3932.5309916134165,1329,0
9666,3404.22317196374,1969.1786601182575,12,3932.7344176793836,1337,0
9667,-3840.5279296245994,847.5524890963333,12,3932.9378332234037,1341,0
9668,2259.4891414299973,-3219.364660885736,12,3933.1412382471085,1324,0
9669,508.5989086875102,3900.3239801434283,12,3933.344632752132,1331,0
9670,-3009.8116219806157,-2532.5548365613754,12,3933.548016740103,1335,0
9671,3930.260823721173,-165.6799852805563,12,3933.751390212655,1330,0
9672,-2786.2808269096627,2777.163868696913,12,3933.954753171419,1340,0
9673,178.5787590116573,-3930.103004608131,12,3934.1581056180244,1330,0
9674,2523.1984238335226,3018.7198800094097,12,3934.3614475541003,1336,0
9675,-3899.8455081884667,-521.540997681139,12,3934.564778981279,1336,0
9676,3228.087393720924,-2249.855946166343,12,3934.7680999011873,1336,0
9677,-860.5797887868314,3839.7138470375126,12,3934.971410315455,1326,0
9678,-1959.2259010491866,-3412.7750978724043,12,3935.1747102257095,1333,0
9679,3750.162381410279,1193.0976963581757,12,3935.37799963358,1334,0
9680,-3571.363408271932,1653.5305881828406,12,3935.5812785406933,1335,0
9681,1516.5466898895836,-3631.8708866622646,12,3935.784546948676,1330,0
9682,1335.1081488377617,3702.632338068014,12,3935.987804859157,1334,0
9683,-3485.739393500634,-1828.4476696361396,12,3936.191052273758,1332,0
9684,3805.570882744093,-1006.3946822247957,12,3936.39428919411,1329,0
9685,-2126.4094678752003,3312.8813403034387,12,3936.5975156218346,1330,0
9686,-669.9056079934161,-3879.3848064324543,12,3936.8007315585583,1330,0
9687,3114.615089505656,2408.1471807644307,12,3937.003937005906,1333,0
9688,-3923.5027696461925,328.2164172899606,12,3937.2071319655006,1332,0
9689,2671.4996900421042,-2892.453872770479,12,3937.410316438966,1335,0
9690,-16.057040101537577,3937.5807511038015,12,3937.6134904279265,1327,0
9691,-2648.09424154627,-2914.4462403498687,12,3937.8166539340045,1332,0
9692,3921.5047294886003,360.2785819314519,12,3938.019806958822,1331,0
9693,-3135.1219448425154,2383.4031113025935,12,3938.222949504002,1332,0
9694,701.8118794316232,-3875.391604198039,12,3938.426081571165,1332,0
9695,2100.403498197804,3331.832100325349,12,3938.6292031619328,1333,0
9696,-3799.5883476741146,-1038.0406486352485,12,3938.8323142779254,1331,0
9697,3503.0652018620112,-1801.259057299495,12,3939.035414920764,1332,0
9698,-1366.388692200163,3694.669395470659,12,3939.238505092069,1339,0
9699,-1488.2575404021875,-3647.504557013744,12,3939.441584793459,1328,0
9700,3561.4322936446256,1684.3396384889775,12,3939.644654026553,1331,0
9701,-3764.038410353228,1163.7933001119852,12,3939.8477127929705,1335,0
9702,1989.4562264373953,-3400.8916364814504,12,3940.0507610943287,1328,0
9703,830.3489737531919,3851.768500544525,12,3940.253798932246,1334,0
9704,-3214.2713405811483,-2279.398988575425,12,3940.4568263083406,1337,0
9705,3910.0169840166823,-490.47648740901917,12,3940.659843224229,1334,0
9706,-2551.9441887822436,3002.9953142388576,12,3940.862849681526,1329,0
9707,-146.77752528685446,-3938.3316719228546,12,3941.065845681851,1336,0
9708,2768.6765931181335,2805.000877490017,12,3941.268831226817,1332,0
9709,-3936.489539887093,-198.1163858934941,12,3941.4718063180408,1332,0
9710,3036.6269333291893,-2513.105025218756,12,3941.6747709571373,1337,0
9711,-541.5640253176172,3904.4984833499143,12,3941.8777251457204,1332,0
9712,-2238.2335990570314,-3245.0439682771953,12,3942.0806688854045,1335,0
9713,3842.5973046711483,880.9347048073573,12,3942.283602177804,1338,0
9714,-3428.6509817638876,1946.1635196584916,12,3942.4865250245307,1334,0
9715,1213.6284191337036,-3751.2539317235014,12,3942.6894374271988,1332,0
9716,1639.1281461947622,3586.036659092057,12,3942.8923393874197,1337,0
9717,-3631.161881295169,-1537.0957653408998,12,3943.095230906806,1337,0
9718,3715.9902195496215,-1319.475914221839,12,3943.29811198697,1336,0
9719,-1848.8574787549642,3483.2349939749733,12,3943.500982629521,1324,0
9720,-989.6523729657134,-3817.5107309192117,12,3943.703842836072,1331,0
9721,3308.600480532957,2146.523435748393,12,3943.9066926082314,1330,0
9722,-3889.8148186422127,652.1814752593375,12,3944.1095319476103,1335,0
9723,2427.810977767952,-3108.590332647488,12,3944.3123608558185,1340,0
9724,309.6462630108755,3932.342710370422,12,3944.515179334464,1327,0
9725,-2884.7311635407955,-2690.5624159451436,12,3944.7179873851564,1335,0
9726,3944.762569184375,35.330903779688654,12,3944.920785009504,1339,0
9727,-2932.761582300952,2638.7325558645803,12,3945.1235722091146,1335,0
9728,380.1084232893661,-3926.973081973503,12,3945.3263489855944,1340,0
9729,2372.4740058893913,3152.549300388361,12,3945.529115340552,1338,0
9730,-3879.1042827846613,-722.0456794979784,12,3945.7318712755937,1331,0
9731,3348.2376567897495,-2087.9905635934,12,3945.9346167923254,1332,0
9732,-1058.5232665663552,3801.5166044800712,12,3946.1373518923533,1328,0
9733,-1787.457278539024,-3518.3229637709314,12,3946.340076577284,1339,0
9734,3694.7981655981566,1386.9630548405016,12,3946.5427908487195,1339,0
9735,-3661.4973137248276,1473.1725701987107,12,3946.745494708267,1330,0
9736,1704.8479449316374,-3559.7603128107335,12,3946.9481881575284,1331,0
9737,1147.5406500524475,3776.6586364771183,12,3947.15087119811,1328,0
9738,-3397.4314528267446,-2009.7411582946586,12,3947.353543831614,1333,0
9739,3862.91918220072,-813.0531297435103,12,3947.556206059642,1334,0
9740,-2299.304916737007,3209.049220543217,12,3947.7588578837995,1327,0
9741,-472.26995620208555,-3919.6123645673024,12,3947.961499305686,1336,0
9742,2996.0510431584967,2571.3183674506126,12,3948.1641303269043,1339,0
9743,-3946.2979114830455,127.79981934477104,12,3948.3667509490556,1330,0
9744,2823.6946162738786,-2760.0631721078253,12,3948.5693611737397,1334,0
9745,-217.71981748570286,3942.7652835381914,12,3948.77196100256,1335,0
9746,-2502.8882666496875,-3054.496738362528,12,3948.974550437113,1332,0
9747,3909.0353336604767,561.6429116386331,12,3949.177129479,1337,0
9748,-3261.9526436602823,2226.4916237250245,12,3949.3796981298215,1334,0
9749,901.335104983262,-3845.3601949004483,12,3949.5822563911747,1337,0
9750,1932.9861594191877,3444.4686829021775,12,3949.784804264658,1335,0
9751,-3752.221396841179,-1234.1939025482313,12,3949.9873417518693,1336,0
9752,3600.6418897969625,-1624.616256670896,12,3950.189868854407,1328,0
9753,-1557.6686111794743,3630.3262247002276,12,3950.3923855738685,1328,0
9754,-1303.7406028981259,-3729.2707652240583,12,3950.59489191185,1335,0
9755,3480.6023486174545,1869.2798856240495,12,3950.7973878699477,1332,0
9756,-3829.3645207017476,972.814148535411,12,3950.9998734497576,1331,0
9757,2166.6387320423228,-3304.190763986552,12,3951.2023486528756,1331,0
9758,634.3693246763759,3900.150709896944,12,3951.404813480897,1334,0
9759,-3102.4370964519785,-2447.4648235589852,12,3951.607267935415,1332,0
9760,3941.081189459301,-290.99666336585636,12,3951.809712018027,1338,0
9761,-2709.6039872210376,2876.8813379136536,12,3952.012145730324,1331,0
9762,54.675030929311596,-3951.836363134597,12,3952.2145690739007,1333,0
9763,2629.2460917428557,2951.0447284063516,12,3952.4169820503503,1332,0
9764,-3932.3276763585977,-399.9988071784602,12,3952.6193846612655,1332,0
9765,3169.9336657512613,-2361.423417080633,12,3952.8217769082385,1326,0
9766,-742.3298366679164,3882.6983418226796,12,3953.0241587928604,1331,0
9767,-2075.4603725028164,-3364.589758376267,12,3953.226530316723,1336,0
9768,3803.322290096773,1079.0456698643668,12,3953.428891481419,1332,0
9769,-3533.51721602526,1773.5433696566583,12,3953.6312422885367,1340,0
9770,1407.5663258854029,-3694.8013530139165,12,3953.833582739668,1327,0
9771,1457.9814563290533,3675.4169930771955,12,3954.035912836402,1333,0
9772,-3557.960700985241,-1725.37406096319,12,3954.2382325803283,1336,0
9773,3789.1967779947004,-1131.1886569598291,12,3954.440541973036,1334,0
9774,-2030.0326642039481,3393.8425688686593,12,3954.642841016114,1332,0
9775,-795.6655054091448,-3873.979401533004,12,3954.84512971115,1332,0
9776,3203.698318040941,2319.2061329217036,12,3955.047408059731,1336,0
9777,-3929.109598878109,453.97991145413494,12,3955.2496760634463,1333,0
9778,2590.6765841835304,-2988.978895235487,12,3955.4519337238817,1339,0
9779,108.74750726120881,3954.159073641888,12,3955.654181042625,1330,0
9780,-2751.323760756303,-2842.361265479424,12,3955.8564180212607,1335,0
9781,3948.92982454326,237.3883755215042,12,3956.0586446613756,1334,0
9782,-3072.328533848519,2492.54837066409,12,3956.2608609645545,1332,0
9783,581.776945056746,-3913.4557089866803,12,3956.4630669323833,1334,0
9784,2214.6303084068777,3278.8126809998857,12,3956.6652625664456,1328,0
9785,-3848.0022311681314,-921.7802498020259,12,3956.8674478683265,1337,0
9786,3460.2274904935025,-1919.694172005802,12,3957.0696228396087,1335,0
9787,-1254.7933848861333,3753.0645559656978,12,3957.271787481876,1331,0
9788,-1609.9953320745387,-3615.1784230793087,12,3957.4739417967116,1330,0
9789,3629.3637635047335,1578.2644493742985,12,3957.6760857856975,1332,0
9790,-3742.4733364369836,1287.9026850108783,12,3957.878219450416,1331,0
9791,1889.7141018019681,-3477.841372669372,12,3958.08034279245,1332,0
9792,955.8805331032304,3841.131657003478,12,3958.2824558133793,1333,0
9793,-3299.6521751966366,-2186.7545638960273,12,3958.484558514786,1338,0
9794,3910.391933239375,-616.4697303651081,12,3958.6866508982503,1325,0
9795,-2467.1079269802494,3096.1554348306254,12,3958.8887329653508,1333,0
9796,-272.2682380828155,-3949.7177122588496,12,3959.0908047176695,1333,0
9797,2868.9045187240026,2728.6236205173104,12,3959.2928661567835,1332,0
9798,-3958.801694390282,-74.08876090631993,12,3959.4949172842744,1335,0
9799,2969.294909072338,-2619.635040030785,12,3959.6969581017183,1331,0
9800,-419.94903715751013,3937.5681335299428,12,3959.8989886106942,1330,0
9801,-2350.251602321698,-3187.2742909552494,12,3960.10100881278,1331,0
9802,3886.173464538344,762.6636240952132,12,3960.3030187095533,1336,0
9803,-3380.88768050796,2062.813246949298,12,3960.50501830259,1331,0
9804,1099.607106789143,-3805.0051525193517,12,3960.707007593468,1335,0
9805,1759.5177147326965,3548.647265021114,12,3960.908986583762,1338,0
9806,-3694.678772429132,-1428.1977344056957,12,3961.1109552750477,1339,0
9807,3689.262937720363,-1442.684642034744,12,3961.3129136689013,1331,0
9808,-1745.9172024261018,3556.0333409956397,12,3961.514861766897,1329,0
9809,-1114.7378198943145,-3801.652218825029,12,3961.71679957061,1328,0
9810,3390.1249364156265,2050.329952835139,12,3961.9187270816146,1335,0
9811,-3884.948588467703,778.1866517505952,12,3962.120644301483,1339,0
9812,2339.1018446360126,-3198.218654254334,12,3962.32255123179,1329,0
9813,435.606951826305,3938.508167253255,12,3962.5244478741074,1333,0
9814,-2981.7789608933435,-2610.0180513501846,12,3962.7263342300084,1338,0
9815,3961.9146930474258,-89.62123082684776,12,3962.9282103010646,1327,0
9816,-2861.000048417267,2742.458518001028,12,3963.1300760888485,1336,0
9817,257.12137994074163,-3954.982755458912,12,3963.3319315949298,1334,0
9818,2482.085563448145,3090.121560023538,12,3963.5337768208815,1334,0
9819,-3917.759262913111,-601.9654125101491,12,3963.735611768272,1334,0
9820,3295.623343236109,-2202.6499448430854,12,3963.9374364386726,1328,0
9821,-942.2693987190123,3850.523130723631,12,3964.1392508336535,1328,0
9822,-1906.2879125257614,-3475.926695797564,12,3964.3410549547825,1337,0
9823,3753.7831921820652,1275.4261037360905,12,3964.5428488036296,1327,0
9824,-3629.645583977441,1595.2657881096368,12,3964.744632381763,1332,0
9825,1598.8825014348135,-3628.2743483101644,12,3964.94640569075,1330,0
9826,1271.9626336194126,3755.597297192015,12,3965.14816873216,1330,0
9827,-3474.951985371474,-1910.1593387366543,12,3965.3499215075585,1333,0
9828,3852.8115476388425,-938.8520535104498,12,3965.5516640185137,1334,0
9829,-2206.870138783881,3294.984702626708,12,3965.7533962665907,1330,0
9830,-598.4832689679646,-3920.5379448189783,12,3965.955118253357,1332,0
9831,3089.7454055819853,2486.739497551968,12,3966.156829980378,1328,0
9832,-3958.2517874305186,253.46160913066447,12,3966.3585314492184,1331,0
9833,2747.6205334123038,-2860.800832698964,12,3966.560222661443,1330,0
9834,-93.57143123867426,3965.658127884443,12,3966.7619036186175,1342,0
9835,-2609.899595374333,-2987.511355972542,12,3966.9635743223057,1340,0
9836,3942.694078018987,439.9584152553652,12,3967.16523477407,1329,0
9837,-3204.5704276873525,2338.958822637051,12,3967.366884975475,1334,0
9838,783.0463136290679,-3889.5293379420505,12,3967.5685249280823,1336,0
9839,2050.049512376481,3397.13070057732,12,3967.770154633456,1336,0
9840,-3806.564943626883,-1120.2068246314432,12,3967.9717740931574,1330,0
9841,3563.7124193638547,-1745.3807011857955,12,3968.1733833087483,1329,0
9842,-1448.85650895358,3694.430242468092,12,3968.3749822817904,1338,0
9843,-1427.2825736901627,-3703.0344927964666,12,3968.576571013844,1335,0
9844,3553.9781196195886,1766.4765849750777,12,3968.77814950647,1332,0
9845,-3814.0243456770627,1098.1886407091674,12,3968.9797177612277,1331,0
9846,2070.632232929691,-3386.278511279396,12,3969.181275779679,1326,0
9847,760.6171223072425,3895.826175954601,12,3969.382823563381,1334,0
9848,-3192.6102543454767,-2358.991259807485,12,3969.5843611138935,1335,0
9849,3947.8075532176094,-417.1516783593153,12,3969.7858884327757,1333,0
9850,-2629.341982174113,2974.4513344105503,12,3969.9874055215837,1337,0
9851,-70.42163392166714,-3969.564307764241,12,3970.188912381878,1340,0
9852,2733.467606555825,2879.6101895760066,12,3970.3904090152137,1332,0
9853,-3960.9236724211187,-276.9181490151899,12,3970.5918954231497,1336,0
9854,3107.875058563893,-2471.5000749254455,12,3970.793371607241,1333,0
9855,-622.20759958792,3921.94565273603,12,3970.9948375690446,1335,0
9856,-2190.550828371757,-3312.3838950701065,12,3971.1962933101154,1331,0
9857,3852.92261465883,962.8018100577947,12,3971.39773883201,1334,0
9858,-3491.565592198685,1892.7677394160771,12,3971.5991741362823,1334,0
9859,1296.0912958949216,-3754.3770925022204,12,3971.8005992244885,1335,0
9860,1580.4280436248876,3644.0426999314936,12,3972.00201409818,1337,0
9861,-3627.057833653469,-1619.5219885302577,12,3972.203418758913,1330,0
9862,3768.6420141273725,-1255.9209248013913,12,3972.404813208241,1329,0
9863,-1930.6148078809285,3471.9341099149456,12,3972.6061974477157,1338,0
9864,-921.7292393752195,-3864.4036033107077,12,3972.8075714788906,1336,0
9865,3290.1883387391103,2226.9846644342156,12,3973.0089353033177,1329,0
9866,-3930.588203923376,580.4105195276976,12,3973.2102889225484,1334,0
9867,2506.3587453967225,-3083.207070466298,12,3973.411632338135,1337,0
9868,234.57740060991273,3966.6829269709847,12,3973.612965551628,1338,0
9869,-2852.5704103804555,-2766.5939445140625,12,3973.8142885645775,1331,0
9870,3972.405232060787,113.12237752133849,12,3974.0156013785345,1334,0
9871,-3005.6933021397044,2600.0399561300046,12,3974.2169039950495,1334,0
9872,460.0262419391994,-3947.7051380171874,12,3974.418196415672,1334,0
9873,2327.5453427218117,3221.821329244377,12,3974.619478641949,1329,0
9874,-3892.7656528161206,-803.477175939108,12,3974.8207506754316,1334,0
9875,3413.3180979012714,-2037.1694977442717,12,3975.022012517667,1334,0
9876,-1140.8440698225504,3808.001419163433,12,3975.2232641702026,1336,0
9877,-1731.132719666306,-3578.711989934471,12,3975.4245056345876,1336,0
9878,3694.0555857168897,1469.541877468569,12,3975.625736912367,1334,0
9879,-3716.731005997065,1411.775700690462,12,3975.826958005089,1328,0
9880,1787.0514240522673,-3551.7949276095264,12,3976.0281689142994,1338,0
9881,1081.5416241550136,3826.312548031085,12,3976.2293696415454,1331,0
9882,-3382.3032532206294,-2090.9387134139415,12,3976.4305601883707,1334,0
9883,3906.6115999575472,-742.9574732628602,12,3976.631740556322,1332,0
9884,-2378.873586881257,3186.8731474030624,12,3976.832910746942,1340,0
9885,-398.6146943504249,-3957.0072435425136,12,3977.0340707617784,1326,0
9886,2966.9961139985917,2648.647590661554,12,3977.235220602372,1333,0
9887,-3977.1074592883565,51.14936239010213,12,3977.4363602702683,1340,0
9888,2898.1909146073876,-2724.3511929424953,12,3977.6374897670103,1331,0
9889,-296.77799924421265,3966.752175163531,12,3977.83860909414,1328,0
9890,-2460.792138666959,-3125.588272673624,12,3978.039718253199,1330,0
9891,3926.014539490736,642.5027904276736,12,3978.2408172457335,1336,0
9892,-3329.0936030357584,2178.3332578433437,12,3978.441906073281,1332,0
9893,983.3767411346455,-3855.200407890023,12,3978.6429847373834,1334,0
9894,1879.1340145412235,3507.14347516525,12,3978.844053239584,1333,0
9895,-3754.846047836175,-1316.7881974900363,12,3979.0451115814208,1332,0
9896,3658.369100780292,-1565.482520648506,12,3979.2461597644347,1331,0
9897,-1640.1821313979272,3625.7140780600657,12,3979.4471977901653,1332,0
9898,-1239.7780375380553,-3781.6068565674946,12,3979.648225660152,1335,0
9899,3468.787673502234,1951.0797206057364,12,3979.8492433759347,1338,0
9900,-3875.907237648461,904.5126229878034,12,3980.050250939051,1327,0
9901,2247.0973489401313,-3285.263079935339,12,3980.251248351038,1332,0
9902,562.2520635932456,3940.5421729738077,12,3980.452235613436,1337,0
9903,-3076.540495136312,-2525.964881344635,12,3980.6532127277806,1334,0
9904,3975.0106462211666,-215.6162387863731,12,3980.8541796956088,1333,0
9905,-2785.543073392324,2844.213386206465,12,3981.0551365184583,1333,0
9906,132.74093354186678,-3979.042578882819,12,3981.2560831978644,1332,0
9907,2590.0563244517543,3023.8399819050396,12,3981.4570197353632,1335,0
9908,-3952.6009453918523,-480.1518160826193,12,3981.6579461324905,1331,0
9909,3239.026250616565,-2316.0114308476104,12,3981.8588623907804,1331,0
9910,-823.9554804143805,3895.8821037468665,12,3982.059768511769,1328,0
9911,-2024.1735354277257,-3429.44915379628,12,3982.2606644969887,1330,0
9912,3809.314338758072,1161.518087905717,12,3982.461550347976,1342,0
9913,-3593.645289853557,1716.7741641559444,12,3982.6624260662616,1338,0
9914,1490.2530673986519,-3693.5546286888616,12,3982.863291653381,1334,0
9915,1396.1644755540096,3730.3518275359766,12,3983.064147110865,1330,0
9916,-3549.4836597184835,-1807.6409348627512,12,3983.2649924402467,1337,0
9917,3838.5162181850023,-1064.7972777626294,12,3983.4658276430587,1336,0
9918,-2111.2486033152127,3378.199126013676,12,3983.666652720832,1337,0
9919,-725.2082633247842,-3917.3042994903335,12,3983.8674676750984,1334,0
9920,3181.007366470984,2398.748034800098,12,3984.0682725073875,1332,0
9921,-3966.1067282461413,379.99660545942675,12,3984.2690672192307,1338,0
9922,2667.9340917034506,-2959.413401727864,12,3984.469851812158,1332,0
9923,31.805064146605343,3984.543692556857,12,3984.6706262876987,1334,0
9924,-2715.1094475234518,-2916.7414503121286,12,3984.871390647382,1341,0
9925,3972.46786702075,316.7002454808221,12,3985.072144892737,1337,0
9926,-3143.2604470279143,2449.961991980666,12,3985.272889025292,1334,0
9927,662.850267841447,-3929.9655879438083,12,3985.473623046576,1333,0
9928,2165.997535654326,3345.751735490753,12,3985.6743469581156,1334,0
9929,-3857.356239194617,-1003.9934481590808,12,3985.8750607614384,1336,0
9930,3522.659642320153,-1865.3871030884854,12,3986.0757644580717,1331,0
9931,-1337.5160438835646,3755.1898530372678,12,3986.276458049542,1330,0
9932,-1550.4296444237266,-3672.624118759244,12,3986.4771415373743,1336,0
9933,3624.242944003638,1660.862150462777,12,3986.677814923097,1332,0
9934,-3794.4911965006145,1223.5344538178474,12,3986.878478208234,1336,0
9935,1971.5532883157962,-3465.5126072965268,12,3987.079131394309,1332,0
9936,887.2027393452641,3887.3218672111857,12,3987.279774482849,1331,0
9937,-3280.2089266246376,-2267.20740067865,12,3987.480407475377,1330,0
9938,3950.3993175554115,-544.0084850971886,12,3987.6810303734173,1334,0
9939,-2545.5571168588244,3069.7457492126914,12,3987.8816431784935,1333,0
9940,-196.5787521252174,-3983.2344638764225,12,3988.082245892128,1330,0
9941,2835.729898432193,2804.467140677127,12,3988.2828385158437,1327,0
9942,-3985.569743848317,-152.42643117536306,12,3988.483421051164,1335,0
9943,3041.950630989572,-2579.948906203792,12,3988.68399349961,1331,0
9944,-500.33443507761973,3957.3811356850074,12,3988.884555862704,1332,0
9945,-2304.3573589547586,-3256.18444843517,12,3989.0851081419664,1337,0
9946,3898.878389110973,844.4804952889243,12,3989.2856503389175,1332,0
9947,-3445.523151534188,2011.061961313454,12,3989.486182455079,1333,0
9948,1182.228123507684,-3810.503465946134,12,3989.6867044919704,1332,0
9949,1702.3054318598295,3608.511634546925,12,3989.8872164511117,1335,0
9950,-3692.9272018742204,-1510.9893056065773,12,3990.0877183340226,1335,0
9951,3743.896310205196,-1380.449353809083,12,3990.2882101422197,1334,0
9952,-1828.2443324793799,3547.044214660571,12,3990.488691877224,1336,0
9953,-1047.95611194752,-3850.6347512367147,12,3990.6891635405527,1329,0
9954,3373.9660973906584,2131.561111875156,12,3990.8896251337246,1338,0
9955,-3927.90371660827,707.3700538296349,12,3991.0900766582554,1329,0
9956,2418.6138129849655,-3175.0129485780567,12,3991.2905181156634,1333,0
9957,361.29801958464924,3975.105500618092,12,3991.4909495074644,1325,0
9958,-2951.7033036064536,-2687.200701004439,12,3991.6913708351753,1326,0
9959,3991.8725559615464,-12.38938904995272,12,3991.8917821003115,1336,0
9960,-2935.2610247249017,2705.742544428593,12,3992.092183304388,1332,0
9961,336.68420082738294,-3978.0703549476375,12,3992.292574448921,1335,0
9962,2439.0098758200857,3160.890827860413,12,3992.4929555354256,1341,0
9963,-3933.7984666214534,-683.2493132134847,12,3992.6933265654147,1335,0
9964,3362.3575626085153,-2153.5439677817876,12,3992.8936875404033,1335,0
9965,-1024.651186358845,3859.3898411916634,12,3993.0940384619043,1335,0
9966,-1851.52737366633,-3538.1133934011023,12,3993.294379331431,1338,0
9967,3755.4083068718423,1358.2740697951804,12,3993.4947101504968,1334,0
9968,-3686.8070885551,1535.2698433108978,12,3993.695030920614,1328,0
9969,1681.5612657460622,-3622.6442979600547,12,3993.895341643293,1330,0
9970,1207.1906585204592,3807.2944086294324,12,3994.0956423200482,1332,0
9971,-3462.108846483452,-1992.034722363298,12,3994.2959329523896,1336,0
9972,3898.6469114919355,-869.8001261866958,12,3994.4962135418277,1327,0
9973,-2287.3140284215037,3275.0258831627866,12,3994.6964840898736,1328,0
9974,-525.6803704617819,-3960.1591064136755,12,3994.8967445980375,1332,0
9975,3062.8229062133437,2565.1346641404325,12,3995.0969950678295,1341,0
9976,-3991.353902004394,177.46557118015613,12,3995.2972355007582,1335,0
9977,2823.3653679914796,-2827.1200892120487,12,3995.4974658983338,1325,0
9978,-172.17820051085707,3991.986305997159,12,3995.6976862620627,1339,0
9979,-2569.7179110481566,-3060.0244864442343,12,3995.8978965934552,1330,0
9980,3962.0453481374966,520.5733947312526,12,3996.0980968940185,1326,0
9981,-3273.2951810555674,2292.5834025566883,12,3996.298287165261,1331,0
9982,865.051487540936,-3901.7542111085386,12,3996.498467408689,1334,0
9983,1997.8351146971445,3461.539376416661,12,3996.698637625809,1339,0
9984,-3811.5685681479367,-1202.973420448968,12,3996.8987978181285,1336,0
9985,3623.3103417104658,-1687.7269233066083,12,3997.0989479871528,1330,0
9986,-1531.7498184913152,3692.173139704017,12,3997.2990881343862,1337,0
9987,-1364.630794096689,-3757.3638093486556,12,3997.499218261337,1334,0
9988,3544.476495169075,1848.8608317539622,12,3997.699338369508,1332,0
9989,-3862.6675451294195,1031.0186398915705,12,3997.8994484604036,1333,0
9990,2151.875448466355,-3369.6041391071035,12,3998.099548535529,1333,0
9991,689.443408621443,3938.409296442974,12,3998.299638596387,1342,0
9992,-3168.889934680151,-2438.470131431351,12,3998.499718644482,1333,0
9993,3984.0030572207265,-342.51954696907626,12,3998.6997886813156,1330,0
9994,-2706.4466351846295,2943.8659295045686,12,3998.899848708392,1328,0
9995,7.0970109911553365,-3999.093601359562,12,3999.099898727212,1332,0
9996,2696.250661640344,2953.7488670508205,12,3999.299938739279,1336,0
9997,-3983.5592495212645,-356.72917676239774,12,3999.4999687460927,1335,0
9998,3178.4786629074056,-2427.9360348745495,12,3999.699988749156,1329,0
9999,-703.6992066267289,3937.512847800361,12,3999.8999987499683,1335,0
