id,x,y,final_sf,dist_closest_gw,packets_sent,packets_success
0,40.0,0.0,9,40.0,1334,179
1,-51.08641443006844,46.79934038722444,7,69.2820323027551,1329,176
2,7.819594537972234,-89.10024658361904,8,89.44271909999159,1337,168
3,64.39111656549888,83.98680912767394,8,105.83005244258362,1336,137
4,-118.16561823785145,-20.901834045517397,8,120.00000000000001,1339,156
5,111.93678911073702,-71.2050226007856,8,132.664991614216,1330,156
6,-37.440665306140176,139.27740872601555,7,144.22205101855957,1329,167
7,-71.40340923459557,-137.4829194833921,8,154.91933384829667,1343,158
8,154.91683684545777,56.5753803504476,8,164.9242250247064,1330,172
9,-161.16515472462373,66.52663303210294,9,174.35595774162695,1334,164
10,77.69225421243715,-166.02383454007452,7,183.3030277982336,1330,180
11,57.412599660942895,183.0404146634625,8,191.8332609325088,1336,150
12,-173.042241950646,-100.2815162464853,8,200.00000000000003,1335,156
13,202.99824749347684,-44.62859525659666,12,207.84609690826528,1332,172
14,-123.88667045402727,176.21604037037957,9,215.40659228538016,1335,170
15,-28.620689556221528,-220.86388597805296,12,222.71057451320084,1331,166
16,175.7029622803845,148.08264262194197,10,229.78250586152114,1334,159
17,-236.44111081904964,9.777582249916636,10,236.64319132398464,1331,166
18,172.46564006792187,-171.62634703320472,8,243.3105012119288,1328,146
19,-11.538619497627867,249.53328487416053,7,249.7999199359359,1337,186
20,-164.10161021047594,-196.64857366970404,9,256.12496949731394,1333,155
21,259.95506989255176,34.97658698556117,7,262.29754097208,1333,162
22,-220.25940496237794,153.25075701483246,7,268.3281572999748,1334,169
23,60.18753835105114,-267.53964234714965,7,274.22618401604177,1330,171
24,139.21064499028265,242.94113756502722,8,280.0,1330,138
25,-272.14349130959545,-86.82119636254816,10,285.657137141714,1343,166
26,264.3527683603563,-122.13768403001508,7,291.20439557122074,1332,183
27,-114.52422455084661,273.64977981176463,7,296.6479394838265,1329,160
28,-102.2103469709875,-284.17080246230495,7,301.99337741082996,1337,187
29,271.9707633267173,142.940210911705,7,307.2458299147443,1334,133
30,-302.09108679360577,79.63024098832156,9,312.4099870362662,1334,165
31,171.71065864006465,-267.0495266975682,7,317.49015732775086,1340,169
32,54.622174365859685,317.8308010051034,9,322.490309931942,1334,167
33,-258.86118386097104,-200.47665073543246,7,327.41411087489803,1332,134
34,331.1304938020008,-27.43348454795893,7,332.264954516723,1334,147
35,-228.88097124327695,247.41362331677337,7,337.04599092705433,1331,174
36,1.6672007342068702,-341.7560832548732,7,341.7601498127012,1332,155
37,232.74784919661138,256.5705335660185,11,346.41016151377545,1329,183
38,-349.50075950047204,-32.391651834897125,10,350.99857549568486,1333,139
39,283.1990073269377,-214.93794976466378,8,355.52777669262366,1333,156
40,-64.43408992312335,354.18674178430064,7,360.0,1331,175
41,-194.09071551543983,-308.4295610843821,10,364.41734316577197,1333,130
42,355.6668515462159,97.47353851790763,7,368.7817782917155,1333,179
43,-331.9376550201735,170.34492413837367,7,373.0951621235526,1330,170
44,131.1764203644309,-353.8258706487898,9,377.35924528226417,1327,135
45,143.8703075199319,353.4138291212162,12,381.57568056677826,1330,190
46,-348.58165976280645,-165.19935374270386,7,385.74603043971814,1330,141
47,372.5664404271949,-114.86621551792078,7,389.8717737923585,1331,148
48,-199.19210708633437,339.88601688581764,7,393.95431207184424,1327,181
49,-83.55999179874235,-389.124308891894,7,397.994974842648,1336,148
50,327.72526030848746,232.80067387302412,7,401.9950248448356,1328,179
51,-402.8392360809614,50.20507816653018,11,405.9556626036887,1334,159
52,265.670431797603,-312.12052426662876,7,409.87803063838396,1333,152
53,15.078865273785164,413.48836479646565,9,413.763217311544,1333,164
54,-293.1277591540274,-297.4493516774554,7,417.6122603564221,1328,157
55,420.8763510921084,21.51969078291591,7,421.42615011410953,1334,175
56,-327.7912226444969,270.8374316028453,7,425.205832509386,1334,178
57,59.27266482488935,-424.83732322449765,7,428.9522117905443,1334,161
58,245.37392301199566,356.3588611297652,7,432.66615305567876,1334,179
59,-425.2366050057536,-97.8459491403744,7,436.3484845854286,1331,153
60,382.82727206685263,-216.89462824572672,8,440.0,1332,140
61,-136.89220593360514,421.97218386361845,10,443.6214602563767,1331,158
62,-185.58875924676934,-406.88673170950744,7,447.21359549995793,1328,157
63,414.97590672841204,176.053960009232,7,450.77710678338576,1332,150
64,-428.2457625308002,151.67586121203814,7,454.3126676640219,1340,168
65,214.96680482103315,-404.2143896808176,7,457.8209256903839,1325,145
66,115.40405176077945,446.6339718798776,8,461.3025037868318,1330,143
67,-389.6896301252749,-253.2626940013599,8,464.7580015448901,1333,167
68,461.8047274394067,-77.04799617521095,11,468.187996428785,1331,146
69,-290.5732896890255,371.43931310416997,7,471.59304490206375,1335,188
70,-36.90663430137405,-473.5376440627974,7,474.9736834815167,1335,169
71,349.53680623444853,326.53333840118313,9,478.33042972405593,1332,182
72,-481.64085827907957,-4.699322950340979,7,481.66378315169186,1332,145
73,360.78404485969475,-324.09084062138777,11,484.9742261192856,1338,143
74,-47.43010738366346,485.9530686327376,7,488.26222462934817,1327,189
75,-295.2448779713105,-392.9764140908535,11,491.52822909778024,1332,141
76,486.3453220692891,90.9297954540724,7,494.77267507411926,1335,147
77,-422.77453227372774,263.176166969448,8,497.99598391954936,1335,160
78,134.8293744453916,-482.72252877472414,7,501.1985634456667,1330,164
79,228.09449479438612,449.85875721663325,11,504.3808085167397,1336,182
80,-475.02469021491777,-178.74994737403802,7,507.54310161798077,1331,176
81,473.9287899931319,-190.24064238654637,8,510.6858133921481,1328,153
82,-222.3060497412018,463.2278275842918,7,513.8093031466052,1336,173
83,-149.88455475611377,-494.70660016373495,7,516.9139193328034,1337,167
84,447.34460044374924,265.1090501167818,10,520.0,1328,168
85,-511.9391781413731,107.32324018559777,8,523.0678732248808,1332,148
86,306.77060564386596,-427.4246079870643,7,526.1178575186361,1331,157
87,62.8784146340624,525.4010896192613,7,529.1502622129182,1335,150
88,-403.55436810228014,-346.90614290549746,7,532.1653878260029,1333,170
89,534.8968085585169,-16.89390996523276,7,535.1635264103861,1336,150
90,-385.1383342028361,375.8569721682233,8,538.1449618829486,1337,153
91,30.267133219558552,-540.262807017723,8,541.1099703387473,1332,167
92,344.4914163246719,421.10053915736273,9,544.0588203494177,1334,156
93,-541.3693820829222,-78.22526537605907,8,546.9917732470936,1337,155
94,454.44018167251704,-309.65161275447883,7,549.9090833947008,1334,166
95,-126.58789587572748,538.122202308877,11,552.8109984434101,1332,158
96,-271.5650872947105,-484.8220326703566,8,555.6977595779922,1326,168
97,530.4635583930917,174.95260277269082,7,558.5696017507577,1330,160
98,-511.93136965429267,230.4913724282971,8,561.426753904728,1335,186
99,222.91055694988918,-518.3733052543217,11,564.2694391866354,1330,161
100,186.72010737560402,535.4769850345043,7,567.0978751503128,1340,129
101,-501.8694852571547,-270.05003197133425,11,569.9122739510003,1334,143
102,555.1940162821189,-140.5688595832314,7,572.7128425310541,1331,163
103,-315.9599700643989,481.0086249922179,9,575.4997827975263,1327,157
104,-92.38068437519276,-570.8465723417903,8,578.2732917920382,1332,160
105,455.88570076613894,360.2335740002122,8,581.0335618533579,1334,140
106,-582.230132320174,42.521441866811955,7,583.7807807730569,1330,191
107,402.47189423963636,-426.633770753276,9,586.5151319446071,1331,154
108,-8.6231075746229,589.173694266603,10,589.2367945062496,1332,174
109,-393.42327458950416,-442.2873805697736,7,591.9459434779498,1336,157
110,591.5416538579107,60.65040602541499,9,594.6427498927401,1339,150
111,-479.3073675740413,356.4610040232214,7,597.3273809227233,1330,147
112,113.14437373522634,-589.2353949756102,7,600.0,1333,166
113,315.98875105652223,513.1774636572998,8,602.6607669327745,1331,182
114,-582.1945765029172,-165.67883114806472,10,605.3098380168624,1334,135
115,543.5648139840372,-272.2816427864702,8,607.9473661428265,1331,149
116,-217.82103906875327,570.3981021523551,10,610.5735008989499,1335,150
117,-225.64617486919923,-570.1612085778011,7,613.1883886702357,1340,148
118,553.8647627414946,269.13532765749636,7,615.7921727336261,1330,153
119,-592.6860079675006,176.417958154911,8,618.3849933496123,1329,167
120,319.18678400411,-532.6535430438004,11,620.966987850401,1333,155
121,124.95919555854371,610.8888601418114,7,623.5382907247958,1333,146
122,-506.8635881303431,-367.5449673545184,7,626.0990336999412,1335,147
123,624.5521841772626,-71.65590861478698,7,628.6493458200684,1332,157
124,-413.78762063777157,476.63382696461207,8,631.1893535223801,1328,177
125,-16.91493540072994,-633.4933977243877,8,633.7191807101946,1337,155
126,442.142253891937,457.5043467808343,7,636.2389488234746,1330,153
127,-637.56686755705,-38.83927642852121,9,638.7487769068525,1337,135
128,498.3002184003891,-403.6048715540046,7,641.2487816752559,1331,158
129,-95.16805587174169,636.6655645954107,7,643.7390775772433,1337,128
130,-361.2743016331889,-535.7992898273118,7,646.2197768561405,1333,155
131,630.7224071859015,151.62204679274694,9,648.6909896090742,1332,168
132,-569.6479810480934,315.4380726669358,7,651.1528238439882,1335,208
133,207.74486937377375,-619.711278942762,7,653.6053855347277,1335,186
134,266.41659694540493,599.5183040341884,7,656.0487786742689,1325,160
135,-603.6477101048251,-263.07687485828365,7,658.4831053261731,1332,153
136,625.1109030688107,-214.5608511926068,8,660.9084656743322,1337,180
137,-317.1589626587955,582.5892141167708,9,663.3249580710799,1335,165
138,-160.249778309602,-646.1578820626761,10,665.7326790837293,1327,135
139,556.6352739835355,369.5364281870926,12,668.1317235396025,1334,144
140,-662.4253934651985,103.88742990601396,7,670.5221845696084,1336,157
141,419.76280930629844,-525.9269758467273,8,672.9041536504288,1333,144
142,45.89987164224103,673.7159652132535,10,675.2777206453653,1333,160
143,-490.6462901687056,-467.4036991121126,8,677.6429738438966,1335,155
144,679.8705442016353,13.26812447077851,12,679.9999999999999,1328,140
145,-512.0404928256595,451.01500386002203,8,682.3488843692792,1338,180
146,73.15657473164451,-680.7702369915515,11,684.6897107449475,1331,185
147,407.2933096228412,553.274036926072,7,687.0225614927067,1326,172
148,-676.3377308786202,-133.29393755891223,8,689.3475175845634,1338,158
149,590.7281492616237,-359.7780616851682,7,691.6646586316232,1337,195
150,-193.2008971347837,666.5383810001603,7,693.9740629158989,1334,136
151,-308.8007099411822,-624.0529797539805,7,696.2758074211685,1334,161
152,651.3809518531642,252.39424629508872,8,698.5699678629194,1339,177
153,-652.9281824423247,254.7249272697168,11,700.8566187174093,1334,167
154,310.3908370547269,-630.9180043971372,8,703.1358332498779,1334,140
155,197.94394745196414,677.0658709956765,8,705.407683541936,1338,174
156,-605.2459228074822,-366.7115663909708,7,707.6722405181654,1335,188
157,696.2133314421201,-138.87763362854596,8,709.9295739719539,1337,172
158,-420.8853644045336,574.5045779017455,7,712.179752590594,1330,149
159,-77.96929960375427,-710.1554677106274,7,714.42284397967,1331,153
160,538.8766272586985,472.45315174553525,8,716.6589146867567,1333,125
161,-718.7169576405503,15.682308500710771,8,718.8880302244571,1337,155
162,520.9717332316485,-498.5864550643269,7,721.1102550927978,1332,169
163,-47.50352472351013,721.764099369623,8,723.325652801005,1336,175
164,-453.89875772455326,-566.0175948997587,7,725.5342858886821,1333,166
165,719.2063304458177,111.09569859657542,9,727.73621594641,1330,144
166,-607.190572319123,405.11678425705327,8,729.9315036357864,1333,158
167,174.5929284039068,-710.9974046023997,10,732.1202087089251,1330,147
168,352.5802433892523,644.1173588497485,11,734.3023900274328,1335,141
169,-697.1362138683359,-237.4891562015456,8,736.478105580879,1334,160
170,676.4548236489279,-296.6628921218456,10,738.6474125047754,1334,145
171,-299.2776352684285,677.6672465363347,9,740.8103670980854,1328,152
172,-237.76982324457825,-703.8931106029112,8,742.9670248402684,1335,136
173,652.6806744545643,359.4550558742149,7,745.1174404078862,1334,157
174,-726.1584909812273,176.33447188756617,11,747.2616676907762,1330,135
175,417.52567868086544,-622.3120661228439,7,749.3997598078079,1333,133
176,112.81536363964538,743.015944463411,8,751.5317691222374,1331,180
177,-586.7417251343662,-473.00544181472986,7,753.6577472566709,1332,167
178,754.2714452604398,-47.69262903979407,9,755.7777451076474,1335,187
179,-525.4260076411916,546.1936565854993,9,757.8918128598567,1333,129
180,18.535688668003747,-759.7739323282965,8,760.0,1337,153
181,500.9341671534826,574.3387155488012,7,762.102355330306,1333,192
182,-759.4169451318226,-85.35750375128347,7,764.198926981712,1334,144
183,619.3184076030743,-451.27010758966986,7,766.2897624267206,1333,160
184,-152.25070576267768,753.1399090439749,8,768.3749084919419,1330,164
185,-397.5467693692183,-659.9670947585929,8,770.4544113703289,1336,137
186,740.9290572380248,218.68729304733674,7,772.5283166331186,1334,138
187,-695.9174324163068,340.1454501519828,7,774.5966692414834,1335,199
188,284.1375890051406,-722.8179788261674,10,776.659513557904,1334,164
189,279.4807055195983,726.8359754733304,8,778.7168933572716,1336,168
190,-698.8877859943118,-348.0745072365528,7,780.7688518377254,1335,167
191,752.426184625216,-215.99730713678002,7,782.8154316312372,1330,147
192,-409.97783108119114,669.2668959555391,10,784.8566748139434,1335,172
193,-150.16693001822347,-772.4311575337325,7,786.89262291624,1340,182
194,634.1304266688437,469.3384727174944,7,788.9233169326408,1327,163
195,-786.636060552685,82.48459394427961,11,790.9487973314076,1331,135
196,525.6626769330501,-593.6992084208803,7,792.9691040639603,1325,180
197,13.464886240237059,794.8702389941,11,794.9842765740717,1336,128
198,-548.2384165190363,-578.4761349033334,9,796.994353806851,1329,151
199,797.0089864003344,56.362004906778054,11,798.9993742175272,1331,180
200,-627.3279738264847,498.0558334712658,10,800.9993757800314,1335,134
201,126.45441568415536,-792.9749559437415,10,802.9943959953891,1329,142
202,443.49975210341967,671.7945890554681,7,804.9844718999243,1334,142
203,-782.7391998850137,-196.2634580439478,8,806.9696400732805,1337,143
204,711.4832864381818,-384.9565340647229,8,808.9499366462674,1336,149
205,-265.2373636115618,766.3218259611218,9,810.9253973085316,1332,155
206,-322.84784107101035,-746.0357039148915,12,812.896057316063,1330,160
207,743.7922626210216,332.82588550937777,9,814.8619514985346,1332,134
208,-775.1309830208443,257.6275590093955,8,816.8231142664854,1333,163
209,398.48472279959554,-715.2691281575974,7,818.7795796183489,1338,160
210,189.77843765399533,798.4886627884009,8,820.7313811473276,1337,152
211,-680.9197019726399,-461.6799318418455,7,822.6785520481252,1338,171
212,815.8712706237349,-119.80847119804328,8,824.6211251235321,1340,167
213,-521.8922887404185,640.9589994323255,7,826.5591327908732,1339,166
214,-48.247047072385044,-827.0865870323344,8,828.4926070883192,1336,175
215,595.6484549977108,578.6215672257993,7,830.4215796810678,1336,179
216,-831.989563567619,-24.359107425409473,7,832.3460818673923,1336,176
217,631.3906967755985,-545.2942215219452,8,834.2661445845685,1333,169
218,-97.45014934100692,830.4838760586597,7,836.1817984146747,1334,151
219,-490.24509676711324,-679.7497665286866,12,838.0930735902786,1333,183
220,822.5230980153842,170.45748218008674,8,839.9999999999999,1337,169
221,-723.2798415787356,430.8900912829615,7,841.9026071939674,1327,144
222,242.80822167592535,-808.1114820905434,8,843.8009243891594,1337,140
223,367.65565478181463,761.5965595424885,8,845.6949804746391,1333,148
224,-787.3043405735853,-313.92972989825665,7,847.5848040166838,1332,167
225,794.3534768746956,-301.00258101398805,8,849.4704232638121,1332,156
226,-383.2541816204756,760.2080190779492,8,851.3518661517106,1334,154
227,-231.42261387211505,-821.2451362343633,9,853.2291603080616,1329,169
228,726.9794608347876,450.2231263766461,7,855.102333057278,1335,161
229,-842.0098282821508,159.4347800081995,8,856.971411425142,1338,166
230,514.2920094473355,-687.8253622967255,12,858.8364221433555,1333,156
231,85.58147561247327,856.4320235908928,11,860.6973916540005,1336,152
232,-643.0009240586512,-574.9346151169893,8,862.554346113913,1334,171
233,864.3444528628796,-10.42433715729753,11,864.4073113989722,1335,158
234,-631.6473959466838,592.8082043914145,12,866.2563131083085,1332,166
235,65.46007216257223,-865.629816349039,7,868.1013765684282,1337,150
236,537.5940859343647,683.9536525002223,10,869.9425268372618,1337,160
237,-860.2221062367,-141.4847268849029,9,871.7797887081347,1335,170
238,731.4075289508321,-477.74786927210636,9,873.6131867136622,1332,176
239,-217.05671979803915,848.1075287901384,9,875.4427451295714,1334,178
240,-413.6985102115365,-773.5977912641397,9,877.2684879784525,1333,161
241,829.3250161697671,291.58192254496066,8,879.0904390334364,1331,169
242,-810.1513562013934,345.91152054397236,7,880.9086218218096,1324,146
243,364.4696894721253,-803.9663210956617,7,882.7230596285565,1339,154
244,274.88555490455883,840.7365411975459,7,884.5337754998393,1329,167
245,-772.1756908339961,-435.1375673106619,7,886.3407922464136,1334,182
246,865.0660072312652,-201.1487090014662,8,888.1441324469806,1327,180
247,-503.01597300431695,734.1491203444438,7,889.9438184514797,1329,153
248,-125.25455695893264,-882.8993691021767,7,891.7398723843182,1331,156
249,690.133187805827,567.5528020272361,8,893.532316147547,1332,170
250,-894.04545004735,47.777957780039955,8,895.3211714239756,1328,166
251,628.2179298664577,-640.423479109177,8,897.1064596802322,1332,165
252,-30.68933703200392,898.3641603450886,7,898.8882021697693,1338,166
253,-585.3626112446811,-684.5075699777237,8,900.6664199358162,1332,143
254,895.7679824485483,109.54324086887922,7,902.4411338142783,1340,152
255,-735.9484524553094,525.3378677847575,7,904.2123644365853,1338,141
256,188.17201907889245,-886.223048242243,8,905.98013223249,1334,168
257,460.7784628530147,782.1017888809697,11,907.7444574328174,1337,165
258,-869.7497971972904,-265.9610690970999,7,909.5053600721659,1331,153
259,822.566990325448,-392.1524530420972,8,911.2628599915614,1338,166
260,-342.29775608371807,846.423207491413,9,913.0169768410663,1325,156
261,-319.9633196770943,-856.9851072575377,11,914.7677300823417,1334,154
262,816.3725955313171,416.5762658451158,9,916.515138991168,1333,179
263,-885.0419621574907,244.7462465910738,7,918.2592226599196,1334,153
264,488.2024364490349,-779.7809827414529,10,920.0000000000001,1340,149
265,167.0641211623253,906.4709479184978,7,921.737489744233,1332,195
266,-736.8840319370835,-556.5985298903935,8,923.4717104492156,1336,147
267,921.055467634895,-87.50328873742379,8,925.2026804976302,1333,152
268,-621.2079054180556,687.968559053473,7,926.9304181005173,1338,150
269,-6.669092710175201,-928.6309940996064,7,928.654941299512,1332,142
270,633.3706294291476,681.4995566957658,11,930.3762679690406,1333,175
271,-929.0867302453074,-74.81876557444284,9,932.0944158184835,1332,164
272,736.9724758390597,-573.473251211987,11,933.8094023943003,1332,199
273,-156.3310112865126,922.366854841465,10,935.52124508212,1336,167
274,-508.7036817450759,-787.1598085389043,7,937.2299611087984,1333,171
275,908.4713409789265,237.23368778474767,7,938.9355675444402,1329,164
276,-831.6327659441893,439.53036596806055,7,940.6380813043877,1333,152
277,316.8931172665242,-887.4563382100016,7,942.3375191511795,1330,159
278,366.45952891320184,870.0042607187129,7,944.0338976964757,1338,179
279,-859.4341126388741,-394.6808913953533,7,945.7272334029509,1332,134
280,901.9322367013983,-290.03144725841827,7,947.4175425861608,1335,167
281,-469.97885244615185,824.5725427476943,7,949.1048414163738,1334,162
282,-210.8164275985833,-927.1226638663145,8,950.789145920377,1336,184
283,783.0941722703143,542.1840253606439,7,952.4704719832527,1331,151
284,-945.3321727849811,129.41052158780107,7,954.1488353501251,1335,164
285,610.713461273299,-735.2748249597471,12,955.8242516278816,1342,149
286,46.43101037216734,956.3703055175957,8,957.4967362868657,1334,142
287,-681.4417896110053,-675.0089535493216,7,959.1663046625439,1332,167
288,960.1013627837834,37.48830725335231,10,960.8329719571451,1335,176
289,-734.5415881756414,621.971587164885,8,962.496753241277,1332,160
290,121.7019867729759,-956.4458303612968,7,964.157663455516,1330,158
291,557.2873351099037,788.816091447241,7,965.8157174119709,1335,167
292,-945.381370912577,-205.5579323000119,7,967.4709297958259,1335,161
293,837.3749392987427,-487.8557276843505,8,969.1233151668574,1331,144
294,-288.4024745029991,926.9433708164414,7,970.7728879609276,1338,184
295,-414.18365353626973,-879.8021943274222,10,972.4196624914574,1333,159
296,901.2250350601919,369.5854923840433,10,974.0636529508735,1326,154
297,-915.7270385299039,336.8144754983844,8,975.7048734120374,1330,168
298,448.46553861856034,-868.3770267985932,9,977.3433378296494,1333,151
299,256.3239999533163,944.8269720154756,8,978.9790600416333,1333,143
300,-828.6066517824906,-524.4149279166357,7,980.612053770501,1336,182
301,966.8306504477139,-173.3161658785769,8,982.242332624694,1341,149
302,-596.8247479384662,782.1765914729143,9,983.8699100999074,1331,151
303,-88.41848604890747,-981.5203366842783,9,985.4947995803934,1327,144
304,729.4031922576057,665.1097526907979,8,987.1170143402453,1337,164
305,-988.7339450117527,2.2772750155301176,12,988.736567544662,1331,186
306,728.7130990463016,-670.6543217473029,9,990.3534722511957,1333,154
307,-84.4472996404624,988.3666594859592,7,991.9677414109796,1329,175
308,-606.3468066202612,-787.1108880592438,7,993.5793878699377,1331,163
309,980.372111164335,171.08630468621533,9,995.1884243699782,1329,176
310,-839.8164740918962,536.9434698772817,9,996.7948635501689,1332,166
311,256.96722784975526,-964.7631024304422,7,998.3987179478949,1332,174
312,462.9497886385009,886.3845064076692,11,1000.0,1332,149
313,-941.6118701349576,-341.4192232738917,9,1001.5987220439131,1326,150
314,926.4146698172863,-384.910196730781,9,1003.1948963187563,1335,166
315,-423.7783747374237,911.0498828850743,7,1004.7885349664376,1328,159
316,-303.4040592552387,-959.5550931694561,7,1006.37965003273,1328,191
317,873.2671714768152,503.3929352115329,12,1007.9682534683323,1333,163
318,-985.5053969411797,219.04134906407032,7,1009.5543571299171,1329,166
319,579.6285012879473,-828.5111951535044,9,1011.1379727811632,1334,162
320,132.4580575916639,1004.0193538866886,8,1012.7191120937731,1333,147
321,-777.0852500593398,-651.8730813127761,7,1014.2977866484773,1342,173
322,1014.9071396276761,-44.311374756026126,9,1015.8740079360236,1334,158
323,-719.5420166850195,719.3464299104118,11,1017.4477873581523,1332,168
324,44.7253253463753,-1018.037153188753,9,1019.0191362285595,1329,152
325,655.7031524974319,782.0827167281794,8,1020.588065773846,1330,182
326,-1013.3373907770737,-133.96765450328826,9,1022.154587134451,1333,148
327,838.9791688111079,-586.6122691361153,8,1023.7187113655781,1338,153
328,-222.72549632793366,1000.7963595484724,8,1025.2804494381037,1330,162
329,-512.5757775643784,-889.756186971618,8,1026.839812239475,1335,145
330,980.46352166762,310.3083670788277,8,1028.3968105745953,1327,156
331,-933.9833641723525,434.1371620228968,10,1029.9514551666987,1333,172
332,396.0308095561627,-952.4492626288766,9,1031.5037566582102,1336,128
333,351.87738732092396,971.278695479418,8,1033.0537256115965,1331,179
334,-916.9243815292384,-479.2177777975518,7,1034.601372510205,1330,159
335,1001.3118418848584,-266.4105765564733,7,1036.1467077590896,1337,140
336,-559.2099701537417,874.1191047452581,11,1037.6897416858278,1335,154
337,-178.37940480939466,-1023.807007174617,7,1039.2304845413264,1338,163
338,824.3216282343803,635.3690685145286,9,1040.768946500615,1332,132
339,-1038.5454031577667,88.45024352635775,7,1042.3051376636308,1334,173
340,707.0828419854648,-767.8761974236198,8,1043.839068055991,1333,151
341,-2.69190753814087,1045.3672816928058,7,1045.3707476297584,1333,184
342,-705.1807373414989,-773.7700741709385,8,1046.900186264192,1336,149
343,1044.173515254738,94.34866210266799,12,1048.4273937664927,1335,182
344,-834.8852744070246,636.6840492570136,8,1049.952379872535,1331,167
345,185.81362257568966,-1034.9267112531686,7,1051.4751542475933,1331,145
346,562.8825935871984,889.9231347911733,7,1052.9957264870548,1331,168
347,-1017.6518489117908,-276.3778471701629,7,1054.5141061171255,1333,156
348,938.4226966687596,-484.3168821927777,8,1056.0303025955268,1334,165
349,-365.33536644742986,992.4364312250543,7,1057.5443253121828,1338,178
350,-401.5675063726273,-979.9711923447903,10,1059.0561835898982,1330,155
351,959.4301482897308,451.9887062225621,7,1060.5658866850283,1329,155
352,-1014.2075301774252,315.2508298663261,9,1062.0734437881404,1335,145
353,535.6543735009714,-918.8440521379467,12,1063.5788640246665,1335,175
354,226.0143789553931,1040.8253938607609,8,1065.0821564555479,1337,147
355,-870.9492470439995,-615.6682621944144,10,1066.5833300778706,1328,166
356,1059.5759295977566,-134.53196429492016,7,1068.082393825495,1338,177
357,-691.3909357843298,816.0751031095535,10,1069.579356569675,1330,158
358,-41.49857138712552,-1070.2699979784668,8,1071.0742271196705,1331,147
359,754.6070047203582,762.2127448599699,7,1072.567014223354,1335,153
360,-1072.7799706902392,-52.374941392322825,11,1074.0577265678041,1332,160
361,827.5587385534872,-686.9836491822501,12,1075.5463727799001,1340,174
362,-146.3672966025202,1067.0410556699633,7,1077.0329614269008,1339,155
363,-613.6939144553093,-886.8933303168538,9,1078.5175010170212,1334,140
364,1053.0521379370466,239.75236137776713,11,1080.0,1330,173
365,-939.7246802263869,535.2733183836225,7,1081.480466767662,1328,161
366,331.804777832862,-1030.8761270915556,7,1082.9589096544707,1337,158
367,452.30009513618865,985.6087580474284,9,1084.4353369380765,1329,147
368,-1000.6398062958285,-421.8056164351613,7,1085.909756839858,1333,135
369,1024.1530536294815,-365.39091770514517,7,1087.3821775254548,1332,184
370,-509.04800815618626,962.5331814499795,9,1088.8526071052959,1330,146
371,-275.19629822526383,-1055.0199038137205,7,1090.321053635121,1332,134
372,916.8083331916263,592.8427111725267,7,1091.7875251164944,1335,165
373,-1077.9294079008057,182.39570055957475,9,1093.2520294973156,1334,176
374,672.5235681907074,-863.7777782670951,7,1094.7145746723206,1332,153
375,87.69240201790937,1092.6619068258622,8,1096.1751684835774,1329,161
376,-803.8123507043833,-747.4528111226108,8,1097.6338187209794,1332,142
377,1099.0600044958699,8.191856782107532,9,1099.090533122727,1338,151
378,-817.0261708333543,737.3386170365598,7,1100.5453193758083,1332,145
379,104.52239305660396,-1097.0301132374263,7,1101.9981851164728,1334,125
380,664.8358435476775,880.6777510158001,8,1103.4491379306976,1331,159
381,-1086.5435089530831,-200.55723161212907,7,1104.8981853546506,1332,170
382,937.8846269060864,-586.8325371119354,7,1106.3453348751464,1330,186
383,-295.55283962408276,1067.6368853641866,7,1107.7905939300983,1336,149
384,-503.9025846419818,-988.1711315309358,7,1109.2339699089637,1337,131
385,1040.4124005981869,388.7699019748288,9,1110.6754701531856,1328,171
386,-1031.1127944563561,416.66101942514894,11,1112.1151019566275,1328,170
387,479.4790921672503,-1005.037213328178,7,1113.5528725660045,1333,146
388,325.75944568454497,1066.339900569841,7,1114.9887891813082,1333,147
389,-961.7425096627323,-566.9667936551746,7,1116.422858956229,1338,142
390,1093.540639260461,-231.88115552114834,7,1117.8550889985697,1333,162
391,-650.54072661846,910.8220259802274,9,1119.2854863706577,1337,162
392,-135.7359749639674,-1112.4638174343384,12,1120.7140580897517,1333,181
393,852.6300768773943,729.5354357425337,10,1122.140811128443,1326,145
394,-1122.9211131016843,38.05487814293937,7,1123.5657524150508,1334,146
395,803.3175954522046,-787.579101320552,7,1124.9888888340186,1338,160
396,-60.41558940650291,1124.7888497654415,7,1126.4102272262978,1329,162
397,-716.1367439219968,-871.2910902820022,9,1127.8297743897347,1332,153
398,1118.009275506332,158.91903561816227,8,1129.2475370794484,1332,154
399,-932.9018296361843,638.8224919815049,7,1130.6635220082055,1330,139
400,256.6950509076508,-1102.5913344660016,11,1132.0777358467924,1340,152
401,556.203892504456,987.6422580888749,7,1133.4901852243804,1335,159
402,-1078.6109223497479,-352.9850962687035,7,1134.9008767288883,1331,141
403,1035.0555245850928,-468.8923768050384,7,1136.3098169073432,1337,171
404,-447.0384047356092,1046.210621572655,8,1137.7170122662312,1333,156
405,-377.53872349788764,-1074.7392764106025,7,1139.1224692718513,1328,122
406,1005.5989157267325,538.1178501863883,10,1140.5261943506603,1335,157
407,-1106.3490465841032,282.8281936484514,8,1141.9281938896158,1333,178
408,625.5057375132326,-957.0488871202073,7,1143.3284742365163,1330,142
409,185.47537456711157,1129.6012063685087,12,1144.727041700335,1328,146
410,-900.8964052015764,-708.5094685993106,7,1146.1239025515524,1331,164
411,1144.2754578760923,-86.21877117228534,7,1147.519063022484,1336,149
412,-786.4670393125369,837.5378176983844,8,1148.9125293076056,1338,176
413,14.184814006899725,-1150.2168452303197,9,1150.3043075638723,1336,159
414,767.4271602422948,858.75232385272,7,1151.6944039110374,1333,154
415,-1147.3372664186854,-114.9660692852401,9,1153.082824431966,1334,120
416,924.780104261204,-691.0729040865638,7,1154.469575172945,1331,161
417,-215.3490863262554,1135.6164717977838,7,1155.854662143991,1333,163
418,-609.0342652190243,-984.0108047115758,8,1157.2380913191546,1329,165
419,1115.1025391647124,314.5573511275992,8,1158.6198686368193,1333,167
420,-1035.9548923333311,521.9171017035521,9,1159.9999999999998,1332,152
421,411.81976710721887,-1085.9118193572422,12,1161.378491276638,1338,171
422,430.36942941736265,1080.1769087621592,8,1162.7553482998908,1332,164
423,-1048.228350457646,-506.37666345996115,7,1164.13057686842,1331,175
424,1116.2990993427966,-335.07658946345595,11,1165.5041827466773,1333,166
425,-597.4857418687013,1002.3027428195572,7,1166.8761716651857,1337,175
426,-236.75610340177218,-1144.0046099129188,7,1168.2465493208188,1331,159
427,948.450541281501,684.4279149354062,7,1169.6153213770756,1340,161
428,-1163.040224346814,136.1522550357224,8,1170.9824934643557,1330,160
429,766.512990345056,-887.0500750421479,9,1172.3480711802276,1334,153
430,34.030439791311665,1173.2186195111337,7,1173.712060089697,1331,150
431,-818.5398097186662,-843.0851557854223,11,1175.0744657254704,1334,157
432,1174.4201179554516,68.82867528511173,7,1176.4352935882193,1333,169
433,-913.5282210118344,743.4152200587184,8,1177.7945491468363,1329,170
434,171.63513622417338,-1166.5939224997314,8,1179.152237838694,1338,160
435,662.2252055973911,977.2705751589439,8,1180.5083650698964,1342,144
436,-1149.7588208596355,-273.59578552211053,11,1181.8629362155327,1335,160
437,1033.7898194490601,-575.5680752122023,9,1183.215956619923,1338,179
438,-373.92039725404265,1124.003352538318,7,1184.5674315968677,1333,165
439,-484.0871300029986,-1082.6170378141385,8,1185.9173664298876,1342,136
440,1089.485434378306,471.82781634565987,7,1187.2657663724665,1331,155
441,-1123.3406706186342,388.46587718109475,9,1188.6126366482902,1335,173
442,566.5520542071017,-1046.4314453769596,9,1189.9579824514813,1333,165
443,289.4229106670712,1155.6099596234885,7,1191.3018089468346,1336,185
444,-995.1347755910625,-657.3482930755399,8,1192.644121270046,1337,153
445,1179.137935545409,-187.70649684470342,8,1193.9849245279438,1333,167
446,-743.4987519287681,935.9538481572496,7,1195.3242237987147,1342,135
447,-84.08890637697822,-1193.7039230162243,8,1196.6620241321273,1330,165
448,869.309627602343,824.318367718369,7,1197.998330549755,1336,146
449,-1199.1555414083032,-20.639464861257622,11,1199.333148045196,1336,155
450,899.1602469222034,-795.6826316784865,9,1200.6664815842908,1327,144
451,-125.67614085880551,1195.410183836008,11,1201.9983361053378,1332,147
452,-715.6094679002221,-967.4208440237169,11,1203.3287165193058,1335,165
453,1182.4559606404725,230.21273019930356,7,1204.6576277100478,1333,166
454,-1028.544825478574,629.678919752956,7,1205.9850745345068,1332,128
455,333.44116297462324,-1160.3520977850346,7,1207.3110618229255,1331,149
456,538.5276111544513,1082.0295800135414,7,1208.6355943790504,1333,137
457,-1129.228784799551,-434.5599516523916,7,1209.9586769803338,1332,169
458,1127.4293387016266,-442.8352811540799,8,1211.2803143781377,1328,144
459,-532.7804272886164,1089.2864711810935,9,1212.6005112979294,1334,153
460,-343.3197040211772,-1164.3588711521936,10,1213.9192724394811,1327,152
461,1040.7946144530426,627.3329024732737,7,1215.2366024770647,1334,171
462,-1192.4967273234533,240.731292778594,8,1216.5525060596437,1329,145
463,717.4727127749941,-984.0898873696909,9,1217.8669878110663,1330,166
464,135.8474268543027,1211.5879978842086,7,1219.1800523302538,1331,168
465,-919.5738560005113,-802.4860892005239,7,1220.4917041913889,1331,151
466,1221.4465696940144,-29.466546840866435,11,1221.8019479441011,1339,148
467,-881.6958153211689,847.7101445925601,8,1223.1107881136525,1337,155
468,77.5979386721165,-1221.9568568136267,8,1224.4182292011174,1334,154
469,769.0211071749508,954.4666242040172,9,1225.7242756835649,1333,134
470,-1213.0749914632602,-184.52388757668047,8,1227.0289320142374,1331,150
471,1020.2102921407317,-684.0840297873667,9,1228.332202622727,1334,156
472,-290.48675214194185,1194.829463492605,7,1229.6340919151519,1331,161
473,-593.5268909647923,-1078.39038835742,8,1230.9346042743293,1337,191
474,1167.321201175955,394.6659515148552,9,1232.2337440599492,1333,151
475,-1128.5266424085014,498.02371165858636,9,1233.5315156087422,1331,170
476,496.2512394770335,-1130.7230904680011,11,1234.8279232346504,1333,171
477,398.28952909234243,1170.1988937848982,7,1236.1229712289953,1333,135
478,-1085.278934216676,-594.449017953193,8,1237.4166638606414,1336,132
479,1203.0505913815998,-295.0750321128213,7,1238.7090053761615,1324,154
480,-688.4885469970284,1031.3018571950313,7,1240.0,1336,163
481,-189.16089837672527,-1226.791813848344,8,1241.2896519346318,1333,165
482,969.1721671504658,777.6280025956302,9,1242.5779653607253,1329,158
483,-1241.2017854645085,81.35187619050804,7,1243.8649444372968,1332,151
484,861.1603346305042,-899.3346863426752,7,1245.1505933018705,1332,170
485,-27.52934402768667,1246.1308660078225,7,1246.4349160706308,1334,134
486,-822.2955722179275,-938.4188787054482,7,1247.7179168385776,1337,184
487,1241.5019970971528,136.64842188544037,12,1248.9995996796797,1332,150
488,-1008.782677289633,738.6186499137159,7,1250.2799686470228,1335,150
489,245.16577452273276,-1227.311591651716,7,1251.5590277729614,1335,153
490,648.9212831724319,1071.6814677159646,10,1252.8367810692657,1331,136
491,-1203.6298573906547,-352.2430501766533,8,1254.1132325272706,1335,133
492,1126.600297005134,-553.8698139345956,10,1255.3883861180173,1329,173
493,-457.04961779203006,1170.600549665068,7,1256.6622457924007,1336,180
494,-454.17460435180595,-1173.083726236913,7,1257.934815481311,1333,161
495,1128.4401533354758,558.7690223519983,9,1259.2060990957755,1335,152
496,-1210.7395902419491,350.58471817915427,7,1260.4761005270984,1331,176
497,656.6053556795514,-1077.4364978470564,7,1261.7448236470004,1335,158
498,243.882281450297,1239.2422817167746,8,1263.0122723077554,1330,164
499,-1017.9468140782553,-749.7894929298025,7,1264.2784503423288,1335,135
500,1258.3355324470112,-134.87656498182506,9,1265.54336156451,1333,144
501,-837.5851458507593,950.3952459109639,8,1266.807009769049,1335,131
502,-24.397833575295188,-1267.8346681317846,7,1268.0693987317889,1331,142
503,875.2698337581381,919.2946851325755,8,1269.3305322097945,1332,162
504,-1267.6283173072438,-86.70899123392834,9,1270.5904139414872,1333,171
505,994.264685783134,-793.1189914537198,7,1271.8490476467716,1332,170
506,-197.59080640868032,1257.6795590382978,7,1273.1064370271638,1333,169
507,-704.5475019271568,-1061.8911514501865,7,1274.3625857659192,1333,177
508,1238.0264983532759,307.392890898808,11,1275.617497528158,1335,164
509,-1121.6243759428767,610.212060918786,8,1276.8711759609894,1331,148
510,415.26550679360423,-1208.782262803128,8,1278.1236246936364,1335,136
511,510.816401612382,1172.973402871428,7,1279.374847337558,1335,149
512,-1170.1344180009833,-520.3704870661862,7,1280.6248474865697,1342,137
513,1215.510047303401,-407.1060364382772,7,1281.8736287169654,1335,159
514,-621.8877587554007,1122.3438045047449,9,1283.1211945876353,1335,181
515,-299.86265540750514,-1248.8724466061215,7,1284.3675486401858,1335,168
516,1065.7428029099547,719.0217507458543,7,1285.6126943990557,1330,174
517,-1272.7681111831673,189.89822314922324,7,1286.8566353716328,1328,151
518,811.0076360183698,-1000.7330384872361,7,1288.0993750483697,1335,163
519,78.04881931735787,1286.9764495915092,7,1289.3409169028957,1337,168
520,-927.7825410933447,-897.1173593473576,7,1290.581264392134,1331,164
521,1291.3507465164528,34.83173081258479,7,1291.8204209564115,1335,169
522,-976.6654029110513,847.4223803727359,7,1293.058390019569,1328,173
523,147.8783869371958,-1285.8195762535477,8,1294.295174989075,1337,156
524,760.2428004137818,1049.0142441449545,7,1295.5307792561316,1335,156
525,-1270.387638668237,-260.22153546342145,8,1296.7652061957863,1337,167
526,1113.5794623949973,-666.8888819976446,9,1297.998459167036,1330,144
527,-370.99369130314614,1245.1360090420908,10,1299.2305415129372,1336,171
528,-568.0557643467134,-1169.834453498644,9,1300.4614565607087,1328,158
529,1210.221797734827,479.33620798713224,8,1301.6912076218384,1336,147
530,-1217.3147143207366,464.4834618134683,8,1302.9197979921867,1325,162
531,584.4059441126573,-1165.87722015905,7,1304.1472309520886,1329,175
532,356.9513142212938,1255.6216624746846,7,1305.3735097664576,1337,154
533,-1112.4080821443463,-685.3818342938024,8,1306.598637684886,1330,107
534,1284.425959944854,-246.27211254979753,7,1307.8226179417452,1335,155
535,-781.471313341431,1050.1916903234471,7,1309.0454537562857,1336,150
536,-133.28594432441454,-1303.47031306645,7,1310.267148332736,1339,164
537,979.6742016700574,871.9165433584429,7,1311.4877048604,1334,158
538,-1312.571725286613,18.85380540167605,9,1312.7071265137552,1339,158
539,956.0003947888109,-901.367430720479,7,1313.9254164525473,1329,170
540,-96.14897318176212,1311.623183294689,7,1315.142577821888,1334,168
541,-815.8451372847229,-1033.052134196949,8,1316.3586137523466,1328,143
542,1300.594761438992,210.83943302298061,7,1317.5735273600485,1325,138
543,-1102.4527736649368,723.7388215637515,8,1318.787321746763,1333,135
544,324.3337793361159,-1279.534133808689,11,1320.0,1328,142
545,625.7330575052803,1163.6400391637844,7,1321.2115651930997,1330,144
546,-1248.5664879184299,-435.75420278757787,7,1322.4220203853233,1334,174
547,1216.1129180633159,-522.5603989200932,8,1323.631368621944,1337,157
548,-544.235679445143,1207.8938385548972,7,1324.8396129343357,1329,139
549,-414.9958963146363,-1259.4357490725804,10,1326.046756340062,1340,142
550,1157.793744992794,648.9326960907124,8,1327.2528018429646,1329,156
551,-1293.2418213257588,303.851265546211,8,1328.4577524332492,1336,129
552,749.0258485440406,-1098.6174394268828,11,1329.6616110875732,1333,163
553,189.96875224894328,1317.2364530216205,9,1330.86438076913,1338,163
554,-1030.7873790603971,-843.7282614502117,7,1332.0660644277368,1331,178
555,1331.1995239598925,-74.21473848876137,10,1333.2666649999167,1335,163
556,-932.2917791921566,954.7942388026452,7,1334.466185408982,1334,160
557,42.52685973673698,-1334.9874404656143,8,1335.6646285651202,1335,168
558,871.1933659244919,1014.0128791929391,8,1336.8619973654722,1333,132
559,-1328.5345155210925,-159.3613537503244,7,1338.0582946942184,1338,170
560,1088.238260859769,-780.6007222651704,7,1339.2535234226566,1333,145
561,-275.3901503939906,1311.8537514014185,7,1340.447686409283,1330,157
562,-683.688343643971,-1154.370065778459,9,1341.6407864998741,1337,183
563,1285.0370166992873,389.71767436516944,7,1342.8328265275618,1332,129
564,-1211.8706874761242,581.1793499739525,7,1344.0238093129153,1338,185
565,501.4582912829674,-1248.25461429292,9,1345.213737664019,1342,182
566,473.84254316885455,1260.2671321125817,8,1346.4026143765466,1336,173
567,-1201.7542415201929,-609.7431778939612,11,1347.5904422338415,1341,162
568,1299.1548948096447,-362.4866332599613,7,1348.7772240069894,1332,171
569,-713.7270860514272,1145.8593485400108,9,1349.9629624548961,1327,137
570,-247.9541361472549,-1328.201319969028,7,1351.1476603243627,1331,134
571,1080.966905543127,812.594947757194,7,1352.3313203501575,1326,173
572,-1347.1484178185742,131.1149891084612,7,1353.5139452550904,1335,155
573,905.5682696016319,-1007.5445940953216,7,1354.6955377500879,1330,107
574,12.859932524702131,1355.8151135517926,7,1355.8761005342635,1330,165
575,-926.1274424075843,-991.9112664042012,9,1357.0556362949899,1335,151
576,1354.0989097436534,105.90629174439543,8,1358.2341477079715,1336,155
577,-1070.9366857099672,837.3139287032977,8,1359.4116374373143,1331,159
578,224.27187331620112,-1341.9769472085734,8,1360.588108135596,1333,141
579,741.7615810537163,1142.0112770339401,7,1361.763562443936,1332,153
580,-1319.5064540789554,-341.32494436238,7,1362.9380029920658,1334,166
581,1204.5608623461778,-640.1821060478284,7,1364.1114323983948,1334,154
582,-456.1606148192636,1286.8245775892344,7,1365.283853270081,1333,163
583,-533.3360824192428,-1258.074967237523,8,1366.4552682030978,1336,163
584,1244.1475978148383,567.8879773789612,7,1367.6256797823007,1331,157
585,-1302.1109754768995,422.02725924115026,9,1368.795090581494,1332,146
586,675.6370279657012,-1191.7695274010298,7,1369.9635031634966,1333,153
587,307.0965014927029,1336.297773241781,8,1371.1309200802089,1333,169
588,-1130.0601060861159,-778.5654478800329,9,1372.2973438726754,1332,131
589,1360.338853147077,-189.415428670673,12,1373.4627770711515,1335,152
590,-875.8651946905507,1059.4622035399298,8,1374.6272221951665,1331,149
591,-69.87979464565556,-1374.014852285186,7,1375.7906817535873,1340,145
592,980.4886486650327,966.7688502630904,12,1376.9531582446803,1336,149
593,-1377.1855027904003,-50.5973408782733,8,1378.1146541561773,1334,155
594,1050.5556760319828,-893.7185080085249,10,1379.2751719653334,1330,175
595,-171.0925971655503,1369.7909779215029,8,1380.434714138992,1337,170
596,-799.7928402713976,-1126.5573277248748,8,1381.5932831336436,1330,162
597,1351.852621282984,290.67936000054146,8,1382.7508813954882,1337,168
598,-1194.1631842367042,699.4099580458195,8,1383.9075113604954,1337,164
599,408.43491750936107,-1323.4730515424642,7,1385.0631754544631,1336,183
600,593.3202318258477,1252.8252481915115,7,1386.2178760930765,1328,141
601,-1284.835639813087,-523.4475892256024,9,1387.37161568197,1336,170
602,1302.0625789119301,-482.32047499273153,7,1388.5243966167827,1328,142
603,-634.8237932508715,1236.2033617178747,7,1389.6762212832166,1333,154
604,-367.2479518430607,-1341.4652220117662,8,1390.8270920570967,1337,152
605,1177.9170310006475,741.6949966654888,8,1391.9770113044253,1330,158
606,-1370.6976036108813,248.97405377948013,7,1393.12598138144,1331,165
607,843.2244950752394,-1110.3929263576508,10,1394.27400463467,1334,143
608,128.39769149493253,1389.501361215156,9,1395.4210834009925,1340,167
609,-1034.1198278979243,-938.613968332225,7,1396.5672200076872,1337,172
610,1397.697587577053,-6.438453330326882,9,1397.7124167724921,1338,178
611,-1027.1097610340448,949.6554842618388,9,1398.856676003657,1340,148
612,115.9704180471679,-1395.1884683217409,11,1400.0,1328,160
613,857.6225358998687,1108.008838374802,7,1401.1423910509595,1335,163
614,-1381.9582987558533,-237.88917692872832,7,1402.2838514366483,1333,162
615,1180.6643702797455,-758.7039243024464,7,1403.4243834279068,1325,167
616,-358.3787989370432,1358.073870035221,7,1404.563989286355,1333,154
617,-653.6378210428152,-1244.490899485569,7,1405.702671264446,1331,170
618,1323.6842197178926,476.50822287745785,7,1406.8404316055176,1336,131
619,-1298.9690523104746,543.2121143159712,8,1407.9772725438434,1329,122
620,591.361554148862,-1279.0197466320224,7,1409.113196304683,1332,154
621,428.25849419762653,1343.6497542691627,9,1410.2482051043355,1333,143
622,-1224.3906949069292,-702.0451739206868,7,1411.3823011501881,1331,161
623,1378.1579164025222,-309.6461810794032,8,1412.515486640766,1329,145
624,-807.6946988395664,1160.1850169117263,8,1413.6477637657836,1332,130
625,-188.2753446341391,-1402.1955621820005,7,1414.7791347061916,1331,130
626,1086.8656296813126,907.4817370159267,8,1415.9096016342285,1337,165
627,-1415.544369084365,65.07026320484162,7,1417.0391667134681,1335,158
628,1000.6203874506573,-1004.9670841465887,7,1418.167832098867,1331,174
629,-59.02772432831759,1418.0676033816653,12,1419.2955999368137,1333,148
630,-915.0916710874454,-1086.373431885365,11,1420.422472365176,1332,175
631,1409.7114313198333,183.0674203843673,8,1421.5484515133487,1330,150
632,-1164.058170283643,817.9049921573392,7,1422.673539502299,1335,135
633,306.0950690499528,-1390.5055946321484,7,1423.7977384446149,1332,188
634,714.1310285522262,1233.0518537591759,11,1424.9210504445502,1332,162
635,-1360.56344321418,-427.16169887897877,11,1426.0434775980711,1332,152
636,1292.7966717403415,-604.5467438809803,8,1427.1650219929018,1327,152
637,-545.3304515247687,1320.0813227372741,7,1428.2856857085699,1337,156
638,-489.9762615075378,-1342.8042534781816,7,1429.405470816451,1332,157
639,1269.3373199600262,659.683839544898,8,1430.5243793798136,1328,141
640,-1382.6596476405612,371.2846600473544,9,1431.6424134538624,1338,159
641,769.330877096212,-1208.6893734729256,9,1432.7595750857854,1333,163
642,249.3714337850127,1412.024747662734,8,1433.8758663147937,1338,161
643,-1138.5727625419522,-873.4140280517524,8,1434.9912891721679,1333,157
644,1430.641134713794,-125.16366751109338,7,1436.1058456812991,1336,170
645,-971.115917317302,1059.4969915639094,7,1437.2195378577344,1333,147
646,0.3910223674137762,-1438.332314557908,9,1438.3323677092164,1331,188
647,972.0420923720138,1061.6657527946531,10,1439.4443372357266,1333,133
648,-1435.0053292052219,-126.3317266272154,10,1440.5554484295287,1326,172
649,1144.3454075197565,-876.8543711976589,9,1441.6657032752078,1333,162
650,-251.69160657252152,1420.6517290247261,7,1442.7751037497148,1331,149
651,-774.6416314675572,-1218.4951139817022,7,1443.8836518224036,1328,176
652,1395.3478958935482,375.50532542887777,9,1444.9913494550754,1331,154
653,-1283.5187254849284,666.1679077601575,7,1446.0981986020176,1331,161
654,496.81649060042434,-1359.2547129465759,7,1447.2042012100435,1335,146
655,552.2477501286199,1338.888502631148,8,1448.3093592185337,1333,158
656,-1312.6165815285153,-614.685049351613,7,1449.4136745594753,1339,175
657,1384.1493865452942,-433.7401015888269,11,1450.5171491574997,1339,168
658,-728.1945806657995,1255.759790998645,10,1451.6197849299244,1333,161
659,-311.5418148413137,-1418.922724324824,7,1452.7215837867902,1334,153
660,1189.0902520574928,836.4594266680535,7,1453.8225476309,1335,160
661,-1442.9094163249772,186.5808572193638,10,1454.9226783578565,1332,146
662,938.6316080743151,-1113.0906092155417,11,1456.0219778561036,1333,144
663,59.809255408190076,1455.8924592728401,7,1457.120448006959,1336,161
664,-1028.3167528683016,-1033.9074696366172,7,1458.2180906846547,1335,160
665,1457.7388637970812,67.80416635866793,7,1459.3149077563755,1333,163
666,-1121.534003483792,935.3937561420951,9,1460.4109010822947,1338,145
667,195.28119916739203,-1448.400929733113,9,1461.506072515609,1332,150
668,835.0112661916545,1200.8148005970822,9,1462.6004239025779,1330,177
669,-1427.91686747827,-321.6417565725021,9,1463.6939570825589,1334,145
670,1271.1155833855755,-727.9183839376141,7,1464.786673888044,1333,142
671,-445.91141834287737,1396.410758692242,10,1465.8785761446954,1338,175
672,-614.9180702744187,-1331.8692754358385,7,1466.96966567138,1330,170
673,1354.0918547227684,567.1289526848836,9,1468.0599442802054,1336,155
674,-1382.5805679524697,496.86112055606316,8,1469.1494137765567,1334,139
675,684.3537588103295,-1301.2532162504626,9,1470.2380759591285,1333,141
676,374.639752617657,1422.8299461842169,8,1471.325932619962,1334,141
677,-1238.2697027463755,-796.6731721731333,7,1472.412985544477,1331,146
678,1452.277143196283,-249.18085670781895,8,1473.499236511509,1332,174
679,-903.209575592813,1165.5953253841788,7,1474.5846872933405,1329,158
680,-121.4389584566379,-1470.663992681186,8,1475.6693396557375,1332,135
681,1083.7599820056473,1003.1272608214371,7,1476.7531953579787,1333,150
682,-1477.8166570630567,-7.611051633766465,7,1477.8362561528934,1331,170
683,1095.6389868813685,-993.3655975649492,7,1478.9185237868921,1336,151
684,-136.9813667337584,1473.6472119091975,7,1479.9999999999998,1335,145
685,-895.0816981364451,-1180.012183691837,9,1481.0806865258894,1334,143
686,1458.154572581693,265.67883329143956,7,1482.1605850919125,1331,125
687,-1255.5747520972216,789.6404510256556,9,1483.2396974191327,1335,153
688,392.71258362856815,-1431.4247541033287,7,1484.3180252223578,1329,161
689,677.8312077388222,1321.7204143900215,9,1485.3955702101714,1333,151
690,-1393.63046033728,-517.1016728072931,8,1486.4723340849637,1333,150
691,1377.9135727647579,-560.4945905097215,7,1487.5483185429641,1338,113
692,-637.8826608502711,1345.0300037495738,8,1488.6235252742717,1334,152
693,-438.5161667218731,-1423.693636820631,8,1489.6979559628858,1333,167
694,1285.9655621973284,754.1170816541082,7,1490.7716122867378,1338,172
695,-1458.6787852230807,312.8197588710117,8,1491.8444959177214,1339,156
696,864.8987406476436,-1216.8607843242053,7,1492.9166085217219,1329,144
697,184.3604406601899,1482.569130907419,7,1493.9879517586478,1333,165
698,-1138.2177602074923,-969.3607844080755,11,1495.0585272824605,1329,171
699,1495.1492637291024,-54.11727238435615,11,1496.1283367412034,1333,170
700,-1066.6824870515795,1050.6133788494499,12,1497.1973817770324,1329,141
701,76.91416907814818,-1496.2901492006883,9,1498.2656640262435,1334,167
702,954.6950989003433,1156.095700249622,7,1499.333185119305,1330,152
703,-1485.9503668690288,-207.72940861081514,8,1500.3999466808843,1331,123
704,1236.8909161730985,-851.1761636044994,10,1501.465950329877,1336,164
705,-337.3227811819189,1464.1766769402168,9,1502.531197679436,1335,194
706,-740.8302953375945,-1308.422895515824,7,1503.5956903370002,1334,144
707,1431.1039089155488,464.6951709310488,7,1504.6594299043222,1329,127
708,-1370.1158159758547,624.4859092187888,11,1505.722417977497,1334,139
709,588.8617214052733,-1386.9541712196617,7,1506.7846561469892,1332,148
710,503.0198891026872,1421.4679001536124,7,1507.846145997661,1333,156
711,-1332.0353860418422,-708.8594573907868,8,1508.9068891088014,1337,157
712,1462.0554857331044,-377.35097275313314,7,1509.9668870541498,1334,144
713,-823.754759306075,1266.7391588328633,11,1511.026141401928,1334,150
714,-248.43279614560416,-1491.5365050173184,8,1512.0846537148639,1335,159
715,1191.5379970620838,932.6506321004009,7,1513.142425550219,1334,142
716,-1509.6533453593609,117.24664961221725,8,1514.1994584598158,1328,153
717,1034.6937120303855,-1106.981897902934,10,1515.255753990065,1335,151
718,-15.20599908930511,1516.2350667332873,8,1516.3113136819893,1341,155
719,-1013.6943294398415,-1129.080956557815,9,1517.3661390712527,1333,142
720,1511.198957587014,147.91115775330053,10,1518.4202316881845,1337,159
721,-1215.0659649101901,912.3676347377018,7,1519.4735930578063,1333,167
722,279.85008020841923,-1494.5514151769223,7,1520.526224699857,1338,170
723,803.7578926489762,1291.9648795553526,10,1521.5781281288187,1337,138
724,-1466.3881417609916,-410.00709469806293,10,1522.6293048539426,1335,148
725,1359.161821942846,-688.6792735177988,7,1523.6797563792727,1328,146
726,-537.3774299459217,1426.8936532848957,7,1524.7294842036733,1338,155
727,-567.9979319413112,-1416.1138193345878,8,1525.778489820852,1330,147
728,1376.340102492955,660.9749785503853,8,1526.8267747193852,1338,160
729,-1462.3551833600284,442.6254824341436,7,1527.8743403827425,1331,152
730,779.8399376743414,-1315.085423692347,9,1528.9211882893117,1327,160
731,313.51210718322403,1497.5013050577068,9,1529.9673199124222,1331,159
732,-1243.570811653576,-893.0462677841873,10,1531.012736720371,1327,128
733,1521.2518355748673,-181.639348050189,7,1532.0574401764447,1335,149
734,-999.7089114388865,1162.3175523021566,8,1533.101431738944,1331,152
735,-48.012637553670295,-1533.393226356221,10,1534.1447128612087,1330,142
736,1071.9232279055789,1098.9907158281567,9,1535.187284991639,1337,135
737,-1533.8006075266662,-86.34637427726682,11,1536.2291495737215,1333,151
738,1190.1090048963995,-973.0573243465678,7,1537.2703080460508,1336,156
739,-220.4076385620363,1522.4389882236683,9,1538.3107618423526,1328,156
740,-866.4562727602088,-1272.341749450393,7,1539.3505123915086,1340,166
741,1499.3637678244834,353.14061184628537,8,1540.3895611175765,1331,150
742,-1345.033286615346,752.9179622619718,7,1541.4279094398153,1333,151
743,483.5221852872038,-1464.7205523017308,8,1542.4655587727073,1334,156
744,633.2957646710174,1407.5995433537735,7,1543.5025105259792,1330,162
745,-1418.7442752873408,-610.5445776840528,10,1544.538766104626,1335,158
746,1459.5327224698724,-508.4921160054326,7,1545.5743269089323,1333,158
747,-733.223131411155,1361.7576287884785,7,1546.6091943344961,1331,140
748,-379.45170306253664,-1500.4054135609283,9,1547.6433697722482,1333,167
749,1294.1688138382458,850.6039509010691,11,1548.6768546084752,1331,159
750,-1529.8740957163598,247.15430656990407,12,1549.7096502248412,1326,181
751,961.7713243836745,-1216.468626637478,7,1550.7417579984099,1328,169
752,112.60735517586835,1547.6820033715892,8,1551.7731793016658,1329,139
753,-1129.2269009108786,-1065.8548711054489,10,1552.8039155025338,1335,175
754,1553.6613315630398,23.161753080513282,7,1553.8339679644027,1335,141
755,-1162.036358221725,1033.0883322208176,12,1554.863338046145,1339,158
756,159.11350324009322,-1547.7347618654383,8,1555.892027102138,1335,134
757,928.7677148163217,1249.5561339591222,7,1556.920036482285,1337,163
758,-1529.9162954848148,-294.2042297622875,9,1557.9473675320357,1338,166
759,1327.719126468145,-817.044626205121,8,1558.9740215924062,1335,157
760,-427.39413562652226,1500.3113852904196,7,1560.0,1333,140
761,-698.7575989870747,-1395.9003610064076,11,1561.0253040870289,1333,140
762,1459.1163639555052,557.6553025277045,7,1562.049935181331,1337,172
763,-1453.5499516871305,574.797823543497,8,1563.0738946063939,1337,127
764,683.9796304080477,-1406.6171707991023,7,1564.0971836813724,1332,136
765,446.10242890682315,1500.1975279687115,7,1565.1198037211082,1341,164
766,-1343.1873853367726,-805.386644955182,8,1566.1417560361515,1330,152
767,1535.4560603196226,-313.64739250907843,8,1567.1630419327787,1330,143
768,-920.9311125584975,1269.2855809161974,9,1568.183662713013,1334,172
769,-178.44013249910859,-1559.0250540365607,9,1569.2036196746426,1333,125
770,1185.4520170899034,1029.7104035492112,9,1570.2229141112418,1325,168
771,-1570.693084988635,41.51183890029635,10,1571.2415473121882,1337,151
772,1130.8715463350788,-1092.3046945288243,7,1572.2595205626837,1329,159
773,-96.09039795572997,1570.3396560683009,10,1573.2768351437708,1327,168
774,-990.5348012497082,-1223.6179172900343,7,1574.2934923323542,1334,171
775,1557.9363583168667,233.31160158547365,7,1575.3094934012172,1329,160
776,-1307.2155139187466,880.9015837028261,7,1576.3248396190425,1336,179
777,369.0970047029152,-1533.5473260122544,7,1577.3395322504282,1335,169
778,764.2266807819533,1380.9987619042236,7,1578.3535725559086,1333,138
779,-1497.3289804257543,-502.4001635919044,7,1579.3669617919709,1332,170
780,1444.3758101150966,-641.3879630569611,11,1580.3797012110726,1339,159
781,-632.191029026912,1449.529062426102,9,1581.3917920616636,1338,151
782,-513.3129234502255,-1496.8332714831608,7,1582.4032355881984,1335,174
783,1390.4849595934597,757.4639114468592,12,1583.4140330311593,1328,161
784,-1537.9403718296212,380.97166915213904,10,1584.424185627069,1338,132
785,877.2452787469485,-1320.6213389598806,8,1585.4336946085127,1334,158
786,245.3695677696291,1567.3524731892778,7,1586.4425612041555,1332,167
787,-1240.4471018745155,-990.6013261908726,7,1587.4507866387544,1336,172
788,1584.8139429217695,-107.53960349914999,9,1588.4583721331824,1337,154
789,-1096.6452595528142,1150.5516827593365,7,1589.4653189044423,1332,136
790,31.465498510461234,-1590.1603448720157,8,1590.4716281656833,1338,132
791,1051.6007186336958,1194.544234664039,7,1591.477301126221,1341,158
792,-1583.3199340103665,-170.58131950893164,9,1592.4823389915505,1335,159
793,1283.525899047743,-944.3311212036189,8,1593.4867429633673,1335,163
794,-308.7399046409974,1564.3144413072037,7,1594.4905142395803,1329,155
795,-829.5455879960248,-1362.8844842598837,8,1595.4936540143303,1331,151
796,1533.2591410361256,444.8779680195032,9,1596.4961634780084,1328,153
797,-1431.9864008913398,708.1065934322788,7,1597.4980438172686,1335,163
798,577.9450822860688,-1490.3621982126858,7,1598.4992962150468,1330,140
799,580.9299048449009,1490.2752919031082,7,1599.4999218505764,1333,145
800,-1435.923299419506,-706.9117895354406,7,1600.4999218994044,1334,161
801,1537.2765040336085,-448.9776722134478,7,1601.499297533408,1336,134
802,-830.7775709317597,1370.331575800808,8,1602.4980499208104,1338,136
803,-313.2511438005894,-1572.6009414049142,7,1603.4961802261955,1335,150
804,1294.06283248717,948.5786132816205,7,1604.4936896105262,1332,179
805,-1595.9482701297864,174.78306288008335,9,1605.4905792311583,1335,175
806,1059.3953122439545,-1207.6761040922906,7,1606.4868502418558,1329,136
807,34.629803340530714,1607.1094476483534,7,1607.4825037928094,1333,161
808,-1111.8095611658869,-1162.3594537405877,11,1608.4775410306477,1333,154
809,1605.9685556646925,106.13669589854693,9,1609.4719630984566,1340,149
810,-1256.661017470436,1007.1757975498463,8,1610.4657711357918,1331,144
811,246.4371360262681,-1592.5039208702658,8,1611.4589662786948,1334,169
812,894.5565334288258,1341.5545492076728,7,1612.4515496597098,1334,154
813,-1566.7885130925445,-385.19314017938245,11,1613.4435224078964,1327,147
814,1416.3650517594697,-774.796773453784,11,1614.434885648845,1333,176
815,-521.3355483822128,1528.9896160514031,8,1615.4256405046938,1332,138
816,-648.7984636114076,-1480.4933480483717,9,1616.41578809414,1334,149
817,1479.367771500475,653.812661735545,7,1617.4053295324584,1334,178
818,-1533.4208737412619,517.5136944802383,10,1618.3942659315128,1335,160
819,781.598372240797,-1418.2750031325152,12,1619.3825983997726,1338,178
820,381.9375021241286,1574.7138611415032,8,1620.3703280423276,1327,140
821,-1346.1523321937489,-903.7001153753,11,1621.3574559608994,1337,148
822,1604.0268806608772,-243.10032109673656,7,1622.3439832538597,1334,159
823,-1019.1665837507087,1263.52660223911,7,1623.329911016242,1333,157
824,-102.0601468413805,-1621.1057110585712,11,1624.315240339756,1342,155
825,1171.0066358257097,1127.0951418811783,9,1625.2999723128034,1330,190
826,-1625.789514738762,-40.105532853978914,7,1626.2841080204898,1330,144
827,1226.638884249029,-1069.2787511441052,7,1627.2676485446393,1335,154
828,-182.30797576589507,1618.0122996974226,7,1628.2505949638096,1331,158
829,-959.1016715854429,-1317.0132814675824,7,1629.232948353304,1338,153
830,1597.8036551624548,323.4555294773907,11,1630.2147097851866,1328,147
831,-1397.5023623845786,841.300865998319,12,1631.1958803282944,1336,146
832,462.46201795341346,-1565.2887535373327,9,1632.1764610482533,1338,151
833,716.7623618649293,1467.4643834225783,9,1633.1564530074882,1331,164
834,-1520.6876168945184,-598.2551059737565,7,1634.1358572652398,1334,158
835,1526.3369402893309,-586.4260777866236,8,1635.1146748775755,1338,136
836,-729.7845769667107,1464.3136519275913,7,1636.0929068974049,1339,142
837,-451.2787254815139,-1573.6414813825227,7,1637.07055437449,1339,125
838,1396.5714629167308,856.030460303033,10,1638.0476183554615,1338,167
839,-1608.9871867280767,312.3463349310647,7,1639.0240998838303,1333,182
840,976.0109451203285,-1317.953957847285,7,1640.0,1333,157
841,170.68645934130296,1632.0741810951886,7,1640.9753197412813,1336,152
842,-1229.0387683024476,-1088.7900192459533,11,1641.9500601419036,1332,141
843,1642.6960549881162,-27.38011918308402,10,1642.924222233028,1337,171
844,-1193.4847737616406,1130.4840090859873,7,1643.8978070427618,1331,135
845,116.47645327624932,-1640.741672486009,7,1644.8708155961674,1333,152
846,1023.0234086780863,1289.2723161910635,8,1645.8432489152788,1333,183
847,-1626.1962503475172,-259.78020585809645,7,1646.815108019112,1327,140
848,1375.3962381747135,-907.4608465464761,7,1647.7863939236784,1334,136
849,-401.42973048614596,1599.1416983750441,8,1648.757107641996,1334,150
850,-784.6643379877614,-1451.172586803592,7,1649.7272501841026,1332,128
851,1559.7562167014664,540.333734335668,7,1650.696822557068,1337,174
852,-1515.9952924896936,655.5595115236206,9,1651.665825765006,1340,162
853,675.4194529213812,-1508.3131513765245,8,1652.634260809088,1334,142
854,521.1226278891885,1569.3410103294525,7,1653.6021286875512,1329,142
855,-1445.1791153468246,-805.6409402242225,7,1654.5694303957148,1329,157
856,1610.773336335568,-382.3731932946964,12,1655.5361669259903,1339,142
857,-929.9871717557938,1370.8113875984764,7,1656.5023392678927,1332,174
858,-240.36622288740142,-1639.946364639662,8,1657.4679484080527,1329,149
859,1285.7546088208867,1047.4898977536006,11,1658.4329953302304,1337,148
860,-1656.6075567672026,96.1842131630724,8,1659.3974810153231,1327,146
861,1157.2311854815805,-1190.6367974109046,7,1660.3614064413807,1333,184
862,-49.07111554791389,1660.5998993191838,8,1661.324772583615,1335,157
863,-1086.1647149258897,-1258.350591866178,8,1662.2875804144119,1327,159
864,1651.863331822304,194.28724348478724,8,1663.2498309033433,1334,152
865,-1350.0519104120358,973.1186151712502,8,1664.2115250171773,1332,164
866,338.3493782873381,-1630.435432089407,8,1665.1726637198915,1331,143
867,852.3464159328952,1431.6094394933095,11,1666.1332479726825,1332,148
868,-1596.4513521220804,-480.1490188551689,7,1667.0932787339766,1326,152
869,1502.373722683363,-724.7573369001062,8,1668.0527569594435,1335,194
870,-618.5924904038517,1550.1430033438721,7,1669.011683602005,1333,124
871,-591.3150515339687,-1561.7767157405633,9,1669.9700596118482,1328,155
872,1491.8374957313815,752.6093849600335,12,1670.9278859364338,1341,146
873,-1609.3363391814341,453.03040448749096,8,1671.8851635205092,1340,156
874,881.1608421178813,-1421.954841166943,7,1672.8418933061187,1335,179
875,310.9537496454225,1644.6603800120718,10,1673.7980762326142,1336,129
876,-1341.0049370263773,-1003.2476059631948,10,1674.7537132366658,1324,138
877,1667.4497111194244,-166.16696689699822,8,1675.708805252273,1340,165
878,-1117.9177956517578,1249.5838515942473,9,1676.6633532107746,1337,161
879,-19.775218358985562,-1677.5008020084088,7,1677.6173580408615,1329,146
880,1148.3694383240204,1224.2743291939814,8,1678.5708206685827,1337,180
881,-1674.707499969442,-127.10149309155057,7,1679.5237420173614,1335,131
882,1321.4819425337303,-1038.1163111892997,9,1680.4761230080003,1337,182
883,-273.33689845294464,1659.062066332699,8,1681.4279645586962,1334,129
884,-919.6502183641292,-1408.7737489969104,8,1682.3792675850473,1329,154
885,1630.6554581676241,417.8071047123737,7,1683.3300330000652,1329,163
886,-1485.457287602871,793.8618561862771,8,1684.280261714184,1332,140
887,559.3992380810213,-1589.6768515753042,8,1685.2299546352715,1341,154
888,661.7001697603979,1550.9200125535363,8,1686.1791126686394,1335,162
889,-1536.4124085527726,-697.0200218394511,7,1687.1277367170517,1327,138
890,1604.6341804128256,-524.1651906134739,7,1688.0758276807355,1332,150
891,-829.6042226383021,1471.2432952372965,7,1689.0233864573931,1337,121
892,-382.30046549086785,-1646.161096030843,9,1689.9704139422088,1337,174
893,1394.6429651203077,956.1228999665452,7,1690.9169110278601,1328,149
894,-1675.154683119177,237.18513364857054,7,1691.862878604528,1335,149
895,1075.5913948715431,-1307.173726510095,8,1692.8083175599063,1336,149
896,89.92571282970319,1691.3643505088044,10,1693.7532287792103,1331,148
897,-1209.4826190757558,-1187.0769958825967,10,1694.6976131451888,1332,141
898,1694.637130481534,58.35234351173553,7,1695.6414715381313,1332,159
899,-1289.7062224391775,1102.296629678993,7,1696.5848048358796,1334,144
900,206.51325327878234,-1684.9190711189108,7,1697.5276139138355,1325,158
901,986.4172828533942,1382.6716689395669,8,1698.4698996449717,1335,144
902,-1662.255870316604,-353.4196112243771,10,1699.4116628998402,1334,132
903,1465.2383557844778,-862.7146461826181,7,1700.3529045465827,1334,148
904,-497.941126101244,1626.7927449238964,7,1701.293625450939,1337,172
905,-732.1207954211965,-1536.7495374692112,7,1702.233826476257,1330,182
906,1578.7735343423997,638.9633223120147,8,1703.1735084835013,1334,150
907,-1596.631921849578,595.6227884583687,7,1704.1126723312632,1335,144
908,775.3961390304826,-1518.5390438104055,8,1705.0513188757693,1335,156
909,454.2552011130211,1644.4002591406293,10,1705.9894489708897,1329,150
910,-1446.524638463965,-906.182360409148,8,1706.9270634681493,1336,144
911,1679.661263969784,-309.09228123560166,7,1707.8641632167355,1337,165
912,-1030.3058116452332,1363.2571050576105,8,1708.8007490635061,1335,129
913,-161.2397806531486,-1702.1168388612236,9,1709.736821853001,1333,151
914,1269.3508039017909,1146.7992573392594,9,1710.6723824274477,1330,147
915,-1711.5665728380861,11.82652710176577,9,1711.6074316267736,1338,160
916,1254.7519407353889,-1165.503139086624,7,1712.5419702886113,1338,156
917,-138.00419957401732,1707.909494352653,11,1713.4759992483114,1336,145
918,-1052.4893803696361,-1353.3167050654254,12,1714.4095193389471,1336,167
919,1691.1450634502885,287.103421031029,7,1715.3425313913256,1333,129
920,-1441.7166413093978,931.1568751674174,12,1716.2750362339948,1335,145
921,434.32527678213796,-1661.3733938967841,7,1717.2070346932544,1333,149
922,802.4186938687671,1519.2512102117746,7,1718.1385275931623,1336,156
923,-1618.794701906692,-578.5358356046961,7,1719.0695157555438,1330,141
924,1585.3017903306657,-667.2467561362786,9,1720.0,1336,162
925,-718.6218342106417,1563.7079840544823,7,1720.9299811439162,1331,139
926,-526.664489974108,-1639.3366082047678,7,1721.8594600024708,1324,143
927,1496.5089328942186,853.4992757863407,7,1722.7884373886427,1329,186
928,-1680.915011399195,381.7390790223672,7,1723.71691411322,1336,149
929,982.1218219719505,-1417.6871046907695,11,1724.644890984808,1330,140
930,233.5733568490781,1709.6910501521184,7,1725.5723688098392,1333,144
931,-1327.8223594604883,-1103.4889132731612,9,1726.4993483925793,1332,136
932,1725.4163386018704,-83.2974098379778,7,1727.4258305351348,1330,152
933,-1216.6535548668057,1227.5805991583463,7,1728.351816037464,1330,152
934,67.94004735203012,-1727.9421720548994,7,1729.2773056973829,1334,155
935,1117.7088353064128,1320.7297071990097,7,1730.2023003105733,1333,151
936,-1717.220882431816,-218.980457895436,10,1731.126800670592,1330,159
937,1414.899223689531,-999.0296225852175,10,1732.0508075688772,1333,141
938,-368.6643032344158,1693.3064198545646,7,1732.9743217947575,1329,172
939,-872.4348998660461,-1498.4182812204747,8,1733.8973441354592,1335,139
940,1656.3541542684088,515.8400097295522,7,1734.8198753761153,1336,145
941,-1570.6232528774021,738.8792848096425,8,1735.7419162997708,1339,143
942,659.3728130733344,-1606.619896982406,11,1736.6634676873928,1337,140
943,599.372872458673,1630.9359765976833,8,1737.5845303178778,1334,156
944,-1544.4581480153622,-798.1535121948392,7,1738.5051049680583,1331,122
945,1678.8683779333182,-454.97359217382024,9,1739.4251924127122,1327,156
946,-931.1070450921196,1470.3195811046733,10,1740.3447934245673,1333,128
947,-306.7791807754915,-1714.0264100190286,7,1741.2639087743134,1330,149
948,1384.7477841269165,1057.2008202586653,7,1742.1825392306055,1334,182
949,-1736.1132790143267,155.91883282696585,7,1743.1006855600742,1335,167
950,1175.452739113409,-1288.3752784459905,9,1744.0183485273312,1337,140
951,3.5445916057889777,1744.931928721103,12,1744.9355288949791,1328,154
952,-1181.918846302344,-1284.9388470878046,9,1745.8522274236157,1341,165
953,1740.3867637248181,149.17745356270927,7,1746.768444871844,1333,154
954,-1384.8005537521694,1066.1742007419261,7,1747.684181996278,1331,156
955,301.07609631011996,-1722.4845962244942,7,1748.5994395515513,1331,179
956,942.0100377139896,1474.2513655567993,9,1749.5142182903228,1337,126
957,-1691.3348076599561,-450.98400015727657,8,1750.4285189632851,1334,138
958,1552.5830783975955,-810.361514802774,7,1751.342342319171,1336,176
959,-597.7466743770669,1647.1487222686228,10,1752.2556891047607,1329,160
960,-672.223205561515,-1619.1713812640714,10,1753.16856006489,1332,155
961,1590.2381957623757,740.2313697341021,8,1754.0809559424563,1328,141
962,-1673.480826659221,528.6415825528387,9,1754.9928774784244,1338,195
963,877.3358255226156,-1521.0134283610225,8,1755.9043254118378,1337,128
964,380.7070859347649,1715.0691282624905,8,1756.8153004798198,1331,153
965,-1439.9800174060429,-1007.9968003279038,7,1757.7258034175863,1329,135
966,1743.5907514029043,-229.54583773672903,10,1758.635834958449,1336,152
967,-1131.1983204628227,1347.7352706604102,7,1759.5453958338217,1333,162
968,-76.31106481888241,-1758.7997672805761,7,1760.454486773231,1332,146
969,1244.9638071318216,1245.979582068599,7,1761.3631085043198,1331,142
970,-1760.551947480634,-77.82570412239443,7,1762.271261752855,1338,113
971,1351.4424454038694,-1132.432477793184,8,1763.1789472427354,1337,178
972,-231.68360026855052,1748.8060811212324,7,1764.0861656959958,1334,155
973,-1010.98464387265,-1446.758462858846,7,1764.9929178328166,1331,182
974,1723.624502922615,384.0814665207998,8,1765.899204371529,1335,166
975,-1531.1753857006222,881.5338554046298,9,1766.805026028622,1339,146
976,533.8469300460382,-1685.1728265315755,7,1767.710383518748,1332,129
977,745.0569774337634,1604.0230984550265,9,1768.6152775547312,1335,164
978,-1633.7188835387947,-679.8254258033854,11,1769.5197088475732,1333,136
979,1664.718934130975,-602.5868156090302,8,1770.4236781064585,1338,169
980,-820.8891015646303,1569.6308747385208,7,1771.3271860387622,1332,156
981,-455.20429686079063,-1712.7723281625824,7,1772.2302333500577,1334,151
982,1493.3747462538574,955.9455357138432,9,1773.1328207441202,1328,167
983,-1747.7887739472176,304.0302643884022,11,1774.0349489229347,1334,126
984,1083.9462004138506,-1405.5108091396437,9,1774.9366185867032,1338,158
985,150.21694927203689,1769.4730481562592,7,1775.8378304338494,1330,128
986,-1306.689626932326,-1203.8946045511866,7,1776.7385851610245,1332,162
987,1777.6316795494272,5.060816365170314,8,1777.6388834631175,1332,171
988,-1314.8540532035029,1197.6472012969095,7,1778.5387260332568,1329,186
989,160.6145776005638,-1772.1746407908543,7,1779.4381135628182,1334,174
990,1079.1994913809792,1415.954963197289,11,1780.337046741431,1336,146
991,-1753.116248701579,-315.2513577108007,7,1781.2355262569854,1334,145
992,1506.4016776183478,-952.2363076824095,8,1782.1335527956373,1334,123
993,-467.7828121949549,1720.5752644435463,8,1783.0311270418135,1330,128
994,-817.7146261301948,-1585.4787258783247,9,1783.9282496782207,1338,138
995,1674.7741912679487,617.0343655444067,8,1784.8249213858485,1339,154
996,-1652.556480099804,676.6513726285835,11,1785.7211428439773,1334,155
997,761.8542604754699,-1616.0377736288763,7,1786.6169147301835,1329,154
998,530.1157324876485,1707.096163128804,9,1787.5122377203463,1328,152
999,-1544.7907076141926,-901.1224498750666,10,1788.4071124886525,1336,156
1000,1748.654168382736,-379.2210429257348,8,1789.3015397076035,1331,157
1001,-1033.759262781952,1461.554578732014,12,1790.1955200480197,1340,121
1002,-225.11633015110291,-1776.885656956941,9,1791.0890541790488,1335,160
1003,1366.944049066104,1158.7337773288411,8,1791.9821427681695,1341,170
1004,-1791.5474029042866,68.97755538510964,10,1792.8747864811976,1338,166
1005,1275.0718356929603,-1261.6623216307066,8,1793.7669859822931,1335,136
1006,-88.00136344544526,1792.4998633282355,9,1794.6587419339646,1333,143
1007,-1146.4959153697237,-1381.8636387287058,10,1795.5500549970752,1334,169
1008,1779.7084558466456,244.61768576280153,10,1796.4409258308497,1334,145
1009,-1478.2708610670254,1022.3087896130777,12,1797.3313550928779,1332,138
1010,399.66906822334045,-1753.244032046163,7,1798.221343439122,1330,164
1011,890.0358618827902,1563.5332310387773,8,1799.1108915239215,1332,126
1012,-1713.2825417090096,-551.9627997203398,7,1800.0,1339,165
1013,1636.9745237871132,-750.6759676930877,7,1800.8886695184685,1327,158
1014,-700.3249805372664,1660.10388880801,9,1801.7769007288332,1338,150
1015,-605.2843153754922,-1698.0079203467874,7,1802.6646942789998,1333,173
1016,1594.0899864841049,843.6095749759521,7,1803.5520508152795,1340,148
1017,-1746.1406902530969,454.96449294690905,12,1804.4389709823936,1329,171
1018,980.7072676198749,-1515.7220243954887,7,1805.325455423481,1330,157
1019,300.86008759472423,1780.9781603637073,12,1806.211504780102,1334,167
1020,-1425.5769679112836,-1110.5540547676512,8,1807.0971196922428,1335,146
1021,1802.226937994191,-144.14598144964967,9,1807.9823007983239,1330,133
1022,-1232.13950447621,1324.3233145682816,9,1808.8670487352022,1334,130
1023,13.980610070167886,-1809.697362141545,8,1809.7513641381793,1341,136
1024,1212.7161389707683,1344.5146210732821,7,1810.6352476410038,1333,164
1025,-1803.3051624560603,-172.309288952517,8,1811.5186998758804,1334,151
1026,1446.799252917176,-1091.5914628460139,11,1812.4017214734704,1338,165
1027,-329.6257443451479,1783.0723116758072,7,1813.2843130629017,1340,158
1028,-961.8599922287207,-1538.1889855767936,8,1814.1664752717707,1333,131
1029,1749.127063413371,484.72107034346806,11,1815.0482087261485,1334,165
1030,-1617.9614664512385,824.5002686955041,9,1815.929514050587,1329,131
1031,636.4010602792454,-1701.703173434031,8,1816.8103918681222,1332,157
1032,680.5512861666842,1685.482111117431,9,1817.690842800282,1335,146
1033,-1641.1383088403536,-783.4954060213912,10,1818.5708674670889,1334,180
1034,1740.2091463538122,-531.1046290012316,7,1819.4504664870653,1330,136
1035,-924.866731393751,1567.8716558318924,8,1820.329640477241,1331,142
1036,-377.2961908985332,-1781.697949803349,8,1821.2083900531536,1335,153
1037,1482.4407428922207,1059.4193899552533,7,1822.0867158288597,1333,163
1038,-1809.6046515717321,220.29753745775344,9,1822.9646184169346,1337,144
1039,1186.1079590670365,-1385.4775023210696,7,1823.8420984284796,1335,160
1040,61.30697810544127,1823.688968666417,7,1824.719156473127,1338,122
1041,-1277.7035989300723,-1303.9453643773347,7,1825.595793159044,1335,153
1042,1823.8162490263535,98.45958453823552,7,1826.4720090929397,1331,151
1043,-1412.0105715720188,1159.9250604107408,7,1827.347804880067,1323,159
1044,257.7779579437587,-1809.9587079263288,8,1828.2231811242302,1333,157
1045,1033.026249318661,1509.455785446735,8,1829.0981384277882,1330,166
1046,-1782.1958457177266,-415.42504439005285,8,1829.9726773916598,1332,143
1047,1595.5131000318534,-897.9632217561832,7,1830.846798615329,1331,165
1048,-570.1882351381469,1740.7140421419151,10,1831.7205026968497,1336,165
1049,-755.7565226369687,-1669.5005476164652,10,1832.5937902328492,1336,181
1050,1685.8053287752805,720.8747418746678,7,1833.4666618185345,1336,150
1051,-1730.8274990416153,607.4834718421132,7,1834.3391180476963,1328,118
1052,866.3207935856827,-1617.8653474875691,8,1835.211159512714,1329,135
1053,454.2699995943739,1778.9993725317968,7,1836.0827868045599,1332,132
1054,-1537.3905090690405,-1005.4006279212466,7,1836.9540005128056,1328,140
1055,1813.6216135703958,-297.2820929526602,7,1837.8248012256229,1330,134
1056,-1137.0352075582541,1444.9743723585402,9,1838.6951895297923,1329,171
1057,-137.71691843504016,-1834.4029138596454,7,1839.5651660107073,1331,159
1058,1341.3032702363455,1260.2005940536949,7,1840.4347312523746,1332,141
1059,-1841.1576431966582,-23.20631160968642,7,1841.3038858374243,1334,133
1060,1373.9359141879027,-1227.1512146857258,10,1842.1726303471128,1330,144
1061,-184.25565916531605,1833.807474100145,7,1843.0409653613235,1329,152
1062,-1103.3741187304176,-1477.3508568095376,8,1843.9088914585775,1336,191
1063,1812.382185191707,344.19589596584757,10,1844.7764092160328,1332,144
1064,-1569.6326416885786,970.9033783779591,7,1845.6435192094925,1332,160
1065,501.79798186806335,-1777.0196356239678,9,1846.5102220134067,1331,132
1066,830.7388626996999,1650.0524058345568,10,1847.3765182008783,1334,159
1067,-1727.9649092070345,-655.8485134153507,7,1848.2424083436674,1335,183
1068,1717.9709571150208,-683.9413648181393,7,1849.107893012195,1330,163
1069,-805.1590699234357,1665.5686332661373,11,1849.9729727755487,1335,137
1070,-531.6245708147455,-1772.8438497809211,12,1850.8376482014837,1338,145
1071,1590.28448361765,948.575385072238,7,1851.7019198564333,1329,172
1072,-1814.225741635221,374.94660738314747,7,1852.5657883055057,1334,140
1073,1084.986273196721,-1502.6658933291494,8,1853.4292541124953,1329,145
1074,215.1012324035011,1841.7739980297517,7,1854.2923178398817,1336,149
1075,-1403.3619890832379,-1213.332241225106,7,1855.1549800488367,1333,165
1076,1855.2515136018126,-53.308735477252355,7,1856.017241299229,1325,119
1077,-1332.613719502639,1293.1127849469829,7,1856.8791021496256,1332,176
1078,109.19338218544661,-1854.5287286226933,7,1857.7405631572994,1331,157
1079,1172.7436691126557,1441.8988475465908,10,1858.6016248782312,1332,160
1080,-1839.5848229797207,-271.1598773098074,8,1859.4622878671134,1335,127
1081,1540.3307540826602,-1043.1592246762445,7,1860.3225526773576,1334,156
1082,-431.3473110369061,1810.5080771046648,7,1861.1824198610946,1330,150
1083,-905.3364307151726,-1627.1342744899425,7,1862.041889969181,1335,121
1084,1767.4953955461801,588.5235991216085,7,1862.9009635512027,1330,125
1085,-1701.6220530028563,760.3172947752433,9,1863.7596411554791,1333,146
1086,741.4774924667796,-1710.850995313495,8,1864.6179233290663,1335,163
1087,609.2009723411301,1763.199981652286,9,1865.4758106177628,1341,148
1088,-1640.9842675433717,-889.0279150145647,7,1866.3333035661128,1336,144
1089,1811.3719329397093,-453.1354329097009,7,1867.1904027174091,1329,159
1090,-1030.0330869794645,1558.406827413033,8,1868.0471086136986,1339,153
1091,-293.30873587922196,-1845.7437485894222,8,1868.9034217957865,1329,166
1092,1463.7287734891424,1163.399362927439,7,1869.759342803239,1337,146
1093,-1866.0264523745464,130.93998258158132,10,1870.6148721743873,1332,143
1094,1288.0897162696754,-1357.6541838186583,7,1871.4700104463336,1328,175
1095,-32.72998660571612,1872.0386609193704,8,1872.324758154952,1334,175
1096,-1240.9758819841193,-1403.1318043340534,9,1873.1791158348951,1336,192
1097,1863.7081724987925,196.44807904688327,7,1874.0330840195963,1337,143
1098,-1507.6255512826913,1114.569512017784,9,1874.8866632412744,1332,144
1099,358.9585479718984,-1841.0727201384268,8,1875.7398540309366,1333,171
1100,979.3869664519809,1600.750189737295,8,1876.592656918384,1336,152
1101,-1804.2798817183486,-519.0126283881943,7,1877.4450724322137,1339,141
1102,1681.7707060286148,-836.4492168350773,11,1878.2971010998233,1335,162
1103,-675.3781368082992,1753.586146250406,12,1879.1487434474154,1335,140
1104,-686.8386007242246,-1750.0436384716782,8,1880.0000000000002,1335,123
1105,1689.3551419839039,826.8489609672033,9,1880.8508712813996,1333,136
1106,-1805.022182950991,531.6906234407742,7,1881.701357814252,1343,170
1107,972.2543664166775,-1612.0550384474175,10,1882.5514601200148,1336,155
1108,372.185336708412,1846.2605653426187,8,1883.4011787189686,1335,160
1109,-1522.2551409058146,-1110.4680481606924,8,1884.2505141302202,1331,147
1110,1873.4176458633344,-209.53835965732335,10,1885.0994668717085,1329,157
1111,-1240.4168573276984,1420.6217019520982,7,1885.9480374602053,1333,154
1112,-44.991610543400874,-1886.2597262786244,8,1886.7962264113207,1332,189
1113,1307.9129810151942,1361.0891352486613,8,1887.6440342395067,1334,164
1114,-1884.6625369767837,-120.19618012329904,8,1888.49146145806,1329,158
1115,1471.5425902071556,-1184.9735884003553,7,1889.3385085791267,1337,148
1116,-284.7591025409,1868.6123871793482,7,1890.1851761137057,1335,174
1117,-1052.7281560431422,-1570.9116555280903,7,1891.03146457165,1333,131
1118,1838.2064679607836,447.4337729174468,8,1891.877374461675,1339,168
1119,-1658.4142715495173,912.1743824077081,7,1892.7229062913568,1327,145
1120,606.9690366740754,-1793.6523042437584,11,1893.5680605671398,1332,140
1121,764.3755038544101,1733.3580383484875,8,1894.4128377943389,1330,156
1122,-1735.266358470576,-762.1355949962353,7,1895.2572384771413,1340,139
1123,1795.1456908345115,-610.4522493023389,7,1896.1012631186131,1337,162
1124,-911.7354806372208,1663.471795176346,7,1896.9449122207,1336,134
1125,-451.5743390838865,-1843.279852947173,10,1897.7881862842335,1337,127
1126,1578.795422154959,1054.6113099064248,9,1898.631085808931,1330,161
1127,-1877.3670331589017,288.9515924997532,7,1899.4736112934024,1333,172
1128,1189.6552393658117,-1481.863830265613,7,1900.3157632351524,1340,131
1129,123.82471169758313,1897.1208292496844,7,1901.1575421305831,1331,147
1130,-1373.3987601216606,-1315.8175579069784,7,1901.9989484749983,1339,143
1131,1902.364316338424,42.54418787849425,7,1902.8399827626074,1331,166
1132,-1432.11484754763,1254.2117299059312,9,1903.680645486527,1337,173
1133,208.88122817908763,-1893.0315983930107,8,1904.5209371387864,1329,175
1134,1125.1979642772114,1537.637649508628,8,1905.3608582103284,1332,141
1135,-1869.1685098296357,-373.91052654513237,8,1906.2004091910167,1331,149
1136,1631.5575757996867,-987.3296697915285,7,1907.0395905696344,1335,160
1137,-536.3639862356819,1830.9324603243479,8,1907.8784028338914,1335,148
1138,-841.6487073528814,-1713.133810713928,8,1908.7168464704241,1336,164
1139,1778.591422531218,694.9910443296213,7,1909.5549219648017,1340,144
1140,-1781.718951218546,689.2587169334057,12,1910.3926298015285,1331,137
1141,848.5683020408052,-1712.5220689881885,8,1911.2299704640468,1334,133
1142,531.3167541078681,1836.7641402216777,7,1912.0669444347393,1338,151
1143,-1633.2070710412013,-995.9089632597049,7,1912.903552194935,1337,167
1144,1877.8234520501355,-369.02450180240265,7,1913.7397942249095,1335,147
1145,-1135.8720084799363,1541.2315790794567,10,1914.575671003891,1337,161
1146,-203.61912403166758,-1904.55749514909,7,1915.4111830100605,1331,129
1147,1437.2789096996287,1267.3710331756236,7,1916.2463307205576,1332,145
1148,-1916.7362029699627,36.36383126529332,7,1917.0811146114818,1336,166
1149,1389.382682151771,-1322.125471555839,10,1917.915535157896,1336,170
1150,-131.46177059925992,1914.2407902014072,9,1918.749592833833,1330,158
1151,-1196.6349675575104,-1500.9546143766759,9,1919.5832881122924,1332,161
1152,1897.064857873107,298.5714738934189,9,1920.4166214652487,1332,136
1153,-1601.2129363008614,1061.7519167031312,7,1921.2495933636524,1327,164
1154,463.682330476877,-1865.314637374492,7,1922.0822042774341,1336,130
1155,918.4945441407466,1689.3690456450545,7,1922.9144546755062,1335,149
1156,-1819.2083700305448,-625.5245050442131,7,1923.7463450257674,1335,174
1157,1764.725832070543,-767.9470929842299,7,1924.5778757951055,1330,177
1158,-782.8510447351468,1759.0748255139938,11,1925.409047449398,1327,151
1159,-611.2516159495981,-1826.6831859955914,8,1926.2398604535208,1335,120
1160,1685.3509689964133,934.4474898584997,8,1927.0703152713447,1329,146
1161,-1874.74277205481,449.59930897216316,9,1927.9004123657426,1338,161
1162,1079.1412516324751,-1598.5787934991179,12,1928.7301521985912,1336,129
1163,284.2214525909802,1908.51202927492,7,1929.559535230774,1332,157
1164,-1499.401340347699,-1215.8106845078814,7,1930.3885619221846,1334,124
1165,1927.7073659179027,-116.3800300131453,8,1931.2172327317296,1335,145
1166,-1343.3937828645428,1388.5579369118502,7,1932.0455481173315,1329,133
1167,52.64190662785154,-1932.1565230763747,7,1932.8735085359313,1333,140
1168,1266.8786868762481,1460.896434638237,7,1933.701114443491,1330,145
1169,-1921.8000874494685,-221.55004824918163,10,1934.5283662949994,1335,139
1170,1567.4001677256974,-1135.2782540916805,8,1935.3552645444709,1336,154
1171,-389.0487439663452,1896.692140232096,8,1936.1818096449517,1336,153
1172,-994.7489865532675,-1662.0693288040804,12,1937.00800204852,1332,140
1173,1857.0000356664402,553.8509434268758,7,1937.8338422062923,1331,146
1174,-1744.1576384605526,846.3534322017655,7,1938.6593305684214,1334,152
1175,714.6880900082567,-1803.0033094812527,8,1939.4844675841052,1335,137
1176,691.2163030043447,1813.0140712253192,8,1940.3092537015848,1331,146
1177,-1735.0917241307027,-870.3198888070667,10,1941.1336893681485,1332,159
1178,1868.088014202096,-530.5159481056809,10,1941.9577750301369,1334,152
1179,-1019.5438741803673,1653.7624643887912,7,1942.7815111329428,1336,160
1180,-365.4754007146272,-1908.9336634551978,7,1943.6048981210147,1331,142
1181,1559.6165034065396,1161.204703014055,8,1944.4279364378615,1333,151
1182,-1935.2136231006282,197.35306677561158,7,1945.2506265260524,1330,158
1183,1294.2031018764353,-1453.3541657467435,8,1946.0729688272224,1339,156
1184,27.43312634036578,1946.7016781158827,8,1946.894963782073,1332,139
1185,-1335.7699201255525,-1417.5043987542952,7,1947.7166118303765,1332,178
1186,1943.2847181833754,142.98427911822674,9,1948.537913410976,1332,163
1187,-1530.1465731446901,1207.7464405633996,8,1949.3588689617927,1341,143
1188,312.5929984412863,-1924.963796367476,9,1950.179478919825,1329,178
1189,1070.2479803335293,1631.2477618657447,7,1950.9997437211518,1329,159
1190,-1891.8543130454766,-480.0908853657071,11,1951.8196638009365,1340,126
1191,1720.0131620272111,-924.3131084503532,10,1952.6392395934279,1334,156
1192,-644.1897991403587,1844.185322217782,10,1953.4584715319647,1337,144
1193,-771.0468634204117,-1795.7412771358643,8,1954.2773600489772,1330,157
1194,1782.297964060773,803.6255143441026,8,1955.09590557599,1335,132
1195,-1857.829457267823,611.6123835469211,9,1955.9141085436243,1334,152
1196,957.1674636430604,-1706.6430343053908,9,1956.7319693816014,1331,140
1197,447.22207719892043,1905.7786895822617,8,1957.5494885187447,1331,149
1198,-1617.7777076738598,-1103.6282383817077,7,1958.3666663829836,1326,151
1199,1939.1976011381914,-279.1284000955179,9,1959.183503401353,1332,140
1200,-1241.872773638634,1516.361439134841,10,1960.0,1334,154
1201,-108.61430978588288,-1957.8056419649363,8,1960.816156604183,1330,140
1202,1403.1510730932994,1370.8271466808362,9,1961.6319736382766,1337,171
1203,-1961.4354225820327,-63.016529898451736,7,1962.4474515257725,1335,125
1204,1489.4869206033798,-1278.9951967663762,8,1963.2625906892843,1333,157
1205,-234.4497196015591,1950.0341866179554,8,1964.077391550547,1327,154
1206,-1144.827779862978,-1596.9249683231847,7,1964.8918545304218,1338,162
1207,1923.6644057900326,404.37019412474,7,1965.705980048898,1332,155
1208,-1692.298715981372,1001.6611482371673,12,1966.5197685250969,1323,149
1209,571.4723138598628,-1882.5034912296057,8,1967.33322037727,1331,159
1210,850.5783443805047,1774.8567491690478,7,1968.1463360228072,1332,153
1211,-1826.8426219153594,-734.4699005088061,9,1968.9591158782348,1332,165
1212,1843.944730193815,-692.7249324157885,7,1969.771560359221,1339,156
1213,-892.1061399245716,1757.0846977618583,7,1970.5836698805763,1334,149
1214,-529.3003096165659,-1899.0105798125,7,1971.3954448562572,1333,137
1215,1673.7414316474385,1043.163275804312,9,1972.206885699368,1332,162
1216,-1939.6088824301771,361.54859036920556,8,1973.0179928221637,1334,163
1217,1186.4720194467916,-1577.4296013039223,7,1973.8287666360523,1336,133
1218,190.7491318864507,1965.4044796643173,8,1974.6392075515973,1332,129
1219,-1468.8664884789216,-1320.920602846213,7,1975.4493159785195,1332,161
1220,1976.1752233509324,-18.206773846394427,10,1976.2590923257005,1327,129
1221,-1445.4634050159825,1348.8645390696581,8,1977.0685370011836,1332,170
1222,154.75813355416904,-1971.813865479911,7,1977.8776504121784,1330,141
1223,1218.3252839666072,1559.129084600658,8,1978.6864329650618,1329,164
1224,-1952.3290691404436,-326.8198368967358,7,1979.4948850653795,1333,153
1225,1661.0281555184772,-1078.2325660890076,8,1980.3030071178503,1335,135
1226,-496.6573447898392,1917.8455312840779,8,1981.110799526367,1334,137
1227,-929.6451244977997,-1750.3599465531288,9,1981.9182626939996,1331,124
1228,1868.6032149211323,662.9645731005602,7,1982.7253970229965,1336,167
1229,-1826.418890450387,773.6885914927125,7,1983.53220291479,1328,164
1230,824.4603922276395,-1804.9556952035825,8,1984.3386807699942,1335,131
1231,611.5469631998583,1888.6000931380447,7,1985.1448309884092,1334,137
1232,-1727.367630661744,-979.8984991018372,7,1985.9506539690256,1340,162
1233,1936.404139137971,-444.45360829824995,10,1986.756150110023,1331,119
1234,-1128.0770378211084,1636.4113776006182,7,1987.561319808775,1337,156
1235,-273.6818831855805,-1969.4410950358465,7,1988.3661634618509,1338,174
1236,1532.7627722727134,1267.8478946367607,9,1989.1706814650172,1341,157
1237,-1987.433678973149,100.53542501652943,7,1989.97487421324,1339,131
1238,1398.1255953890534,-1417.1961118765478,10,1990.7787421006885,1337,147
1239,-73.6618033641105,1990.2195704808921,8,1991.5822855207364,1333,159
1240,-1290.5783716340952,-1517.895736429313,8,1992.3855048659632,1329,160
1241,1977.752841537038,247.5756405468266,7,1993.1884005281586,1329,129
1242,-1626.22288353882,1153.8627011281217,7,1993.9909728983228,1331,152
1243,419.8719482513963,-1950.1044964492485,10,1994.7932223666694,1332,133
1244,1008.0812486856886,1722.2578773366963,8,1995.5951493226275,1335,147
1245,-1907.4621149903633,-589.2268492494971,9,1996.3967541548448,1335,156
1246,1805.244488129903,-854.3373678334602,9,1997.1980372511887,1332,134
1247,-754.3369029263946,1850.1286000933599,8,1997.9989989987484,1340,179
1248,-693.7972646830013,-1874.5253680647763,9,1998.7996397838378,1335,157
1249,1778.5200382927771,913.9291402461456,10,1999.599959991998,1336,134
1250,-1929.5472537542548,527.6811494922023,8,2000.3999600079976,1339,139
1251,1066.7708808404216,-1693.1626879278176,7,2001.1996402158384,1334,171
1252,357.25395955789514,1969.8653782378647,7,2001.9990009987516,1327,139
1253,-1594.689116845959,-1211.6792564920202,7,2002.7980427392072,1337,149
1254,1995.1470571395537,-183.81572399383708,7,2003.596765818911,1331,158
1255,-1347.5303674194179,1483.8335179131411,9,2004.3951706188077,1334,108
1256,-8.691643810590884,-2005.1744201759284,9,2005.1932575190854,1333,171
1257,1361.42623699664,1473.268000472816,7,2005.9910268991737,1330,161
1258,-1999.8462656864315,-166.77803698339437,8,2006.788479137749,1339,147
1259,1587.911841605171,-1228.3875541904824,11,2007.585614612737,1335,147
1260,-341.248291815588,1979.1790225578236,8,2008.3824337013104,1330,124
1261,-1085.7207648532953,-1690.5651187595158,7,2009.1789367798979,1325,176
1262,1943.3068107467093,513.3796249418683,8,2009.975124224178,1335,144
1263,-1780.4216155882661,934.5046124798255,10,2010.7709964090889,1331,158
1264,681.8483586911568,-1892.4805985135424,7,2011.5665537088253,1331,159
1265,775.8851304875565,1856.7720011590834,7,2012.3617964968425,1335,155
1266,-1827.0664614165332,-845.3568155322749,7,2013.1567251458594,1339,160
1267,1919.0094259695504,-611.0669546293725,7,2013.9513400278565,1333,131
1268,-1002.6433166170397,1747.542955020901,7,2014.7456415140846,1331,140
1269,-441.3041719058472,-1966.6343401503227,7,2015.5396299750598,1337,138
1270,1654.4976201048873,1152.4919197405525,7,2016.3333057805696,1341,162
1271,-1999.2584956414835,267.8907755137393,9,2017.126669299675,1336,133
1272,1293.7418215406253,-1548.6226458362105,10,2017.9197209007102,1336,145
1273,92.1507985017361,2016.6081003346915,7,2018.7124609512869,1336,138
1274,-1430.7097228996397,-1425.2963512197862,7,2019.504889818294,1334,190
1275,2018.5260986370988,84.57179861450918,9,2020.2970078679025,1329,143
1276,-1546.1314860973007,1301.6441248277324,7,2021.0888154655652,1335,122
1277,260.92340901913735,-2004.9735595827271,8,2021.8803129760176,1338,160
1278,1162.398061774006,1655.3038228627497,7,2022.671500763285,1330,153
1279,-1976.0301604419938,-435.5511508693202,8,2023.4623791906783,1333,132
1280,1751.9579424803949,-1014.0233566244233,9,2024.2529486207995,1337,155
1281,-607.1132491854911,1931.8937607082423,9,2025.0432094155422,1334,163
1282,-857.6434986250838,-1835.3331112542285,7,2025.8331619360958,1330,181
1283,1872.8790683183292,774.2893486643521,8,2026.622806542944,1338,145
1284,-1904.7692655730393,694.4451345702868,11,2027.4121435958696,1342,158
1285,935.7906781276425,-1799.4154069389886,8,2028.2011734539547,1333,131
1286,525.6690620075901,1959.7122332750948,8,2028.9898964755835,1332,147
1287,-1712.0436000683005,-1090.369988336607,7,2029.778313018444,1334,156
1288,1999.7181503622458,-352.6007928405683,7,2030.5664234395285,1333,142
1289,-1236.8311865219225,1611.411994508783,8,2031.3542280951397,1331,158
1290,-176.56075911475085,-2024.4570379093802,11,2032.1417273408856,1337,122
1291,1498.2716524130267,1374.0385931899937,8,2032.9289215316894,1336,160
1292,-2033.7155104107258,-1.10576436926423,8,2033.7158110217856,1342,158
1293,1500.9257495529503,-1373.4707475330201,11,2034.5023961647228,1333,143
1294,-179.03894368205846,2027.3985934308068,7,2035.2886773133687,1330,133
1295,-1237.9482074706561,-1616.5037072707842,8,2036.074654819906,1333,154
1296,2005.5306352343125,355.87479699559333,7,2036.8603290358421,1328,131
1297,-1719.8687360650965,1092.7266495816084,8,2037.6457003120047,1331,131
1298,530.2556536814935,-1968.2553040037292,7,2038.430768998545,1328,143
1299,938.9046636822885,1810.209389135867,8,2039.2155354449417,1335,136
1300,-1915.8346692631858,-700.8405810519389,8,2040.0,1338,161
1301,1886.812871152717,-777.6484998072333,7,2040.7841630118555,1333,136
1302,-866.3156986436363,1848.6473731578956,7,2041.568024827975,1327,148
1303,-610.183223922183,-1949.0706588638418,12,2042.3515857951586,1333,160
1304,1767.1859042367412,1025.404300686793,12,2043.1348462595415,1336,147
1305,-1996.483330029234,437.783408679887,7,2043.917806566595,1332,143
1306,1176.8767087532094,-1672.0529932972258,10,2044.700467061129,1335,144
1307,261.76342997842556,2028.664562397128,7,2045.4828280872955,1333,138
1308,-1563.9571576238932,-1319.5597785310797,7,2046.2648899885858,1332,156
1309,2045.3442707580757,-83.46744321660248,7,2047.046653107838,1331,163
1310,-1452.3459872147325,1443.707426531174,7,2047.828117787233,1334,148
1311,95.74088428717768,-2046.3708566816304,9,2048.6092843683005,1331,135
1312,1312.2072874586215,1574.202031106709,7,2049.39015319192,1331,160
1313,-2031.712552316195,-274.48880625776684,7,2050.1707245983202,1335,161
1314,1684.1768666842568,-1170.447897911564,9,2050.950998927083,1332,137
1315,-451.4050159643859,2001.4578465613986,8,2051.7309765171453,1335,159
1316,-1019.5006142464524,-1781.4091325552097,8,2052.5106577067995,1334,123
1317,1955.8149889514264,625.1301696390378,12,2053.2900428336957,1334,163
1318,-1865.1338943880812,860.5088936232734,8,2054.069132234843,1338,124
1319,794.3273340319063,-1895.1105736631214,11,2054.8479262466117,1328,139
1320,694.6796303458555,1934.6886600129094,8,2055.626425204736,1328,153
1321,-1819.7872131302183,-957.6922777843376,7,2056.4046294443124,1335,146
1322,1989.5186174143962,-523.2739922464231,7,2057.1825392998066,1328,162
1323,-1113.9635273785632,1730.4003177502912,10,2057.9601551050496,1337,166
1324,-347.5978267086137,-2029.1810542352912,9,2058.737477193243,1338,151
1325,1627.6140050601343,1261.9321101121527,7,2059.5145058969606,1337,151
1326,-2053.3489236310843,168.99170933234845,11,2060.2912415481464,1335,140
1327,1400.4509088322654,-1512.1961684751366,9,2061.0676844781206,1331,144
1328,-11.179288902541803,2061.8135278195346,9,2061.84383501758,1330,145
1329,-1385.012742186925,-1528.4435560333445,7,2062.6196934965983,1331,164
1330,2054.4862974008406,191.53603784192606,7,2063.3952602446284,1328,128
1331,-1644.9127983508565,1247.0212050408584,10,2064.170535590507,1330,157
1332,370.69590792093544,-2031.3996514351063,7,2064.9455198624487,1335,155
1333,1099.2633721234088,1748.9482664469733,10,2065.7202133880573,1334,126
1334,-1992.7069302989603,-547.2833726128491,8,2066.4946164943185,1330,150
1335,1839.733589756624,-942.8575283261017,12,2067.268729507608,1337,144
1336,-719.9405722229841,1938.681400454247,8,2068.04255275369,1336,174
1337,-778.9899633026458,-1916.5528004920038,8,2068.81608655772,1337,140
1338,1869.7143373822498,887.3377578956356,8,2069.5893312442445,1334,155
1339,-1978.7959766970375,608.9059718935407,7,2070.3622871372054,1332,133
1340,1048.1835354688553,-1786.312200028878,8,2071.1349545599387,1334,168
1341,433.900388318921,2025.964079893,12,2071.907333835179,1341,143
1342,-1689.0929170996674,-1201.2348302491637,7,2072.6794252850586,1331,128
1343,2057.6729489865006,-255.30772610557239,9,2073.4512292311097,1340,148
1344,-1345.3064957977986,1578.7813123939131,9,2074.2227459942674,1338,124
1345,-74.49199885320361,-2073.656418529081,8,2074.99397589487,1331,129
1346,1456.2037030182598,1479.2804924408035,7,2075.764919252659,1329,163
1347,-2073.768536094715,-107.16370049407129,7,2076.5355763867856,1334,179
1348,1602.1145644094042,-1322.2817107210046,7,2077.305947615806,1323,129
1349,-288.2677822362103,2057.9848604216254,7,2078.076033257686,1335,137
1350,-1178.0253326896639,-1712.8503482620445,12,2078.8458336298054,1339,175
1351,2026.4028289959938,467.4308233707239,12,2079.6153490489532,1336,157
1352,-1810.6208495071155,1024.5253239086537,10,2080.384579831335,1328,147
1353,643.2762301761537,-1979.2411908836064,11,2081.1535262925704,1334,157
1354,862.9449485365254,1894.6572291038008,7,2081.9221887476965,1331,123
1355,-1916.8385077865653,-814.4508180771703,8,2082.69056751117,1329,157
1356,1964.2948467317938,-694.5111626913689,8,2083.4586628968664,1330,158
1357,-979.6352274579918,1839.6507334609278,9,2084.2264752180845,1336,135
1358,-520.5052954901649,-2018.9785133494354,7,2084.994004787544,1338,154
1359,1748.2478887224381,1137.5540952313158,7,2085.7612519173904,1327,156
1360,-2058.2669115615304,342.2532991381678,9,2086.5282169191964,1330,140
1361,1286.9859037280196,-1643.3098562369094,7,2087.2949001039597,1335,165
1362,161.1156422767337,2081.8361486470917,10,2088.06130178211,1333,139
1363,-1525.6213260854383,-1426.7724308358743,7,2088.8274222635055,1335,172
1364,2089.482413705421,21.523076354639574,7,2089.593261857436,1335,184
1365,-1555.8277282662068,1396.0659296602062,11,2090.3588208726273,1333,156
1366,204.26471462658517,-2081.1237172158985,7,2091.124099617237,1337,139
1367,1255.619605733251,1673.1465583439713,8,2091.8890983988613,1331,153
1368,-2056.80069832043,-385.70829312913725,12,2092.6538175245328,1331,179
1369,1777.8122237728849,-1105.343248499628,8,2093.418257300724,1330,147
1370,-564.4607386782916,2016.6764922740476,9,2094.182418033348,1334,153
1371,-946.3746929815896,-1869.0037293927485,10,2094.9463000277597,1331,160
1372,1961.0356577140756,739.1475828100382,7,2095.7099035887572,1331,155
1373,-1946.0022199864902,779.9200983483198,8,2096.4732290205857,1333,148
1374,908.4235330782444,-1890.2821706162388,8,2097.2362766269325,1339,144
1375,607.2447944160801,2008.1966436717726,7,2097.999046710937,1331,121
1376,-1804.9364989817736,-1070.9828358304426,7,2098.7615395751845,1331,122
1377,2055.0885962847833,-429.6636608095206,10,2099.523755521713,1332,154
1378,-1225.569350619051,1705.6317793777173,7,2100.285694852012,1332,162
1379,-248.53111195327597,-2086.29630838749,8,2101.0473578670235,1332,114
1380,1593.1091233786594,1370.9862585043213,7,2101.8087448671436,1334,145
1381,-2101.557743056938,65.23076419472818,9,2102.5698561522277,1340,136
1382,1506.1053292041468,-1468.2120886789035,10,2103.330692021585,1330,162
1383,-118.83513609089061,2100.7327793963373,7,2104.0912527739856,1334,146
1384,-1331.8803561072436,-1629.8756753248517,7,2104.851538707659,1339,162
1385,2083.8044636910267,302.25644261347395,7,2105.611550120297,1329,132
1386,-1741.3319257419446,1185.1426599324868,7,2106.3712873090535,1331,155
1387,483.62591536881587,-2050.879317264591,11,2107.1307505705477,1334,130
1388,1029.109024648603,1839.6017545617856,9,2107.8899402008633,1334,151
1389,-2002.1866973167805,-661.5500200950216,9,2108.6488564955525,1329,160
1390,1923.912706951524,-864.9623668290199,8,2109.4074997496336,1330,138
1391,-834.6596380856001,1938.0772142901878,9,2110.1658702575965,1334,159
1392,-693.949525597944,-1993.598268438852,8,2110.923968313402,1334,145
1393,1859.0202165610099,1001.6206040300167,8,2111.6817942104817,1330,137
1394,-2048.103130014952,517.3717897440437,7,2112.4393482417427,1334,135
1395,1161.143990755238,-1765.6003604250316,7,2113.196630699567,1329,144
1396,336.5749934632406,2086.98760748003,7,2113.95364187581,1334,142
1397,-1658.5132903979734,-1311.9960615692746,8,2114.7103820618086,1340,123
1398,2109.9311799046686,-152.93925613161898,8,2115.4668515483763,1330,156
1399,-1453.007813346727,1538.5604617152242,7,2116.223050625808,1331,152
1400,32.131555650465316,-2116.735118792968,8,2116.9789795838783,1329,157
1401,1406.643143546722,1583.084036529014,7,2117.7346387118478,1332,159
1402,-2107.3241864738247,-217.22056325871304,8,2118.4900282984577,1331,142
1403,1701.2118218158746,-1263.7556477871478,8,2119.245148631937,1332,138
1404,-400.9087263768746,2081.7473893618485,7,2120.0,1331,152
1405,-1110.97783429044,-1806.468447472948,10,2120.75458268985,1339,169
1406,2040.1777789648438,581.7857253474656,7,2121.508896988179,1330,179
1407,-1898.028585841734,949.4669490443712,8,2122.2629431811692,1333,145
1408,758.460792064905,-1982.9113008151114,12,2123.0167215544957,1330,146
1409,780.448856981748,1975.1707727778585,10,2123.7702323933254,1333,130
1410,-1910.364698811091,-929.5734062119083,7,2124.52347598232,1342,164
1411,2037.2830893225732,-605.2087358591854,10,2125.276452605637,1335,160
1412,-1093.8037745563634,1823.0724897179077,9,2126.0291625469295,1329,127
1413,-425.08130186533856,-2083.868010888518,9,2126.781606089351,1333,144
1414,1721.6830297343813,1249.8830125754332,8,2127.533783515552,1337,171
1415,-2114.5463855686694,241.44064131474616,8,2128.2856951076847,1333,167
1416,1396.602949845235,-1606.953702034874,7,2129.037341147402,1329,127
1417,55.68972591193142,2129.0605098089286,8,2129.788721915862,1331,142
1418,-1479.7452609829957,-1532.8254834123695,8,2130.5398376937237,1335,162
1419,2127.276276569519,130.7503083916942,12,2131.2906887611553,1339,163
1420,-1657.491406727261,1341.015375238213,7,2132.0412753978285,1332,146
1421,316.4510369986056,-2109.1843781856787,9,2132.791597882925,1333,124
1422,1191.8114181853607,1769.6286456437686,8,2133.541656495134,1330,166
1423,-2074.900553369937,-499.98769347367846,8,2134.291451512656,1337,152
1424,1868.3598374454368,-1033.262559962791,8,2135.0409832132027,1334,152
1425,-679.9501036475135,2024.6648751212476,7,2135.7902518739993,1334,140
1426,-866.5712208020174,-1952.90919381258,9,2136.5392577717826,1334,135
1427,1958.840083664209,854.9535230820414,8,2137.2880011828074,1337,146
1428,-2022.6085940588275,693.003950377898,8,2138.0364823828427,1328,152
1429,1023.6492945907329,-1877.9089758781959,7,2138.784701647176,1333,128
1430,513.8818023647349,2076.902860799795,8,2139.532659250613,1332,161
1431,-1782.4708699349417,-1184.7352437711015,9,2140.2803554674792,1328,128
1432,2115.35417642599,-330.57027736492375,7,2141.027790571622,1331,152
1433,-1336.965732404286,1673.237170988223,7,2141.774964836409,1331,179
1434,-144.468910791759,-2137.6456052897643,7,2142.521878534733,1335,131
1435,1551.0260706957981,1479.1612920915532,8,2143.2685319390102,1332,144
1436,-2143.583693332255,-42.999414880317175,7,2144.0149253211835,1327,138
1437,1610.2177636122046,-1416.7564200481713,7,2144.7610589527217,1329,149
1438,-230.3993518588903,2133.1001239189413,7,2145.5069331046216,1334,132
1439,-1271.440821379303,-1729.1148711784083,7,2146.25254804741,1333,165
1440,2106.2524158678452,416.29407952896224,8,2146.9979040511425,1333,164
1441,-1834.9241650024335,1116.1779914915553,7,2147.7430013854078,1329,137
1442,599.2563234941872,-2063.223656987344,8,2148.487840319325,1332,149
1443,952.1444534939039,1926.816270348783,7,2149.23242112155,1337,152
1444,-2004.3212738349473,-777.8793166376475,8,2149.97674406027,1332,156
1445,2004.067386482002,-780.5856201847419,9,2150.7208094032103,1329,161
1446,-950.7876180044719,1929.9748458074216,9,2151.4646174176323,1332,115
1447,-602.8063365676774,-2066.0649846008855,9,2152.208168370337,1330,139
1448,1840.7329790196081,1116.6477062841257,7,2152.9514625276624,1337,141
1449,-2112.3126599284483,420.16095333336756,9,2153.6945001554886,1334,151
1450,1274.1782662860307,-1737.259262667586,7,2154.437281519237,1331,151
1451,234.0430068393752,2142.43409955816,12,2155.179806883871,1330,152
1452,-1620.32733764583,-1422.1600890467905,7,2155.9220765138984,1338,165
1453,2156.1761343917224,-45.874584244105485,9,2156.6640906733714,1331,147
1454,-1559.4455090642755,1490.8151140430737,12,2157.405849625888,1336,152
1455,142.90454502467708,-2153.410850490749,7,2158.147353634594,1338,171
1456,1349.698180724841,1684.9673056021163,8,2158.8886029621817,1334,142
1457,-2134.136742350792,-330.84794838165436,10,2159.629597870894,1334,160
1458,1797.7469990220345,-1198.042456471084,7,2160.3703386225243,1331,126
1459,-516.5136154216927,2098.478897936315,7,2161.1108254784162,1338,133
1460,-1036.9961380265522,-1896.902477650872,7,2161.851058699466,1330,113
1461,2046.6882127333658,698.4750245057434,9,2162.591038546123,1333,138
1462,-1981.65489573995,867.7810058937029,7,2163.3307652783933,1338,153
1463,875.3321056453406,-1979.1396375259867,9,2164.0702391558366,1334,143
1464,691.6831537105669,2051.3347885883973,7,2164.8094604375697,1329,175
1465,-1896.329472025659,-1045.7220154165668,10,2165.5484293822665,1337,142
1466,2105.38735683758,-510.04321156983315,7,2166.2871462481608,1336,160
1467,-1208.3296409627035,1798.8717238232814,8,2167.025611293046,1335,174
1468,-324.2461376152745,-2143.376878255799,7,2167.763824774276,1327,141
1469,1687.4935593338203,1361.8977521116897,10,2168.501786948768,1334,147
1470,-2164.9902119729486,135.71065566611722,12,2169.239498073,1337,143
1471,1505.2367232257504,-1563.0298804093945,7,2169.976958403015,1340,148
1472,-54.121580557844986,2170.039367043354,7,2170.7141681944217,1332,134
1473,-1426.4170670530948,-1637.2337495970594,7,2171.4511277023944,1334,185
1474,2158.4631143587994,243.79701383017886,8,2172.1878371816742,1334,138
1475,-1756.8614869813512,1278.6859331210594,8,2172.924296886571,1329,144
1476,431.86131607571787,-2130.3276282481406,7,2173.660507070964,1332,124
1477,1120.9539480042715,1863.1860471927207,7,2174.396467988301,1331,164
1478,-2085.8261515291088,-616.8705420080187,9,2175.1321798916038,1331,120
1479,1955.3742875349983,-954.4167829868657,8,2175.8676430334635,1335,143
1480,-797.40221818608,2025.277685264892,7,2176.6028576660465,1334,143
1481,-780.3392462400859,-2032.7003371814194,10,2177.337824041093,1326,139
1482,1949.1247119655336,972.0662823106646,7,2178.0725424099173,1342,158
1483,-2094.5513093945624,600.0456751894184,7,2178.8070130234114,1339,136
1484,1139.5157886156326,-1857.9299684045395,8,2179.5412361320446,1333,181
1485,414.9098592494996,2140.4321546588576,8,2180.275211985863,1331,152
1486,-1752.3722915372632,-1298.4572968921398,8,2181.008940834494,1335,150
1487,2169.969616331488,-226.34456962377985,10,2181.742422927143,1330,124
1488,-1447.660865001296,1633.2415681532536,7,2182.4756585125983,1331,142
1489,-35.790775984455124,-2182.9152572544886,7,2183.2086478392303,1334,156
1490,1501.432825814773,1585.9695676670044,10,2183.9413911549914,1329,173
1491,-2179.1475328592237,-155.2933676418843,8,2184.67388870742,1330,129
1492,1712.3084678734228,-1357.939509274611,12,2185.4061407436375,1337,133
1493,-345.44368357615946,2158.672893580066,7,2186.138147510354,1341,173
1494,-1203.8459928768425,-1825.6929712945628,7,2186.869909253863,1336,128
1495,2121.625906821352,533.2011923321951,7,2187.6014262200506,1334,150
1496,-1925.2364988261136,1040.3193853753608,7,2188.332698654389,1335,156
1497,717.1233095784909,-2068.2683962337173,7,2189.063726801941,1339,141
1498,868.6006891108293,2010.1574174368016,10,2189.794510907359,1338,139
1499,-1998.98760359508,-895.7949322658607,7,2190.5250512148905,1335,147
1500,2079.785175169564,-689.9953805243249,7,2191.2553479683743,1334,144
1501,-1067.8393287069487,1914.2933861001277,7,2191.985401411241,1336,139
1502,-505.8634835160339,-2133.5655921590565,7,2192.71521178652,1334,153
1503,1814.814469282284,1231.9287487852785,7,2193.4447793368313,1334,127
1504,-2171.0652659457633,317.6092111445348,7,2194.1741043043967,1333,145
1505,1386.794672508469,-1701.2937830669125,7,2194.9031869310315,1330,158
1506,126.67025457504927,2191.9750561094197,7,2195.6320274581535,1333,140
1507,-1574.5829155277097,-1531.237617787735,8,2196.360626126775,1336,176
1508,2196.1126202643413,65.493199003329,11,2197.0889831775135,1333,153
1509,-1664.1364316041422,1435.6357257354089,9,2197.817098850585,1337,140
1510,257.40963558343225,-2183.4239807029703,8,2198.544973385807,1336,128
1511,1285.501163596325,1784.4569925869594,7,2199.272607022604,1337,179
1512,-2153.984108386205,-447.60748521409363,7,2200.0,1332,151
1513,1891.260257451884,-1125.315350727535,8,2200.7271525566275,1332,139
1514,-634.6264081949608,2107.9965185031883,7,2201.4540649307223,1336,146
1515,-956.2929821579422,-1983.7095886937354,10,2202.1807373601287,1336,145
1516,2045.7918794015452,817.0285100133859,10,2202.9071700822983,1332,151
1517,-2061.0773063620995,779.7181139355116,7,2203.633363334291,1328,138
1518,993.4093988779157,-1967.8256442634895,10,2204.3593173527765,1330,136
1519,596.9344065193004,2122.750412628261,7,2205.0850323740356,1330,149
1520,-1874.6747224155815,-1162.4090007979387,11,2205.810508633958,1333,133
1521,2168.2354441330563,-409.3348981031658,7,2206.5357463680484,1336,136
1522,-1322.7220489083827,1767.0332145524626,7,2207.260745811423,1331,158
1523,-218.35138572264566,-2197.1624137402773,7,2207.985507198813,1330,160
1524,1645.7072433707112,1473.1081661294172,8,2208.7100307645637,1335,144
1525,-2209.287810258471,25.443495108368616,7,2209.434316742636,1331,130
1526,1612.4014632663707,-1511.6089180923973,7,2210.158365366609,1330,142
1527,-167.91247725622475,2204.4966318825886,10,2210.8821768696766,1341,135
1528,-1365.7494780550796,-1739.519578272196,11,2211.605751484654,1333,138
1529,2182.803436490983,360.2348645580456,7,2212.329089443973,1334,119
1530,-1853.4720865867932,1209.231666904071,8,2213.0521909796885,1333,131
1531,550.0479860390407,-2144.3523994563943,8,2213.775056323474,1331,150
1532,1043.24139489453,1953.36821720292,9,2214.4976857066254,1326,186
1533,-2089.416377234119,-735.8934722810415,11,2215.220079360062,1334,166
1534,2038.423814351589,-869.0387523490075,8,2215.9422375143267,1329,141
1535,-916.3414724550192,2018.3949826183596,7,2216.664160399586,1335,151
1536,-687.9484423783148,-2107.967490410905,7,2217.3858482456317,1336,143
1537,1931.8116851506245,1090.001657391173,7,2218.1073012818833,1341,136
1538,-2161.4459217808535,501.34970551194476,8,2218.8285197373852,1336,136
1539,1255.5339337878124,-1830.3099576594402,10,2219.549503840813,1334,156
1540,310.66581289749894,2198.428245974095,7,2220.2702538204667,1334,132
1541,-1714.6484972678982,-1411.6587869655116,7,2220.9907699042787,1336,147
1542,2218.6095250285357,-117.35320810550913,9,2221.7110523198107,1338,131
1543,-1557.1671723482916,1585.6955563287752,12,2222.4311012942558,1326,118
1544,77.10961959099265,-2221.8132474550002,9,2223.150917054441,1337,152
1545,1444.422425639067,1690.9298791821475,8,2223.8704998268217,1330,122
1546,-2207.9928482837286,-271.2334454448917,7,2224.5898498374927,1337,157
1547,1811.9062939718444,-1291.8961188366563,7,2225.30896731218,1333,139
1548,-463.52971642983107,2177.232234279678,10,2226.027852476244,1333,141
1549,-1129.271313078015,-1919.1524956237988,8,2226.7465055546845,1334,181
1550,2129.7453090147615,652.5219680053825,7,2227.4649267721366,1335,126
1551,-2011.8286193248703,957.7816068736059,7,2228.1831163528727,1337,152
1552,836.7571628707233,-2065.874500153516,8,2228.901074520805,1331,126
1553,778.7301612759595,2089.2054317177904,8,2229.618801499485,1328,169
1554,-1986.0882989687343,-1014.8168646112844,10,2230.3362975121036,1334,180
1555,2150.670065912816,-593.4797954324664,10,2231.0535627814943,1329,146
1556,-1185.3281602982408,1890.97782969658,12,2231.7705975301315,1338,158
1557,-403.4426117930317,-2195.7308712566796,8,2232.4874019801323,1331,114
1558,1781.2524738081802,1346.9742479172494,7,2233.203976353258,1330,148
1559,-2224.0213395155315,210.0692299684568,7,2233.9203208709123,1338,152
1560,1498.5046069673815,-1657.734581559284,9,2234.6364357541474,1334,140
1561,14.837711339494032,2235.303076167124,8,2235.352321223659,1336,181
1562,-1521.3533102249662,-1638.7446736656502,7,2236.06797749979,1340,145
1563,2229.4677927852094,180.75774100559394,7,2236.78340480253,1338,145
1564,-1766.604945893933,1373.1376351783142,8,2237.4986033515193,1328,161
1565,375.21822059527415,-2206.5383039805392,7,2238.213573366045,1330,146
1566,1214.2085863782484,1881.0894473058258,8,2238.928315065045,1328,137
1567,-2166.668519980593,-567.0516065801289,11,2239.6428286671066,1336,139
1568,1981.3034848388395,-1045.7707688425176,9,2240.3571143904715,1333,136
1569,-754.7840153385001,2110.1424336261025,12,2241.07117245303,1335,146
1570,-869.1032312508445,-2066.4606392160827,8,2241.7850030723284,1338,103
1571,2037.3721082774296,936.97112677669,9,2242.4986064655645,1331,126
1572,-2135.888933830716,685.5497519068097,7,2243.2119828495925,1334,158
1573,1112.2092982681245,-1948.8946807988182,9,2243.92513244092,1331,143
1574,496.50861584580184,2189.0361336421306,9,2244.6380554557127,1336,127
1575,-1845.3684013644227,-1279.1463806952336,7,2245.35075210979,1339,156
1576,2225.4741323275543,-303.42196087448724,9,2246.063222618633,1332,148
1577,-1436.4921532355968,1727.5677392486118,7,2246.775467197379,1332,134
1578,-107.76477373341334,-2244.9023928763995,7,2247.487486060823,1334,109
1579,1596.3775909671028,1583.0282963541963,7,2248.1992794234234,1334,149
1580,-2247.150414034193,-88.96637963834442,9,2248.9108474992954,1335,139
1581,1717.6178259056496,-1452.7866340695557,12,2249.6221905022185,1338,155
1582,-285.26480361133116,2232.1792024433403,8,2250.3333086456323,1334,157
1583,-1297.8798764946532,-1839.2139152883287,7,2251.044202142641,1340,129
1584,2200.0817379323953,479.62521453356845,7,2251.7548712060116,1332,147
1585,-1946.8680371961327,1132.830457634362,9,2252.465316048174,1337,166
1586,670.5552861276627,-2151.082427115765,7,2253.175536881226,1328,136
1587,958.8907630665985,2039.737361648689,7,2253.8855339169286,1341,153
1588,-2085.535548222871,-856.5871100470341,8,2254.5953073667124,1335,117
1589,2117.0913526081736,-777.3829202598262,8,2255.304857441672,1337,134
1590,-1036.2884835610414,2003.922697820142,7,2256.0141843525716,1337,198
1591,-589.688747387511,-2178.317511568171,8,2256.7232883098454,1340,130
1592,1906.8492577614338,1208.2739375550022,7,2257.432169523594,1335,166
1593,-2222.926222980985,397.2392316771994,9,2258.140828203591,1335,142
1594,1371.215419915126,-1795.0399082435426,9,2258.8492645592805,1327,152
1595,201.50361742456104,2250.5546632252267,11,2259.5574787997753,1336,143
1596,-1669.3332201953601,-1523.8525519065777,8,2260.2654711338664,1332,151
1597,2260.9697419534405,-3.978186897994777,10,2260.9732417700134,1331,159
1598,-1665.0023783265958,1530.67536733521,7,2261.6807909163485,1334,133
1599,193.8251801802569,-2254.070052045431,7,2262.3881187806837,1335,136
1600,1380.1130050362055,1793.5685360002092,8,2263.0952255705015,1336,138
1601,-2229.886811970578,-390.3905810847547,8,2263.8021114929634,1332,148
1602,1908.5497695553759,-1218.7853695914312,7,2264.5087767549057,1337,176
1603,-584.2097098409808,2188.583792073659,7,2265.215221562843,1328,125
1604,-1047.915657519395,-2009.0477283344203,7,2265.9214461229676,1328,142
1605,2130.456224084739,773.7934331968696,7,2266.6274506411505,1331,121
1606,-2094.2739837324607,868.8017501486555,7,2267.3332353229416,1329,143
1607,957.6832339510609,-2055.928700954641,11,2268.038800373574,1332,141
1608,682.8063538252003,2163.556212159956,7,2268.7441459979573,1338,150
1609,-1965.5520818736773,-1134.4624336848062,10,2269.4492724006855,1332,151
1610,2216.343495160833,-491.34663065728057,8,2270.1541797860336,1331,159
1611,-1302.7671085281997,1859.9994249829952,7,2270.8588683579605,1333,128
1612,-295.88339871426837,-2252.2106949318245,9,2271.5633383201093,1327,134
1613,1740.0609777763152,1461.2966138399597,7,2272.267589875805,1335,153
1614,-2270.8618705314657,97.90998399720604,7,2272.97162322806,1334,174
1615,1608.8236365768814,-1606.6382624572145,9,2273.67543857957,1334,154
1616,-101.05919072769333,2272.13270738517,7,2274.3790361327196,1337,119
1617,-1460.737300507494,-1744.2036976529089,10,2275.08241608958,1336,140
1618,2255.991940229961,299.5001930173912,9,2275.785578651908,1338,157
1619,-1866.3840307122362,1303.4610273814665,7,2276.4885240211515,1332,132
1620,495.89125508977315,-2222.5417573412406,7,2277.1912523984456,1334,154
1621,1136.0009545177782,1974.4117684350185,8,2277.893763984616,1334,158
1622,-2172.0171816855654,-688.7244459598443,7,2278.5960589801784,1329,137
1623,2067.4413727228334,-959.6281417059034,12,2279.29813758534,1333,130
1624,-876.5172518304225,2104.7844324879557,8,2280.0000000000005,1332,150
1625,-775.6835482134045,-2144.7412508344833,8,2280.7016464237495,1329,131
1626,2021.3382785296499,1057.8239757874608,9,2281.4030770558716,1333,178
1627,-2205.6995057177623,585.5678359305766,7,2282.104292095346,1333,158
1628,1231.2468691275765,-1922.2984022423627,9,2282.805291740844,1332,158
1629,390.7307020833816,2249.8287753625673,9,2283.506076190734,1336,161
1630,-1808.4048012783533,-1395.4469085971707,7,2284.2066456430775,1335,158
1631,2276.770122935176,-192.65982276993392,8,2284.907000295635,1336,123
1632,-1549.154136434581,1680.5122616534602,8,2285.6071403458645,1336,131
1633,7.130508338865399,-2286.2959466899356,7,2286.3070659909176,1336,173
1634,1539.583943725425,1691.1774833597062,8,2287.0067774276495,1337,149
1635,-2278.3118861376815,-207.1109593521329,7,2287.706274852609,1335,159
1636,1820.4139985253476,-1386.6841291270905,7,2288.4055584620487,1333,159
1637,-405.74886900400065,2252.857708622978,9,2289.1046284519193,1332,167
1638,-1222.9701832703854,-1935.8574149021408,9,2289.8034850178738,1330,149
1639,2210.107168265906,601.5199953282171,9,2290.502128355265,1339,154
1640,-2036.605983580894,1049.683794122068,7,2291.20055865915,1333,153
1641,792.9202140851463,-2150.366837099002,7,2291.898776124286,1331,154
1642,868.1415535788415,2121.8695160046286,10,2292.5967809451363,1339,152
1643,-2074.0739161156625,-978.4770771401024,7,2293.294573315866,1333,144
1644,2190.9755791458247,-679.7249528939036,8,2293.992153430347,1331,137
1645,-1156.7611419575678,1981.7930417823716,8,2294.6895214821548,1332,143
1646,-485.8698681893124,-2243.3747950767615,7,2295.386677664572,1330,173
1647,1874.212111293259,1326.3969850243418,10,2296.0836221705863,1340,167
1648,-2278.645203193627,288.05561609292363,11,2296.7803551928946,1333,143
1649,1486.0738143342246,-1752.1371574023906,12,2297.476876923901,1337,118
1650,87.793662933663,2296.495650496358,9,2298.173187555716,1338,155
1651,-1616.4863109984844,-1634.5555990404582,7,2298.869287280162,1328,135
1652,2296.768182741569,113.38392631228815,7,2299.5651762887696,1331,172
1653,-1770.690637987797,1468.282896632107,7,2300.2608547727805,1328,144
1654,313.9362110310838,-2279.4394169188718,9,2300.956322923145,1337,148
1655,1308.6477129121988,1893.4204930468222,7,2301.6515809305283,1332,135
1656,-2244.6208832929947,-512.325180217581,7,2302.346628985306,1336,128
1657,2001.7882179574042,-1138.7905560053262,7,2303.041467277565,1335,143
1658,-707.0275495005533,2192.558333145835,9,2303.736095997109,1338,133
1659,-960.0010503482384,-2094.945818709944,11,2304.430515333452,1333,158
1660,2123.6300162834223,896.5464594431625,9,2305.124725475825,1337,132
1661,-2172.1608873120863,773.6388560766376,7,2305.8187266131736,1329,162
1662,1079.4229852638832,-2038.343940281916,8,2306.5125189341593,1333,153
1663,581.1233275384518,2232.82235706082,7,2307.2061026271576,1328,122
1664,-1937.334131273501,-1254.24736946216,9,2307.899477880265,1332,165
1665,2276.445334117758,-383.9227015604707,9,2308.5926448812925,1335,140
1666,-1419.669890852994,1821.3559237572015,7,2309.2856038177697,1329,161
1667,-183.54289783920194,-2302.674967218081,8,2309.978354876946,1334,157
1668,1691.2803144020145,1574.411286200726,8,2310.670898245789,1331,144
1669,-2311.2893246776357,-18.483983098842746,7,2311.3632341109865,1337,123
1670,1717.272643974686,-1548.08742203281,7,2312.055362658948,1335,143
1671,-220.61137649988333,2302.201255442023,11,2312.7472840758023,1333,125
1672,-1392.8591028972762,-1847.144693703283,8,2313.438998547401,1327,177
1673,2275.459218688345,421.29009493011534,7,2314.1305062593165,1335,155
1674,-1963.016418948935,1226.7707768515263,12,2314.8218073968455,1333,172
1675,618.9802040835876,-2231.247074385228,8,2315.5129021450084,1334,156
1676,1051.082526222138,2063.982927029797,10,2316.203790688548,1339,159
1677,-2169.882835179291,-812.1628417960784,8,2316.894473211933,1330,138
1678,2149.25251423698,-867.129534755921,8,2317.5849498993557,1331,152
1679,-999.3518895378335,2091.8163879454532,7,2318.2752209347364,1337,138
1680,-676.3119392116658,-2218.152871395422,9,2318.965286501719,1329,142
1681,1997.6262012531324,1179.1054066821073,7,2319.655146783676,1337,114
1682,-2270.1363811464016,480.084170740424,12,2320.3448019637085,1335,118
1683,1350.0367395600701,-1888.0150427997162,9,2321.034252224641,1329,161
1684,279.9438672066394,2304.7844652403815,9,2321.723497749032,1334,134
1685,-1763.8047384866693,-1510.825219703448,8,2322.4125387191657,1332,143
1686,2321.810947367782,-77.4204409902272,8,2323.1013753170564,1335,139
1687,-1660.2263687267466,1625.9300122036009,8,2323.7900077244503,1337,133
1688,125.93661044721958,-2321.0644045672375,8,2324.4784361228217,1330,149
1689,1475.4314524844856,1797.0815309883749,8,2325.166660693379,1332,147
1690,-2302.5294879786034,-328.56956187235403,9,2325.854681617061,1329,131
1691,1920.3268594669441,-1313.4476589532687,7,2326.5424990745382,1338,173
1692,-528.924394713061,2266.3272015923526,7,2327.2301132462176,1327,135
1693,-1141.2066278310142,-2029.0015851631476,8,2327.917524312234,1332,163
1694,2212.714135627717,725.4627171628366,9,2328.6047324524616,1331,150
1695,-2122.255505752256,960.0164416843273,8,2329.2917378465067,1335,168
1696,916.6735785072044,-2142.080659187883,7,2329.978540673712,1337,143
1697,771.2553340091862,2199.3556351264297,10,2330.6651411131547,1330,127
1698,-2054.94808483021,-1101.0850869268245,8,2331.3515393436487,1334,156
1699,2259.6919618349484,-576.3612041233531,7,2332.0377355437454,1335,126
1700,-1277.275741433098,1951.9648255915197,7,2332.7237298917335,1337,142
1701,-376.82066214620164,-2302.7822712057905,7,2333.4095225656383,1333,121
1702,1833.9015727622132,1443.885390680397,7,2334.0951137432257,1338,151
1703,-2328.275993062154,174.1576875433309,11,2334.780503601998,1337,153
1704,1599.6257341593475,-1701.645530248638,7,2335.4656923192,1346,125
1705,-30.078012224322944,2335.957044378307,7,2336.1506800718143,1331,140
1706,-1556.193748642624,-1743.2902846874404,7,2336.8354670365648,1340,171
1707,2325.7456438938707,234.32285400422623,10,2337.520053389917,1331,122
1708,-1873.7637151512358,1398.6456090742354,11,2338.2044393080773,1336,124
1709,437.01135155136063,-2297.699083564959,8,2338.8886249669945,1335,123
1710,1230.19451350478,1990.0305170883028,7,2339.5726105423614,1328,144
1711,-2252.0114497173527,-636.5881167143704,12,2340.256396209612,1334,154
1712,2091.1829038918913,-1052.1188442710625,9,2340.9399821439247,1336,164
1713,-831.5197972113422,2189.012294813715,7,2341.6233685202233,1339,156
1714,-865.7722613709931,-2176.4278971380045,8,2342.306555513176,1335,117
1715,2109.1642688002294,1020.306859340068,8,2342.9895432971953,1333,150
1716,-2245.0935407297166,672.5734111408993,7,2343.6723320464407,1329,172
1717,1201.4951250729775,-2013.0597269892091,7,2344.3549219348165,1331,178
1718,473.99512457596796,2296.634194180304,7,2345.037313135977,1329,135
1719,-1901.416339305676,-1373.6869747585888,10,2345.71950582332,1336,161
1720,2330.6348633646467,-271.5531875512709,8,2346.4015001699945,1337,155
1721,-1535.5521291147122,1775.0717334156595,9,2347.083296348896,1338,147
1722,-66.79476858032139,-2346.814534404093,8,2347.76489453267,1331,131
1723,1634.9772117032228,1685.837927326098,8,2348.446294893711,1335,137
1724,-2345.0284839576366,-138.7134075255506,8,2349.127497604164,1333,130
1725,1823.3790218285533,-1482.1905892143382,7,2349.8085028359224,1334,127
1726,-343.3970496822214,2325.269547013753,8,2350.4893107606335,1335,127
1727,-1317.8682064836516,-1947.1064147445982,7,2351.169921549695,1325,140
1728,2287.668331252856,545.6863624672816,10,2351.8503353742562,1338,131
1729,-2056.0557658995413,1143.2561775521922,11,2352.530552405218,1334,124
1730,744.0280875315732,-2232.4923751189185,7,2353.2105728132365,1330,135
1731,959.6809394207551,2149.3749078540245,7,2353.8903967687193,1331,132
1732,-2160.1442548387336,-936.8974321062112,7,2354.57002444183,1331,151
1733,2226.330509397936,-768.539174618917,10,2355.2494560024847,1333,152
1734,-1122.8097929833164,2071.1586536962254,9,2355.928691620355,1325,156
1735,-571.2871834611237,-2286.313835415658,7,2356.60773146487,1334,152
1736,1966.1984148454028,1300.3321858123124,7,2357.2865757052114,1337,171
1737,-2328.8455579047136,369.42978687090863,7,2357.96522451032,1335,117
1738,1468.0942917106865,-1846.0496067675158,7,2358.643678048891,1337,142
1739,164.5088443482608,2353.5795801568297,7,2359.3219364893803,1333,165
1740,-1711.615638085631,-1624.79903602283,8,2360.0,1339,168
1741,2360.305843637124,41.90852529552395,7,2360.6778687487204,1331,172
1742,-1769.2326175519595,1563.9104657844837,7,2361.3555429032704,1335,129
1743,248.24193043069357,-2348.9520948661434,8,2362.0330226311403,1332,143
1744,1404.0509478885451,1900.2739107121577,7,2362.710308099577,1332,160
1745,-2319.584597561557,-452.9098086321279,7,2363.387399475592,1332,149
1746,2016.9031677693372,-1233.2483982726324,10,2364.064296925953,1337,133
1747,-654.3415515441636,2272.4077833704882,12,2364.741000617192,1333,126
1748,-1052.799407465788,-2118.2099536258643,8,2365.417510715603,1338,137
1749,2207.762842658101,850.9895596176377,9,2366.0938273872403,1337,153
1750,-2203.4002514137646,864.0759990126787,7,2366.7699507979223,1342,132
1751,1041.3411341815881,-2126.125264950634,12,2367.445881113231,1333,143
1752,668.515196133005,2271.8026834518987,12,2368.121618498509,1334,146
1753,-2028.1013466993127,-1223.9301154544876,8,2368.797163118869,1330,139
1754,2322.873798845478,-467.60807802814554,9,2369.4725151391817,1327,137
1755,-1397.3481769448224,1914.423691973379,12,2370.147674724088,1337,138
1756,-262.8884091893961,-2356.2023861107236,7,2370.8226420379906,1329,146
1757,1785.9457394448598,1560.2556892249274,9,2371.497417245062,1333,154
1758,-2371.5127766392625,55.920928432341306,7,2372.172000509238,1336,131
1759,1711.3920692665636,-1643.6353565348697,11,2372.8463919942224,1332,131
1760,-151.71061290949416,2368.6671125193225,7,2373.5205918634874,1330,134
1761,-1488.567548793367,-1849.5855353779418,8,2374.194600280272,1337,142
1762,2347.6665601451737,358.4155721730392,9,2374.8684174075834,1337,162
1763,-1973.7621922509607,1321.9163394257146,7,2375.5420434081984,1334,132
1764,562.6086031513179,-2308.651459112034,7,2376.2154784446634,1332,146
1765,1144.9458803072748,2082.9543756807066,10,2376.8887226792936,1337,116
1766,-2251.9004040491263,-762.7218170757819,8,2377.561776274173,1332,150
1767,2176.308192118644,-959.0008617917291,9,2378.23463939116,1333,141
1768,-957.2168234949108,2177.8282652262346,7,2378.907312191881,1330,162
1769,-765.4962940736804,-2253.0901943241115,8,2379.579794837736,1333,137
1770,2086.9831619162187,1144.5965585647123,8,2380.2520874898946,1334,116
1771,-2312.69314093934,565.906737768806,7,2380.924190309301,1324,156
1772,1323.416809793274,-1980.0424105449335,10,2381.596103456671,1340,126
1773,361.755065687271,2354.6407947815733,8,2382.2678270924953,1340,112
1774,-1857.8074775490481,-1492.2973485076097,12,2382.9393613770367,1333,148
1775,2378.591721968797,-154.60084146443185,8,2383.6107064703324,1331,159
1776,-1649.9325842203418,1721.197974530526,8,2384.2818625321966,1333,125
1777,53.971596251875845,-2384.342061617423,7,2384.9528297222146,1337,135
1778,1571.2447406851127,1795.1016586448172,7,2385.6236081997513,1331,152
1779,-2371.827243712795,-262.36525300002114,10,2386.2941981239446,1334,126
1780,1926.677901313275,-1409.0820645338847,7,2386.964599653711,1338,122
1781,-468.9827083695823,2341.1226407965755,9,2387.6348129477424,1332,135
1782,-1235.93910364739,-2043.6375735622216,7,2388.3048381645085,1333,141
1783,2292.4431472773545,672.2383628603021,7,2388.9746754622583,1332,141
1784,-2145.0678330259184,1053.1305672695526,7,2389.644324999015,1329,155
1785,870.5706078274877,-2226.1416883897746,7,2390.3137869325856,1329,180
1786,862.046732475132,2230.173856682243,7,2390.983061420553,1337,165
1787,-2142.7066690400393,-1062.4538250913968,8,2391.6521486202796,1337,147
1788,2298.285066880458,-664.1428696856481,7,2392.3210486889084,1337,156
1789,-1246.410123990465,2042.7583809188184,8,2392.9897617833635,1329,133
1790,-460.92815798383856,-2348.860411599128,7,2393.6582880603487,1335,152
1791,1927.04439427384,1421.0207255693956,8,2394.32662767635,1330,126
1792,-2381.492657382701,253.95417466992077,7,2394.9947807876324,1327,125
1793,1584.9369061992188,-1796.4339685520447,9,2395.6627475502473,1333,180
1794,44.80304686271452,2395.911660932393,7,2396.3305281200255,1331,151
1795,-1651.9115236851312,-1736.8904162083081,8,2396.998122652582,1330,143
1796,2391.986593123438,164.9246443613842,9,2397.665531303314,1336,147
1797,-1875.703293036447,1494.5692210440534,8,2398.332754227403,1336,132
1798,373.62211479992675,-2369.727097227111,9,2398.9997915798153,1331,151
1799,1325.5987099718063,2000.2969929790631,8,2399.666643515303,1328,134
1800,-2329.2833712708984,-579.6886891434722,7,2400.3333101883995,1325,134
1801,2109.7007707312778,-1146.282102266214,9,2400.9997917534265,1333,137
1802,-781.5420798259595,2270.9451727114224,9,2401.6660883644918,1337,154
1803,-957.9822429755304,-2203.0592416327736,10,2402.3322001754877,1337,138
1804,2195.139751859073,977.6305385001466,7,2402.998127340094,1333,130
1805,-2279.6390677115046,762.1323513428774,8,2403.6638700117787,1343,131
1806,1166.4447868047234,-2102.4287287173574,8,2404.3294283437954,1330,162
1807,560.2251106483748,2338.834715280029,10,2404.9948024891855,1336,133
1808,-1993.5039360206322,-1346.5296346795521,11,2405.6599926007834,1332,140
1809,2380.1732389021386,-353.8012900119258,12,2406.324998831205,1331,148
1810,-1516.4951967808986,1869.1822592086794,9,2406.989821332861,1335,104
1811,-144.43798490124595,-2403.3180539657387,11,2407.6544602579493,1338,115
1812,1730.399511804341,1675.0276205326581,7,2408.3189157584593,1328,148
1813,-2408.0716678141243,-66.2634338900491,8,2408.9831879861676,1332,149
1814,1820.899243000325,-1578.2033921015513,7,2409.6472770926453,1327,146
1815,-276.6895706945989,2394.3773473429037,7,2410.311183229253,1336,162
1816,-1413.7455741682636,-1952.9780980645044,7,2410.9749065471424,1333,147
1817,2362.3197091032234,485.2273611230713,9,2411.6384471972574,1334,173
1818,-2070.2367002679007,1238.2729928670308,7,2412.3018053303363,1339,121
1819,690.2764392712869,-2312.1242262012984,8,2412.9649810969076,1336,169
1820,1053.1183888436476,2171.7600371770727,9,2413.627974647294,1337,146
1821,-2244.155654586438,-890.2614211498308,7,2414.2907861316125,1336,152
1822,2256.7527080964,-859.6901851827582,10,2414.953415699773,1330,143
1823,-1083.6440100420048,2158.915389611201,7,2415.6158635014804,1331,159
1824,-659.4617726341306,-2324.5451534513695,8,2416.278129686233,1332,143
1825,2057.0377719642306,1268.9348307586308,9,2416.940214403327,1337,118
1826,-2374.5989260721144,453.9602849337813,7,2417.602117801852,1332,138
1827,1444.7049017359484,-1939.2853701557501,9,2418.2638400306946,1331,156
1828,244.75494974427394,2406.510962903697,11,2418.925381238537,1330,150
1829,-1806.5432746154006,-1609.5966566012323,7,2419.586741573858,1340,123
1830,2420.0168232912383,-33.445104086923564,7,2420.2479211849354,1339,142
1831,-1762.3344301900227,1659.812446081427,8,2420.908920219842,1337,142
1832,178.35203419108646,-2414.992867877647,10,2421.56973882645,1329,160
1833,1500.2021682604384,1901.734328013953,7,2422.23037715243,1332,143
1834,-2391.457360249037,-389.0137454007368,11,2422.8908353452493,1335,138
1835,2026.7134028190255,-1328.9216616617127,7,2423.551113552178,1338,162
1836,-596.9242426767205,2349.5704817061405,9,2424.211211920282,1329,136
1837,-1147.270922005744,-2136.2980671058262,7,2424.8711305964284,1330,141
1838,2289.633257865986,800.4870670248147,7,2425.530869727285,1337,162
1839,-2229.6316762661686,956.6308526231603,11,2426.19042945932,1337,122
1840,998.1373476518189,-2212.0854041430207,10,2426.849809938802,1331,115
1841,758.4527657505683,2305.9812232811682,10,2427.5090113118013,1336,167
1842,-2117.5021054587387,-1188.3538334089765,7,2428.1680337241905,1341,146
1843,2364.743092676114,-554.2473325516394,7,2428.8268773216423,1333,150
1844,-1369.6706028315466,2006.5897537212402,7,2429.4855422496344,1328,146
1845,-345.57306600643585,-2405.4478285863756,9,2430.1440286534453,1331,147
1846,1880.1806746269538,1540.688362635135,7,2430.8023366781595,1333,152
1847,-2427.7638793015335,134.02442448586967,8,2431.4604664686613,1334,156
1848,1700.0852475495644,-1739.2268831478937,12,2432.1184181696417,1328,148
1849,-78.78037316763908,2431.5002884646274,9,2432.776191925595,1333,137
1850,-1584.7929145191367,-1846.627038167139,7,2433.433787880821,1339,152
1851,2416.608311150356,291.2117279214983,8,2434.0912061794234,1329,124
1852,-1979.1767177901643,1418.0477847228392,11,2434.7484469653123,1329,112
1853,501.64114146568045,-2383.181941268649,7,2435.405510382203,1331,141
1854,1240.2561411762774,2096.7032942871365,10,2436.062396573618,1332,131
1855,-2331.457345075502,-708.4537021524355,10,2436.719105682885,1328,145
1856,2198.289818511307,-1052.7686706154982,8,2437.37563785314,1333,153
1857,-910.0604802171689,2261.811203957328,7,2438.0319932273246,1334,157
1858,-857.0118369343196,-2283.1405369259387,7,2438.688171948189,1335,156
1859,2174.757978024251,1104.9107371276068,9,2439.344174158292,1334,143
1860,-2350.5871226540958,654.4770269556745,8,2440.0,1339,143
1861,1291.5038552318545,-2070.9461103373155,8,2440.655649615488,1330,149
1862,446.70918673701135,2400.0939361793235,7,2441.3111231467406,1336,141
1863,-1951.1531997410068,-1468.4008959206033,7,2441.9664207355513,1332,144
1864,2431.2622743136612,-235.29503500746233,7,2442.621542523524,1333,174
1865,-1634.2356972696737,1816.2801782130157,10,2443.276488652072,1330,167
1866,-21.850943670503522,-2443.833573764938,7,2443.9312592624206,1336,130
1867,1667.344536316716,1787.7254255659052,8,2444.5858544956036,1335,162
1868,-2437.691543617245,-191.9894220444828,8,2445.240274492468,1332,112
1869,1927.6804992165023,-1505.4726476892288,8,2445.8945193936715,1330,132
1870,-404.5876092560113,2412.863209226023,7,2446.5485893396844,1337,144
1871,-1331.8912504624664,-2053.0138082685967,7,2447.2024844707885,1335,145
1872,2369.5188583596664,614.3129331846292,12,2447.8562049270786,1329,131
1873,-2162.749158086367,1147.9181500423765,12,2448.5097508484628,1325,136
1874,819.5549867562008,-2307.9708888291993,7,2449.1631223746613,1331,158
1875,954.9522137121764,2256.0288716074124,7,2449.8163196452097,1334,164
1876,-2228.671565272037,-1018.7360080746573,7,2450.469342799456,1338,163
1877,2332.120490983717,-754.4627330318357,7,2451.122191976565,1332,162
1878,-1210.3230107725356,2132.20970113038,8,2451.7748673155124,1333,165
1879,-547.9782349355954,-2390.4225262569944,11,2452.4273689550932,1330,170
1880,2019.3062901252129,1392.8395839653422,7,2453.079697033914,1332,174
1881,-2430.469205971519,337.07482674351877,10,2453.7318516904,1333,140
1882,1564.8772709707976,-1890.809119609642,12,2454.3838330627914,1330,161
1883,123.36416396815106,2451.934192234457,8,2455.035641289144,1333,137
1884,-1747.6864060282012,-1725.1064390883907,7,2455.687276507332,1330,150
1885,2454.6332306362197,91.5188672154377,10,2456.338738855047,1334,148
1886,-1872.2865565451661,1591.0195002514095,11,2456.990028469794,1334,140
1887,305.9286586822956,-2438.525713581231,7,2457.6411454889017,1333,138
1888,1421.9947177390254,2005.2757971716283,7,2458.2920900495124,1334,146
1889,-2403.7151438904466,-518.221484533139,9,2458.9428622885894,1332,145
1890,2123.039898443742,-1241.894355255706,8,2459.5934623429134,1337,154
1891,-726.768104179762,2350.448493957473,8,2460.2438903490847,1341,141
1892,-1052.0869621666707,-2224.6602041747656,10,2460.8941464435247,1334,127
1893,2279.1144642057347,929.96626769373,8,2461.54423076247,1335,134
1894,-2309.34082932153,854.0169401297305,8,2462.1941434419828,1340,141
1895,1126.2530274194946,-2190.240653039849,9,2462.843884617943,1335,141
1896,649.1935502286502,2376.4148910368162,8,2463.493454426052,1332,129
1897,-2084.4896588454953,-1314.1167612378247,10,2464.14285300183,1336,119
1898,2425.349757202024,-439.17941122060864,8,2464.792080480623,1332,161
1899,-1492.108814977402,1962.654142804262,8,2465.441136997596,1335,151
1900,-225.57857656137088,-2455.751271158492,8,2466.090022687737,1337,166
1901,1825.650889290133,1658.854674296139,10,2466.738737685854,1329,165
1902,-2467.366919164342,10.024281194365972,11,2467.387282126582,1339,131
1903,1813.0645798683229,-1674.5139083408353,7,2468.0356561443755,1336,124
1904,-205.83354828194,2460.087915177355,11,2468.6838598735158,1332,130
1905,-1510.3866320906204,-1953.54350389285,9,2469.3318934481044,1330,171
1906,2433.9501858410936,420.3409245411474,7,2469.979757002069,1334,149
1907,-2079.200410750156,1334.5132640541203,7,2470.6274506691616,1335,146
1908,631.8524748411427,-2389.134246968371,7,2471.2749745829583,1330,136
1909,1148.2293467096713,2189.056730044857,7,2471.9223288768603,1336,138
1910,-2325.963971308499,-838.7440635705241,8,2472.5695136840945,1338,166
1911,2282.253976236507,-952.9516188939796,7,2473.2165291377146,1338,150
1912,-1039.4252651814934,2244.9042558876276,8,2473.8633753705967,1334,155
1913,-750.1672400413732,-2358.060455537285,8,2474.510052515447,1334,136
1914,2146.557605659631,1232.3515917078178,7,2475.156560704797,1330,140
1915,-2415.8770076935407,541.422463237076,10,2475.802900071005,1329,166
1916,1416.036380848739,-2031.659658533585,7,2476.4490707462564,1332,130
1917,328.3108433665623,2455.2417376152466,7,2477.0950728625653,1336,133
1918,-1901.0736849888117,-1589.0622531049753,7,2477.7409065517727,1336,146
1919,2475.83369951767,-112.46107029833438,7,2478.3865719455466,1332,147
1920,-1750.0920496627855,1755.7841033871762,7,2479.032069175387,1338,143
1921,104.47547999329815,-2477.4755042341326,11,2479.677398372619,1336,127
1922,1596.889059683881,1897.8791666125453,7,2480.322559668399,1333,127
1923,-2460.13482858669,-320.8373811991623,7,2480.9675531937132,1336,148
1924,2031.2772056302483,-1425.5921274638722,7,2481.612379079376,1336,126
1925,-534.9658826415236,2423.9248140999703,7,2482.257037456033,1335,141
1926,-1243.1931910353835,-2149.248866409672,8,2482.901528454159,1335,132
1927,2369.103350848042,745.217627945407,7,2483.5458522040617,1334,130
1928,-2250.8740118706673,1051.078580642402,7,2484.190008835878,1339,129
1929,949.977268879572,-2296.0712507699127,9,2484.833998479577,1331,162
1930,850.7105346649322,2335.356843441726,8,2485.477821264957,1334,156
1931,-2205.369323310542,-1147.6698775348254,7,2486.121477321653,1330,168
1932,2402.032130475087,-643.6160689147821,7,2486.764966779129,1343,151
1933,-1336.77306145385,2097.67437467575,7,2487.4082897666794,1332,150
1934,-431.3753377643728,-2450.370445048804,9,2488.051446413438,1336,147
1935,1973.7941602662622,1515.828688506323,10,2488.6944368483646,1333,133
1936,-2479.9823609876944,215.60957583071715,11,2489.3372612002577,1336,135
1937,1683.4541311998728,-1834.6613279147953,8,2489.979919597746,1332,123
1938,-2.031287755094206,2490.621583836062,8,2490.6224121692953,1343,149
1939,-1681.3263973284368,-1838.3529437098248,8,2491.264739043203,1341,133
1940,2482.186986679475,219.8812478568108,9,2491.9069003476034,1339,144
1941,-1979.3248891719393,1514.949828576672,7,2492.548896210463,1329,151
1942,436.2709781017199,-2454.7235350780684,8,2493.1907267595875,1328,158
1943,1336.793239505884,2105.2752396804,7,2493.8323921226142,1326,156
1944,-2408.422092876101,-649.5406242463218,10,2494.473892427018,1328,155
1945,2215.2232769312554,-1148.209838549535,7,2495.115227800111,1336,160
1946,-858.052538079913,2343.6181092265483,8,2495.7563983690397,1335,150
1947,-950.6341454885753,-2308.3099275078307,9,2496.3974042607883,1337,147
1948,2260.7891957498173,1060.2038541624415,7,2497.0382456021775,1336,143
1949,-2383.8044733733204,745.5710782516622,11,2497.6789225198663,1331,134
1950,1254.4388127981981,-2160.5516112663095,10,2498.31943514035,1336,134
1951,534.5844887865749,2441.1102851671403,10,2498.959783589964,1339,149
1952,-2043.6556799381453,-1439.2607344941207,7,2499.5999679948786,1334,131
1953,2479.7695333420047,-319.28523534416405,8,2500.239988481106,1330,128
1954,-1613.2435537273482,1910.9801768613816,10,2500.8798451744938,1337,118
1955,-101.3188821606566,-2499.4668399716197,11,2501.5195382007314,1333,134
1956,1763.525723103345,1775.0428231321139,7,2502.159067685346,1338,150
1957,-2500.031842144797,-117.64687952552997,7,2502.7984337537055,1334,126
1958,1923.4061031866515,-1602.4072398189983,7,2503.4376365310163,1335,159
1959,-335.9349929534576,2481.4406461790213,8,2504.0766761423256,1328,142
1960,-1428.8455183466376,-2057.1826571067354,8,2504.7155527125233,1331,176
1961,2443.816160371521,551.8718821492864,7,2505.3542663663357,1336,168
1962,-2175.3323758989613,1244.1579700205996,9,2505.9928172283335,1337,146
1963,763.8002846493525,-2387.4273025936445,7,2506.6312054229275,1335,160
1964,1049.7486257940825,2276.933864354307,7,2507.2694310743714,1333,169
1965,-2312.6870876592666,-970.0919722243342,7,2507.907494306757,1325,158
1966,2361.1916251267335,-847.0974615894994,7,2508.5453952440243,1333,128
1967,-1169.1602619510616,2220.149607993688,7,2509.183134009951,1338,123
1968,-637.7491305417084,-2427.44228489439,7,2509.820710728159,1339,121
1969,2110.5059296302907,1359.4722214872136,7,2510.4581255221124,1337,138
1970,-2475.1598138901854,423.3011879301785,7,2511.095378515121,1338,131
1971,1539.5604746517567,-1984.5789339026194,8,2511.732469830336,1345,118
1972,205.39189857354717,2503.9596977588026,8,2512.369399590753,1327,161
1973,-1843.3171433154819,-1708.0345163840366,8,2513.0061679192113,1330,139
1974,2513.6020286899293,14.312280247147921,8,2513.642774938396,1343,137
1975,-1863.591449824897,1687.7875779076996,7,2514.2792207708358,1331,142
1976,234.12944468786435,-2503.993491031906,7,2514.9155055389037,1329,149
1977,1519.1676959007596,2005.0260626065635,7,2515.55162936482,1335,142
1978,-2475.1882250427752,-452.37512156350635,8,2516.1875923706484,1337,139
1979,2131.2401644217393,-1338.736479504311,9,2516.8233946782993,1338,124
1980,-667.3751782868833,2427.387561022457,7,2517.45903640953,1329,145
1981,-1147.8647333663314,-2241.2511135287455,8,2518.0945176859427,1334,132
1982,2360.938624724624,877.478666568825,7,2518.7298386289867,1333,146
1983,-2334.199465996409,948.0046692617494,8,2519.364999359958,1329,138
1984,1081.0705013318998,-2276.331823603491,8,2520.0,1338,140
1985,740.6788561609887,2409.355688153173,8,2520.634840670104,1333,129
1986,-2174.1972320428245,-1276.5838774547171,7,2521.2695214911078,1335,110
1987,2466.1258798289327,-527.4686197661175,8,2521.9040425836984,1330,149
1988,-1462.5123288763841,2055.2999021759756,7,2522.53840406841,1337,146
1989,-310.00197990860306,-2504.0564635113055,9,2523.1726060656256,1332,137
1990,1920.534135171685,1637.4213372374104,7,2523.806648695577,1339,158
1991,-2522.8378024229582,89.94121783531465,12,2524.4405320783458,1329,145
1992,1799.9594005946685,-1770.916755867108,8,2525.074256333861,1337,142
1993,-131.02983166007616,2522.306718703166,8,2525.707821581903,1327,141
1994,-1607.579441315398,-1948.8684767987995,7,2526.3412279421004,1332,156
1995,2502.447891282521,351.21866609800543,12,2526.974475533934,1332,135
1996,-2082.993720832377,1431.76016112088,8,2527.6075644767325,1332,152
1997,568.937080541781,-2463.394121610384,7,2528.2404948896774,1332,171
1998,1244.7937943040188,2201.292440740712,9,2528.8732668917987,1337,143
1999,-2405.4254640647223,-782.5141128625185,11,2529.50588060198,1334,151
2000,2302.8422027040942,-1048.1019938178506,9,2530.138336138955,1333,141
2001,-990.3088697624697,2328.9672265770037,9,2530.7706336213087,1335,139
2002,-843.1823756779115,-2386.848022255743,7,2531.4027731674782,1327,116
2003,2234.5868556740375,1190.7231350943086,9,2532.034754895754,1332,134
2004,-2452.648585594796,631.597114923626,8,2532.666578924277,1334,142
2005,1382.2136635852748,-2122.989728707648,7,2533.298245371042,1336,155
2006,414.9610352596991,2499.7214523254784,9,2533.929754353897,1333,170
2007,-1995.0138844458781,-1563.3040653910452,8,2534.5611059905423,1336,143
2008,2527.6871987160544,-194.92928319517642,8,2535.1923003985316,1337,163
2009,-1732.5961899478282,1851.623731371541,9,2535.823337695274,1330,152
2010,26.815319225635164,-2536.3124686550013,8,2536.4542179980303,1335,143
2011,1693.9027809123945,1888.7809213398084,9,2537.084941423917,1337,156
2012,-2525.5119078254875,-248.57514644804291,8,2537.7155080899042,1330,138
2013,2030.6483018246477,-1523.0454603512903,7,2538.345918112817,1332,145
2014,-468.6507677158856,2495.3489651588434,7,2538.976171609336,1333,136
2015,-1340.3480672763203,-2157.096905229024,8,2539.606268695996,1328,128
2016,2446.035554298038,685.3539721267333,7,2540.2362094891882,1331,141
2017,-2267.1423876008835,1147.1989340752398,7,2540.865994105159,1328,149
2018,897.0207205919395,-2377.9305765368167,9,2541.4956226600116,1335,153
2019,945.067877103908,2359.9251487422885,10,2542.1250952697037,1337,134
2020,-2291.537315432198,-1102.0239253218579,9,2542.754412050051,1337,150
2021,2434.717044999165,-735.4950107176339,10,2543.383573116725,1331,157
2022,-1298.7859586809116,2187.4997219504526,8,2544.0125785852556,1342,139
2023,-520.0790113039537,-2490.9271009006065,11,2544.641428571027,1336,139
2024,2066.5976175330547,1485.7907952355545,7,2545.270123189285,1331,134
2025,-2528.106174865788,300.46492075694124,7,2545.89866255513,1332,150
2026,1661.5956935360819,-1929.7408507937919,7,2546.5270467835207,1335,175
2027,78.33158245301941,2545.950542172885,9,2547.155275989275,1334,124
2028,-1777.9624516172373,-1824.8423276105862,7,2547.7833502870685,1331,135
2029,2544.3043666508643,144.62119430202696,7,2548.411269791436,1330,123
2030,-1974.2672822804868,1612.4108341600856,8,2549.0390346167715,1336,136
2031,366.6856432085558,-2523.161041048456,9,2549.666644877326,1329,145
2032,1434.3411076006942,2108.7118312009384,8,2550.294100687213,1331,149
2033,-2482.6633846901636,-586.1591237187912,7,2550.921402160404,1322,145
2034,2227.1309219499817,-1245.10556038202,9,2551.5485494107297,1338,139
2035,-801.3571773566911,2423.1026957805398,7,2552.1755425518836,1337,118
2036,-1046.14339009545,-2328.6012984965027,11,2552.802381697416,1326,147
2037,2344.9166644981356,1010.6264574801797,7,2553.429066960741,1335,160
2038,-2412.328697923508,838.9697570083628,8,2554.0555984551315,1337,172
2039,1212.35743322629,-2248.686161762232,8,2554.681976293722,1334,133
2040,625.1642445010824,2477.6540653201346,9,2555.30820058951,1334,173
2041,-2135.1309271915306,-1404.9967700141642,7,2555.934271455352,1337,156
2042,2524.0587382297513,-406.358814308285,12,2556.560189003967,1335,115
2043,-1587.0592913655676,2005.1041882381628,9,2557.1859533479374,1325,116
2044,-184.22534841976267,-2551.1685598955664,7,2557.811564599707,1335,121
2045,1859.5862507075121,1757.1394299199985,8,2558.437022871581,1336,135
2046,-2558.7568887194407,-39.53712724527093,8,2559.06232827573,1335,142
2047,1913.9220793484471,-1699.6771088011144,7,2559.6874809241845,1332,148
2048,-263.2154397431481,2546.746479781767,7,2560.312480928842,1337,137
2049,-1526.5881303871333,-2056.192763376313,8,2560.937328401459,1336,168
2050,2515.2102228958515,485.09538715617776,10,2561.5620234536586,1332,142
2051,-2182.847043290676,1341.632880335435,7,2562.1865661969277,1334,137
2052,703.474877328935,-2464.3707304232935,7,2562.810956742615,1330,123
2053,1146.217151463352,2292.8990910398215,9,2563.4351952019388,1337,136
2054,-2394.598776890361,-916.676986574435,8,2564.0592816859753,1340,165
2055,2385.4893614112693,-941.8282787183945,8,2564.6832163056706,1330,129
2056,-1123.062838149981,2306.410601251761,8,2565.306999171834,1336,112
2057,-730.0238178567012,-2459.8913035664655,9,2565.9306303951394,1329,158
2058,2200.4640913800126,1321.0442015871897,7,2566.5541100861287,1335,135
2059,-2515.5170595500804,512.4196747906129,10,2567.1774383552065,1332,148
2060,1509.0957160052023,-2077.5538789486895,8,2567.8006153126453,1334,146
2061,290.67777608689283,2551.9221050982687,8,2568.423641068584,1328,117
2062,-1938.605381260213,-1685.7666433255065,7,2569.0465157330264,1336,127
2063,2568.8087961389433,-66.49337470149398,7,2569.6692394158435,1330,129
2064,-1849.6920608203789,1784.667834679064,7,2570.291812226775,1329,144
2065,158.41791207517636,-2566.028792732798,9,2570.914234275426,1332,145
2066,1616.9063721068187,1999.6034066385182,8,2571.5365056712694,1329,129
2067,-2543.5843407842267,-382.33323334137583,8,2572.158626523644,1333,168
2068,2134.338296829302,-1436.593204316307,7,2572.7805969417605,1333,142
2069,-603.5357034653233,2501.628400590827,7,2573.4024170346934,1335,142
2070,-1245.0979718915212,-2252.8495378945354,8,2574.0240869113873,1339,145
2071,2440.4636201319786,820.3275679948332,8,2574.6456066806554,1336,115
2072,-2354.2132649918826,1043.8773409439736,9,2575.2669764511797,1335,162
2073,1031.0432356207662,-2360.5401598533886,11,2575.8881963315102,1327,153
2074,834.4639216453858,2437.636142551263,11,2576.5092664300664,1335,117
2075,-2262.452384517594,-1234.062076149597,10,2577.1301868551386,1333,121
2076,2502.461571193901,-618.454593885237,11,2577.7509577148835,1334,117
2077,-1427.8208861383414,2146.934446392605,9,2578.371579117331,1335,148
2078,-397.49832898888053,-2548.1748524092786,7,2578.9920511703795,1334,121
2079,2014.854792575255,1610.8259262988436,7,2579.6123739817967,1337,177
2080,-2574.407270390373,173.28360038153346,9,2580.232547659222,1330,119
2081,1781.664437969938,-1867.2096375268807,8,2580.8525723101657,1335,127
2082,-52.474520675497715,2580.9390586915993,7,2581.4724480420086,1332,179
2083,-1705.1154498729632,-1939.0155498614554,9,2582.0921749620015,1334,134
2084,2567.7012278938555,278.04748564298507,7,2582.7117531772683,1329,139
2085,-2081.660490864199,1529.800510123795,10,2583.331182794804,1333,142
2086,501.7065051699599,-2534.7762391718416,8,2583.950463921474,1336,144
2087,1342.5956031514993,2208.492029960321,10,2584.5695966640164,1331,171
2088,-2482.397517493687,-721.7358000966714,11,2585.1885811290445,1327,140
2089,2318.523070119392,-1144.9239159543095,7,2585.807417423038,1326,148
2090,-936.4457654146784,2410.947807074412,7,2586.4261056523537,1333,137
2091,-938.2902174000793,-2410.894329482591,8,2587.0446459232203,1339,115
2092,2320.95638058454,1144.1859461747945,9,2587.6630383417387,1338,156
2093,-2484.8810500722298,724.2694022198748,7,2588.281283013885,1336,126
2094,1343.3577256791307,-2213.0951224152554,7,2588.899380045505,1330,159
2095,504.4944864757163,2539.8986816634247,7,2589.517329542322,1334,110
2096,-2088.1735149543124,-1532.4266284045545,10,2590.1351316099317,1334,163
2097,2575.507496263047,-280.6441460156454,12,2590.7527863538044,1334,148
2098,-1709.9341429660847,1947.1325652658684,12,2591.3702938792826,1334,153
2099,-54.42989302066278,-2591.4160967983817,7,2591.9876542915863,1332,160
2100,1791.0377177276505,1874.5089740187766,7,2592.604867695808,1330,152
2101,-2587.4837920621976,-172.41701138643555,9,2593.221934196917,1330,133
2102,2024.87763628877,-1621.0708059975677,8,2593.838853899756,1335,145
2103,-398.1588083833866,2563.721818627505,7,2594.4556269090435,1335,147
2104,-1438.5211050986545,-2159.8743088859924,8,2595.0722533293747,1333,128
2105,2520.2933992680173,621.0645551036235,10,2595.6887332652195,1347,151
2106,-2278.449873645275,1244.7755513689324,8,2596.3050668209235,1327,130
2107,839.4233986911491,-2457.512636331663,7,2596.921254100709,1339,130
2108,1041.3082044674934,2379.680067426856,12,2597.5372952086755,1333,131
2109,-2375.842247446162,-1051.557708948952,9,2598.153190248797,1338,175
2110,2462.77268503473,-829.6690315100508,11,2598.7689393249257,1331,172
2111,-1255.8359687626464,2275.890159819227,7,2599.3845425407917,1333,155
2112,-611.4720986806025,-2527.0737766308166,7,2600.0,1335,140
2113,2158.4049881631527,1450.685323242923,7,2600.6153118060356,1337,139
2114,-2572.0727911796484,388.3832602897979,9,2601.2304780622576,1328,114
2115,1634.6036910535827,-2024.2704298571382,8,2601.8454988719063,1329,140
2116,162.1074391889535,2597.4066254938984,7,2602.4603743380994,1334,153
2117,-1874.4986192945591,-1806.1713446577514,7,2603.075104563831,1332,143
2118,2602.86254680427,65.6244043294058,7,2603.6896896519756,1327,149
2119,-1964.0618701989756,1710.2224913824816,7,2604.3041297052846,1335,124
2120,293.0685155334742,-2588.379965384334,10,2604.91842482639,1335,125
2121,1532.6872118051792,2107.0524224064447,7,2605.532575117801,1338,155
2122,-2554.051042556025,-518.4816988269506,11,2606.146580681908,1334,134
2123,2234.0331952393244,-1343.2407388732577,7,2606.760441620979,1330,129
2124,-740.134679623891,2500.1201283174455,7,2607.374158037162,1334,153
2125,-1143.323588499536,-2344.0160349239386,7,2607.987730032486,1343,170
2126,2426.9820318030675,956.3253720910326,7,2608.6011577088584,1337,141
2127,-2436.142128544295,934.457880020107,7,2609.2144411680692,1331,145
2128,1165.391950950534,-2335.179136738702,8,2609.8275805117855,1336,137
2129,718.2357461660599,2509.688708371874,10,2610.4405758415573,1332,160
2130,-2225.397382920958,-1365.7256269428901,8,2611.0534272588143,1335,131
2131,2564.07471961128,-496.30719544485277,8,2611.6661348648686,1333,142
2132,-1555.78302772782,2098.461143465386,8,2612.278698760911,1332,163
2133,-270.36751947166135,-2598.865407137265,12,2612.8911190480176,1326,143
2134,1955.3270360619401,1734.0980889341954,10,2613.5033958271415,1328,141
2135,-2613.775785045604,42.14434136673043,9,2614.115529199121,1338,156
2136,1899.293363736802,-1797.0767146856433,11,2614.727519264675,1344,120
2137,-186.61559582322027,2608.6729613724183,7,2615.3393661244036,1327,149
2138,-1624.9086960710306,-2050.090663710448,11,2615.951069878793,1332,139
2139,2583.57729908856,414.15979963567645,10,2616.562630628207,1329,133
2140,-2185.320948757806,1440.1292827105078,7,2617.1740484728944,1328,139
2141,638.7434552782869,-2538.662403380795,8,2617.785323512988,1327,152
2142,1244.142651121736,2303.933389588288,11,2618.3964558485022,1336,132
2143,-2474.253934221508,-858.6428064040315,7,2619.0074455793365,1337,115
2144,2405.003532498267,-1038.440180593403,7,2619.618292805271,1333,149
2145,-1072.1683869487224,2390.8272522346265,7,2620.228997625971,1336,160
2146,-824.5891035123608,-2487.740503020498,8,2620.8395601409866,1327,165
2147,2289.0039148185006,1277.6780024503737,9,2621.4499804497505,1329,141
2148,-2551.493192320877,604.2205636522323,7,2622.060258651582,1331,148
2149,1473.5893610962707,-2169.5470483176628,10,2622.6703948456807,1332,160
2150,379.017173423266,2595.755377968085,7,2623.280389131135,1337,159
2151,-2033.3556306770924,-1658.3922573365335,7,2623.890241606916,1330,159
2152,2620.1697388272664,-150.70016500938158,10,2624.49995237188,1336,129
2153,-1830.6602142433403,1881.457727398234,8,2625.1095215247688,1333,129
2154,78.9837664797767,-2624.530732270565,8,2625.7189491642093,1334,144
2155,1715.0027316810804,1989.0614948579225,8,2626.3282353887153,1335,132
2156,-2608.7863105908473,-308.2758272615542,7,2626.937380296683,1331,145
2157,2132.369397522381,-1535.2526673189786,7,2627.5463839863987,1333,142
2158,-535.4185942741477,2573.038462383626,7,2628.1552465560326,1333,142
2159,-1343.5726201531695,-2259.4717556045584,7,2628.7639681036408,1337,140
2160,2517.54257365833,758.6694865471987,8,2629.372548727167,1335,141
2161,-2369.3795680506832,1141.4203706364963,7,2629.9809885244417,1336,152
2162,976.3141352741573,-2442.705612484622,9,2630.589287593181,1328,141
2163,930.3353062480586,2461.2346937966586,11,2631.1974460309893,1331,145
2164,-2349.083150003225,-1186.6795499927207,7,2631.8054639353572,1334,124
2165,2534.3165501846393,-711.9266980948448,7,2632.4133414036633,1339,150
2166,-1388.14697974825,2237.3752395643905,11,2633.0210785331747,1335,122
2167,-487.86143098908366,-2588.047763112822,7,2633.6286754210428,1336,145
2168,2108.4211845321897,1579.1643703604375,7,2634.236132164313,1333,130
2169,-2621.998724635453,259.85128056266313,7,2634.8434488599123,1329,145
2170,1758.2583219191679,-1963.1932338417405,9,2635.450625604661,1333,126
2171,29.63983453907674,2635.8910220660673,7,2636.057662495265,1330,123
2172,-1802.7892526535638,-1924.0454543790809,11,2636.6645596283192,1338,143
2173,2629.5997112562695,201.0108418989969,7,2637.2713171003093,1330,154
2174,-2075.2430935758453,1628.4244233509144,9,2637.877935007608,1339,127
2175,430.3336946544518,-2603.15441555914,7,2638.484413446477,1331,110
2176,1441.422039611159,2210.6791951170135,8,2639.0907525130697,1335,160
2177,-2556.7392409729923,-656.5702199070921,7,2639.6969523034268,1337,156
2178,2329.301429367881,-1243.203463293417,7,2640.30301291348,1333,127
2179,-877.9839502027334,2490.6915070290024,8,2640.90893443905,1332,130
2180,-1035.2773203673805,-2430.185357114336,8,2641.5147169758484,1332,139
2181,2405.4993020656493,1092.873784003292,9,2642.120360619478,1336,129
2182,-2512.5416323920604,819.2280180124701,10,2642.725865465429,1336,135
2183,1299.5870563665549,-2301.7978805543535,9,2643.3312316090846,1331,148
2184,596.7036702962675,2575.7221763720872,7,2643.9364591457183,1333,141
2185,-2180.3649290349736,-1496.5322503154794,11,2644.541548170495,1337,151
2186,2619.225274030428,-369.4035244556152,7,2645.1464987784707,1338,151
2187,-1682.191251119906,2042.11473591854,9,2645.751311064591,1333,129
2188,-139.06498371673968,-2642.6995535444175,10,2646.3559851236946,1337,157
2189,1888.0913088509064,1855.1310491287861,9,2646.9605210505124,1335,147
2190,-2645.946816888094,-92.54967422828558,7,2647.564918939666,1333,151
2191,2014.0148009329218,-1719.4604914400109,7,2648.169178885669,1335,140
2192,-323.66678154762366,2628.9236988780413,8,2648.7733009829285,1328,137
2193,-1537.5011388685082,-2157.612163475642,9,2649.3772853257424,1332,147
2194,2591.742140882707,552.5148642097548,7,2649.981132008302,1334,132
2195,-2284.808821225416,1343.5954191833657,10,2650.5848411246902,1335,159
2196,777.3382214913267,-2534.6686744836493,10,2651.1884127688845,1332,123
2197,1139.2183138181758,2394.615132638494,7,2651.7918470347554,1336,124
2198,-2458.1225194969707,-996.4103969458891,7,2652.3951440160645,1337,127
2199,2486.1738288249867,-925.9263971103244,7,2652.998303806469,1337,161
2200,-1208.0474374641794,2362.672509857477,10,2653.601326499518,1334,133
2201,-705.3459801755208,-2558.7667045376047,7,2654.204212188655,1337,160
2202,2249.032869867126,1410.620838587478,10,2654.806960967219,1329,128
2203,-2611.820249273747,479.1607094531265,8,2655.40957292844,1331,152
2204,1602.5700765486456,-2118.0578721439288,7,2656.0120481654444,1334,171
2205,249.09871449860879,2644.9101743603965,8,2656.614386771253,1334,112
2206,-1970.7354172098164,-1782.4146305938048,7,2657.2165888387794,1333,153
2207,2657.7648003157374,-16.919403141026116,9,2657.8186544608343,1337,125
2208,-1948.7654029582557,1808.1795829598748,8,2658.4205837301215,1331,166
2209,215.59999508411937,-2650.2672774872585,10,2659.02237673924,1336,119
2210,1631.622200196819,2100.3354484045853,12,2659.624033580686,1327,189
2211,-2622.45662188686,-446.6780342951294,7,2660.2255543468495,1332,156
2212,2235.9499304448045,-1442.4035179324378,9,2660.826939130014,1332,136
2213,-674.5427022521442,2574.5275572109103,7,2661.4281880223634,1330,131
2214,-1241.962029193916,-2354.555227222443,9,2662.029301115974,1330,110
2215,2506.829163177927,897.4450103714734,8,2662.6302785028192,1339,156
2216,-2455.227116480495,1031.823534573074,7,2663.2311202747687,1336,144
2217,1113.6724195302108,-2419.862339468451,8,2663.8318265235885,1337,119
2218,813.5895266703185,2537.1779760380164,7,2664.432397340942,1338,148
2219,-2314.2761036406937,-1321.561998590172,12,2665.0328328183878,1332,121
2220,2599.7629436888583,-588.9249838665731,8,2665.6331330473818,1329,142
2221,-1519.5132145266095,2190.8627503517896,10,2666.233298119277,1334,158
2222,-359.54566646463644,-2642.48498836351,7,2666.8333281253254,1334,144
2223,2050.5519079692617,1706.0002557806436,7,2667.4332231566736,1332,165
2224,-2664.9988526988877,127.20501214029215,12,2668.032983304367,1337,128
2225,1879.583793944624,-1894.4035371432174,7,2668.6326086593485,1329,133
2226,-106.31926919740258,2667.1138357777927,9,2669.2320993124595,1335,117
2227,-1723.5999240616343,-2038.9220931106536,7,2669.8314553544387,1339,146
2228,2648.7953936639515,339.23879864283344,7,2670.430676875923,1330,122
2229,-2182.781381132486,1539.4367288659048,8,2671.0297639674477,1334,131
2230,569.768225523063,-2610.1655444021744,12,2671.628716719447,1328,130
2231,1343.3131570019148,2310.045402632933,8,2672.2275352222537,1332,173
2232,-2551.5020733071406,-796.1389137012231,11,2672.826219566098,1333,91
2233,2419.724079790485,-1136.7213280668611,7,2673.4247698411114,1328,124
2234,-1016.612512025567,2473.2365435584743,7,2674.0231861373236,1335,152
2235,-921.2349229313189,-2510.9612137131326,7,2674.621468544661,1333,139
2236,2375.951126283692,1229.494304790086,7,2675.2196171529545,1332,156
2237,-2583.0411665028746,698.4971955215478,9,2675.81763205193,1333,136
2238,1433.1462396661516,-2260.3742733739405,10,2676.4155133312165,1331,160
2239,470.20844059515724,2635.394471875714,9,2677.013261080341,1335,162
2240,-2127.3752651706436,-1625.999532945854,8,2677.61087538873,1341,136
2241,2667.602330369839,-238.11301309547179,9,2678.2083563457118,1331,179
2242,-1806.5667550890194,1977.9576738158808,7,2678.8057040405147,1332,144
2243,-3.9859981930752864,-2679.3999536870947,10,2679.402918562268,1323,135
2244,1813.2517914089576,1973.4533034638052,12,2680.0,1334,167
2245,-2670.678731504544,-230.38036611065814,9,2680.5969484426414,1328,155
2246,2125.3681737860716,-1634.5060800918598,7,2681.1937639790226,1335,148
2247,-463.1904099555478,2641.4872030969996,7,2681.7904466978766,1334,176
2248,-1443.0777087356769,-2261.133947060676,7,2682.3869966878387,1330,136
2249,2592.03082525879,692.6587911145252,9,2682.9834140374405,1325,156
2250,-2379.6959147683683,1240.4222479602415,12,2683.5796988351212,1334,133
2251,917.0241875612685,-2522.670537233825,9,2684.1758511692187,1331,133
2252,1028.082601735717,2480.1302715801685,8,2684.7718711279736,1331,125
2253,-2433.920132586586,-1134.5628180888418,9,2685.367758799528,1333,141
2254,2561.651311966524,-807.6772597394253,9,2685.963514271927,1338,136
2255,-1343.601687179768,2326.4424571021914,7,2686.5591376331176,1335,172
2256,-580.8879599071207,-2623.617574654306,7,2687.154628970949,1336,143
2257,2201.044460820996,1542.5314523500683,8,2687.7499883731743,1334,149
2258,-2665.53688688484,349.4468552673987,7,2688.3452159274484,1335,151
2259,1729.8188149940556,-2058.6711411229717,7,2688.940311721329,1333,151
2260,115.12328295118166,2687.0702688471956,11,2689.5352758422778,1326,142
2261,-1900.398422311611,-1904.0183393222712,7,2690.13010837766,1331,116
2262,2688.0346673347544,120.28976351517782,7,2690.7248094147426,1333,154
2263,-2063.7836082852164,1727.4250253406817,7,2691.3193790406967,1338,142
2264,354.9893552083911,-2668.40449664003,8,2691.9138173425986,1333,132
2265,1541.063389116662,2207.877630378158,7,2692.508124407427,1333,160
2266,-2628.311973821361,-587.1764370845121,8,2693.1023003220653,1341,129
2267,2335.1824168894923,-1342.7297121350036,9,2693.696345173301,1335,142
2268,-815.0696197520776,2568.046244707678,8,2694.2902590478266,1331,118
2269,-1133.9331900129766,-2444.707655444101,10,2694.8840420322354,1336,137
2270,2488.051306275215,1036.9188480021942,11,2695.4776942130316,1329,142
2271,-2535.59841255613,916.2645307130647,9,2696.071215676618,1338,116
2272,1251.018841207445,-2388.9227402626443,8,2696.6646065093078,1332,131
2273,691.3838348604261,2607.141805290554,7,2697.2578667973144,1334,129
2274,-2271.4032820178186,-1455.7222023582253,10,2697.8509966267598,1332,155
2275,2658.772589983572,-461.0079335022869,11,2698.443996083669,1334,150
2276,-1649.4520949548169,2136.3772575201147,7,2699.036865253974,1328,123
2277,-226.89727989772723,-2690.0776242285297,9,2699.6296042235126,1331,168
2278,1984.8639302283902,1830.7143901980744,9,2700.2222130780274,1334,123
2279,-2700.7991669337525,-9.157504569891543,11,2700.814691903167,1331,148
2280,1998.1091908969856,-1818.0098077988998,9,2701.407040784487,1335,124
2281,-245.3493275262239,2690.836990135677,8,2701.999259807448,1334,110
2282,-1637.0799667354852,-2150.341643207735,10,2702.591349057419,1331,136
2283,2660.249285337286,479.86846099994705,8,2703.1833086196725,1339,130
2284,-2286.2319527009026,1443.4484606141696,7,2703.77513857939,1337,125
2285,710.916409140804,-2609.2523563684567,7,2704.366839021659,1329,125
2286,1238.5878846074258,2404.7245272803502,7,2704.958410031474,1331,175
2287,-2538.219100060895,-936.7197019845701,7,2705.549851693737,1334,141
2288,2504.8961761035625,-1024.058175565115,8,2706.141164093256,1328,162
2289,-1155.5435094619443,2447.6762853245878,10,2706.7323473147467,1334,151
2290,-801.4947328388489,-2585.9633008284522,9,2707.323401442835,1333,151
2291,2338.3006504338987,1365.7049711341058,7,2707.91432656205,1334,175
2292,-2647.288023181287,572.5959503182971,11,2708.5051227568315,1335,135
2293,1565.5861392258762,-2210.9138474087626,7,2709.0957901115275,1339,155
2294,339.110254740714,2688.383200946191,7,2709.6863287103915,1330,137
2295,-2066.476271240257,-1753.6464354028046,8,2710.276738637588,1336,131
2296,2708.9162929567183,-102.82274920283827,10,2710.8670199771877,1333,153
2297,-1928.43452537963,1906.0798202918575,8,2711.457172813172,1338,141
2298,134.4584360829211,-2708.7120424596883,10,2712.047197229429,1328,136
2299,1730.9396424419992,2088.5995198272844,10,2712.6370933097555,1331,119
2300,-2687.753957253606,-370.91598141301586,11,2713.2268611378595,1335,170
2301,2232.9014151308756,-1542.3849293566539,7,2713.8165007973544,1334,150
2302,-604.7372976881493,2646.184574209599,7,2714.4060123717677,1338,143
2303,-1341.848828632157,-2360.2206933035964,11,2714.995395944531,1333,138
2304,2584.304505091343,834.1284223454978,9,2715.5846515989883,1333,124
2305,-2469.567006737677,1130.857550371713,8,2716.1737794183937,1332,156
2306,1057.3277845865102,-2502.570269930773,7,2716.762779485909,1331,147
2307,911.0187510011244,2560.086880425028,7,2717.351651884607,1336,144
2308,-2401.5909335167335,-1272.6197342687353,8,2717.94039669747,1337,148
2309,2631.070371754231,-684.0092827418754,9,2718.529014007392,1329,128
2310,-1478.34773055052,2282.1235697429115,10,2719.117503897175,1337,136
2311,-451.5624020992968,-2681.9566359302517,8,2719.705866449532,1341,129
2312,2145.067587568762,1672.9270888959654,11,2720.2941017470885,1335,113
2313,-2712.3383534081436,215.45453495157753,7,2720.882209872379,1334,144
2314,1854.8571883456495,-1991.45796110349,8,2721.470190907848,1338,87
2315,-22.50830069109181,2721.964984418426,8,2722.058044935854,1336,132
2316,-1822.4574147611422,-2022.7330450116579,9,2722.6457720386616,1333,123
2317,2710.7448246235294,260.5043104763375,7,2723.233372298452,1338,158
2318,-2175.2561625330386,1639.3476224895185,9,2723.8208457973146,1333,142
2319,496.70987234921034,-2678.745845113125,7,2724.4081926172516,1329,149
2320,1443.5194876848025,2311.2445756938414,10,2724.9954128401755,1337,132
2321,-2626.19530925123,-729.3135112328825,7,2725.582506547912,1334,138
2322,2429.642009519126,-1236.4625775088637,7,2726.169473822198,1338,115
2323,-956.529792650149,2553.478168258476,7,2726.756314744682,1335,136
2324,-1019.7537918721475,-2529.5260828784462,7,2727.343029396926,1337,139
2325,2461.134246777024,1176.6130287147473,10,2727.9296178604022,1330,144
2326,-2610.115492890271,795.0453532812927,7,2728.516080216497,1328,128
2327,1387.8706912683415,-2349.854238951501,9,2729.10241654651,1334,145
2328,564.0522090310373,2670.776124179488,8,2729.6886269316506,1331,123
2329,-2220.4745446957922,-1588.6764290937324,8,2730.274711453043,1340,145
2330,2711.02603523437,-328.5389418035753,7,2730.8606701917256,1334,138
2331,-1777.4825890816705,2073.970984732313,11,2731.446503228646,1339,129
2332,-90.30628858953439,-2730.5392826768093,8,2732.0322106446697,1337,147
2333,1911.4514416189677,1952.8321449455837,7,2732.617792520571,1332,154
2334,-2729.148553134767,-148.82262906697983,8,2733.2032489370417,1328,151
2335,2113.3699415378096,-1734.1474822530167,7,2733.7885799746846,1332,119
2336,-387.01625819560996,2706.846581521064,9,2734.3737857140163,1340,174
2337,-1543.405025196665,-2257.8531679889384,11,2734.958866235469,1329,129
2338,2663.786343808072,622.4486440997566,7,2735.5438216193875,1331,134
2339,-2385.1609787296156,1340.6741235459058,8,2736.12865194603,1330,114
2340,853.3134291515931,-2600.2800217725685,8,2736.7133572955718,1335,142
2341,1127.4979409048915,2494.3031879174655,8,2737.2979377481,1333,134
2342,-2516.796746597075,-1077.8377133494535,8,2737.8823933836165,1336,142
2343,2584.4279698315822,-905.5010042800648,7,2738.4667242820387,1326,162
2344,-1294.2956702731326,2413.9591375812934,9,2739.0509305231985,1335,138
2345,-676.376823322973,-2654.8285053599084,7,2739.6350121868427,1331,154
2346,2292.5386614679146,1501.0218138571156,7,2740.2189693526325,1334,141
2347,-2704.948522733118,441.87497028449445,7,2740.8028021001437,1333,140
2348,1696.423813989528,-2153.449846950057,8,2741.3865105088703,1329,131
2349,203.7877192577957,2734.386689091304,7,2741.9700946582184,1326,165
2350,-1997.7433977332857,-1878.9947623165606,9,2742.553554627512,1337,140
2351,2742.899818242409,36.06365325030459,8,2743.136890495988,1332,149
2352,-2047.3247937629947,1826.5982560057676,8,2743.720102342803,1330,138
2353,275.84280169687565,-2730.4048690170507,9,2744.303190247025,1339,121
2354,1641.3126762604213,2200.1119741383286,7,2744.886154287642,1338,113
2355,-2696.9797178740037,-513.7123722242435,8,2745.4689945435553,1333,111
2356,2336.172369748112,-1443.294377050465,11,2746.051711093584,1335,128
2357,-747.8480830534364,2642.862698793356,7,2746.634304016463,1334,143
2358,-1234.0498453856835,-2454.4492211295737,8,2747.216773390844,1327,115
2359,2568.450912938464,976.4527166358685,8,2747.799119295295,1337,135
2360,-2554.0211498324243,1015.1728750359031,8,2748.3813418083014,1332,120
2361,1197.7699162344759,-2474.297320000904,7,2748.963441008265,1333,109
2362,788.3324259498594,2634.109334518218,7,2749.545416973504,1327,171
2363,-2361.1066324923013,-1410.0976810139312,9,2750.1272697822556,1333,125
2364,2694.083600498943,-555.2598972757298,10,2750.708999512671,1336,154
2365,-1611.8014559412177,2229.730043441531,9,2751.2906062428233,1331,129
2366,-317.73591104310697,-2733.467375117839,8,2751.8720900506987,1334,128
2367,2081.158826924579,1801.3267158164033,7,2752.453451014204,1337,132
2368,-2751.941470029671,77.57670739941982,8,2753.0346892111625,1334,126
2369,1977.2109465464496,-1916.516859528476,9,2753.615804719315,1337,144
2370,-163.3797446432501,2749.346660397758,7,2754.1967976163214,1334,135
2371,-1737.0521191633748,-2138.0949313138626,7,2754.7776679797594,1325,143
2372,2725.6850402225764,403.2878147264709,8,2755.3584158871236,1330,154
2373,-2282.733254542823,1544.1272255239624,7,2755.9390414158293,1334,161
2374,640.3083492483433,-2681.120142381326,7,2756.519544643208,1338,151
2375,1339.2090939022219,2410.0039424883917,8,2757.099925646512,1336,148
2376,-2615.9758214179064,-872.622771738688,8,2757.6801845029095,1338,151
2377,2518.9171658246632,-1123.8577809108433,9,2758.2603212894896,1330,163
2378,-1098.4470373923923,2530.733906605725,9,2758.840336083261,1334,148
2379,-899.7146069373957,-2608.622936735681,7,2759.420228961149,1333,139
2380,2426.0306422390854,1316.0453346739284,9,2760.0000000000005,1331,136
2381,-2678.4177406642234,668.4896457651062,11,2760.579649276579,1334,130
2382,1523.7434287550686,-2302.651941420098,11,2761.1591768675703,1330,140
2383,431.94867672324693,2727.7500509901997,10,2761.738582849579,1328,141
2384,-2161.5274887257347,-1719.941544205215,7,2762.3178672991276,1332,135
2385,2756.2246834303032,-191.89969893026245,7,2762.89703029266,1341,118
2386,-1903.1266877997953,2003.7237359936078,8,2763.47607190654,1327,147
2387,49.8208893668547,-2763.6059558089487,12,2764.0549922170503,1331,122
2388,1830.435843987355,2071.8843165211465,7,2764.6337913003954,1330,135
2389,-2749.8196279796034,-291.36234069988507,8,2765.212469232699,1328,127
2390,2224.9092607665266,-1642.9786308273603,11,2765.7910260900044,1332,140
2391,-530.8737300305912,2714.95360600571,7,2766.369461948277,1337,124
2392,-1442.776595737456,-2361.0158184121165,8,2766.9477768834017,1340,133
2393,2659.25740417013,766.5181396198928,8,2767.525970971185,1340,132
2394,-2479.1469416675086,1231.3530938039821,7,2768.104044287353,1333,154
2395,996.4867483971321,-2583.1403678989086,9,2768.6819969075536,1333,139
2396,1010.3187440149583,2578.3824455445,7,2769.259828907356,1333,170
2397,-2487.1686701863664,-1219.012717752928,8,2769.83754036225,1336,137
2398,2657.946174204788,-781.3591587932717,8,2770.4151313476464,1331,135
2399,-1432.384767149592,2372.061103521115,7,2770.9926019388795,1333,137
2400,-546.2220885125837,-2717.2120693867364,7,2771.5699522112013,1334,150
2401,2238.6836985643617,1634.960335232078,7,2772.1471822397884,1336,153
2402,-2755.709093481359,306.7040790471258,10,2772.724292099739,1335,125
2403,1825.1782252130772,-2088.0432098517604,7,2773.3012818660727,1332,154
2404,64.63674422110783,2773.124968568221,8,2773.8781516137296,1333,163
2405,-1921.2795175086726,-2001.5706371751269,10,2774.454901417574,1334,138
2406,2769.3087017663684,178.12724193977635,7,2775.0315313523915,1338,131
2407,-2162.7744945514623,1739.6570023190395,8,2775.6080414928906,1335,144
2408,419.72832601719466,-2744.2718765346126,10,2776.1844319137012,1335,125
2409,1544.554959405652,2307.5419773809977,10,2776.7607026893766,1329,136
2410,-2698.1886989984955,-658.3143205162766,12,2777.3368538943923,1340,135
2411,2434.750180940983,-1337.4571232035264,9,2777.9128856031466,1332,173
2412,-892.054604551359,2631.3947979158734,9,2778.4887978899615,1332,163
2413,-1119.9403832809207,-2543.4098249980448,8,2779.06459082908,1331,147
2414,2544.3847864461586,1119.1541710154759,7,2779.64026449467,1336,157
2415,-2632.672946134105,893.6627768311532,7,2780.215818960822,1341,148
2416,1337.867412434356,-2437.8086033866975,12,2780.7912543015523,1333,148
2417,660.3508492742344,2701.8395133432323,7,2781.3665705907943,1332,156
2418,-2312.466660910615,-1546.5115396197057,8,2781.9417679024123,1328,146
2419,2750.3629152999224,-421.78647932681514,9,2782.5168463101886,1331,170
2420,-1743.4795299638809,2169.3038350118054,8,2783.0918058878333,1342,124
2421,-179.79326908378047,-2777.8542763061146,8,2783.6666467089767,1331,142
2422,2009.4023437641024,1927.2525057385012,8,2784.2413688471765,1331,140
2423,-2784.085566867715,-63.77739692770849,7,2784.8159723759127,1338,125
2424,2096.4114470467453,-1833.973567064523,8,2785.390457368589,1330,142
2425,-307.0605171376241,2768.991484063318,7,2785.964823898536,1334,135
2426,-1644.3488696889747,-2249.6481491007858,8,2786.539072039005,1330,159
2427,2732.6700862776893,548.1917543734925,8,2787.1132018631756,1338,127
2428,-2385.7753392141576,1441.9694971800102,7,2787.6872134441483,1331,140
2429,785.3217239805224,-2675.3821764084955,11,2788.2611068549513,1331,158
2430,1228.3756212507749,2503.735875270547,7,2788.834882168537,1336,148
2431,-2597.5494372436683,-1016.6301791089537,8,2789.408539457783,1342,169
2432,2602.6109544072087,-1005.194617971863,7,2789.9820787954895,1331,146
2433,-1240.3399843543855,2499.7513322752256,7,2790.555500254385,1338,144
2434,-774.1286679574205,-2681.627268179989,8,2791.128803907122,1336,137
2435,2382.7207946899957,1454.7307704698746,8,2791.701989826278,1332,156
2436,-2740.163048500484,536.9417730373849,10,2792.2750580843563,1334,153
2437,1658.1521652253255,-2247.3387365856897,7,2792.8480087537882,1331,158
2438,295.4462884532482,2777.7529570930533,7,2793.4208419069264,1333,122
2439,-2094.6274195307506,-1849.0364986527306,10,2793.9935576160515,1337,156
2440,2794.0917800457823,-51.48907340972408,11,2794.566155953371,1332,139
2441,-2025.910884861596,1925.7427363485767,7,2795.138636991017,1334,116
2442,193.06263417555414,-2789.036898157713,7,2795.7110008010486,1332,143
2443,1741.965462393654,2187.4085873077447,11,2796.2832474554502,1329,118
2444,-2762.6095131448496,-436.3355106813758,7,2796.855377026134,1334,152
2445,2332.279579815261,-1544.69154253422,7,2797.4273895849374,1334,154
2446,-676.4644981340896,2714.9946192882585,8,2797.9992852036257,1335,150
2447,-1335.421487502086,-2459.400221744667,10,2798.5710639538884,1331,130
2448,2646.539719715911,911.6071039466659,8,2799.142725907345,1336,126
2449,-2567.7819724243172,1115.7489601575635,9,2799.7142711355386,1335,115
2450,1139.95753939769,-2557.7522961323607,8,2800.285699709942,1334,132
2451,887.3486384929486,2656.5790772654805,10,2800.8570117019544,1335,125
2452,-2449.2960503730073,-1359.7605883489891,7,2801.4282071829007,1339,123
2453,2725.0951658090457,-651.9634478129657,9,2801.9992862240347,1337,148
2454,-1569.3250996800298,2321.985945589306,7,2802.5702488965376,1333,163
2455,-411.39125944150055,-2772.7887102437385,8,2803.141095271517,1331,111
2456,2176.782084095384,1767.0369997148775,8,2803.711825420009,1340,118
2457,-2799.277301628906,167.47115747253173,10,2804.2824394129775,1327,168
2458,1951.3717245126015,-2014.782467854213,9,2804.852937321313,1339,143
2459,-77.93062152053211,2804.340710083107,11,2805.4233192158363,1329,155
2460,-1837.2146961840408,-2120.905976257642,9,2805.993585167293,1330,133
2461,2787.922704493551,322.9349683285559,9,2806.56373524636,1333,176
2462,-2274.32871308995,1645.42666345681,7,2807.1337695236393,1334,134
2463,565.6642911910501,-2750.1316167906084,9,2807.703688069665,1336,137
2464,1440.8763272768247,2410.4512875171836,7,2808.2734909548963,1335,150
2465,-2691.2396454438413,-804.2569059643226,8,2808.843178249722,1333,131
2466,2528.2166550089155,-1225.1206248102808,8,2809.412750024461,1336,178
2467,-1036.8813160373486,2611.68090249415,12,2809.982206349357,1338,146
2468,-999.8036215290565,-2626.707581436766,7,2810.5515472945876,1335,137
2469,2512.0482180733497,1261.7502724685692,9,2811.120772930256,1334,159
2470,-2705.153785640905,766.6439825842756,8,2811.6898833263954,1334,121
2471,1477.1345063950369,-2393.0887258973685,7,2812.2588785529683,1335,150
2472,527.4218622905009,2762.9379615145217,7,2812.8277586798663,1331,147
2473,-2255.6982625827445,-1681.3760281927382,9,2813.39652377691,1335,154
2474,2799.6006325418894,-283.9653117390435,8,2813.965173913849,1332,148
2475,-1872.9008911026817,2100.9146227552374,12,2814.5337091603647,1339,139
2476,-38.13630833341136,-2814.8438006373817,7,2815.1021295860655,1330,149
2477,1929.90972072406,2050.2313210598413,9,2815.6704352604906,1332,140
2478,-2808.5333603441454,-208.18348597816788,11,2816.238626253109,1331,125
2479,2211.9971192410635,-1743.9807179178433,7,2816.8067026333206,1340,132
2480,-453.1071288324581,2780.700258891851,8,2817.3746644704534,1338,153
2481,-1544.5401832540078,-2356.9462493475908,7,2817.942511833767,1337,102
2482,2731.5403922106707,694.7568536700992,8,2818.5102447924505,1333,168
2483,-2483.9545278162864,1333.1053610802749,8,2819.077863415624,1332,134
2484,931.2784672825237,-2661.4132366800754,7,2819.645367772338,1333,122
2485,1111.2866282279247,2592.0343419642054,11,2820.2127579315716,1332,161
2486,-2570.839226081898,-1160.8555782863903,8,2820.780033962237,1330,112
2487,2680.342328462078,-880.775227997748,7,2821.347195933177,1335,157
2488,-1381.7235473322633,2460.495892853216,7,2821.914243913163,1336,138
2489,-643.3303745127839,-2748.185952447403,7,2822.4811779709,1341,143
2490,2331.212802222015,1592.1830518995553,7,2823.0479981750223,1339,134
2491,-2795.0289359668936,400.7658257733224,7,2823.614704594095,1335,124
2492,1790.613161398077,-2183.965317084496,8,2824.1812972966163,1335,161
2493,154.9360279011271,2820.495493217144,10,2824.747776351014,1335,111
2494,-2019.8672404760532,-1975.4838219665717,8,2825.314141825648,1332,146
2495,2824.373339164563,92.27806357101846,8,2825.8803937888097,1336,145
2496,-2145.3676548028366,1840.162391129049,8,2826.4465323087225,1337,116
2497,338.983376948,-2806.6154475013013,9,2827.012557453539,1331,133
2498,1646.2151758332284,2298.9509770450463,11,2827.5784692913476,1329,150
2499,-2767.3405434613837,-583.289222011563,8,2828.144267890166,1336,172
2500,2435.043960110473,-1439.5002300553842,7,2828.709953317943,1331,142
2501,-823.3217810139955,2706.832326707353,8,2829.2755256425626,1331,132
2502,-1221.5912054740895,-2552.589846941408,11,2829.8409849318386,1335,127
2503,2625.5374292283045,1057.2384819525,10,2830.406331253518,1331,115
2504,-2650.6731567591078,994.1487896872904,7,2830.9715646752793,1336,141
2505,1283.2421438641047,-2524.0621228906107,11,2831.5366852647344,1334,125
2506,758.908049304218,2728.5268136306204,12,2832.101693089427,1336,128
2507,-2403.167800878598,-1499.5947855405216,7,2832.666588216834,1330,145
2508,2785.538143351804,-517.6651928922606,9,2833.2313707143644,1338,116
2509,-1704.6309915557438,2263.765266680201,8,2833.796040649362,1329,122
2510,-272.2638547732896,-2821.2536917803027,8,2834.3605980890998,1330,145
2511,2106.907873439915,1896.7707328079732,8,2834.925043100787,1327,151
2512,-2835.3828267487693,24.5810044171566,7,2835.4893757515647,1333,124
2513,2074.5315428769095,-1933.7835653476711,7,2836.0535961085084,1336,150
2514,-223.48741086668196,2827.8000949826896,7,2836.617704238624,1335,116
2515,-1745.7058811895067,-2236.5399563567757,7,2837.1817002088537,1335,152
2516,2798.5463149675834,470.0409801085013,9,2837.7455840860716,1331,141
2517,-2381.542120907997,1544.1039881889565,7,2838.309355937087,1328,129
2518,713.1893886079923,-2747.82839638449,7,2838.8730158286407,1324,112
2519,1330.5118217552265,2508.4135010339883,7,2839.4365638274085,1337,96
2520,-2676.0178864862946,-951.0669120547855,10,2840.0,1334,142
2521,2616.1675984865815,-1106.5564136676237,8,2840.5633244129585,1336,156
2522,-1181.8467336962713,2583.6482535460304,9,2841.1265371327618,1330,143
2523,-873.9454975119464,-2703.963621681807,8,2841.689638225821,1333,156
2524,2471.410927196911,1403.7549746774562,7,2842.2526277584825,1335,139
2525,-2771.1130445102235,634.4544857949054,11,2842.8155057970257,1333,122
2526,1615.084329789184,-2340.1501250281835,7,2843.3782724076655,1333,184
2527,389.91291805359265,2817.085003391792,9,2843.9409276565502,1328,124
2528,-2190.856504127725,-1814.2072038003942,11,2844.5034716097643,1332,137
2529,2841.5104902898897,-142.19048341049037,7,2845.0659043333244,1337,145
2530,-1999.5882472953103,2024.659685299846,7,2845.628225893186,1326,131
2531,106.81727563178531,-2844.1853085948183,7,2846.190436355234,1333,188
2532,1842.8197063656205,2169.796195459501,9,2846.7525357852933,1338,150
2533,-2825.07176824381,-355.20346883412446,9,2847.314524249122,1333,175
2534,2323.5149185255286,-1646.717469206332,9,2847.87640181241,1330,144
2535,-601.064462289425,2784.2991060898476,7,2848.4381685407884,1331,112
2536,-1437.8442529747108,-2459.553598559624,8,2848.999824499819,1336,144
2537,2722.1626272917215,842.5144690604621,8,2849.5613697550016,1336,157
2538,-2576.855953900329,1217.7903731137076,8,2850.1228043717692,1331,132
2539,1077.7000145464535,-2639.1215732979363,10,2850.6841284154934,1336,124
2540,988.2330724327204,2674.5084397978976,8,2851.2453419514777,1332,135
2541,-2535.79573176231,-1304.8141656098203,10,2851.806445044965,1327,127
2542,2751.747361594591,-750.9237364454577,10,2852.367437761131,1329,141
2543,-1522.1104142181641,2412.960813384381,7,2852.92832016509,1334,158
2544,-507.67453042572333,-2807.9648450714303,7,2853.4890923218895,1335,126
2545,2271.54263013904,1727.9161089187792,10,2854.049754296516,1334,125
2546,-2842.713617303384,260.34456014656325,9,2854.610306153889,1330,135
2547,1920.6453308451544,-2112.610118574345,7,2855.1707479588677,1340,124
2548,10.82566199928237,2855.7105604459075,7,2855.7310797762457,1331,141
2549,-1937.367260743383,-2098.8111151315356,7,2856.291301670752,1331,123
2550,2846.8390102518383,238.9720688874181,7,2856.851413707055,1332,149
2551,-2261.036923551418,1747.1439638270044,7,2857.4114159497576,1332,135
2552,487.1349018145374,-2816.1497807173077,7,2857.9713084634004,1334,127
2553,1543.3859675337892,2406.067279861432,8,2858.5310913124595,1337,145
2554,-2763.860906005013,-731.760133006129,12,2859.090764561349,1336,119
2555,2532.777485680704,-1327.6438558698378,10,2859.65032827442,1337,97
2556,-970.9706750798741,2690.356100618454,12,2860.209782515961,1332,118
2557,-1101.561256795957,-2640.182341719244,7,2860.7691273501955,1336,130
2558,2596.1819486261284,1202.9294616176949,10,2861.328362841287,1328,126
2559,-2727.443806734146,866.8623195799622,9,2861.8874890533352,1327,116
2560,1425.8535562890822,-2482.0438424850154,9,2862.446506050376,1331,146
2561,625.3385652584701,2793.877534681948,8,2863.0054138963833,1336,159
2562,-2348.8007016130628,-1638.027858158091,8,2863.5642126552707,1338,129
2563,2838.958239087675,-378.83521050215006,8,2864.1229023908872,1334,160
2564,-1837.8182978156894,2197.4585102371884,7,2864.681483167021,1334,136
2565,-129.2370692929874,-2862.3238426007215,9,2865.2399550473956,1334,116
2566,2029.1627231243417,2023.684422799811,7,2865.798318095675,1329,154
2567,-2863.7783789865416,-121.54585986044133,7,2866.3565723754605,1332,135
2568,2194.1912753675115,-1845.1895965187682,9,2866.914717950292,1330,158
2569,-371.59301094945414,2843.293624340181,7,2867.4727548836454,1330,151
2570,-1646.9365098914739,-2348.020471032246,8,2868.030683238936,1333,130
2571,2801.0094440301104,618.9879598620087,7,2868.58850307952,1336,139
2572,-2483.980392334228,1435.9113518943625,11,2869.1462144686875,1339,114
2573,861.833113483215,-2737.2328517142687,7,2869.7038174696704,1329,142
2574,1213.7210511413748,2601.0154190270146,7,2870.261312145638,1337,151
2575,-2652.4357866392515,-1098.264265901161,7,2870.8186985596985,1337,155
2576,2698.214123188149,-982.0593390564583,7,2871.3759767748984,1330,161
2577,-1326.4649100508277,2547.2516252627747,9,2871.9331468542227,1336,153
2578,-742.6938379820637,-2774.816365639981,9,2872.4902088605977,1332,151
2579,2422.470452953301,1544.680194916808,7,2873.0471628568853,1338,159
2580,-2830.219238438897,497.4525729859612,11,2873.60400890589,1328,134
2581,1751.2304210471423,-2279.033131044621,7,2874.160747070351,1338,114
2582,248.21001029776417,2863.981806993191,9,2874.717377412952,1335,172
2583,-2118.0242037840494,-1944.5239705863605,9,2875.2738999963117,1337,163
2584,2875.8286145346324,3.1272709854221463,9,2875.8303148829905,1332,163
2585,-2123.0695722898367,1940.663698639476,8,2876.386622135488,1334,154
2586,254.63516439134568,-2865.651921126394,7,2876.9428218162416,1333,110
2587,1748.2978819541804,2285.4878070019377,8,2877.4989139876316,1333,133
2588,-2833.5126590682034,-504.38676717399915,7,2878.054898711975,1336,127
2589,2430.5217648291714,-1542.389039993377,9,2878.610776051532,1334,172
2590,-750.4671442328431,2779.6400963842425,7,2879.166546068497,1332,160
2591,-1324.5043629508195,-2557.046771673182,11,2879.7222088250105,1335,156
2592,2704.430209975319,990.9880117200457,8,2880.27776438315,1328,117
2593,-2664.0791098581867,1096.3040164193567,7,2880.8332128049346,1337,147
2594,1224.1022277342638,-2608.442779908353,10,2881.388554152321,1339,117
2595,859.5284911224535,2750.783665239555,10,2881.943788487208,1332,129
2596,-2492.3972261273566,-1448.017978891374,12,2882.4989158714357,1330,113
2597,2816.4804413565676,-615.9853273057031,9,2883.0539363667826,1335,140
2598,-1661.0125538080001,2357.1672185257084,9,2883.6088500349697,1333,140
2599,-367.53531505467333,-2860.6498898305717,9,2884.1636569376574,1334,135
2600,2203.774100745281,1861.4455976160916,8,2884.7183571364467,1330,125
2601,-2882.937015244005,116.07827590029393,7,2885.27295069288,1331,140
2602,2047.7717455232307,-2033.379177191686,11,2885.827437668441,1329,143
2603,-136.46146563667858,2883.1542220970923,9,2886.381818124553,1330,125
2604,-1847.2749215061692,-2218.55253811452,8,2886.9360921225816,1331,148
2605,2861.282881055888,388.14980945057226,7,2887.4902597238315,1338,145
2606,-2372.467526522521,1646.8751730462486,9,2888.0443209895516,1331,146
2607,637.0576934833605,-2817.473601504309,7,2888.59827598093,1334,154
2608,1433.704395735012,2508.3244817308037,9,2889.1521247590963,1334,134
2609,-2752.0452073187553,-881.2758801157963,8,2889.7058673851225,1338,125
2610,2625.068629077555,-1209.386080882729,11,2890.2595039200205,1333,126
2611,-1118.9296019699045,2665.4824227211607,12,2890.8130344247443,1337,129
2612,-975.6303822082494,-2721.7908364369564,7,2891.366458960192,1329,127
2613,2558.4322849585415,1348.1929547664233,9,2891.9197775872003,1339,130
2614,-2797.7346925211154,734.2210772402128,7,2892.472990366548,1329,117
2615,1567.3029267335976,-2431.6993103285404,9,2893.0260973589575,1327,137
2616,487.00195451327664,2852.3024202037636,7,2893.579098625092,1331,157
2617,-2286.2394496461247,-1774.5729567650308,7,2894.131994225557,1326,162
2618,2885.059578654116,-235.86273045170384,7,2894.6847842209004,1333,134
2619,-1968.4059170539651,2123.152878552776,8,2895.2374686716116,1337,136
2620,17.275396483181794,-2895.738517317534,8,2895.7900476381224,1332,129
2621,1943.6756770348957,2147.3064202630558,7,2896.342521180808,1332,168
2622,-2884.240554318214,-270.47444394279063,7,2896.894889359985,1334,126
2623,2309.8923563897542,-1749.170461073531,9,2897.4471522359127,1334,169
2624,-521.7944836814369,2850.6368616152467,8,2897.999309868793,1330,119
2625,-1541.1160374271647,-2454.9055703193135,7,2898.5513623187703,1333,152
2626,2795.1680491423235,769.3085057724883,7,2899.1033096459328,1336,154
2627,-2581.2215975761005,1321.09616009081,7,2899.6551519103095,1331,121
2628,1011.1171951485977,-2718.242450127441,9,2900.206889171874,1331,124
2629,1090.7874739198485,2687.858382939763,8,2900.758521490543,1329,136
2630,-2620.433119745725,-1245.363507149494,7,2901.310048926174,1336,145
2631,2773.983914331602,-851.9467372022282,7,2901.861471538571,1339,123
2632,-1470.2469302152206,2502.4735691296955,7,2902.4127893874775,1333,120
2633,-606.3974205590213,-2838.922712639315,7,2902.964002532584,1327,140
2634,2365.252266471163,1684.0373261757081,7,2903.515111033521,1335,154
2635,-2882.1611268721026,356.0157844075641,8,2904.066114949865,1330,140
2636,1885.0882417420112,-2209.8059464229004,9,2904.617014341133,1339,106
2637,102.71654129561647,2903.351393156582,7,2905.16780926679,1333,149
2638,-2037.311778173567,-2071.8495887769595,9,2905.71849978624,1335,123
2639,2902.3144255272523,151.56178732258462,8,2906.2690859588347,1335,135
2640,-2242.8795956834456,1849.0784513553945,7,2906.819567843866,1331,141
2641,404.8717078724939,-2879.041316161408,7,2907.3699455005726,1329,152
2642,1646.5362472834786,2396.855937761308,12,2907.9202189881344,1335,127
2643,-2833.693532583186,-655.271671443397,7,2908.4703883656784,1333,150
2644,2532.585960606969,-1431.2261708536766,8,2909.0204536922733,1333,140
2645,-900.8409563072134,2766.601809339303,7,2909.570415026933,1337,156
2646,-1204.7882256828073,-2649.015917516555,8,2910.120272428616,1330,151
2647,2678.2637416535895,1139.6944020849248,8,2910.670025956223,1333,125
2648,-2745.2391493508553,968.948921704025,10,2911.219675668602,1336,126
2649,1369.9968825245098,-2569.3400985220164,7,2911.7692216245437,1336,146
2650,725.5081103805443,2820.5031433721274,7,2912.3186638827833,1340,143
2651,-2440.6498825381063,-1589.9774057723982,7,2912.868002502001,1336,115
2652,2874.215416107149,-476.32524792625577,11,2913.417237540823,1331,149
2653,-1797.9427337918153,2293.1641733650936,8,2913.9663690578172,1334,116
2654,-223.30519138157234,-2905.9481742629278,8,2914.5153971115,1338,156
2655,2127.998801121901,1992.290416185289,9,2915.064321760328,1342,126
2656,-2915.4417170526194,-31.616363947683528,7,2915.613143062707,1330,194
2657,2171.521138088121,-1946.4059049531456,8,2916.161861076988,1328,117
2658,-286.4876943500544,2902.606552908263,7,2916.7104758614623,1335,135
2659,-1749.7644406395843,-2334.250286981506,7,2917.2589874743726,1332,173
2660,2867.524213390319,539.3559915493952,10,2917.8073959739013,1336,132
2661,-2479.218649189134,1539.5697092086496,8,2918.3557014181806,1333,120
2662,788.2823260974259,-2810.446757076609,7,2918.9039038652845,1330,149
2663,1317.4219860624128,2605.3021534246977,8,2919.4520033732356,1338,117
2664,-2731.7949662495153,-1031.3565156500497,10,2920.0000000000005,1333,149
2665,2711.5205859996786,-1085.0143370941967,7,2920.54789380349,1335,120
2666,-1266.7117841200363,2632.155249215257,7,2921.095684841562,1334,136
2667,-844.1197145613177,-2797.045210126021,9,2921.643373172023,1333,123
2668,2512.2752710378804,1492.5390991634172,7,2922.190958852621,1340,129
2669,-2861.205230097329,596.5774310713489,10,2922.7384419410505,1333,160
2670,1707.1010779260912,-2373.0583452042592,10,2923.285822494954,1329,143
2671,344.2791148794586,2903.4930499413663,11,2923.8331005719187,1337,127
2672,-2215.55662828617,-1908.7453541154246,8,2924.380276229478,1336,125
2673,2923.568285338789,-89.1542537471493,7,2924.927349525112,1335,129
2674,-2095.9173035635754,2040.9631688550367,7,2925.4743205162476,1331,180
2675,166.8445621535671,-2921.2604971278724,8,2926.0211892602556,1333,144
2676,1850.6028707301873,2267.1720302714552,7,2926.567955814456,1338,137
2677,-2896.5706244897883,-421.75658541727444,7,2927.114620236113,1331,145
2678,2421.185520519659,-1645.9224390067557,10,2927.661182582438,1332,163
2679,-673.6279302643992,2849.671105859008,9,2928.207642910591,1329,111
2680,-1428.4793851569943,-2556.7648789400832,9,2928.754001277677,1331,135
2681,2780.9046856524387,920.5265500333542,7,2929.3002577407456,1338,145
2682,-2672.85756741406,1199.9301747674283,8,2929.846412356798,1332,159
2683,1160.5570584876045,-2690.781914982074,9,2930.392465182778,1336,147
2684,962.0176081078821,2768.5595752467366,7,2930.9384162755796,1333,138
2685,-2579.9773645320133,-1391.8752812312052,11,2931.48426569204,1339,148
2686,2843.1224572053343,-716.5575296755328,8,2932.030013488948,1334,150
2687,-1612.7024255102895,2449.3245776648773,8,2932.575659723036,1329,91
2688,-465.42496807181396,-2895.9591846390636,7,2933.1212044509857,1325,136
2689,2299.809801499041,1821.33875951975,9,2933.6666477294248,1337,167
2690,-2926.6487639547954,210.5398120115718,11,2934.211989614929,1340,119
2691,2016.1766960127843,-2132.564543092418,8,2934.7572301640216,1335,137
2692,-46.14786810217215,2934.9395861362505,12,2935.302369433173,1339,125
2693,-1948.857006908493,-2195.7131794985585,7,2935.8474074788014,1336,126
2694,2920.7514806933814,302.6727408066721,7,2936.392344357273,1331,157
2695,-2358.561281576094,1750.0824783564155,10,2936.9371801249004,1332,116
2696,557.0692622402955,-2884.176457338742,7,2937.481914837945,1330,146
2697,1537.752726322799,2503.4609149509,7,2938.0265485526165,1332,133
2698,-2825.4781287331375,-807.3867375989564,8,2938.571081325071,1335,129
2699,2629.288583369401,-1313.4845051858554,7,2939.1155132114154,1339,141
2700,-1051.7042799678889,2745.089817746812,7,2939.6598442677005,1332,155
2701,-1078.9872437640695,-2735.066092034051,8,2940.2040745499285,1337,124
2702,2643.61136276744,1288.1455518096068,7,2940.7482041140474,1337,127
2703,-2819.9681509735747,836.0500149480755,8,2941.2922330159577,1335,131
2704,1514.8931759698387,-2521.8046445749947,9,2941.836161311503,1327,119
2705,586.5278853468849,2883.328812277662,7,2942.3799890564783,1336,153
2706,-2380.587868119375,-1730.2027055125213,7,2942.9237163066255,1330,163
2707,2924.646690999595,-332.32774910488195,8,2943.4673431176366,1340,153
2708,-1932.4160449945098,2221.0286421043234,7,2944.0108695451513,1332,151
2709,-75.39375407645635,-2943.5889288156827,8,2944.5542956447584,1335,162
2710,2044.3359085269292,2119.9742199157463,11,2945.097621471995,1329,142
2711,-2939.993869136215,-182.3075682506668,8,2945.6408470823467,1327,173
2712,2291.4293960003324,-1851.8507831749166,7,2946.183972531247,1339,153
2713,-438.802355339601,2913.8724222155674,9,2946.726997874082,1327,158
2714,-1645.036376475773,-2445.4560556410456,10,2947.2699231661836,1333,160
2715,2865.4081088336375,692.1245334695485,7,2947.8127484628335,1332,134
2716,-2580.861245231407,1425.4666719578506,11,2948.3554738192606,1330,143
2717,940.330889055176,-2794.9557812403227,12,2948.8980992906486,1335,133
2718,1194.8145468633195,2696.593814167013,9,2949.440624932124,1331,147
2719,-2703.0390301918133,-1181.515975880015,7,2949.9830507987676,1335,123
2720,2791.7525739677767,-954.8390260898924,8,2950.5253769456044,1333,126
2721,-1413.826743876441,2590.3462969841967,7,2951.067603427614,1332,142
2722,-707.3718665813268,-2865.5933141967735,7,2951.6097302997223,1330,145
2723,2457.7257193292176,1635.476777134936,9,2952.1517576168058,1331,119
2724,-2917.534620566797,454.3035744897418,8,2952.6936854336927,1329,140
2725,1844.7600317378742,-2306.178749642464,7,2953.2355138051553,1332,146
2726,197.5689618553193,2947.1624497661155,7,2953.7772427859213,1335,131
2727,-2136.8525937512595,-2040.0639677663328,9,2954.3188724306656,1333,167
2728,2954.233425030551,60.86764684343874,9,2954.860402794013,1329,162
2729,-2219.881974394257,1951.0315271054576,7,2955.4018339305403,1329,142
2730,319.0274451513361,-2938.676826267259,9,2955.9431658947706,1335,142
2731,1750.1271542193379,2382.824992328249,10,2956.48439874118,1332,147
2732,-2900.595258521827,-574.9322970930521,8,2957.0255325241947,1330,135
2733,2527.632243933012,-1535.667685220395,7,2957.56656729819,1326,104
2734,-826.6198955885314,2840.263992698074,9,2958.1075031174914,1329,112
2735,-1309.2863109680472,-2653.180988155856,12,2958.648340036376,1333,133
2736,2758.1289826117554,1072.1588106605489,7,2959.1890781090688,1332,123
2737,-2758.49522477736,1072.708765173708,8,2959.729717389748,1329,130
2738,1309.663312027582,-2654.8035726073867,8,2960.2702579325423,1324,99
2739,827.7401682493439,2842.7532805128462,7,2960.8106997915284,1335,159
2740,-2531.0639200137075,-1537.307852320038,8,2961.3510430207366,1330,100
2741,2905.2942180098994,-576.2512531858365,8,2961.891287674144,1333,116
2742,-1753.341099675954,2387.8431665809035,7,2962.431433805684,1333,134
2743,-320.1640785719448,-2945.6230177658813,11,2962.971481469236,1328,139
2744,2226.2244026557864,1956.0994118448805,7,2963.511430718633,1334,137
2745,-2963.4144923576255,61.437337871983146,9,2964.051281607658,1331,152
2746,2144.019648130484,-2047.4324771357994,7,2964.591034190045,1334,149
2747,-197.94862274580336,2958.5159020618835,7,2965.130688519479,1333,127
2748,-1852.824715127649,-2315.651220501945,10,2965.670244649597,1333,156
2749,2930.9482508754745,456.00696342270624,10,2966.2097026339866,1329,147
2750,-2469.667290963639,1643.8806136530477,8,2966.7490625261853,1333,128
2751,710.7595704186841,-2880.9062520426187,7,2967.288324379685,1335,128
2752,1422.1905936277362,2604.8750287483635,7,2967.8274882479272,1339,165
2753,-2808.7569623862605,-960.2522201206864,7,2968.3665541843043,1335,142
2754,2720.224848042329,-1189.443893629744,7,2968.9055222421607,1334,155
2755,-1202.5695709966908,2715.0370949423204,7,2969.4443924747943,1329,146
2756,-947.41569761249,-2814.8185547060466,10,2969.983164935451,1338,161
2757,2600.449029532524,1435.8498684762806,7,2970.5218396773316,1327,151
2758,-2887.916338765061,697.95359465641,8,2971.060416753587,1331,125
2759,1658.299249855376,-2465.8555509050193,9,2971.5988962173205,1334,126
2760,442.963474043329,2938.9425582449667,11,2972.1372781215887,1331,141
2761,-2312.2733538456887,-1868.2055393064252,10,2972.6755625193946,1339,103
2762,2967.4902691491134,-184.39496334044225,7,2973.213749463701,1336,149
2763,-2063.951426903722,2140.8653641418205,7,2973.751839007418,1334,112
2764,75.77347923880721,-2973.324465954573,8,2974.289831203409,1334,125
2765,1952.9319333907508,2244.0269302177876,8,2974.8277261044886,1337,148
2766,-2956.384006858995,-335.54970419947966,7,2975.3655237634257,1336,143
2767,2407.041042457942,-1749.9009743191139,7,2975.9032242329386,1332,126
2768,-592.9431259996427,2916.782208072754,7,2976.440827565702,1335,139
2769,-1533.3171114466759,-2551.7324773072946,8,2976.9783338143393,1335,139
2770,2854.8061016401402,845.9799773270222,8,2977.5157430314293,1333,112
2771,-2676.9794274526043,1304.829929529333,8,2978.053055269499,1331,160
2772,1092.7184455132085,-2770.9143615123144,8,2978.5902705810345,1334,135
2773,1066.1814091901717,2781.8082613108436,7,2979.1273890184684,1331,140
2774,-2665.7339128050053,-1331.263574999825,7,2979.6644106341905,1336,158
2775,2865.401090537696,-819.1926454414644,7,2980.2013354805413,1332,155
2776,-1559.7818214804163,2540.0552492769198,12,2980.738163609813,1337,139
2777,-565.7499503655015,-2927.1021495092095,7,2981.2748950742534,1328,144
2778,2394.8264939833657,1776.5151459290578,10,2981.8115299260617,1332,116
2779,-2966.4229370307085,307.7904460149865,9,2982.3480682173904,1333,137
2780,1979.7945401726186,-2231.1462477172336,7,2982.8845100003455,1334,177
2781,47.28725757706197,2983.046079977787,9,2983.4208553269855,1330,142
2782,-2050.2552791721723,-2168.0528799424237,9,2983.957104249322,1333,139
2783,2976.8278883405483,213.7655800121936,7,2984.4932568193212,1334,122
2784,-2339.8370064205883,1853.527119678786,7,2985.029313088901,1330,131
2785,473.3683865384889,-2947.799581149632,9,2985.5652731099344,1330,127
2786,1642.457633805328,2493.818943138135,8,2986.101136934247,1328,148
2787,-2896.167172934357,-729.5311552068325,7,2986.636904613616,1335,126
2788,2628.806161641934,-1418.6536450146668,7,2987.1725761997745,1337,144
2789,-980.2888082079695,2822.310020621795,8,2987.70815174441,1329,116
2790,-1183.8207028682566,-2743.750816575825,8,2988.2436312991617,1340,137
2791,2726.778041052064,1223.716272195589,7,2988.7790149156226,1329,129
2792,-2837.7578786628874,939.7500849091242,8,2989.31430264534,1333,148
2793,1457.9432580125838,-2610.287619480974,9,2989.849494539817,1337,130
2794,688.3051322881125,2910.092102471302,8,2990.3845906505067,1333,116
2795,-2473.716239488213,-1681.1686311885242,11,2990.9195910288195,1335,128
2796,2960.1837747313825,-431.4070233747491,8,2991.4544957261173,1330,140
2797,-1891.6742627856993,2318.0958745302532,9,2991.9893047937185,1333,111
2798,-171.02009397603405,-2987.633198278602,8,2992.5240182828943,1328,123
2799,2144.605190896881,2087.8382540748103,10,2993.05863624487,1337,120
2800,-2992.2138763555936,-90.86318366111905,7,2993.5931587308255,1339,150
2801,2268.147433244336,-1954.5606209752448,9,2994.1275857918954,1337,146
2802,-352.2374481928231,2973.874371941526,11,2994.6619174791663,1337,137
2803,-1749.406374425492,-2431.2090278541364,9,2995.1961538436844,1334,146
2804,2932.7388269138696,611.0998061788766,7,2995.7302949364453,1330,127
2805,-2575.761422992338,1530.7034630601988,10,2996.2643408084004,1335,127
2806,865.4651811298477,-2869.1061361078787,12,2996.7982915104585,1331,126
2807,1300.1178228328645,2700.683922037589,7,2997.332147093479,1333,135
2808,-2783.447781644602,-1113.3815369664367,11,2997.865907608277,1331,144
2809,2805.005434513713,-1059.407623320001,8,2998.3995731056257,1335,159
2810,-1352.9448591357275,2676.4043431698074,9,2998.93314363625,1334,132
2811,-810.409861372772,-2887.9120236928557,8,2999.4666192508294,1331,165
2812,2548.780709805266,1582.3137784031856,9,3000.0,1339,130
2813,-2948.753255294259,555.0263411690582,11,3000.533285934352,1334,132
2814,1799.723724996062,-2401.54002958233,10,3001.0664771044308,1332,152
2815,295.2091476721755,2987.0472977726126,10,3001.599573560737,1333,147
2816,-2235.7964418291444,-2003.5005042934567,7,3002.1325753537267,1333,150
2817,3002.484734222597,-32.945724461005,9,3002.6654825338105,1334,99
2818,-2192.0731896143316,2052.80664734262,9,3003.1982951513537,1332,121
2819,229.75632999280995,-2994.931055772108,8,3003.731013256679,1336,137
2820,1853.9603801224544,2363.9862328144395,9,3004.2636369000643,1343,140
2821,-2964.4278164203965,-490.88463128621515,7,3004.79616613174,1332,147
2822,2517.910699327461,-1640.7698529081695,7,3005.3286010018937,1331,148
2823,-748.4374256214198,2911.1924395218507,7,3005.8609415606707,1329,127
2824,-1414.858256676119,-2652.654540929786,9,3006.3931878581684,1327,117
2825,2835.6166764430504,1000.438935806714,9,3006.925339944443,1335,124
2826,-2767.1718268218506,1177.9474015606218,12,3007.4573978695025,1333,147
2827,1244.9545190672363,-2738.2637282508176,7,3007.989361683316,1334,138
2828,931.844593305418,2860.570861546251,7,3008.5212314358027,1333,162
2829,-2619.864051543236,-1480.1055203705773,11,3009.0530071768426,1327,150
2830,2932.1211267435797,-678.4288452770577,8,3009.584688956269,1336,115
2831,-1704.0837072234774,2481.3098796352483,8,3010.1162768238705,1335,131
2832,-419.63653123476496,-2981.2589927165427,7,3010.6477708293946,1334,105
2833,2323.648500177978,1915.1651750229353,7,3011.1791710225407,1332,132
2834,-3007.59215516292,157.44658841163218,10,3011.7104774529703,1334,137
2835,2111.723616024423,-2148.0743398506343,9,3012.241690170296,1334,126
2836,-106.13461601430822,3010.902762176736,11,3012.772809224088,1329,110
2837,-1955.9199159420778,-2292.2428497916917,8,3013.3038346638727,1333,144
2838,2991.149206630139,369.088639321083,9,3013.8347665391343,1335,119
2839,-2455.328518580683,1748.645723365481,8,3014.3656048993125,1329,114
2840,629.4004210034999,-2948.4665692594544,9,3014.896349793804,1332,146
2841,1527.829133856535,2599.7188574419333,8,3015.427001271959,1335,164
2842,-2883.165708109454,-885.0737255063619,7,3015.957559383089,1338,125
2843,2724.2944558537197,-1295.1523917302884,8,3016.48802417646,1339,165
2844,-1134.1464515748228,2795.7310003611287,9,3017.0183957012923,1329,118
2845,-1052.3897975549812,-2828.0869353685334,8,3017.548674006767,1333,120
2846,2686.816752900506,1374.705690805557,11,3018.078859142021,1340,137
2847,-2910.2864760100038,801.3941773891762,7,3018.608951156145,1333,107
2848,1604.902419822036,-2557.242308200256,7,3019.13895009819,1331,112
2849,544.0827407725005,2970.248132933255,7,3019.6688560171633,1330,136
2850,-2407.985882103535,-1822.965713223938,9,3020.198668962027,1331,161
2851,3007.4968940919925,-282.42243541726475,8,3020.728388981704,1338,138
2852,-2027.2163680542933,2240.1771798437644,7,3021.258016125071,1339,144
2853,-18.41491048118894,-3021.7314392698713,7,3021.7875504409635,1332,151
2854,2055.088846030067,2216.0798349614593,9,3022.3169919781744,1329,126
2855,-3012.826570758565,-245.91879662032073,9,3022.846340785453,1331,143
2856,2388.0983564729954,-1854.1268133034969,8,3023.3755969115055,1331,143
2857,-508.5537327046192,2980.834296124526,8,3023.9047604049965,1330,142
2858,-1638.819622854986,-2541.9422188054236,7,3024.4338313145486,1335,147
2859,2925.983553823011,767.476542154392,10,3024.9628096887404,1337,108
2860,-2676.4200303621615,1410.8067979267066,10,3025.491695576109,1338,146
2861,1020.7009022358811,-2848.67858281254,12,3026.020489025149,1332,123
2862,1171.8263587330728,2790.4879474705476,7,3026.5491900843117,1330,114
2863,-2749.495947716023,-1266.2827620611322,9,3027.0777988020063,1335,161
2864,2883.2577759216315,-923.7015738794902,7,3027.6063152266015,1335,153
2865,-1502.3352682748193,2629.1802413865867,9,3028.134739406423,1332,133
2866,-668.3270492747071,-2954.0038854422246,8,3028.6630713897503,1332,127
2867,2488.6384968875764,1727.0432628655094,7,3029.1913112248294,1336,150
2868,-3002.168883282395,407.65426068046634,7,3029.7194589598557,1333,132
2869,1938.6772416983729,-2328.933350811222,8,3030.2475146429865,1335,119
2870,143.67664038004946,3027.3680025740355,7,3030.775478322339,1334,139
2871,-2151.2750094470625,-2135.6066664366226,9,3031.3033500459837,1332,133
2872,3029.39217093508,121.58566805855041,7,3031.831129861952,1331,129
2873,-2316.312527354398,1957.0120785577901,8,3032.3588178182345,1331,146
2874,386.10127032606005,-3008.2097348842885,10,3032.8864139627776,1335,141
2875,1747.6213262127785,2479.39906028987,7,3033.413918343489,1334,127
2876,-2963.9668259161976,-647.8430788919935,9,3033.9413310082314,1331,111
2877,2623.6045273255036,-1524.696456412594,7,3034.4686520048285,1335,167
2878,-904.8038483459022,2896.9863644861093,11,3034.9958813810604,1339,111
2879,-1289.9359788388401,-2747.8109779417296,10,3035.5230191846676,1339,167
2880,2807.7657085912074,1155.0115694915419,7,3036.050065463348,1337,132
2881,-2851.052915130204,1045.1302670612727,8,3036.5770202647586,1337,139
2882,1396.5446041255138,-2696.9729640261344,7,3037.1038836365146,1330,153
2883,792.1479038161593,2932.524799294912,9,3037.63065562619,1335,128
2884,-2565.4419836598886,-1627.5464443373692,7,3038.1573362813183,1335,133
2885,2991.5873316297534,-532.9214175020285,7,3038.683925649392,1332,134
2886,-1846.2399829652236,2414.1660931469837,9,3039.21042377786,1330,151
2887,-269.4325187767145,-3027.772467974705,11,3039.736830714133,1333,123
2888,2244.290590272081,2050.9411855087887,8,3040.2631465055783,1335,160
2889,-3040.787123848093,3.696950046169679,7,3040.7893711995243,1327,163
2890,2240.072058312901,-2057.1040745586506,9,3041.3155048432577,1335,113
2891,-262.2509363197116,3030.5155413558655,7,3041.8415474840235,1337,155
2892,-1854.0286727759967,-2412.1728131550767,7,3042.3674991690273,1331,157
2893,2997.0202989135996,526.3737530499019,7,3042.893359945432,1335,147
2894,-2565.9131344601724,1636.6092344859765,7,3043.4191298603614,1338,139
2895,786.6466870630792,-2940.5419551049904,7,3043.9448089608977,1333,150
2896,1406.5015797153897,2700.1024621777065,10,3044.4703972940843,1328,148
2897,-2861.4973284622793,-1041.0730229927397,8,3044.9958949069214,1334,139
2898,2813.6992108411023,-1165.4598881609606,10,3045.5213018463687,1331,130
2899,-1287.6994621260335,2760.476425409267,7,3046.046618159348,1327,181
2900,-915.3233259746542,-2905.8188534261208,7,3046.571843892738,1334,141
2901,2638.2380389762275,1524.631119221587,7,3047.0969790933796,1338,127
2902,-2975.740807276465,658.0020120862938,9,3047.6220238080705,1332,125
2903,1750.0460820592052,-2495.704051098452,7,3048.14697808357,1337,165
2904,395.4624311523264,3022.9140685019634,9,3048.6718419665963,1326,131
2905,-2333.952481268231,-1962.2094218461666,10,3049.196615503828,1334,148
2906,3046.961550809255,-129.7124045342561,7,3049.721298741903,1330,118
2907,-2159.486546736297,2154.209333947131,8,3050.2458917274193,1327,142
2908,137.2142658259398,-3047.683094623496,7,3050.770394506935,1327,120
2909,1957.8393063874767,2340.3557956781283,8,3051.294807126968,1333,129
2910,-3025.0571225266594,-403.27336318026687,8,3051.819129633995,1334,105
2911,2503.420175559699,-1746.3354272878528,7,3052.343362074457,1331,112
2912,-666.4259122584888,2979.240927395843,7,3052.8675044947495,1335,140
2913,-1521.3077049496337,-2647.4181511164566,7,3053.3915569412316,1338,144
2914,2910.569590094208,924.6538061452153,7,3053.915519460222,1334,155
2915,-2771.2334042659427,1284.4708712464408,11,3054.4393920979996,1338,135
2916,1175.9752839773741,-2819.5535340678202,10,3054.963174900804,1333,137
2917,1037.6313147071007,2873.9034873737864,10,3055.4868679148335,1333,117
2918,-2706.8747346529963,-1418.4601407502687,9,3056.010471186249,1329,119
2919,2954.6273033803873,-782.6733022910279,7,3056.533984761171,1332,143
2920,-1650.2445524921209,2573.3816112209392,7,3057.0574086856786,1335,146
2921,-521.5445949544273,-3012.771354662319,7,3057.5807430058167,1334,115
2922,2420.0826404000222,1869.5454029347504,11,3058.1039877675844,1328,155
2923,-3047.874711898744,256.2415668234734,7,3058.627143016945,1338,136
2924,2074.674001550498,-2248.1387384435247,7,3059.1502087998224,1332,154
2925,-11.206058330047705,3059.6526639892804,12,3059.673185162101,1336,129
2926,-2058.8544702764284,-2264.049087414574,9,3060.1960721496257,1336,138
2927,3047.9990201511587,278.75073660454194,8,3060.7188698082023,1337,164
2928,-2436.2090187530853,1853.6681517861093,12,3061.2415781835975,1333,100
2929,544.3427806515574,-3012.9870456330423,7,3061.7641973215373,1343,122
2930,1634.1409204491042,2589.8230542092556,9,3062.286727267713,1328,131
2931,-2954.869022941754,-805.946063492618,7,3062.8091680677726,1338,130
2932,2723.7016387570034,-1401.9448573436878,7,3063.3315197673264,1338,136
2933,-1061.5536291468366,2874.074441006214,11,3063.853782411948,1333,150
2934,-1158.850250924504,-2836.8056147597094,8,3064.3759560471685,1332,147
2935,2771.2068252196177,1309.2030903783445,7,3064.8980407184836,1328,134
2936,-2928.254286855132,906.712099574361,9,3065.4200364713483,1331,123
2937,1546.9916954224582,-2647.0392317255046,11,3065.9419433511785,1328,143
2938,647.4559558480988,2997.332278082766,7,3066.463761403353,1331,119
2939,-2502.508439566091,-1773.0909480059065,9,3066.9854906732107,1331,109
2940,3043.4951238908266,-383.0632204385601,11,3067.507131206055,1327,144
2941,-1985.7606683211295,2338.7078843132213,8,3068.0286830471455,1333,132
2942,-115.55599818527675,-3066.373560296169,11,3068.550146241707,1337,121
2943,2156.8793864767676,2183.3623868225823,7,3069.071520834925,1332,164
2944,-3065.7764724483172,-153.01836812079597,10,3069.592806871947,1330,139
2945,2364.3719677525546,-1958.4037372579517,8,3070.114004397882,1336,146
2946,-420.602967835302,3041.692480091986,7,3070.635113457801,1332,100
2947,-1744.790213014377,-2527.391365137035,8,3071.1561340967346,1330,137
2948,2994.2901468528457,685.1470765171274,12,3071.6770663596785,1336,119
2949,-2671.1594205746146,1517.665098061983,7,3072.197910291588,1331,110
2950,944.621873274736,-2923.916810808907,7,3072.718665937381,1339,142
2951,1278.7593030928383,2794.561619423254,12,3073.239333341938,1339,149
2952,-2831.0960443741187,-1197.0360009328115,10,3073.7599125501,1337,134
2953,2896.6387299156545,-1029.895173477681,11,3074.2804036066714,1328,139
2954,-1440.450849672768,2716.523762030621,7,3074.800806556418,1330,122
2955,-772.9725879943629,-2976.5942582436887,8,3075.3211214440676,1334,116
2956,2581.063004821011,1672.9954468390927,7,3075.8413483143113,1332,110
2957,-3033.8006616809375,509.95445402928465,7,3076.3614872118005,1331,151
2958,1892.8808385423054,-2425.7374406722956,9,3076.88153818115,1330,151
2959,242.85170999581206,3067.8042712911315,10,3077.4015012669374,1332,125
2960,-2251.723629490992,-2098.4138525066764,10,3077.9213765137015,1330,144
2961,3078.328885626733,26.292050435004843,10,3078.4411639659447,1337,109
2962,-2288.0101362780224,2060.342111468148,10,3078.9608636681305,1327,161
2963,295.41621472042766,-3065.2780069808114,12,3079.4804756646863,1336,152
2964,1853.0473860909563,2460.2063703887675,7,3079.9999999999995,1335,159
2965,-3028.7357021390735,-562.4589288011452,8,3080.5194367184245,1335,165
2966,2613.671562332486,-1631.4168579043376,7,3081.038785864274,1326,127
2967,-825.3728946168958,2968.9660801079767,8,3081.5580474818253,1335,124
2968,-1397.1388330354798,-2747.2173341809453,7,3082.0772216153186,1334,128
2969,2886.4113898886676,1082.1410667380526,9,3082.5963083089555,1338,118
2970,-2859.807124330224,1151.9996578255118,7,3083.1153076069018,1328,108
2971,1330.792127760235,-2781.688751943932,8,3083.634219553286,1334,156
2972,897.8700975484766,2950.564232130575,7,3084.1530441921977,1330,122
2973,-2655.5855474852833,-1569.415623723457,8,3084.671781567692,1337,124
2974,3018.778642974383,-636.6910590873283,9,3085.190431723786,1338,135
2975,-1796.1766433428777,2509.0535000094183,8,3085.7089947044583,1331,142
2976,-370.4587665341489,-3063.912580720605,10,3086.2274705536533,1336,132
2977,2343.2014935583898,2009.3299282561172,11,3086.745859315276,1338,129
2978,-3085.6047440514985,101.2095029475248,10,3087.2641610331953,1337,121
2979,2207.233305776759,-2159.2871818889216,9,3087.7823757512447,1325,145
2980,-168.99596509915696,3083.6731934140175,7,3088.3005035132187,1332,135
2981,-1958.7074520385422,-2388.3603407628175,8,3088.8185443628768,1334,144
2982,3058.116865517161,438.0881610355349,11,3089.336498343941,1331,112
2983,-2551.312109123913,1742.9878145981656,9,3089.854365500096,1328,145
2984,704.0047491374709,-3009.115702858879,10,3090.372145874991,1334,147
2985,1513.770801274446,2694.828002156895,8,3090.88983951224,1335,113
2986,-2937.0293963614845,-964.7063412813746,7,3091.407446455417,1334,138
2987,2817.795478266072,-1272.8034579868474,7,3091.924966748061,1331,123
2988,-1218.1921384519676,2842.394749821675,7,3092.4424004336765,1337,141
2989,-1021.9240287348384,-2919.2586866350775,8,3092.9597475557293,1335,135
2990,2725.921685448867,1462.5152870310833,11,3093.47700815765,1331,124
2991,-2998.4258960117077,763.0479317358694,9,3093.9941822828305,1339,128
2992,1695.7978320006305,-2588.4879201923973,10,3094.5112699746305,1333,130
2993,498.15313482633445,3054.67567087943,9,3095.0282712763706,1335,132
2994,-2431.13235276446,-1916.2451522031163,10,3095.545186231337,1328,118
2995,3087.561746850041,-229.26504179294886,7,3096.062014882777,1338,155
2996,-2122.159766695653,2255.047211172807,8,3096.5787572739055,1334,146
2997,41.558994875484075,-3096.8165670483195,7,3097.0954134478966,1335,122
2998,2061.56902010936,2311.954405978919,10,3097.6119834478955,1337,142
2999,-3082.3534514954567,-312.245416385968,9,3098.1284673170026,1333,142
3000,2484.1642474452997,-1852.1684566244314,10,3098.64486509829,1322,162
3001,-580.7203347246078,3044.2673819553593,7,3099.16117683479,1336,144
3002,-1628.4391710814791,-2637.4582207283333,7,3099.6774025694995,1333,142
3003,2982.834395306599,844.9254228486167,7,3100.1935423453806,1339,164
3004,-2770.649295700513,1392.0856583681377,9,3100.709596205359,1329,110
3005,1102.8336962289231,-2898.5095891616525,8,3101.2255641923243,1336,160
3006,1144.9102716741718,2882.703673604863,7,3101.741446349131,1333,121
3007,-2791.92375409256,-1352.4650647368699,8,3102.2572427185983,1335,135
3008,2972.7488101585814,-888.7994777792909,7,3102.772953343509,1337,142
3009,-1591.9015355479712,2663.8786573566017,9,3103.2885782666103,1333,115
3010,-625.7094586722096,-3040.0802083708463,11,3103.804117530615,1336,127
3011,2515.34101336628,1819.3019503308115,7,3104.3195711781996,1333,138
3012,-3084.1669282037674,357.6511694013291,12,3104.834939252005,1333,128
3013,2032.916143480601,-2347.435186235386,12,3105.3502217946366,1332,143
3014,86.67496629750892,3104.6557700037097,7,3105.865418848666,1337,164
3015,-2161.4346794796406,-2231.0984125185387,8,3106.3805304566276,1338,124
3016,3101.3740987651568,185.14507692242756,9,3106.8955566610216,1336,152
3017,-2412.320196977085,1958.7524772815066,7,3107.410497504313,1333,123
3018,455.72704519300623,-3074.331286683277,8,3107.9253530289307,1331,138
3019,1740.930310572398,2575.181868088212,8,3108.4401232772684,1337,171
3020,-3023.7187620250675,-722.9971287478195,7,3108.9548082916867,1336,147
3021,2718.4235383413024,-1509.6269294736205,7,3109.4694081145094,1332,130
3022,-984.9055182256435,2949.908663021395,7,3109.983922788026,1336,151
3023,-1266.605471306027,-2840.934807428294,8,3110.4983523544906,1331,141
3024,2853.4511061716553,1239.4421263970967,8,3111.0126968561217,1332,128
3025,-2941.7633691893457,1013.7200203684192,7,3111.5269563351044,1333,123
3026,1484.652015922088,-2735.070088977334,7,3112.0411308335883,1334,128
3027,752.901461942124,3020.122412851077,7,3112.555220393688,1332,129
3028,-2595.6580575988714,-1718.6504147214046,11,3113.0692250574834,1335,152
3029,3075.396761045152,-486.14273845547814,8,3113.58314486702,1331,124
3030,-1939.6372036278585,2436.269180181595,9,3114.0969798643073,1328,120
3031,-215.4836203947134,-3107.1476967375697,7,3114.6107300913222,1331,127
3032,2258.1113765423374,2145.9107649504135,8,3115.124395590006,1337,133
3033,-3115.1164412148237,-57.004891659314644,9,3115.637976402265,1332,114
3034,2335.881085408821,-2062.5371644722686,7,3116.151472569971,1331,110
3035,-329.23641458553766,3099.226255585555,8,3116.6648841349624,1334,162
3036,-1851.033392019909,-2508.082012540114,11,3117.178211139042,1338,141
3037,3059.583148786747,599.1251585939079,10,3117.691453623979,1336,137
3038,-2661.18257009909,1625.209933701122,7,3118.204611631508,1330,150
3039,864.601909075936,-2996.4751857511264,9,3118.7176852033276,1335,134
3040,1386.787436574,2793.997245124002,9,3119.230674381104,1334,143
3041,-2910.3704001157557,-1123.6298919706862,7,3119.7435792064707,1331,139
3042,2905.4951671617323,-1137.5842094543225,10,3120.2563997210227,1332,146
3043,-1374.2204009945115,2801.9133265485716,7,3120.7691359663245,1330,117
3044,-879.5023551749956,-2994.8081085841936,8,3121.2817879839045,1334,134
3045,2671.9201783578887,1614.4480668277774,11,3121.794355815258,1337,117
3046,-3061.2372439154497,614.5132516593451,8,3122.3068395018445,1338,136
3047,1842.4656510168836,-2521.3727064484005,9,3122.8192390850936,1333,123
3048,344.6424926378284,3104.2586155583726,7,3123.331554606395,1340,109
3049,-2351.410785816177,-2056.518250915209,8,3123.8437861071097,1337,151
3050,3123.5272631884486,-71.95440305139508,11,3124.355933628562,1326,138
3051,-2254.9568064254427,2163.3237855567454,10,3124.867997212042,1338,136
3052,201.46375248052976,-3118.8799842950775,9,3125.379976898809,1340,148
3053,1958.5407877193704,2436.2508045846976,7,3125.891872730085,1331,141
3054,-3090.33670381938,-473.51774731974854,8,3126.403684747061,1332,109
3055,2599.0000841128817,-1738.6197292051056,7,3126.915412990892,1336,115
3056,-742.1224342835227,3038.1004414819954,8,3127.4270575027003,1328,127
3057,-1505.2355492078293,-2741.9456488780015,7,3127.9386183235756,1335,144
3058,2962.5558761332722,1005.2177280511017,9,3128.4500954945725,1339,118
3059,-2863.979406767491,1260.1674323722748,8,3128.9614890567127,1333,151
3060,1260.7844059926078,-2864.266517209225,11,3129.4727990509837,1336,133
3061,1005.2852448318117,2964.152758634994,7,3129.9840255183412,1335,105
3062,-2743.9705040574363,-1506.8596062217532,7,3130.4951684997054,1336,119
3063,3041.6839707550453,-742.5352665374371,10,3131.0062280359653,1336,116
3064,-1741.551903914971,2602.575064425643,9,3131.5172041679734,1333,148
3065,-473.92532874966696,-3095.964273496954,7,3132.028096936552,1332,126
3066,2441.149673701442,1963.0558500937616,10,3132.538906382489,1336,127
3067,-3126.5626386531803,201.50947019448003,7,3133.0496325465383,1339,119
3068,2169.6658611108287,-2260.9179664751673,11,3133.560275469422,1334,117
3069,-72.62777085291806,3133.2291979523197,8,3134.070835191828,1335,129
3070,-2063.2484615929143,-2359.78935198345,7,3134.5813117544103,1330,113
3071,3115.8972756753647,346.38730842633527,9,3135.091705197792,1328,139
3072,-2531.9590124408637,1849.6441710014083,8,3135.602015562562,1330,138
3073,617.6715825910379,-3074.684018896817,7,3136.112242889275,1334,157
3074,1621.7311712699895,2684.844131068183,8,3136.6223872184546,1332,148
3075,-3009.8896196082364,-884.4006319392738,9,3137.1324485905916,1327,115
3076,2817.2608801259953,-1381.246224723059,10,3137.6424270461416,1332,132
3077,-1144.5280416970925,2921.9951337688813,8,3138.1523226255295,1330,149
3078,-1130.0235443776223,-2928.1814815943762,8,3138.662135369145,1327,148
3079,2811.6589130834773,1396.0566451538557,9,3139.1718653173484,1331,118
3080,-3016.7421834491174,869.9808035805436,7,3139.681512510464,1335,116
3081,1637.0538579367494,-2679.7116759484416,8,3140.1910769887872,1330,137
3082,603.1044970476333,3082.2499842876023,7,3140.700558792577,1333,146
3083,-2527.15025445342,-1865.6665273880037,7,3141.2099579620585,1331,138
3084,3124.1880539603617,-331.4347650614987,9,3141.719274537431,1337,149
3085,-2080.1351829420387,2355.1300644946746,9,3142.228508558854,1331,107
3086,-57.049796769358565,-3142.2198078251267,7,3142.737660066459,1335,125
3087,2164.956355872415,2278.807577916054,7,3143.2467291003422,1332,144
3088,-3136.1916025302835,-217.95006817739448,9,3143.755715700569,1335,134
3089,2460.1514184866587,-1958.074308630314,9,3144.2646199071733,1335,141
3090,-491.4584180111868,3106.1340317774348,7,3144.773441760153,1333,113
3091,-1736.0580507798322,-2622.7661817864223,9,3145.2821812994775,1332,141
3092,3052.261811227466,761.3789041748056,7,3145.7908385650812,1336,146
3093,-2765.3939319710676,1500.5986808662733,7,3146.299413596869,1333,152
3094,1025.6413099815354,-2974.972252519233,8,3146.8079064347094,1340,155
3095,1253.4913865135597,2886.929050727834,9,3147.316317118443,1333,120
3096,-2874.8423371818712,-1282.2174294349127,7,3147.8246456878755,1335,147
3097,2986.426806960462,-996.6217570713283,7,3148.332892182782,1333,147
3098,-1529.136634409345,2752.624411958025,7,3148.8410566429047,1334,148
3099,-731.9513947270525,-3063.1106992332357,9,3149.3491391079524,1332,136
3100,2609.240537633573,1764.501010702364,12,3149.857139617605,1339,154
3101,-3116.3785139182937,461.5029338892729,9,3150.3650582115083,1329,107
3102,1986.4999466960164,-2445.7755338085967,7,3150.8728949292768,1334,167
3103,187.3445832533486,3145.8070517953943,8,3151.3806498104923,1334,122
3104,-2263.4687720649313,-2193.424062484697,8,3151.8883228947057,1336,119
3105,3151.1554860268034,88.42569130732502,7,3152.3959142214353,1329,157
3106,-2383.6783723086132,2063.7047796107267,8,3152.9034238301683,1334,145
3107,363.69622205317813,-3132.367324894104,12,3153.4108517603604,1334,123
3108,1848.0027246379416,2555.794578938367,9,3153.918198051433,1331,148
3109,-3089.57096335854,-636.3578100186907,7,3154.42546274278,1332,145
3110,2708.442405242956,-1618.00486324416,11,3154.932645873759,1336,141
3111,-904.3198871434338,3023.078818310381,11,3155.439747483701,1332,125
3112,-1375.4640357792025,-2840.4398754907643,7,3155.9467676119,1338,136
3113,2933.385053222887,1165.5265460419846,8,3156.4537062976224,1333,131
3114,-2950.7624669252937,1122.2303078178536,8,3156.9605635801026,1332,155
3115,1417.9723144954994,-2821.1619087397794,11,3157.4673394985416,1335,135
3116,860.2368575760698,3038.5510607636083,7,3157.974034092111,1331,120
3117,-2687.2546664186593,-1659.7175536250568,9,3158.4806473999492,1335,135
3118,3103.118630920219,-591.4852174279821,7,3158.987179461164,1331,149
3119,-1888.9033615129954,2532.6752833446503,7,3159.4936303148324,1329,174
3120,-318.0299821996982,-3143.9556183925465,7,3160.0,1329,111
3121,2358.594745538025,2103.7658677524973,7,3160.50628855568,1335,142
3122,-3160.7339492827027,41.963101074296404,8,3161.012496020856,1334,146
3123,2302.6498089996576,-2166.3341979283437,7,3161.518622434478,1341,137
3124,-234.60212679190022,3153.309664797404,9,3162.0246678354674,1332,134
3125,-1957.354918079997,-2484.0212810416992,11,3162.530632262713,1335,135
3126,3121.7241421841863,509.5472304942944,8,3163.036515755074,1342,137
3127,-2646.4795691385575,1733.2472097575096,8,3163.542318351376,1334,148
3128,780.7647955882454,-3066.203896346433,8,3164.0480400904157,1334,153
3129,1495.7183007450337,2788.767965395542,10,3164.5536810109575,1332,164
3130,-2987.1589627496405,-1046.1746179603538,8,3165.0592411517355,1334,143
3131,2909.783489628976,-1246.579337018955,10,3165.564720551453,1332,151
3132,-1303.7396595328119,2885.179873103454,7,3166.070119248782,1336,144
3133,-987.7315723561031,-3008.5854385360144,9,3166.5754372823653,1332,148
3134,2761.033246095065,1551.4816834103297,7,3167.080674690811,1333,134
3135,-3084.402696910655,721.1518586887769,8,3167.5858315126993,1333,145
3136,1787.4964484575096,-2615.6560260767833,10,3168.0909077865804,1336,147
3137,448.87754794344517,3136.639754092312,8,3168.595903550972,1335,130
3138,-2450.1484129924875,-2009.9683465941434,10,3169.100818844361,1339,148
3139,3164.881378718978,-172.99092068042825,7,3169.605653705205,1332,135
3140,-2217.1843702920064,2265.7655368843525,8,3170.11040817193,1332,136
3141,104.39673944847507,-3168.8959151086874,7,3170.6150822829313,1339,128
3142,2063.9079399756815,2407.5473028178153,11,3171.1196760765747,1331,131
3143,-3148.6371751322145,-381.1613036175487,9,3171.6241895911944,1335,124
3144,2579.5880296547543,-1846.1109385033992,10,3172.1286228650943,1340,159
3145,-655.1820644548121,3104.244910186168,7,3172.6329759365485,1339,125
3146,-1614.0329451042473,-2731.9768762048684,9,3173.1372488438,1332,118
3147,3036.0438587466997,924.3579868029764,8,3173.641441625062,1334,152
3148,-2863.5338842759675,1369.4428405754616,9,3174.145554318516,1331,136
3149,1186.6238180793266,-2944.5413758965665,7,3174.649586962316,1339,144
3150,1114.20649117185,2973.2379479332817,9,3175.153539594581,1331,113
3151,-2830.423662088822,-1439.9659346969645,7,3175.657412253406,1329,134
3152,3060.2347379864327,-850.2725142100668,7,3176.1612049768505,1332,148
3153,-1682.437802954011,2694.550619155498,8,3176.664917802946,1338,125
3154,-579.6574005763466,-3123.843353620196,8,3177.168550769695,1338,120
3155,2537.949372106908,1912.1749356745977,8,3177.6721039150657,1328,123
3156,-3163.5616493924895,304.43010773093755,7,3178.175577277001,1333,155
3157,2127.409229674292,-2361.8065055157745,7,3178.6789708934116,1333,107
3158,26.696240932042432,3179.070195940961,8,3179.182284802179,1331,120
3159,-2167.459073161498,-2326.4825737945903,7,3179.6855190411525,1339,135
3160,3170.234843183106,251.41805636784727,8,3180.188673648153,1333,117
3161,-2507.859622770936,1956.3844490475838,7,3180.691748660973,1331,118
3162,527.7823796951744,-3137.107865484274,8,3181.1947441173734,1335,131
3163,1730.1890968269709,2670.139638524748,10,3181.6976600550843,1332,138
3164,-3079.927679121338,-800.2783836779862,12,3182.2004965118085,1334,175
3165,2812.0673075540412,-1490.5963430069746,7,3182.703253525217,1334,175
3166,-1066.816020090041,2999.1171333042735,9,3183.2059311329513,1333,142
3167,-1239.4332469935987,-2932.5424508857336,10,3183.7085293726245,1337,132
3168,2895.280386949543,1325.3495693383338,9,3184.211048281819,1332,147
3169,-3030.6285514862884,978.6166680146639,9,3184.7134878980874,1343,119
3170,1573.8933424202794,-2769.1983942442844,8,3185.215848258953,1334,138
3171,710.1386351786853,3105.5600330417947,7,3185.718129401909,1331,132
3172,-2621.823032715748,-1810.5369328244033,8,3186.220331364421,1343,139
3173,3156.748233545184,-436.05113233353916,9,3186.7224541839223,1337,161
3174,-2033.4599012211902,2454.2699179441342,8,3187.2244978978183,1325,130
3175,-158.45041394372862,-3183.7860270943243,7,3187.726462543485,1334,129
3176,2267.8099591491045,2240.9457800634395,7,3188.228348158268,1329,123
3177,-3186.451057634179,-120.53902812791219,11,3188.7301547794855,1333,154
3178,2431.3952903559484,-2063.8597195630596,7,3189.231882444423,1328,137
3179,-398.7807242976457,3164.707558990032,8,3189.733531190341,1330,119
3180,-1843.9706547034348,-2603.338668823668,9,3190.235101054466,1334,151
3181,3118.7067463559124,674.1425889484498,11,3190.7365920739994,1334,137
3182,-2755.447010460482,1609.8173103008899,7,3191.238004286111,1335,150
3183,944.5132588189331,-3048.785775339953,9,3191.739337727942,1337,166
3184,1363.18456966382,2886.5425389261923,7,3192.2405924366044,1333,124
3185,-2955.465275642746,-1207.818282884454,10,3192.741768449181,1332,160
3186,2995.60772542014,-1105.9540476001582,7,3193.2428658027247,1336,135
3187,-1462.0360395807336,2839.445477371785,7,3193.743884534262,1334,146
3188,-840.0897346183319,-3081.7931854342373,8,3194.2448246807885,1333,130
3189,2701.600958790983,1705.2132592317132,12,3194.745686279269,1336,125
3190,-3144.4242921089003,567.6230009393909,7,3195.246469366643,1336,125
3191,1935.4800324921057,-2542.9740548861987,9,3195.747173979819,1332,136
3192,290.63707482676756,3183.0064547116676,10,3196.2478001556765,1339,148
3193,-2364.766976414551,-2151.0641894790547,9,3196.748347931066,1334,149
3194,3197.2290209550765,-11.251113840141993,7,3197.2488173428105,1334,165
3195,-2350.304939017434,2168.332699017901,8,3197.749208427703,1335,120
3196,268.3960091864192,-3186.967772390051,7,3198.2495212225076,1339,133
3197,1955.164691443142,2531.6656630238604,9,3198.749755763961,1333,127
3198,-3152.2859928729645,-546.1620813796104,8,3199.249912088769,1337,146
3199,2693.745767462908,-1726.8855608509991,7,3199.749990233612,1332,117
3200,-819.9179608999191,3093.4341010265143,7,3200.249990235138,1335,154
3201,-1485.2347015420958,-2835.29149847686,7,3200.749912129968,1331,146
3202,3010.8478486129115,1087.5638981241525,8,3201.249755954696,1330,135
3203,-2955.205640163039,1232.0550411197405,8,3201.749521745885,1341,149
3204,1347.0456418193637,-2905.145097728418,10,3202.24920954007,1336,119
3205,969.2789850838888,3052.5560189904368,8,3202.7488193737577,1329,159
3206,-2777.1212006267233,-1596.3702067595677,7,3203.248351283428,1338,133
3207,3126.582748945267,-698.9136670561365,9,3203.74780530553,1336,140
3208,-1833.621181753913,2627.743016701478,8,3204.2471814764854,1333,159
3209,-423.0256172233452,-3176.7041611035816,8,3204.7464798326873,1329,151
3210,2458.1416116231603,2056.9734605012995,8,3205.2457004105004,1332,127
3211,-3202.5213713752173,143.7249661158369,7,3205.744843246262,1338,126
3212,2264.7072820360104,-2269.6036937520757,7,3206.2439083762793,1331,131
3213,-136.85069553026742,3203.8214505700657,7,3206.742895836833,1333,114
3214,-2063.5618526597214,-2455.2214727489613,7,3207.2418056641754,1334,147
3215,3180.579171625643,416.55267736642656,8,3207.740637894529,1329,133
3216,-2627.0457880202125,1841.5836738104686,9,3208.23939256409,1330,161
3217,693.2376452544922,-3132.9573197223754,8,3208.7380697090252,1328,143
3218,1605.3598121134385,2778.852258334564,10,3209.236669365474,1328,130
3219,-3061.3055620166015,-964.7840462850846,8,3209.7351915695476,1336,145
3220,2909.4654523214945,-1356.6911150839321,9,3210.2336363573295,1333,138
3221,-1229.108377115402,2966.1578847567675,7,3210.7320037648733,1331,147
3222,-1097.47489369289,-3017.8715774058014,7,3211.2302938282082,1335,142
3223,2848.2286165310998,1484.181170872794,9,3211.728506583332,1331,141
3224,-3103.2263476133508,829.6904455749163,7,3212.2266420662163,1336,161
3225,1728.0425799496127,-2708.4070672410176,9,3212.724700312805,1332,138
3226,555.3839410594346,3164.8615574797723,11,3213.222681359012,1340,133
3227,-2547.7508230204285,-1958.8174350354166,9,3213.720585240727,1337,157
3228,3202.2903108870883,-276.6527874406426,8,3214.218411993809,1335,122
3229,-2174.7296646719683,2367.4777476453187,8,3214.71616165409,1332,133
3230,4.370409028358867,-3215.210863928667,9,3215.2138342573735,1334,155
3231,2168.956750921342,2374.115964445026,8,3215.7114298394376,1337,109
3232,-3203.5090514981134,-285.534160775307,7,3216.2089484360313,1332,144
3233,2555.438610608237,-1953.6973940230978,9,3216.706390082875,1336,129
3234,-564.6845713217382,3167.2592781316757,12,3217.2037548156627,1335,94
3235,-1723.338410714307,-2717.297319425441,12,3217.7010426700613,1336,138
3236,3106.7240646236673,839.6818363452893,8,3218.1982536817086,1333,136
3237,-2858.4400607692073,1479.6352317344067,7,3218.6953878862164,1328,149
3238,1108.4166469699676,-3022.352152996049,8,3219.192445319167,1330,147
3239,1224.4466073295728,2977.772742470301,7,3219.689426016118,1334,126
3240,-2914.7751834520586,-1368.826369534142,8,3220.1863300125974,1338,122
3241,3074.3676905144716,-959.7204298756544,7,3220.6831573441054,1337,153
3242,-1618.9108777211939,2784.802967894855,7,3221.1799080461183,1333,120
3243,-687.4788647329632,-3147.470859363987,7,3221.6765821540807,1330,139
3244,2633.4173953616296,1856.7479155250915,7,3222.1731797034126,1328,104
3245,-3196.507716371649,409.8029028405007,8,3222.6697007295047,1335,115
3246,2080.5078730433556,-2461.765015228832,8,3223.166145267724,1331,105
3247,128.8164530582657,3221.087754380729,7,3223.6625133534067,1333,121
3248,-2271.1483542044757,-2288.467861516587,7,3224.158805021862,1337,125
3249,3221.0075970879366,153.32990413417434,11,3224.655020308374,1333,116
3250,-2479.024979333526,2063.016032860727,8,3225.151159248199,1332,110
3251,434.47537730483447,-3196.252672508202,7,3225.647221876565,1333,153
3252,1838.9517566993943,2650.708666853491,9,3226.1432082286738,1341,161
3253,-3146.9974408372086,-712.4655131050627,11,3226.6391183397004,1336,122
3254,2802.192054817431,-1600.6622654133078,7,3227.1349522447927,1341,136
3255,-985.1687069221424,3073.6041740766414,9,3227.6307099790706,1331,154
3256,-1349.9643320411592,-2932.3022187722513,7,3228.1263915776285,1327,140
3257,2976.620295883029,1250.4925486132365,7,3228.6219970755324,1331,135
3258,-3040.0292602622944,1088.7709110502024,7,3229.1175265078227,1335,160
3259,1506.399877971197,-2856.774301139025,12,3229.6129799095124,1335,122
3260,819.0765409636181,3124.534144483474,10,3230.108357315587,1329,156
3261,-2714.9702856412423,-1750.9244267200993,8,3230.6036587610056,1331,144
3262,3185.1552335814017,-542.9421129264209,7,3231.0988842807024,1335,140
3263,-1982.1859269311474,2552.281126967817,7,3231.5940339095814,1333,155
3264,-262.47912153079085,-3221.413464732589,7,3232.089107682522,1332,154
3265,2369.9403679497605,2198.404569764663,7,3232.584105634376,1336,135
3266,-3233.016132501389,-20.166481739679586,7,3233.0790277999695,1332,159
3267,2397.9147033511003,-2169.3328641433986,7,3233.573874214102,1331,115
3268,-302.8307089685594,3219.859245635684,8,3234.068644911545,1330,133
3269,-1951.9842662099215,-2579.1776643862504,7,3234.563339927045,1335,158
3270,3182.0284393698344,583.3481045152865,8,3235.0579592953204,1325,124
3271,-2740.7936445894666,1719.5494170793663,10,3235.552503051063,1331,147
3272,859.5683351084474,-3119.798435360671,7,3236.0469712289405,1325,154
3273,1473.7997521409472,2881.5125005089394,9,3236.541363863592,1330,123
3274,-3033.63105250667,-1129.3726742166536,7,3237.035680989631,1339,141
3275,3000.2434231990082,-1216.6097983951531,8,3237.5299226416423,1332,117
3276,-1390.6902543225108,2924.1717830066673,8,3238.024088854189,1334,112
3277,-949.942875468912,-3096.0633929791966,7,3238.5181796618035,1335,143
3278,2792.2449590175206,1641.5139624265285,9,3239.0121950989933,1337,139
3279,-3168.2243537549466,675.8361075542296,7,3239.506135200241,1337,153
3280,1879.915856765582,-2638.8475460854743,8,3240.0000000000005,1334,142
3281,396.3848607360909,3216.1590511321465,8,3240.4937895327,1332,140
3282,-2465.1416100707593,-2104.0619863249617,7,3240.9875038327436,1332,119
3283,3239.4854887964684,-113.72672455102706,12,3241.4811429345073,1333,121
3284,-2312.226499227119,2272.4455144781587,8,3241.974706872341,1334,102
3285,169.97483972055147,-3238.009968153584,8,3242.4681956805684,1328,145
3286,2062.223914869474,2502.8049314599853,7,3242.961609393488,1328,107
3287,-3211.7286870829344,-452.5470589546793,8,3243.4549480453707,1333,125
3288,2674.326573622557,-1836.076626292114,7,3243.9482116704635,1338,144
3289,-731.8244895126068,3160.827884676673,8,3244.441400302986,1330,143
3290,-1595.7264483399895,-2825.4658203680756,9,3244.9345139771312,1335,107
3291,3085.682529970256,1005.6656125354789,7,3245.427552727067,1331,107
3292,-2955.0524149625257,1343.006040501734,7,3245.9205165869357,1331,126
3293,1271.9692560176659,-2986.853563826969,7,3246.413405590853,1337,136
3294,1079.8439477849763,3062.0805097894076,12,3246.9062197729086,1329,124
3295,-2865.083714231032,-1528.6907177215785,9,3247.398959167167,1334,123
3296,3145.7164726567275,-808.2498831772964,10,3247.891623807666,1337,127
3297,-1773.8574652127306,2721.2919161877994,11,3248.384213728419,1336,125
3298,-530.2993792638371,-3205.3053783301816,7,3248.876728963412,1334,152
3299,2556.566378141025,2005.5842924591543,8,3249.3691695466064,1331,155
3300,-3240.376134754496,248.11792622362603,7,3249.8615355119364,1336,150
3301,2222.087816530383,-2372.1563472139087,7,3250.353826893312,1329,128
3302,-36.13528256653669,3250.6452038562797,8,3250.8460437246176,1333,115
3303,-2169.4626355829214,-2421.700202917282,8,3251.338186039711,1333,113
3304,3236.018887566746,320.2838730115551,7,3251.830253872425,1337,118
3305,-2602.8820138373267,1950.0269798241627,9,3252.3222472565667,1338,129
3306,602.1509544223023,-3196.5941606791926,8,3252.8141662259163,1334,108
3307,1715.5203140581273,2764.2340805463464,8,3253.3060108142304,1333,126
3308,-3132.658043280206,-879.5757976842185,7,3253.7977810552393,1335,124
3309,2904.5083080965946,-1467.7300460908527,8,3254.2894769826485,1333,132
3310,-1150.4303996850158,3044.685516679937,9,3254.781098630137,1335,134
3311,-1208.5464334430828,-3022.617329106019,8,3255.2726460313584,1334,102
3312,2933.335997929917,1412.6358070106032,10,3255.764119219941,1332,134
3313,-3117.6429318728806,939.9481631148973,7,3256.255518229489,1330,148
3314,1664.1780736863116,-2799.448399071096,7,3256.7468430935805,1340,135
3315,663.9872450974917,3188.843197516592,7,3257.2380938457663,1329,122
3316,-2644.034808115312,-1903.1237304691003,7,3257.7292705195746,1329,121
3317,3235.658290678566,-382.7733349686959,7,3258.2203731485074,1338,112
3318,-2127.634646865394,2468.2728393469733,12,3258.7114017660415,1333,136
3319,-98.45760535313254,-3257.7148586007534,8,3259.202356405628,1334,123
3320,2273.4967107569523,2335.9821716308793,7,3259.6932371006938,1338,154
3321,-3254.8290040358715,-186.78371044300144,8,3260.184043884639,1336,139
3322,2526.560442968553,-2061.18711620914,7,3260.6747767908414,1338,160
3323,-470.7659767262534,3227.0078083507915,9,3261.16543585265,1342,117
3324,-1832.9599692163356,-2697.898765938124,7,3261.656021103391,1330,175
3325,3174.4493922796814,751.3128881199642,10,3262.146532576365,1331,128
3326,-2848.672961675846,1590.5541038949177,9,3262.6369703048485,1333,161
3327,1026.2731485117881,-3097.541512981497,8,3263.127334322092,1335,131
3328,1335.8180267099706,2977.7156008451648,8,3263.6176246613204,1328,140
3329,-2996.8587072713594,-1293.5369684132863,7,3264.107841355735,1332,135
3330,3084.0250422356667,-1070.6958199522837,9,3264.597984438513,1335,117
3331,-1551.0522542148358,2873.1580020414954,7,3265.088053942803,1333,184
3332,-797.2123044492481,-3166.7732065360665,7,3265.5780499017324,1334,122
3333,2727.373223879132,1796.8403651040198,7,3266.0679723484013,1333,117
3334,-3225.3120249568597,517.4575747524453,8,3266.557821315888,1334,144
3335,2029.0113166539604,-2560.6079506418323,7,3267.0475968372425,1341,126
3336,233.57102492115283,3259.178512496252,10,3267.537298945492,1336,142
3337,-2374.1271581825604,-2245.778314255438,10,3268.0269276736376,1331,136
3338,3268.098426151719,52.275013004815314,9,3268.5164830546587,1343,145
3339,-2445.471504631808,2169.3476254473007,8,3269.005965121508,1333,123
3340,337.89189270851915,-3251.98847919882,7,3269.4953739071116,1337,149
3341,1947.8271707199942,2626.5508396002815,7,3269.984709444373,1329,111
3342,-3210.9570937059084,-621.0914122572506,7,3270.473971766172,1335,118
3343,2787.6179529823435,-1711.252800789682,7,3270.9631609053627,1336,119
3344,-899.7025793932551,3145.3036846436817,7,3271.452276894773,1338,169
3345,-1461.427863193487,-2927.4269590686154,7,3271.9413197672116,1336,181
3346,3055.5164801963515,1171.5882549976768,8,3272.4302895554556,1331,140
3347,-3044.8940892524456,1200.258299382061,9,3272.919186292261,1331,119
3348,1434.6615471283028,-2942.268894100507,9,3273.4080100103615,1334,130
3349,929.7381036018744,3139.1060922993333,7,3273.8967607424643,1334,157
3350,-2806.4144769424774,-1686.9018298667172,7,3274.38543852125,1332,160
3351,3209.3273331485466,-651.9340984375943,8,3274.8740433793787,1333,139
3352,-1926.3702640103006,2648.9804842499093,8,3275.3625753494834,1330,144
3353,-368.970143260204,-3255.005535077098,8,3275.8510344641745,1327,150
3354,2471.160109834882,2151.2247003883285,9,3276.3394207560364,1332,124
3355,-3275.776120418675,83.01089624125898,7,3276.8277342576316,1334,139
3356,2359.7338512409997,-2274.3034431023752,8,3277.315975001495,1329,116
3357,-203.75474591352256,3271.465115742137,7,3277.804143020141,1333,145
3358,-2059.9072188506657,-2550.2906206405014,9,3278.292238346057,1331,163
3359,3242.0905983738494,489.13040381466783,7,3278.7802610117083,1341,144
3360,-2721.424491312191,1829.6034373836817,10,3279.2682110495325,1332,96
3361,770.9290385525547,-3187.8626723114085,7,3279.756088491948,1337,137
3362,1585.146941458009,2871.812872383282,12,3280.2438933713443,1331,115
3363,-3109.1819728379282,-1046.9897133112852,7,3280.7316257200923,1334,145
3364,3000.291320491618,-1328.402044632069,9,3281.219285570533,1331,130
3365,-1315.1941649648782,3006.636710419524,7,3281.706872954987,1335,120
3366,-1061.3283129099127,-3105.8625552679887,7,3282.1943879057503,1336,103
3367,2880.9982756678437,1573.4830585674931,9,3282.6818304550934,1335,118
3368,-3187.704199396744,785.9656081205859,12,3283.169200635264,1340,110
3369,1819.8718000037518,-2733.215438188345,8,3283.6564984784877,1329,139
3370,504.41850719541947,3245.1751831910005,7,3284.143724016962,1335,134
3371,-2564.4071829289683,-2052.465785376778,9,3284.6308772828643,1333,118
3372,3277.820763816326,-218.84021635558463,8,3285.1179583083467,1335,123
3373,-2269.4749699555846,2375.8542381099683,7,3285.604967125537,1330,124
3374,68.58389683686117,-3285.376119882573,11,3286.09190376654,1333,108
3375,2168.989358873588,2469.2276446478445,8,3286.5787682634354,1333,178
3376,-3267.768493016559,-355.6530276101802,7,3287.065560648282,1335,132
3377,2650.183313970073,-1945.3864403646387,10,3287.5522809531103,1334,142
3378,-640.1677863045137,3225.117859145302,7,3288.038929209932,1333,153
3379,-1706.7485429662515,-2810.9445763092835,8,3288.5255054507334,1333,120
3380,3157.7361234754894,919.947049833842,8,3289.0120097074746,1331,121
3381,-2950.267914856413,1454.8949207997098,8,3289.498442012095,1330,149
3382,1192.8446831686053,-3066.1248444635107,7,3289.984802396509,1333,136
3383,1191.7471522887079,3067.073315884665,8,3290.4710908926095,1332,130
3384,-2950.9715033452303,-1456.766002638855,10,3290.9573075322623,1336,100
3385,3160.452639982152,-919.3144785272593,7,3291.4434523473137,1336,134
3386,-1709.6838547603297,2813.1443469491323,8,3291.929525369582,1339,153
3387,-639.6784613232068,-3229.6766813597883,11,3292.4155266308658,1334,123
3388,2653.6858424651496,1949.6541871573095,7,3292.9014561629383,1336,122
3389,-3274.200860369756,354.9770780683564,7,3293.3873139975503,1331,143
3390,2174.8309919750677,-2473.8047935002364,10,3293.873100166429,1337,120
3391,67.38837497073773,3293.669504810524,8,3294.3588147012765,1334,122
3392,-2274.8671770387737,-2383.4805069124523,7,3294.8444576337743,1329,146
3393,3287.9186863816626,220.88619635975337,8,3295.3300289955782,1328,125
3394,-2573.994564625929,2058.3857707621705,9,3295.8155288183225,1336,108
3395,507.63863148107555,-3256.977589703071,9,3296.3009571336174,1337,124
3396,1826.0086494918235,2744.902987717607,9,3296.7863139730484,1335,97
3397,-3201.068402544148,-790.6712858283516,7,3297.271599368181,1333,118
3398,2894.8849337724996,-1579.5066382313785,8,3297.756813350554,1331,126
3399,-1067.8137180101999,3120.6047272330457,9,3298.241955951685,1334,142
3400,-1320.7598173307802,-3022.779102899245,10,3298.7270272030696,1335,120
3401,3016.1885245475382,1336.9393345951587,8,3299.212027136177,1335,128
3402,-3127.592728893123,1051.743182613926,8,3299.696955782455,1332,124
3403,1595.9817087364258,-2888.605612640597,7,3300.181813173329,1337,103
3404,774.5115698473019,3208.509284414285,7,3300.6665993402,1335,114
3405,-2738.81975463906,-1842.9504474073196,9,3301.151314314447,1332,117
3406,3264.8948403870986,-491.183958628234,7,3301.6359581274255,1331,110
3407,-2075.9464854050684,2567.9653793878033,7,3302.120530810467,1332,111
3408,-203.92727559417145,-3296.3030301033823,7,3302.6050323948825,1339,137
3409,2377.3389903114817,2293.176688601379,8,3303.089462911957,1329,138
3410,-3302.478579174719,-85.06017923876327,8,3303.573822392955,1333,127
3411,2492.9676541421704,-2168.38932745042,7,3304.058110869117,1335,125
3412,-373.56555623932525,3283.3593734453743,9,3304.542328371661,1331,122
3413,-1942.7063573191797,-2673.778601386368,8,3305.0264749317816,1334,141
3414,3239.077048164472,659.3784012645033,7,3305.510550580652,1337,140
3415,-2834.21325427859,1702.0091742618683,7,3305.994555349419,1330,128
3416,940.3075923587205,-3169.956093032291,9,3306.4784892692105,1329,145
3417,1448.1329053651732,2973.0306235218336,10,3306.9623523711302,1334,144
3418,-3076.5114791223805,-1214.1981382081851,8,3307.4461446862592,1335,141
3419,3089.1546052823487,-1183.0147187008517,10,3307.9298662456554,1327,147
3420,-1478.9477096800358,2959.4448249683887,8,3308.4135170803543,1328,168
3421,-908.6790415199685,-3181.682322216087,11,3308.8970972213688,1336,126
3422,2819.6391303826026,1732.522777459286,10,3309.3806066996885,1331,132
3423,-3249.891142119434,627.222101311523,8,3309.864045546282,1335,140
3424,1972.9742320821917,-2658.1521174567274,8,3310.347413792093,1331,121
3425,340.79590761979597,3293.2443197171997,8,3310.830711468045,1333,134
3426,-2476.208229030869,-2198.452366206693,7,3311.3139386050366,1335,119
3427,3311.3952174968626,-51.59179720561564,9,3311.7970952339456,1335,133
3428,-2407.221104118575,2275.189345062548,8,3312.2801813856263,1337,117
3429,238.17633181038016,-3304.190072463349,7,3312.7631970909124,1334,148
3430,2056.624287386697,2597.6713688477157,7,3313.2461423806117,1338,146
3431,-3271.6692867387737,-526.2889683531299,7,3313.729017285511,1335,118
3432,2768.3334841194205,-1822.177192455012,7,3314.2118218363776,1329,139
3433,-810.5379897839858,3214.0672312689626,9,3314.694556063952,1330,151
3434,-1573.6348406170603,-2917.8885154159198,9,3315.177219998955,1334,130
3435,3131.8105632795914,1088.7435858503925,8,3315.659813672085,1339,118
3436,-3045.1784627586862,1312.8930382748788,8,3316.1423371140145,1333,135
3437,1358.7709756663223,-3025.515069485986,11,3316.6247903554,1330,159
3438,1041.9421568558275,3149.215226332844,9,3317.10717342687,1330,127
3439,-2895.9810584246297,-1618.5467893285504,7,3317.589486359034,1332,117
3440,3229.188275642147,-762.8519387504352,10,3318.071729182478,1335,130
3441,-1866.07498863956,2744.187336311766,7,3318.5539019277658,1336,114
3442,-477.7556863794176,-3284.4709625953656,8,3319.036004625439,1335,135
3443,2571.2838118336954,2099.452204505257,8,3319.518037306019,1332,144
3444,-3314.6254294324385,188.83395499703713,12,3320.0000000000005,1335,126
3445,2316.8823733231693,-2378.582785648715,8,3320.48189273786,1335,144
3446,-101.70212592615418,3319.406073016994,8,3320.9637155500513,1334,119
3447,-2167.548990678012,-2516.690559645888,7,3321.445468467005,1334,160
3448,3298.761538149237,391.6277753521575,8,3321.92715151913,1338,138
3449,-2697.3358588906945,1939.7884586579025,9,3322.4087647368137,1333,140
3450,678.7215976443237,-3252.8352237534473,10,3322.890308150422,1339,145
3451,1697.0362977053917,2857.423280557219,12,3323.3717817902957,1337,102
3452,-3181.9642972017296,-960.7826035755965,9,3323.853185686756,1336,137
3453,2995.7145204433546,-1441.143473775196,8,3324.334519870104,1334,121
3454,-1235.647084759652,3086.6772234759133,12,3324.8157843706167,1334,146
3455,-1174.062696863027,-3111.1375385596048,8,3325.296979218548,1331,139
3456,2967.6898272080757,1501.205212316326,9,3325.778104444132,1340,134
3457,-3202.7948687687294,897.833519416989,7,3326.2591600775786,1335,147
3458,1755.417232245823,-2825.8999169705944,12,3326.7401461490795,1332,133
3459,614.566760847102,3269.9705956570774,8,3327.221062688802,1335,133
3460,-2662.3805121093915,-1996.3291333695788,7,3327.7019097268912,1337,147
3461,3312.135944485051,-326.42837690697263,7,3328.1826872934726,1333,145
3462,-2222.0876673092835,2478.371723287689,8,3328.6633954186477,1333,137
3463,-35.62289740273337,-3328.9534405246095,10,3329.1440341324974,1333,118
3464,2275.2713480798325,2430.954605213142,10,3329.6246034650812,1335,133
3465,-3320.2796051318983,-255.62344130608304,11,3330.105103446436,1334,115
3466,2621.3201213942725,-2054.6242530383784,7,3330.5855341065776,1334,136
3467,-545.0797397602879,3286.1661670254684,7,3331.0658954755013,1339,144
3468,-1818.110622767098,-2791.7152009797555,9,3331.546187583177,1341,140
3469,3226.859778642809,830.5275245151622,12,3332.026410459557,1331,140
3470,-2940.8229758020198,1567.533165516747,9,3332.5065641345705,1339,146
3471,1109.777751811773,-3142.8002388926357,10,3332.986648638125,1332,122
3472,1304.8033725871505,3067.488901183702,7,3333.4666640001064,1330,130
3473,-3034.6172350361608,-1380.6875956643798,7,3333.9466102503798,1336,133
3474,3170.729694861278,-1031.926936427627,8,3334.4264874187884,1333,137
3475,-1641.1768914207405,2903.1256278477777,7,3334.9062955351533,1337,141
3476,-750.9884385125495,-3249.740968942061,10,3335.3860346292754,1332,150
3477,2749.3193152855915,1889.2441087899592,8,3335.8657047309325,1330,119
3478,-3303.9034955830625,464.13542406718085,7,3336.345305869883,1334,128
3479,2122.981731502941,-2574.3637209424733,7,3336.8248380758614,1335,165
3480,173.56198513063842,3332.7880576654607,9,3337.3043013785846,1328,145
3481,-2379.5869639530806,-2340.5909255964743,8,3337.7836958077437,1333,133
3482,3336.158846433674,118.50802235433376,9,3338.2630213930115,1330,124
3483,-2540.3953833601304,2166.4697773572875,9,3338.7422781640394,1335,142
3484,409.83799923349903,-3313.9753792664605,7,3339.221466150456,1334,146
3485,1936.6342513357529,2720.854236550206,8,3339.7005853818687,1332,130
3486,-3266.3929220177647,-698.1957311472532,7,3340.179635887866,1335,133
3487,2880.5739392767236,-1691.831486986745,8,3340.6586176980136,1336,134
3488,-981.3704928700765,3193.7614118346323,9,3341.1375308418537,1332,135
3489,-1433.9282545841909,-3018.3190289803915,8,3341.616375348912,1338,115
3490,3096.6228878606616,1257.1899977240894,7,3342.0951512486895,1333,127
3491,-3133.0216824283134,1164.8927579112428,8,3342.5738585706677,1331,129
3492,1523.5370623015701,-2975.7074486235206,8,3343.0524973443057,1335,158
3493,886.7796133627368,3223.7899927452218,8,3343.531067599044,1330,129
3494,-2831.9277662853715,-1778.3658584616235,9,3344.0095693642984,1335,139
3495,3289.9149034150655,-601.7141582906629,8,3344.488002669467,1329,134
3496,-2019.717628023669,2666.372198896929,8,3344.966367543925,1336,124
3497,-311.8762086157073,-3330.875745280735,9,3345.444664017027,1333,111
3498,2480.2965527069487,2245.7357392689873,11,3345.9228921181075,1330,148
3499,-3346.3443333774762,19.483389655123414,10,3346.401051876478,1336,114
3500,2454.6799696789008,-2275.114556776689,8,3346.8791433214315,1329,130
3501,-273.2258321699704,3336.1875913436024,9,3347.3571664822384,1328,112
3502,-2052.3871222563143,-2644.9399048742953,7,3347.8351213881488,1340,110
3503,3300.468682485218,564.0092870993252,8,3348.3130080683914,1333,112
3504,-2815.0473507378238,1813.8104678008558,7,3348.790826552175,1334,106
3505,850.6382778650285,-3239.4466379662467,9,3349.268576868687,1331,126
3506,1561.2032015968905,2963.687662916526,8,3349.7462590470936,1335,146
3507,-3153.5744841073165,-1130.914662203685,7,3350.2238731165417,1333,155
3508,3089.709906405696,-1296.4924582343333,10,3350.701419106155,1328,118
3509,-1402.6877109186094,3043.495882309998,12,3351.1788970450384,1338,142
3510,-1021.6991962608994,-3192.135766592616,9,3351.6563069622753,1339,119
3511,2910.0403064622305,1663.870612387035,9,3352.133648886929,1336,138
3512,-3270.1671428698182,738.9227684235007,8,3352.610922848042,1337,142
3513,1912.4564966692055,-2754.216793999294,8,3353.088128874635,1330,131
3514,450.32488257935984,3323.1923658027813,10,3353.565266995709,1336,142
3515,-2577.2063176138986,-2146.53385634865,7,3354.042337240244,1331,158
3516,3350.790989499627,-158.1130756392871,10,3354.519339637201,1330,137
3517,-2364.3012454344207,2380.352835366481,7,3354.9962742155167,1334,143
3518,135.4761729253647,-3352.737121602214,7,3355.473141004112,1336,138
3519,2165.153086914182,2564.0811434558746,7,3355.9499400318828,1331,142
3520,-3329.001264587058,-428.1945590240088,7,3356.426671327708,1330,151
3521,2744.332877895314,-1933.2452134436608,7,3356.9033349204446,1337,139
3522,-717.7991721183279,3279.7506534043473,7,3357.379930838927,1333,123
3523,-1686.3962877024735,-2903.6645055555778,11,3357.856459111974,1326,130
3524,3205.348086014515,1002.0696819498554,7,3358.3329197683784,1336,140
3525,-3040.8435611056357,1426.4888491966549,9,3358.809312836917,1333,150
3526,1278.8253619290094,-3106.3492549433554,7,3359.2856383463436,1333,150
3527,1155.50654700298,3154.806589924848,11,3359.761896325393,1331,139
3528,-2983.4985994174235,-1545.9418188516258,8,3360.238086802779,1324,141
3529,3244.6673914116127,-875.5189998567474,12,3360.714209807195,1330,152
3530,-1801.3673004070542,2837.723709071093,7,3361.1902653673146,1331,137
3531,-588.6659889006014,-3309.7239089555,9,3361.6662535117907,1332,146
3532,2670.128321216815,2043.1384554738022,8,3362.142174269256,1336,133
3533,-3349.463712940942,297.1411040093215,7,3362.6180276683226,1336,169
3534,2269.395425962523,-2481.983964617898,7,3363.093813737583,1334,141
3535,3.17496849694644,3363.5680340339545,8,3363.5695325056085,1334,137
3536,-2274.7203129256136,-2478.3961543634623,7,3364.0451840009523,1335,107
3537,3351.914314986324,290.9818293120048,8,3364.5207682521436,1337,143
3538,-2668.5297967721212,2049.9143210727952,8,3364.9962852876965,1334,108
3539,583.0759672284471,-3314.577260593063,8,3365.4717351361014,1339,122
3540,1809.2782270471669,2838.329138266572,7,3365.947117825828,1338,143
3541,-3251.82837690069,-870.868650936193,7,3366.422433385329,1336,109
3542,2986.4819148095303,-1554.646510469696,8,3366.8976818430347,1335,126
3543,-1152.1527742742835,3164.1340023349317,7,3367.3728632273555,1330,115
3544,-1287.961907162242,-3111.8409544350106,10,3367.8479775666833,1332,153
3545,3052.151845006762,1424.7698463337224,8,3368.3230248893883,1338,126
3546,-3213.4330592406095,1011.2605864857669,7,3368.7980052238217,1336,156
3547,1686.6265557328302,-2916.7260518425123,11,3369.272918598314,1335,120
3548,726.6566043782924,3290.4665595190922,10,3369.747765041176,1335,122
3549,-2758.8808465481707,-1935.710844767279,10,3370.2225445806994,1331,116
3550,3342.3374813193295,-436.32575097965713,7,3370.6972572451537,1338,161
3551,-2170.107370179513,2579.812784271866,7,3371.1719030627905,1335,142
3552,-142.48891607701853,-3368.6342794662637,8,3371.646482061842,1335,124
3553,2380.8816816190115,2388.0122315706485,11,3372.12099427052,1327,153
3554,-3369.1410989177234,-152.60490026036211,7,3372.595439717014,1335,124
3555,2587.746854358831,-2163.6002906627587,8,3373.069818429497,1333,126
3556,-446.69580207770167,3343.8395386749885,8,3373.5441304361207,1331,124
3557,-1929.6227954781152,-2767.770920284268,8,3374.0183757650166,1334,141
3558,3292.908903872956,737.530305000552,7,3374.4925544442976,1332,116
3559,-2926.6942459963616,1680.7322185439853,8,3374.9666665020554,1338,133
3560,1022.8786044090612,-3216.724943267946,7,3375.4407119663647,1330,135
3561,1418.8268330347366,3063.2875179879247,10,3375.9146908652774,1330,111
3562,-3115.857080962441,-1300.551671797863,9,3376.3886032268265,1336,134
3563,3176.491801102313,-1145.9056843954418,9,3376.8624490790266,1338,125
3564,-1568.4180484265373,2991.064162696931,11,3377.336228449871,1333,142
3565,-864.053331797067,-3265.4267469674446,7,3377.8099413673353,1337,144
3566,2843.2887485171987,1824.4202072317394,10,3378.2835878593733,1333,139
3567,-3329.3974388245783,575.4239257698076,7,3378.7571679539205,1334,126
3568,2066.5903575787815,-2673.6499946631766,9,3379.2306816788937,1330,137
3569,282.2247438176305,3367.8998194686656,8,3379.704129062187,1330,126
3570,-2483.4351785091985,-2293.0655712698194,8,3380.1775101316794,1329,130
3571,3380.6246599758456,13.300690327958625,7,3380.6508249152266,1330,129
3572,-2502.1021137033154,2274.0899306319,10,3381.1240734406656,1336,129
3573,308.88977451966616,-3367.4600379510357,8,3381.597255735816,1331,117
3574,2047.2072482345698,2692.088869776747,12,3382.0703718284753,1334,124
3575,-3328.49230549776,-602.2781518884809,12,3382.5434217464226,1333,125
3576,2861.5597613073505,-1804.51537329739,8,3383.016405517419,1338,136
3577,-891.2170575806233,3264.005538640726,7,3383.4893231692045,1336,141
3578,-1547.8646278327983,-3009.2050601286765,7,3383.9621747294987,1334,157
3579,3174.4794715608714,1173.49055583699,7,3384.434960226005,1337,130
3580,-3133.881509690929,1279.2133063790832,8,3384.907679686405,1331,143
3581,1446.932535092369,-3060.585930649746,7,3385.380333138361,1339,153
3582,1000.6127334553902,3234.621176837704,8,3385.8529206095177,1333,138
3583,-2923.183794823593,-1709.443330935757,7,3386.3254421274983,1329,125
3584,3310.6389653256974,-714.1915998296225,11,3386.7978977199095,1339,131
3585,-1959.0058491753812,2763.312519947146,7,3387.2702874143365,1334,155
3586,-422.1396973871894,-3361.3387326911657,10,3387.742611238345,1325,118
3587,2582.1842761048642,2193.70106537714,8,3388.2148692194833,1326,139
3588,-3386.317962883267,126.69117670194233,7,3388.68706138528,1333,144
3589,2411.722781600793,-2381.174757280056,7,3389.1591877632422,1334,140
3590,-169.89254448996883,3385.3709580084014,8,3389.6312483808615,1332,138
3591,-2161.8127330105053,-2611.391527020345,8,3390.103243265609,1333,141
3592,3358.4905239384084,465.3400913481626,12,3390.575172444935,1336,161
3593,-2791.167495292939,1925.7684214931303,7,3391.0470359462724,1335,118
3594,757.3875278180263,-3305.868136012944,9,3391.518833797035,1331,103
3595,1674.8407724316316,2949.6624191592864,7,3391.9905660246163,1336,125
3596,-3227.8925827190747,-1043.7957053117173,7,3392.4622326563936,1339,142
3597,3085.650290571759,-1410.9437566020904,12,3392.93383371972,1328,123
3598,-1322.3674310364775,3125.147096911438,9,3393.405369241936,1339,133
3599,-1136.0917664748742,-3198.0768436902827,7,3393.876839250358,1337,147
3600,2998.404995676685,1590.964324521797,11,3394.3482437722855,1332,122
3601,-3286.067727297233,852.3842394223384,8,3394.8195828349994,1330,124
3602,1847.5232328316865,-2848.6238614719136,9,3395.2908564657614,1332,126
3603,561.989620720202,3348.935303376696,7,3395.762064691812,1328,155
3604,-2676.938308241501,-2090.072078630096,7,3396.2332075403774,1337,155
3605,3386.1840189321297,-267.1287890300331,11,3396.704285038661,1334,113
3606,-2316.7450191827734,2484.651387235604,10,3397.1752972138484,1332,144
3607,29.941929131967527,-3397.514309150126,10,3397.6462440931073,1335,125
3608,2273.224697523172,2525.796799936741,7,3398.1171257035858,1328,108
3609,-3382.8250011494465,-326.94802583629036,8,3398.587942072413,1334,119
3610,2715.616192096731,-2044.2672763662897,7,3399.0586932266997,1325,149
3611,-621.6142271497326,3342.214199090932,10,3399.529379193538,1331,137
3612,-1799.523353772033,-2884.738410883915,7,3400.0000000000005,1335,128
3613,3275.97864301843,911.6819239664281,9,3400.470555673141,1331,126
3614,-3031.8564186285967,1540.8590645547636,7,3400.941046239996,1334,128
3615,1194.9264849131696,-3184.6115454876217,8,3401.411471727583,1333,117
3616,1270.2482189897776,3155.831025602179,8,3401.881832162899,1334,148
3617,-3068.798921742953,-1469.174318421504,11,3402.352127572924,1332,128
3618,3255.699710421604,-989.7572407215257,8,3402.822357984619,1335,107
3619,-1732.3195532929662,2929.414440682448,7,3403.292523424926,1339,146
3620,-701.5293866975704,-3330.6840918345483,8,3403.7626239207693,1335,117
3621,2767.5128353042933,1982.340209556875,8,3404.232659499054,1336,121
3622,-3380.1959938115197,407.7683698137379,9,3404.702630186666,1334,118
3623,2217.3137356220313,-2584.321922249988,7,3405.172536010474,1327,130
3624,110.72150923507569,3403.8420567636076,10,3405.6423769973267,1335,148
3625,-2381.233290912961,-2435.4317921567485,12,3406.1121531740555,1333,133
3626,3401.426858704204,187.3374625792955,7,3406.5818645674726,1330,142
3627,-2635.014169175158,2159.7917326089923,8,3407.0515112043727,1334,128
3628,484.1258048019543,-3372.954521650842,8,3407.5210931115303,1334,128
3629,1921.683490226085,2814.52172906739,7,3407.990610315703,1336,122
3630,-3318.6287901088976,-777.369251681821,10,3408.4600628436297,1329,115
3631,2972.568276013436,-1668.7234175975689,10,3408.9294507220297,1336,94
3632,-1064.8194407933547,3238.8515801914305,8,3409.3987739776057,1334,146
3633,-1402.8411465260924,-3107.9312601171473,7,3409.8680326370404,1332,139
3634,3134.220009668348,1344.2711523329438,9,3410.3372267269997,1339,153
3635,-3219.5612337239177,1126.066366739601,10,3410.806356274129,1337,151
3636,1613.5792274682817,-3005.521930827134,10,3411.275421305058,1332,126
3637,840.5133312397448,3306.589986679369,8,3411.7444218463966,1331,115
3638,-2853.7299996006464,-1870.675035750276,8,3412.213357924736,1330,152
3639,3368.3372975605926,-548.3647051572536,7,3412.6822295666493,1338,157
3640,-2113.5823653542,2679.9943255282733,9,3413.151036798694,1339,102
3641,-251.85488168231203,-3404.316248319593,9,3413.6197796474053,1330,142
3642,2485.633758170031,2340.432613908277,7,3414.0884581393025,1334,136
3643,-3414.237060886766,-46.74710758218601,8,3414.5570723008864,1337,154
3644,2549.4791633062973,-2272.125875885186,11,3415.025622158639,1336,132
3645,-345.15495693775506,3398.009425487412,7,3415.4941077390245,1344,131
3646,-2041.0957530815087,-2739.1108277601015,8,3415.9625290684908,1335,113
3647,3355.743302027463,641.0825928831767,7,3416.4308861734635,1334,122
3648,-2907.8642716969593,1794.3035911986328,9,3416.8991790803543,1332,138
3649,932.2616881352068,-3287.7481875647495,9,3417.367407815554,1326,125
3650,1533.6313077118452,3054.435301656602,8,3417.8355724054372,1328,146
3651,-3194.530854625863,-1216.4590493902185,12,3418.303672876358,1331,128
3652,3177.688945179643,-1261.0681851839304,10,3418.771709254656,1328,124
3653,-1491.4937453419393,3076.7915768875005,7,3419.2396815666484,1332,159
3654,-978.695689966458,-3276.668238690191,9,3419.70758983864,1334,132
3655,2935.418870266164,1755.2538437745459,7,3420.1754340969123,1335,140
3656,-3350.6016564314077,688.6715762387063,11,3420.6432143677303,1329,147
3657,2005.7126290946615,-2771.482788957958,8,3421.1109306773437,1333,117
3658,393.2133969637596,3398.909122711024,8,3421.578583051981,1333,169
3659,-2586.226826923577,-2240.9441759447745,8,3422.0461715178535,1335,126
3660,3421.2065606824044,-94.58154758553415,7,3422.5136961011567,1330,139
3661,-2459.1381590514575,2381.0584861983143,7,3422.981156828065,1330,120
3662,204.93802768267383,-3417.3089419614284,8,3423.4485537247383,1332,137
3663,2157.5385834528397,2658.613785586826,9,3423.915886817315,1333,138
3664,-3387.2318129259743,-503.0513348578053,7,3424.383156131919,1336,125
3665,2837.832742663245,-1917.369376168401,7,3424.850361694653,1329,137
3666,-797.4739003174251,3331.191285157986,7,3425.317503531607,1337,120
3667,-1662.3815986201596,-2995.411060367021,12,3425.7845816688473,1331,103
3668,3249.6024892598994,1085.9482776798654,8,3426.2515961324266,1333,151
3669,-3130.1297987170237,1394.5205065482987,8,3426.7185469483775,1333,149
3670,1366.2613570702983,-3143.0765030740863,7,3427.1854341427165,1329,141
3671,1115.8310367392476,3240.944476144171,8,3427.652257741441,1330,157
3672,-3012.4157769710964,-1636.2613442404686,7,3428.1190177705325,1333,150
3673,3326.9931664641445,-828.4421949061297,9,3428.5857142559526,1332,115
3674,-1893.874279082983,2858.6080904922787,11,3429.0523472236464,1341,128
3675,-534.5507908865986,-3387.603201669657,11,3429.518916699542,1337,104
3676,2682.819085778541,2137.119966913976,7,3429.985422709549,1335,131
3677,-3422.2964283558745,236.404645602882,7,3430.451865279558,1329,145
3678,2364.1271999659193,-2486.3834343039903,10,3430.918244435446,1337,122
3679,-63.71460202988052,3430.792976774928,8,3431.384560203067,1331,147
3680,-2270.794703746807,-2573.148152251528,7,3431.850812608264,1330,131
3681,3413.013512793867,363.5089565422961,11,3432.3170016768554,1333,142
3682,-2762.5718369001247,2037.6940020440434,12,3432.783127434647,1335,126
3683,660.6816622547312,-3369.0799546998473,8,3433.2491899074266,1328,108
3684,1788.8574848415722,2930.9365225003226,7,3433.7151891209614,1334,136
3685,-3299.314648521637,-952.9547995841922,7,3434.1811251010045,1338,136
3686,3076.9410126160033,-1526.1828215785956,8,3434.6469978732894,1329,133
3687,-1238.086746694309,3204.2380073365184,8,3435.1128074635335,1334,149
3688,-1251.6747231857353,-3199.454701560551,9,3435.5785538974364,1333,153
3689,3084.564631845515,1513.8893724337129,7,3436.044237200679,1327,110
3690,-3297.5263286265913,967.4296418936285,7,3436.509857398928,1333,125
3691,1778.24482888283,-2941.197941069501,8,3436.9754145178285,1335,134
3692,675.6197598829025,3370.3913630401694,8,3437.4409085830116,1331,130
3693,-2775.2233535597366,-2029.1218144450204,7,3437.9063396200895,1332,135
3694,3417.477962323999,-378.4763889991155,8,3438.371707654657,1334,130
3695,-2264.591182774288,2587.900070501362,8,3438.837012712292,1329,103
3696,-78.27290855009149,-3438.4114576046754,7,3439.3022548185554,1333,123
3697,2380.6515230030764,2482.8407774207217,11,3439.767433998991,1334,158
3698,-3433.017330745634,-222.69262852667703,8,3440.2325502791227,1333,153
3699,2682.189378281543,-2155.0545559297725,8,3440.697603684462,1334,158
3700,-522.1150878440681,3401.322659649564,7,3441.162594240499,1332,140
3701,-1912.827430588648,-2861.099652369283,9,3441.6275219727077,1337,120
3702,3343.5560198416606,817.699909612684,11,3442.0923869065455,1333,149
3703,-3018.19000927785,1655.8167374124994,7,3442.557189067453,1332,118
3704,1107.1806931168035,-3260.1458422575815,10,3443.0219284808513,1331,126
3705,1385.9833184710635,3152.245269791032,8,3443.486605172147,1336,130
3706,-3151.717238962688,-1388.3365750513844,7,3443.951219166729,1333,135
3707,3262.226065370723,-1105.3873069724712,8,3444.415770489968,1334,128
3708,-1659.0092682670702,3019.0873203344026,9,3444.880259167219,1335,144
3709,-816.1723980702719,-3347.276895721091,11,3445.3446852238167,1331,156
3710,2863.2590387161554,1917.1196303857096,7,3445.809048685084,1334,126
3711,-3406.7327820583755,520.5494708947471,9,3446.273349576322,1332,116
3712,2160.683634904615,-2685.4136049881367,7,3446.737587922817,1332,133
3713,220.77968712631028,3440.1244642821302,10,3447.2017637498398,1331,122
3714,-2486.901535299137,-2387.8276222807203,12,3447.665877082639,1334,142
3715,3447.1821014998436,80.84280486922324,7,3448.1299279464515,1332,137
3716,-2596.802713588372,2269.2323959215955,12,3448.593916366495,1333,131
3717,382.0084278460233,-3427.8374467081444,7,3449.057842367971,1334,130
3718,2034.0633239823533,2785.998276027798,8,3449.5217059760625,1327,146
3719,-3382.224478168975,-680.4098612414451,7,3449.9855072159357,1329,141
3720,2953.9543364566657,-1783.1864114917596,8,3450.4492461127434,1334,128
3721,-973.7597188663789,3310.6784818090186,9,3450.912922691617,1333,132
3722,-1518.5150485747777,-3099.372847408318,7,3451.3765369776743,1336,112
3723,3213.7335908263817,1259.8080834770706,8,3451.840088996012,1331,120
3724,-3221.1277185393214,1242.0693301332522,10,3452.303578771716,1331,117
3725,1536.3597636112697,-3092.118800556719,9,3452.767006329851,1332,147
3726,955.960637079127,3318.2735360960332,7,3453.2303716954657,1326,167
3727,-2946.752488264619,-1801.2911405173447,7,3453.6936748935914,1338,131
3728,3390.0529027949,-662.3755100031051,7,3454.156915949245,1327,151
3729,-2052.566475692894,2778.735479109455,7,3454.620094887425,1330,141
3730,-363.5589382703539,-3435.9023412203865,7,3455.0832117331124,1336,146
3731,2589.3427105508144,2288.2535539833343,7,3455.546266511273,1337,124
3732,-3455.456714676823,61.79719245126234,7,3456.009259246856,1330,145
3733,2506.5385418581477,-2380.0135584024792,7,3456.472189964791,1333,125
3734,-240.599668819957,3448.5521308751777,11,3456.9350586899955,1340,106
3735,-2152.3408978243624,-2705.7399467710525,7,3457.397865447366,1338,127
3736,3415.2273053651948,541.3154835103018,9,3457.8606102617846,1335,132
3737,-2884.321570016183,1908.058982510598,7,3458.3232931581165,1338,139
3738,838.0457271851916,-3355.7233734541715,7,3458.7859141612107,1334,123
3739,1649.0302341674862,3040.904353445127,7,3459.248473295898,1335,132
3740,-3270.4821512280514,-1128.5151742438995,11,3459.7109705869943,1331,140
3741,3174.2770285570014,-1377.2310430626135,9,3460.1734060592976,1331,128
3742,-1410.4953442353142,3160.1428581458945,12,3460.6357797375904,1330,140
3743,-1094.7366877453717,-3283.40548584915,10,3461.0980916466383,1334,138
3744,3025.5373255351583,1681.8215992766773,7,3461.5603418111896,1335,126
3745,-3367.440791857311,803.7054891783474,9,3462.0225302559775,1330,119
3746,1940.4097615866006,-2867.683726832412,9,3462.4846570057175,1333,138
3747,506.36232009574337,3425.725791826786,7,3462.9467220851093,1332,132
3748,-2687.778876889645,-2184.272123373331,8,3463.4087255188347,1330,152
3749,3457.8002466008943,-204.98159577579983,8,3463.870667331562,1332,152
3750,-2411.5327262712312,2487.189158492543,8,3464.33254754794,1340,151
3751,98.13012392384782,-3463.404463642485,8,3464.794366192603,1328,139
3752,2267.440144980257,2620.4417927005948,8,3465.2561232901667,1332,128
3753,-3442.481393527954,-400.6517879828295,9,3465.717818865235,1331,131
3754,2809.3891982918167,-2030.2049976594146,7,3466.179452942389,1335,140
3755,-700.2656281684962,3395.1771750537237,9,3466.6410255461988,1335,126
3756,-1777.2917263863662,-2976.9168814930945,10,3467.102536701215,1327,116
3757,3321.8401239490395,994.6749172077438,7,3467.5639864319737,1336,137
3758,-3121.7300948555476,1510.6294101708656,8,3468.025374762994,1338,105
3759,1281.6215753155395,-3223.0181720998276,7,3468.486701718777,1334,133
3760,1232.253482976325,3242.707411052177,7,3468.9479673238106,1336,127
3761,-3099.4547761102476,-1558.9034899080104,8,3469.4091716025655,1337,140
3762,3338.9094064160677,-944.2901967860839,7,3469.8703145794943,1333,124
3763,-1824.391415845167,2952.0833256855176,9,3470.3313962790353,1334,140
3764,-648.9403807117357,-3409.58595466982,9,3470.7924167256097,1337,162
3765,2782.0200939447054,2076.045326308626,7,3471.2533759436224,1341,142
3766,-3454.182074305203,348.46262001626957,7,3471.7142739574633,1331,122
3767,2311.9300889315355,-2590.555782818239,7,3472.1751107915043,1336,151
3768,45.15598380911711,3472.342283981553,8,3472.635886470103,1330,149
3769,-2379.1457276571873,-2530.2303465436808,11,3473.0966010175994,1328,126
3770,3463.9134318274705,258.6575666885343,8,3473.5572544583165,1328,141
3771,-2729.2644882652985,2149.3988352778924,10,3474.017846816565,1325,123
3772,560.6509544991311,-3428.945976130159,11,3474.4783781166343,1337,111
3773,1903.0653396485934,2907.4976032712707,7,3474.938848382803,1337,114
3774,-3367.693706790208,-858.5098119681749,7,3475.39925763933,1334,118
3775,3063.5533175836495,-1642.0234682617095,9,3475.859605910457,1332,141
3776,-1149.950217825162,3280.6119088553983,7,3476.319893220415,1329,118
3777,-1368.2651209227497,-3196.224422481352,11,3476.780119593415,1329,129
3778,3168.353981354534,1432.736210484984,8,3477.2402850536514,1328,129
3779,-3304.482212573755,1083.8806699926251,10,3477.7003896253054,1336,114
3780,1704.6969430957633,-3031.7665365591656,7,3478.1604333325395,1335,162
3781,791.0429982444776,3387.4844612084034,8,3478.6204161995024,1333,123
3782,-2871.8830163581106,-1963.743348901236,7,3479.0803382503254,1333,159
3783,3444.5819714746685,-491.9908960455305,7,3479.5401995091247,1334,126
3784,-2207.8841887897606,2689.9158739433065,7,3480.0,1340,182
3785,-189.01194491622235,-3475.3236517882747,9,3480.4597397470357,1332,142
3786,2487.2473798581245,2435.241357933314,9,3480.919418774298,1336,125
3787,-3479.4600764440606,-115.57498185980404,10,3481.3790371058426,1336,142
3788,2644.0643336818266,-2265.4191222269833,10,3481.8385947657016,1330,119
3789,-419.4374675074647,3456.9455030201048,7,3482.2980917778996,1328,110
3790,-2026.1202808004152,-2832.743653726762,8,3482.7575281664385,1335,150
3791,3407.9383303815353,720.2474132659644,12,3483.2169039553078,1332,136
3792,-2999.8233206089235,1771.1747641412608,8,3483.67621916848,1332,125
3793,1015.6988761407191,-3332.799992949844,9,3484.135473829914,1335,140
3794,1502.5273077542943,3144.0120371036487,9,3484.59466796355,1331,132
3795,-3232.092298868926,-1303.5257464247422,7,3485.053801593312,1341,118
3796,3264.1931856625392,-1222.2286392791837,10,3485.512874743113,1331,141
3797,-1581.519129269774,3106.573231674054,7,3485.971887436845,1329,146
3798,-932.4198237438766,-3359.4334749015998,7,3486.430839698387,1335,112
3799,2957.1912467695847,1847.5442971764842,7,3486.8897315516015,1331,114
3800,-3428.9901860936357,635.3159085632374,7,3487.3485630203354,1332,127
3801,2099.5570831061286,-2785.078105687323,7,3487.8073341284207,1336,114
3802,333.18899303335974,3472.3169634872643,10,3488.266044899672,1325,128
3803,-2591.54030217297,-2335.6195885060633,7,3488.7246953578897,1332,164
3804,3489.068103261273,-28.35085192350666,8,3489.183285526859,1333,110
3805,-2553.9150853661095,2378.049145148059,7,3489.641815430345,1329,111
3806,276.86475413526097,-3479.1013075099754,10,3490.100285092106,1333,122
3807,2146.22957370663,2752.761997875417,7,3490.5586945358764,1336,114
3808,-3442.478881324922,-580.1199459007698,7,3491.0170437853776,1333,135
3809,2930.6268559200516,-1897.847789302439,8,3491.4753328643183,1333,116
3810,-879.0906338139602,3379.4673629938443,12,3491.9335617963866,1336,124
3811,-1634.7977991202845,-3086.1361207813684,7,3492.3917306052595,1334,153
3812,3290.5355893343976,1171.4843299522736,7,3492.849839314596,1329,141
3813,-3218.086791709599,1359.086973311207,7,3493.30788794804,1335,126
3814,1455.0577273251292,-3176.35121013899,7,3493.7658765292213,1334,135
3815,1072.8207260632507,3325.455711587379,8,3494.2238050817527,1334,130
3816,-3037.7756776638453,-1727.6339115084434,8,3494.6816736292308,1339,131
3817,3407.407499603454,-778.1864375881512,7,3495.139482195239,1335,119
3818,-1987.1190727510802,2875.8577486914905,7,3495.5972308033433,1329,129
3819,-477.4367396256613,-3463.301049527115,7,3496.054919477095,1331,120
3820,2691.825548247006,2231.5185900647807,11,3496.5125482400317,1332,136
3821,-3492.6945429750317,172.87229237919055,8,3496.9701171156726,1332,116
3822,2458.952363919894,-2487.0772549265052,9,3497.427626127522,1334,120
3823,-133.175815623584,3495.3489385371804,7,3497.885075299073,1329,139
3824,-2263.17047858788,-2667.6692795112945,8,3498.342464653797,1335,120
3825,3471.229909195967,438.3639099006202,8,3498.7997942151537,1334,120
3826,-2856.0606894901657,2021.810410980456,12,3499.2570640065874,1330,118
3827,740.3536782444049,-3420.5082124020664,9,3499.714274051526,1335,128
3828,1764.8368395912053,3022.672812201434,9,3500.1714243733836,1332,122
3829,-3343.5584891510453,-1036.8300871531353,8,3500.628514995557,1328,126
3830,3166.217950008219,-1494.210123458463,9,3501.0855459414306,1331,126
3831,-1325.5191293823113,3240.956500424151,9,3501.542517234369,1335,149
3832,-1211.9962380165373,-3285.584441014073,8,3501.999428897726,1337,124
3833,3113.474821384129,1604.2052663568547,9,3502.456280954839,1329,132
3834,-3379.845267386085,920.3510028939394,7,3502.913073429028,1336,129
3835,1870.7484318451334,-2962.077025458483,10,3503.369806343601,1325,96
3836,621.5036132560333,3448.2652535310694,7,3503.8264797218476,1327,153
3837,-2787.9104021490425,-2123.100466202474,9,3504.283093587046,1333,126
3838,3490.3067983188216,-317.7396003166966,9,3504.739647962456,1332,125
3839,-2359.320855160207,2592.2972635109013,7,3505.1961428713225,1328,128
3840,-11.383351461568461,-3505.6340966092716,10,3505.6525783368784,1340,136
3841,2376.7249052707043,2577.591652039935,10,3506.1089543823364,1341,130
3842,-3494.115816997785,-295.21967652225106,7,3506.565271030898,1335,125
3843,2776.2314688076294,-2142.834298680659,8,3507.02152830575,1332,126
3844,-599.7209147966239,3455.826214432014,7,3507.4777262300618,1339,161
3845,-1892.4075992139085,-2953.708428135291,7,3507.933864826987,1333,121
3846,3391.044668370817,899.7866731141648,8,3508.389944119667,1333,115
3847,-3108.6519768412404,1627.35456704464,7,3508.845964131227,1333,132
3848,1193.1160257318375,-3300.2536492127183,10,3509.301924884777,1331,121
3849,1349.6980029405754,3239.8634694780303,7,3509.7578264034114,1334,150
3850,-3184.1351277308813,-1477.4584557104288,9,3510.213668710211,1328,134
3851,3346.3254404594454,-1061.5583104728164,7,3510.669451828241,1330,129
3852,-1750.6311220954458,3043.5654542576935,7,3511.1251757805503,1333,127
3853,-765.1373025401969,-3427.209492905491,8,3511.5808405901753,1332,106
3854,2879.60874599652,2010.5356176850858,9,3512.036446280135,1332,122
3855,-3481.8827431329833,462.7013756979033,7,3512.4919928734357,1338,115
3856,2255.1740885446093,-2693.5088324260214,8,3512.947480393067,1336,115
3857,156.5641810615729,3509.912770598227,7,3513.4029088620055,1335,137
3858,-2486.6798196654618,-2482.664591616948,10,3513.85827830321,1333,155
3859,3511.071034645479,150.9310759039712,9,3514.313588739628,1335,127
3860,-2691.255572201737,2260.695345484018,8,3514.7688401941887,1334,130
3861,457.42957109493585,-3485.3347310535187,9,3515.2240326898086,1334,129
3862,2017.2766064743057,2879.3393500890975,7,3515.679166249389,1331,100
3863,-3432.8870733658227,-760.5828958883037,8,3516.1342408958167,1330,125
3864,3045.4645103616645,-1758.2792486199642,10,3516.5892566519624,1341,138
3865,-1058.0670513518844,3354.1159960328637,7,3517.044213540683,1328,108
3866,-1485.6792209563978,-3188.3471035033804,7,3517.4991115848206,1335,138
3867,3249.6112884677336,1347.6002648645754,12,3517.953950807201,1338,126
3868,-3306.880568266277,1201.557700330246,11,3518.40873123064,1333,106
3869,1626.9604923541688,-3120.1601811956193,8,3518.8634528779316,1336,135
3870,908.0852021038739,3400.144300720187,10,3519.318115771861,1328,133
3871,-2966.7414170604875,-1894.0024720939327,12,3519.772719935195,1339,136
3872,3467.4108030404923,-607.5049982988546,8,3520.2272653906884,1333,110
3873,-2146.674198978902,2790.517852198457,12,3520.6817521610783,1335,145
3874,-302.115969673647,-3508.1513566076583,7,3521.1361802690903,1330,129
3875,2592.827642619454,2383.0326929499824,11,3521.590549737434,1338,117
3876,-3522.0401751313734,-5.744976985569457,11,3522.0448605888027,1337,136
3877,2601.2589402169324,-2375.174083291892,8,3522.4991128458782,1334,103
3878,-313.7207920751455,3508.9570052395543,8,3522.9533065313253,1337,106
3879,-2139.214176765274,-2799.671892548566,7,3523.407441667795,1333,126
3880,3468.988153780677,619.4523298279968,10,3523.861518277925,1331,108
3881,-2976.7414167343272,1886.7460183868177,8,3524.315536384335,1328,163
3882,920.5964204358064,-3402.425933166037,10,3524.7694960096323,1334,114
3883,1619.6950940051354,3131.1000946082345,8,3525.2233971764117,1336,151
3884,-3309.7665281952554,-1214.8438289913347,10,3525.6772399072497,1330,130
3885,3261.553782507586,-1340.0995947355766,9,3526.1310242247096,1332,110
3886,-1499.9369638032024,3191.706299867961,7,3526.5847501513417,1335,133
3887,-1050.0948606237714,-3367.090848743399,8,3527.0384177096794,1339,113
3888,3049.136553739396,1773.687198084892,11,3527.492026922243,1342,129
3889,-3446.8900175287063,751.8970721188867,7,3527.94557781154,1329,128
3890,2033.9916723043434,-2883.136812049782,7,3528.3990704000585,1333,128
3891,447.78631373119094,3500.326758637689,12,3528.8525047102776,1330,100
3892,-2694.9666404812165,-2278.84944800954,7,3529.305880764658,1337,157
3893,3526.978173024961,-140.0891394987688,7,3529.7591985856484,1326,134
3894,-2506.3768892159787,2486.056091322968,9,3530.212458195682,1331,133
3895,168.83922661012343,-3526.6263362536292,7,3530.6656596171774,1336,144
3896,2257.9948356629557,2714.822152944723,9,3531.1188028725396,1332,125
3897,-3499.260073287724,-476.63291902090947,7,3531.5718879841593,1329,122
3898,2902.5786775968672,-2012.5200670701454,9,3532.024914974412,1332,137
3899,-780.9335496602837,3445.075150271034,11,3532.477883865658,1332,116
3900,-1751.5032689501722,-3068.1975651605067,9,3532.930794680247,1337,119
3901,3364.472880990826,1079.4082791406086,7,3533.3836474405093,1328,111
3902,-3210.3987619547665,1476.9359462208586,7,3533.8364421687656,1330,113
3903,1369.767701387661,-3258.0571579140783,9,3534.2891788873185,1332,118
3904,1190.9144302540328,3328.0809515113524,7,3534.741857618459,1331,151
3905,-3126.629929697806,-1649.7834047892145,9,3535.1944783844638,1337,107
3906,3420.3300832490704,-895.623872851437,9,3535.647041207592,1330,130
3907,-1917.3050749592096,2971.1851590797332,7,3536.099546110092,1331,142
3908,-593.3215516490061,-3486.4264708077258,8,3536.5519931141966,1332,135
3909,2792.9013065912304,2170.277008043213,10,3537.0043822421258,1329,129
3910,-3525.850405003075,286.3196143117847,11,3537.456713516082,1330,146
3911,2406.7539075642144,-2593.1323970102994,10,3537.9089869582563,1333,116
3912,-23.032606369453198,3538.286237579406,10,3538.3612025908265,1339,123
3913,-2373.3977361697594,-2624.9158435927543,7,3538.8133604359527,1337,135
3914,3523.624903733426,332.3665714081443,7,3539.2654605157836,1341,121
3915,-2823.082259038619,2135.370356331989,9,3539.717502852452,1333,158
3916,639.3126707828173,-3481.964863259901,7,3540.169487468079,1332,131
3917,1880.8642778725016,2999.724915425272,10,3540.6214143847687,1335,115
3918,-3413.6114523081505,-941.5183761725726,7,3541.073283624613,1334,117
3919,3153.479678279362,-1611.82068440602,7,3541.5250952096894,1331,117
3920,-1236.6662719972735,3319.074649914395,7,3541.9768491620607,1331,125
3921,-1330.2931165603873,-3283.157051380889,9,3542.428545503776,1340,158
3922,3199.0652755841343,1522.4918267602643,11,3542.880184256871,1334,130
3923,-3387.7513784127477,1038.4317975016595,8,3543.331765443366,1340,109
3924,1796.8007682091497,-3054.4896463014916,7,3543.7832890852683,1329,107
3925,738.4672096776542,3466.448640933672,7,3544.2347552045703,1336,132
3926,-2886.4427330516146,-2057.4859291896814,7,3544.6861638232517,1335,135
3927,3518.6327921308853,-432.6930484086918,8,3545.1375149632768,1341,130
3928,-2302.543434672508,2696.19986860146,8,3545.5888086465975,1336,148
3929,-123.44868241398561,-3543.8905771496743,7,3546.0400448951505,1330,142
3930,2485.2070692347334,2530.0881057832175,8,3546.4912237308586,1336,153
3931,-3542.014802247513,-186.8987444032441,7,3546.94234517563,1331,124
3932,2738.3679622496234,-2255.070043995274,7,3547.393409251362,1332,116
3933,-495.9724331717411,3513.0060269708765,7,3547.844415979934,1331,143
3934,-2007.5419748490983,-2925.7777118603835,7,3548.295365383214,1338,110
3935,3457.072665571987,801.4041333528271,8,3548.746257483056,1330,158
3936,-3090.871122922558,1744.5101609000296,8,3549.1970923012996,1333,148
3937,1100.8522899107495,-3374.629496077793,7,3549.64786985977,1333,132
3938,1467.9816282525599,3232.3721844974725,7,3550.0985901802783,1335,126
3939,-3266.294587644141,-1392.0199950886465,10,3550.5492532846242,1335,110
3940,3349.1849681733875,-1180.0678154078366,7,3550.99985919459,1333,145
3941,-1672.6726073574755,3132.8846688947783,7,3551.450407931948,1331,132
3942,-882.9684508799071,-3440.402115269483,7,3551.900899518453,1333,148
3943,2975.4089719933436,1940.6549021867622,8,3552.3513339758497,1332,154
3944,-3505.3118836572826,578.9547463239544,7,3552.8017113258657,1333,140
3945,2193.907623193541,-2795.0615987654487,8,3553.252031590216,1335,152
3946,270.3520334022642,3543.403699557145,9,3553.7022947906034,1335,112
3947,-2593.2124666954933,-2430.4833063765473,8,3554.152500948714,1333,112
3948,3554.3721709579695,40.47802267319613,7,3554.6026500862235,1332,129
3949,-2648.5612560088566,2371.3969033396306,8,3555.05274222479,1331,122
3950,351.1554970688,-3538.119531174486,8,3555.502777386062,1329,124
3951,2131.3039683101533,2846.461556857109,10,3555.9527555916716,1337,127
3952,-3494.756493001468,-659.3004281995278,9,3556.402676863237,1332,145
3953,3022.65801504271,-1874.7635915224255,7,3556.8525412223657,1333,124
3954,-962.5510502105307,3424.6015061228077,8,3557.3023486906477,1328,119
3955,-1603.7326257900118,-3175.789927715099,7,3557.7520992896625,1331,143
3956,3328.1784226679633,1258.5818951849692,7,3558.201793040974,1329,147
3957,-3304.672590903323,1320.2799199155902,8,3558.651429966132,1333,118
3958,1545.121626528523,-3206.212587966346,7,3559.1010100866765,1334,98
3959,1026.5705263117752,3408.306464288088,9,3559.5505334241293,1331,119
3960,-3059.625385700366,-1819.9704665674892,12,3560.0,1335,112
3961,3485.884922101691,-724.849163525824,9,3560.4494098357864,1332,125
3962,-2081.0170848321145,2889.5272784033114,10,3560.898762952971,1337,149
3963,-417.42306017790844,-3536.800529975038,7,3561.3480593730233,1338,103
3964,2697.209395942096,2326.254817177532,7,3561.797299117399,1334,137
3965,-3560.649798966356,106.64431124468692,8,3562.2464822075412,1331,122
3966,2553.797091325758,-2484.1337355980045,7,3562.695608664877,1325,92
3967,-205.1081181847166,3557.2363795304245,9,3563.1446785108233,1329,116
3968,-2251.922048237869,-2761.8919400766135,7,3563.593691766782,1335,131
3969,3526.5726702044444,515.4466041862073,7,3564.0426484541395,1327,101
3970,-2948.9354906987046,2002.3434949322734,8,3564.4915485942734,1339,101
3971,821.9931506928517,-3468.879827871533,7,3564.9403922085426,1338,145
3972,1737.3011681084854,3113.484326488395,7,3565.389179318297,1333,166
3973,-3384.5861787149643,-1122.3976117453371,8,3565.8379099448703,1327,120
3974,3254.266625359759,-1458.8175797780902,8,3566.286584109583,1330,105
3975,-1414.3557094574749,3274.3240412526434,7,3566.735201833744,1333,147
3976,-1169.0192276632952,-3370.19198939074,8,3567.1837631386475,1333,122
3977,3138.9249849535418,1695.6267097549528,8,3567.632268045573,1331,131
3978,-3460.3598894676534,870.120356826232,8,3568.0807165757897,1335,120
3979,1964.0506200980556,-2979.4135600303034,8,3568.529108750551,1333,127
3980,564.4060409875433,3524.0666595421785,9,3568.9774445910975,1335,137
3981,-2796.999545603845,-2217.5647773834903,7,3569.425724118658,1329,124
3982,3560.8109862624847,-254.2147126198461,9,3569.873947354444,1333,126
3983,-2454.2196984487587,2593.0687749741787,12,3570.3221143196597,1327,120
3984,58.079724421526095,-3570.297851105859,9,3570.7702250354887,1334,120
3985,2369.172607467169,2672.194071550047,7,3571.21827952311,1338,110
3986,-3552.440894075219,-370.0860631016253,9,3571.666277803681,1331,109
3987,2869.8087733613825,-2127.0161269576774,7,3572.1142198983503,1335,135
3988,-679.4141029873136,3507.3631800345315,7,3572.5621058282522,1327,137
3989,-1868.445156709566,-3045.539803773473,7,3573.0099356145092,1329,133
3990,3435.396361016246,983.6929616076018,9,3573.457709278228,1335,127
3991,-3198.0300387088546,1595.4321895699113,8,3573.9054268405034,1335,144
3992,1280.589246899419,-3337.0782401264696,12,3574.3530883224166,1338,132
3993,1310.0613406062491,3326.0997104490057,7,3574.8006937450377,1339,139
3994,-3213.1487548800173,-1567.8249516489382,7,3575.2482431294197,1336,121
3995,3428.7555344276343,-1014.5124371499189,7,3575.695736496605,1335,152
3996,-1843.1949324943198,3064.544409994291,10,3576.1431738676233,1331,126
3997,-711.0443675236718,-3505.198411989379,9,3576.5905552634904,1332,138
3998,2892.3912014520806,2104.5838395660526,9,3577.037880705207,1332,113
3999,-3554.8296493041416,401.9778158408652,10,3577.4851502137644,1336,118
4000,2349.982366598106,-2697.996085371134,10,3577.9323638101378,1333,181
4001,89.67751464731337,3577.2556441169645,7,3578.3795215152904,1337,139
4002,-2482.8370562133287,-2577.502696854832,7,3578.8266233501727,1335,139
4003,3572.2910036108774,223.4658486677361,7,3579.2736693357215,1333,142
4004,-2785.393025964054,2248.5519097656634,8,3579.7206594928607,1332,154
4005,535.0539334487072,-3539.9600687438647,7,3580.167593842501,1331,129
4006,1996.925776196906,2972.0510500932487,7,3580.6144724055393,1332,130
4007,-3480.4968325712575,-842.6991150235335,7,3581.0612952028628,1332,129
4008,3136.036315465887,-1729.877518230451,9,3581.50806225534,1332,144
4009,-1144.0427811349268,3394.343252373434,9,3581.954773583832,1331,129
4010,-1449.4450979190144,-3276.0813341732746,7,3582.401429209184,1334,115
4011,3282.1459677403104,1436.7734151375514,7,3582.848029152228,1330,137
4012,-3391.101380382538,1157.770023781773,7,3583.2945734337836,1328,128
4013,1718.6443275175116,-3144.751448921183,11,3583.741062074658,1337,131
4014,857.0809968232818,3480.2028913390104,8,3584.1874950956453,1335,103
4015,-2983.1996118843663,-1987.4908995145026,8,3584.633872517527,1331,121
4016,3542.690408013453,-549.6768805120632,7,3585.080194361069,1332,158
4017,-2241.2472066885975,2798.7159481645426,7,3585.526460647027,1336,123
4018,-237.9091246607022,-3578.072001567769,7,3585.9726713961445,1336,117
4019,2592.702229144394,2477.961894579836,9,3586.418826629149,1338,126
4020,-3586.0631432534437,-75.836222210974,10,3586.864926366757,1326,109
4021,2695.8131846379106,-2366.725855170473,10,3587.3109706296723,1337,142
4022,-389.1567746296205,3566.5889873603137,8,3587.7569594385845,1333,134
4023,-2122.507930550175,-2893.1228948580138,7,3588.202892814173,1336,142
4024,3519.7850489131715,699.652206061912,8,3588.648770777101,1331,146
4025,-3068.369367373018,1861.9101550200821,10,3589.0945933480216,1333,148
4026,1004.942638286162,-3445.996270130664,11,3589.540360547573,1335,135
4027,1586.920631674407,3220.1992032739377,11,3589.986072396382,1336,112
4028,-3345.774482011206,-1302.686883146769,8,3590.4317289150617,1333,118
4029,3347.437714292429,-1299.6386993825165,11,3590.8773301242136,1332,119
4030,-1590.600397068465,3219.874279664602,11,3591.322876044425,1327,121
4031,-1002.2589055857136,-3449.09801052016,8,3591.768366696271,1334,117
4032,3069.2473422510657,1866.4728104327603,10,3592.2138021003148,1335,136
4033,-3524.3886539644695,697.0542416530528,10,3592.659182277105,1332,132
4034,2128.1848975051767,-2895.0352402053554,8,3593.1045072471798,1332,111
4035,386.35876905785284,3572.719818509717,11,3593.549777031063,1326,120
4036,-2698.560784184769,-2373.724856435573,7,3593.9949916492646,1335,117
4037,3593.70790841726,-72.54976898131572,7,3594.440151122286,1330,114
4038,-2601.203774446408,2481.317981195832,7,3594.885255470611,1336,139
4039,241.97044793557055,-3587.178599167577,9,3595.330304714714,1326,140
4040,2244.960674273267,2808.8701591505646,7,3595.7752988750563,1331,108
4041,-3553.1682765976398,-554.792932705671,7,3596.220237972085,1328,129
4042,2995.1234243701397,-1991.289951963121,8,3596.665122026236,1334,106
4043,-863.5205489689064,3491.923862501649,11,3597.109951057932,1338,118
4044,-1722.2404236035104,-3158.526226471137,8,3597.5547250875834,1327,115
4045,3403.9010272277587,1165.7863427051325,8,3597.999444135588,1337,142
4046,-3297.8155562704897,1439.865464833559,10,3598.44410822233,1330,121
4047,1459.271689705857,-3289.7608021895776,11,3598.8887173681824,1340,112
4048,1146.321546026267,3411.9125008000933,7,3599.3332715935044,1333,112
4049,-3150.364617412629,-1741.7240818667515,7,3599.7777709186435,1341,99
4050,3499.930599590664,-843.8517630774593,10,3600.222215363935,1331,144
4051,-2010.974415658684,2986.7678014144676,7,3600.6666049497,1335,156
4052,-534.7686965173378,-3561.1827306704085,9,3601.110939696249,1332,101
4053,2800.2115923818874,2264.953650274128,8,3601.5552196238787,1332,133
4054,-3595.1864728720916,221.4367297390598,7,3601.9994447528725,1338,118
4055,2501.7087073301864,-2592.1137212067547,10,3602.443615103504,1324,111
4056,-93.74603825924791,3601.6679025571884,7,3602.8877306960317,1340,122
4057,-2364.057637712633,-2719.4174901203683,9,3603.331791550703,1337,136
4058,3580.563794937118,408.36614745287744,7,3603.775797687753,1334,130
4059,-2916.4029067481397,2117.7804620665947,8,3604.2197491274032,1332,145
4060,720.0132579962666,-3532.022212318264,7,3604.6636458898633,1331,130
4061,1855.1597529167318,3091.14578937292,9,3605.1074879953303,1338,128
4062,-3456.4014739727977,-1026.2986167381644,9,3605.551275463989,1340,140
4063,3242.296609904521,-1578.199193195095,10,3605.9950083160124,1338,136
4064,-1324.8733673558902,3354.267514744622,11,3606.43868657156,1332,113
4065,-1289.013302554097,-3368.685901926533,10,3606.8823102507795,1327,139
4066,3226.3896518007286,1613.4465639596417,8,3607.325879373806,1335,114
4067,-3469.3333082526424,989.8112932517868,10,3607.769393960761,1333,107
4068,1889.8027498133372,-3073.7347912267815,8,3608.2128540317567,1335,131
4069,682.8801925647722,3543.4551842238247,7,3608.6562596068916,1337,136
4070,-2897.4601180159657,-2151.818966480895,7,3609.0996107062497,1323,147
4071,3590.4706977030405,-370.5673608614792,7,3609.5429073499045,1338,144
4072,-2397.4810626175395,2698.9043247937248,7,3609.986149557917,1339,130
4073,-55.262538773479406,-3610.006378361167,8,3610.4293373503383,1339,98
4074,2479.577445657522,2624.8991772992945,10,3610.8724707472006,1334,143
4075,-3601.8990805910953,-260.62043902392344,7,3611.315549768533,1335,127
4076,2832.3222786921033,-2241.149372448069,7,3611.7585744343432,1340,127
4077,-574.662123697571,3566.197336602028,12,3612.2015447646327,1335,128
4078,-1985.4371406527364,-3018.151646375093,7,3612.6444607793887,1332,152
4079,3503.1610885252912,884.4559841180878,7,3613.0873224985858,1339,126
4080,-3180.9531933595927,1714.3910818875052,8,3613.530129942187,1332,134
4081,1187.6268489552217,-3413.2598007829247,12,3613.972883130143,1334,126
4082,1430.0799483322041,3319.4685329700237,7,3614.4155820823926,1332,141
4083,-3297.168966410477,-1481.8491174676553,8,3614.858226818861,1334,99
4084,3432.624705064016,-1134.6751227484356,9,3615.300817359463,1329,113
4085,-1764.8645995621325,3155.765033270442,8,3615.7433537240995,1336,108
4086,-830.4340344228408,-3519.542486527504,7,3616.1858359326616,1328,169
4087,2990.1187883133566,2034.499848064744,9,3616.628264005025,1331,124
4088,-3579.5432215925484,519.6829078879164,7,3617.070637961056,1345,148
4089,2288.6828503641505,-2801.4872497387933,10,3617.5129578206074,1333,116
4090,204.79897606368627,3612.1541189992527,8,3617.9552236035206,1334,130
4091,-2591.3041285354016,-2525.45895104937,8,3618.3974353296244,1335,154
4092,3617.111974612492,111.80770597289134,12,3618.8395930187344,1334,140
4093,-2743.0058833575868,2361.1689316661914,7,3619.2816966906566,1333,138
4094,427.7127076634631,-3594.365290242936,7,3619.723746365183,1332,132
4095,2112.834789842169,2939.6477936706297,7,3620.1657420620954,1336,122
4096,-3544.074771634942,-740.4957886853473,8,3620.60768380116,1332,96
4097,3113.8681512799503,-1848.1951023753918,7,3621.049571602134,1329,134
4098,-1047.7594417359069,3466.612201018923,8,3621.4914054847623,1332,140
4099,-1569.2691010018143,-3264.3214438288637,9,3621.9331854687766,1329,139
4100,3362.557692074358,1347.1472701496182,8,3622.3749115738974,1332,103
4101,-3389.843568367888,1278.1864425798233,7,3622.8165838198324,1331,150
4102,1636.3620595416,-3232.695347553303,8,3623.2582022262773,1339,135
4103,977.1709484032218,3489.46083766486,9,3623.6997668129184,1331,149
4104,-3078.0073520171113,-1913.1834049375946,9,3624.1412775994254,1334,109
4105,3562.397532194519,-668.5236141037957,8,3624.5827346054607,1330,113
4106,-2175.4847579780253,2899.6665442435437,8,3625.0241378506717,1335,128
4107,-354.6050201438109,-3608.0819391594764,8,3625.465487354693,1336,139
4108,2699.027525381844,2421.249763496356,9,3625.906783137151,1333,106
4109,-3626.1508316047666,37.81727716346664,7,3626.348025217657,1330,146
4110,2648.5877597864005,-2477.6163703668203,7,3626.789213615812,1329,136
4111,-279.41435552018714,3616.4523525036575,8,3627.2303483512046,1325,119
4112,-2237.1190206161223,-2855.7483235743243,8,3627.6714294434114,1332,99
4113,3579.0472809725206,594.660037805809,7,3628.112456911996,1335,144
4114,-3041.1347476376636,1979.3684464269923,7,3628.5534307765124,1338,132
4115,905.503960722269,-3514.2086701156895,12,3628.9943510565017,1338,161
4116,1706.3306766782882,3203.316347447847,12,3629.4352177714923,1335,124
4117,-3422.419858476016,-1209.5628600072866,12,3629.8760309410018,1335,133
4118,3341.0395018478803,-1420.089802474501,7,3630.316790584535,1332,113
4119,-1504.504289259508,3304.3708695604587,8,3630.7574967215864,1333,126
4120,-1122.8320689519398,-3453.2373426877434,9,3631.198149371637,1330,155
4121,3160.9532261980135,1788.0645127590813,12,3631.6387485541563,1331,112
4122,-3539.0380184212763,816.829176859399,7,3632.0792942886033,1337,146
4123,2058.0658804924237,-2993.253218749284,8,3632.5197865944247,1337,114
4124,504.42092126940724,3597.7714677541326,7,3632.9602254910533,1329,123
4125,-2802.5436779120205,-2312.433552211904,9,3633.400610997912,1331,138
4126,3628.9746506526126,-187.99730030175945,7,3633.840943134413,1336,150
4127,-2549.2114419027566,2590.274314521933,7,3634.281221919955,1332,133
4128,130.01976953237366,-3632.395195945886,9,3634.721447373925,1333,137
4129,2358.060699550845,2766.5772603044684,12,3635.161619515699,1334,119
4130,-3607.9934367711476,-447.19499126926775,8,3635.6017383646404,1339,135
4131,2962.856539639529,-2107.6719681950694,7,3636.0418039401034,1332,155
4132,-761.0983370244851,3555.942817506851,9,3636.481816261426,1335,120
4133,-1841.0173414959668,-3136.535532767184,8,3636.9217753479384,1344,112
4134,3476.62866828613,1069.3236660857222,7,3637.3616812189575,1326,137
4135,-3286.272887252379,1560.131568333233,9,3637.8015338937885,1326,127
4136,1369.5071691252251,-3370.6453556722063,7,3638.241333391726,1334,146
4137,1267.1593986335174,3410.9100044496545,11,3638.6810797320504,1334,117
4138,-3238.7918305740704,-1659.3454969374714,11,3639.120772934034,1332,109
4139,3509.480003489788,-964.3392064545125,8,3639.5604130169345,1330,127
4140,-1936.613434866427,3082.0656066824495,8,3639.9999999999995,1331,121
4141,-653.9858878133505,-3581.215220918869,7,3640.4395339024654,1333,106
4142,2901.6552148698042,2199.1809870992593,7,3640.879014743555,1338,95
4143,-3625.5531877450003,338.4731641239326,10,3641.318442542481,1330,135
4144,2445.029739847717,-2698.9311905382474,7,3641.757817318444,1339,129
4145,20.21542633144931,3642.1410374309007,9,3642.197139090634,1331,128
4146,-2475.4356623577887,-2672.2683775263395,8,3642.636407878228,1340,130
4147,3630.8383102581224,298.3507411788053,9,3643.075623700392,1336,105
4148,-2879.1472328204873,2232.870621362136,11,3643.5147865762806,1335,128
4149,614.7852157138044,-3591.71813183325,11,3643.953896525037,1331,121
4150,1973.0849597713086,3064.0717585468287,8,3644.3929535657926,1330,113
4151,-3525.0667559129497,-926.6630274038946,8,3644.8319577176667,1329,133
4152,3225.6148177266105,-1698.0603780968825,7,3645.270908999769,1329,125
4153,-1231.592943365507,3431.381474253815,8,3645.709807431195,1331,144
4154,-1409.8962681118685,-3362.5276970107216,9,3646.1486530310312,1335,155
4155,3311.366908739434,1527.2358022602282,8,3646.5874458183503,1331,122
4156,-3473.749758588186,1110.7936868332117,7,3647.0261858122158,1329,117
4157,1811.3224588728417,-3165.9297133674404,7,3647.4648730316785,1337,135
4158,803.0385440377682,3558.4166558723423,8,3647.9035074957783,1329,141
4159,-2996.1717259820407,-2081.6712008445998,7,3648.342089223542,1330,111
4160,3615.867049422207,-488.9841315449241,7,3648.7806182339878,1333,129
4161,-2336.2045040714047,2803.3816213916507,9,3649.2190945461193,1331,120
4162,-171.03312799144197,-3645.6477708535504,11,3649.6575181789317,1333,130
4163,2589.025129193605,2572.9649978971806,7,3650.0958891514074,1334,129
4164,-3647.5173944876215,-148.38078349380814,7,3650.534207482516,1334,133
4165,2790.130517589917,-2354.733890445674,7,3650.972473191218,1333,112
4166,-466.81154386546,3621.4481885723485,8,3651.410686296462,1335,105
4167,-2102.2930380280436,-2986.0281281760927,8,3651.8488468171845,1333,123
4168,3567.6264303683147,781.8194506006092,7,3652.286954772311,1323,143
4169,-3159.147011857553,1833.627595088897,7,3652.7250101807554,1328,128
4170,1090.9898503295842,-3486.4510818994477,9,3653.1630130614208,1334,123
4171,1550.7877953638445,3308.1501195910905,10,3653.600963433199,1329,124
4172,-3378.5308357092194,-1391.9516486437187,7,3654.0388613149703,1331,145
4173,3431.884497102936,-1255.93343714726,7,3654.476706725602,1332,139
4174,-1682.3954949797233,3244.6795525092975,8,3654.9144996839536,1324,103
4175,-951.3173904950785,-3529.3902054804926,7,3655.3522402088693,1334,154
4176,3085.910124848165,1960.0915033129402,11,3655.789928319186,1322,115
4177,-3599.907767424187,639.2683834188919,8,3656.2275640337266,1339,132
4178,2222.906372479242,-2903.4268131280974,7,3656.665147371304,1338,127
4179,322.1731987968328,3642.8840813258134,10,3657.1026783507186,1336,109
4180,-2698.6161118643404,-2468.8197748693988,11,3657.540156990761,1338,160
4181,3657.976757195347,-2.4584179086586357,9,3657.9775833102094,1336,117
4182,-2695.9398874079234,2473.036215562351,7,3658.414957327832,1334,131
4183,317.428149552008,-3645.056840417168,7,3658.852279062384,1329,126
4184,2228.4051641247843,2902.517945595168,8,3659.289548532611,1342,110
4185,-3604.209901725394,-635.0362070816336,8,3659.7267657572474,1338,128
4186,3086.9617084842084,-1966.5877581110522,9,3660.1639307550145,1330,98
4187,-947.9317408774853,3535.73548425741,8,3660.6010435446256,1332,113
4188,-1689.5813433551912,-3247.847731065308,7,3661.0381041447795,1340,136
4189,3440.1449111274937,1253.7156736850698,7,3661.475112574166,1332,123
4190,-3383.9323493328743,1399.5005734684405,9,3661.9120688514627,1329,133
4191,1550.0422598094362,-3318.1574695612107,7,3662.348972995337,1334,135
4192,1098.5612663007025,3494.1612933841216,11,3662.7858250244444,1332,121
4193,-3170.695000003294,-1834.637080447823,7,3663.2226249574296,1335,145
4194,3577.677854142436,-789.0634777879243,8,3663.6593728129255,1334,148
4195,-2105.3145010881944,2998.874930954568,7,3664.096068609555,1334,128
4196,-473.3739222925678,-3633.8295405389276,11,3664.5327123659304,1337,123
4197,2804.001812076005,2359.994457170287,7,3664.9693041006494,1335,127
4198,-3662.1731753591225,153.90787400286536,7,3665.405843832303,1334,146
4199,2596.718438905687,-2587.5574098070197,11,3665.8423315794694,1332,120
4200,-166.889312406537,3662.4783900255943,8,3666.278767360714,1336,103
4201,-2351.1894405770977,-2813.664552593069,9,3666.715151194595,1331,120
4202,3634.729490743574,486.5609202545537,8,3667.1514830996553,1334,149
4203,-3009.1615424356896,2096.6990274061895,7,3667.587763094429,1334,145
4204,802.6576853958065,-3579.1256809554825,7,3668.0239911974404,1327,155
4205,1826.0269752384154,3181.70166510024,11,3668.4601674271994,1339,144
4206,-3496.0796376181843,-1112.756562520081,11,3668.8962918022094,1329,114
4207,3329.9523176959488,-1541.2389697484873,7,3669.332364340957,1331,124
4208,-1414.4792996275855,3386.214451408099,8,3669.7683850619237,1330,121
4209,-1244.509812333115,-3452.7663296271,10,3670.2043539835763,1332,134
4210,3250.358953554647,1705.5106780806561,7,3670.640271124372,1336,126
4211,-3549.190838724206,938.1068117843334,9,3671.0761365027556,1334,146
4212,1983.6162785396607,-3089.5414642811425,7,3671.5119501371637,1334,144
4213,624.3724592928725,3618.4746830780186,10,3671.947712046019,1330,159
4214,-2904.982010069718,-2246.6596362536316,8,3672.3834222477367,1335,133
4215,3660.0742511618614,-305.70651936447524,9,3672.8190807607175,1331,158
4216,-2492.6186541801676,2698.0830685568317,7,3673.254687603352,1330,137
4217,15.452326628367855,-3673.657744755459,8,3673.6902427940213,1333,103
4218,2470.418911370756,2719.6011476578187,9,3674.1257463510956,1335,108
4219,-3659.1078212136385,-336.6451436352204,12,3674.561198292933,1337,117
4220,2925.8594013039906,-2223.7236257685113,7,3674.9965986378816,1334,121
4221,-655.4115702336148,3616.522594095592,7,3675.431947404278,1335,100
4222,-1959.8779063492152,-3109.803625987374,7,3675.8672446104474,1333,119
4223,3546.214983702284,969.3086656815834,10,3676.302490274705,1331,112
4224,-3270.014212408733,1680.8947172993599,8,3676.737684415357,1339,131
4225,1275.9296325503174,-3448.710421705483,10,3677.172827050695,1335,151
4226,1388.903934639862,3405.252686709448,8,3677.607918199003,1335,108
4227,-3324.7429267024527,-1572.9222712333913,8,3678.042957878551,1335,120
4228,3514.471283682947,-1086.1360854736095,10,3678.4779461076014,1332,112
4229,-1858.0070250322278,3175.249579943424,8,3678.9128829044053,1336,132
4230,-774.9053085643249,-3596.821063489095,10,3679.3477682871994,1332,116
4231,3001.363442861287,2128.994477178333,8,3679.782602274216,1336,103
4232,-3651.6585090889316,457.59166622481143,9,3680.21738488367,1330,130
4233,2383.802165683852,-2804.404969843153,8,3680.65211613377,1336,108
4234,136.62294291660538,3678.550553066901,8,3681.0867960427117,1338,152
4235,-2585.8719814184537,-2620.4705866914437,7,3681.521424628682,1336,131
4236,3677.277994641512,185.543930445864,7,3681.9560019098544,1334,122
4237,-2837.178263516665,2347.42827388369,10,3682.390527904394,1333,137
4238,506.4416841454647,-3647.837279890635,10,3682.8250026304536,1329,159
4239,2090.8909521119963,3032.2557653298622,10,3683.2594261061763,1336,156
4240,-3590.440630797471,-823.6116055026541,7,3683.6937983496946,1333,155
4241,3204.1985677402804,-1818.2165818436315,7,3684.1281193791297,1333,106
4242,-1134.6223779738878,3505.5145213507362,7,3684.5623892125914,1337,142
4243,-1531.4862671454225,-3351.678656068475,7,3684.996607868181,1331,144
4244,3393.6965115739536,1437.0887193666147,7,3685.430775363987,1339,135
4245,-3473.5547819496264,1232.889766684305,7,3685.8648917180885,1335,112
4246,1728.6896760796894,-3255.830463002565,8,3686.298956948554,1333,114
4247,924.708770227247,3568.881293944198,7,3686.732971073441,1336,123
4248,-3092.960171443736,-2007.1864332599343,10,3687.166934110795,1328,130
4249,3636.915473929566,-609.2994629011886,7,3687.600846078653,1335,120
4250,-2270.4395040040013,2906.321465127019,7,3688.0347069950412,1328,141
4251,-289.074510649865,-3677.123322285036,7,3688.468516877974,1332,127
4252,2697.332827967912,2516.4251658188896,8,3688.9022757454554,1330,116
4253,-3689.1837468821172,-33.51539557910363,10,3689.33598361548,1335,107
4254,2743.2510178838793,-2467.5846191932424,9,3689.76964050603,1331,100
4255,-356.00029552648715,3672.9911229929558,7,3690.2032464350796,1334,123
4256,-2218.8269711329062,-2949.170539689622,8,3690.6368014205896,1332,124
4257,3628.6562037653207,675.9098718582585,7,3691.0703054805113,1329,115
4258,-3132.596538889425,1952.956457409635,8,3691.5037586327876,1332,127
4259,990.7923739213329,-3556.5053735063198,11,3691.9371608953475,1332,121
4260,1672.0016329318223,3292.1133849661555,8,3692.370512286111,1331,134
4261,-3457.0782487055662,-1298.2334082617251,8,3692.803812822988,1332,128
4262,3426.487934287112,-1378.107556101787,9,3693.2370625238773,1346,143
4263,-1595.8744516777904,3331.1236444302262,10,3693.670261406668,1337,119
4264,-1073.5194111610201,-3534.679062356369,8,3694.1034094892366,1333,128
4265,3179.5939361778796,1881.4309450577398,9,3694.5365067894513,1330,102
4266,-3615.845729479856,760.5653559045998,9,3694.9695533251693,1334,123
4267,2152.709828985631,-3003.6378596942504,9,3695.402549114237,1335,108
4268,441.6387256106139,3669.3535174525,9,3695.8354941744906,1330,138
4269,-2804.5918031001106,-2407.6263867102944,8,3696.268388523755,1335,141
4270,3694.7795864023587,-119.17972941911445,7,3696.701232179847,1331,126
4271,-2644.220264930892,2583.9696574319137,9,3697.1340251605698,1336,130
4272,204.34322106025368,-3691.9160131301364,8,3697.5667674837196,1339,110
4273,2343.4513025589363,2860.670549457736,7,3697.999459167078,1334,124
4274,-3660.771484576317,-526.4524078327555,8,3698.4321002284196,1335,140
4275,3055.3097796437974,-2084.869816178692,9,3698.8646906855083,1326,113
4276,-844.6797828508074,3601.5713326884297,8,3699.2972305560957,1335,128
4277,-1810.1975031384623,-3226.6367938817157,9,3699.7297198579254,1329,149
4278,3514.755909647613,1156.5858790410593,10,3700.1621586087276,1335,131
4279,-3373.328307068167,1521.530851718956,8,3700.5945468262253,1326,108
4280,1459.778511331455,-3400.9773151044274,7,3701.0268845281303,1337,137
4281,1221.0745314567816,3494.2491308759886,9,3701.4591717321427,1330,125
4282,-3261.094499765573,-1751.9311241024086,7,3701.8914084559533,1331,114
4283,3588.4609577900496,-911.1245548312913,12,3702.323594717242,1334,112
4284,-2030.8006445433355,3096.1667820261837,7,3702.7557305336795,1325,110
4285,-594.0507312321386,-3655.229641037969,7,3703.187815922924,1337,117
4286,2907.4458266508645,2294.2447047101296,8,3703.619850902627,1331,114
4287,-3694.0309138628063,272.27854749488046,7,3704.051835490427,1330,101
4288,2540.2381002438583,-2696.3661461436336,7,3704.4837697039516,1332,136
4289,-51.72938665521595,3704.5545036557737,10,3704.9156535608204,1334,149
4290,-2464.5341969952465,-2766.8883591213066,8,3705.347487078641,1338,155
4291,3686.706608638444,375.49218609928556,7,3705.7792702750116,1339,154
4292,-2972.45030092421,2213.7161535606983,9,3706.2110031675206,1332,135
4293,696.529686720039,-3640.610717382138,12,3706.6426857737447,1328,123
4294,1945.8244527537836,3155.33947445682,7,3707.074318111252,1338,159
4295,-3566.60676410741,-1012.3814450212287,11,3707.505900197598,1330,119
4296,3314.14437039327,-1662.903211913006,7,3707.9374320503302,1333,126
4297,-1320.6255956313278,3465.248625447156,7,3708.368913686987,1333,123
4298,-1367.1126311927544,-3447.6373146886003,9,3708.8003451250916,1335,130
4299,3337.299977109126,1618.8974219472427,7,3709.2317263821633,1341,145
4300,-3554.783958805556,1060.7124993223665,12,3709.663057475706,1330,131
4301,1904.907497718283,-3183.7285413704276,7,3710.094338423216,1330,72
4302,746.0449288641837,3634.7512932958753,12,3710.5255692421797,1338,136
4303,-3005.6987687681394,-2176.459260226501,7,3710.9567499500713,1338,152
4304,3686.9141227451646,-425.51645268103925,12,3711.3878805643585,1335,117
4305,-2431.465880241995,2804.56300931518,7,3711.8189611024936,1334,127
4306,-101.57961867637103,-3710.8599516917316,11,3712.2499915819244,1332,116
4307,2581.85124012595,2667.9662992361978,10,3712.6809720200845,1337,131
4308,-3706.392243402429,-223.28577663235293,7,3713.1119024343993,1337,129
4309,2884.140310471492,-2339.259427578183,11,3713.542782842282,1331,146
4310,-546.5916718947541,3673.5320257505987,7,3713.973613261139,1328,142
4311,-2078.6366124029023,-3078.322568149444,8,3714.4043937083648,1334,117
4312,3612.5178311414465,865.8607969443465,11,3714.835124201342,1334,142
4313,-3249.0154166413627,1801.9708161972967,9,3715.265804757447,1329,134
4314,1178.6456548834328,-3523.80397017547,7,3715.6964353940434,1333,91
4315,1511.3738766225413,3394.900441112074,7,3716.127016128486,1331,118
4316,-3408.05715148018,-1482.5472849945793,8,3716.5575469781165,1329,127
4317,3514.848650327856,-1209.065327138469,10,3716.9880279602735,1323,134
4318,-1775.2336624252687,3266.151472879383,7,3717.4184590922764,1334,138
4319,-897.355444145612,-3607.9292131168854,8,3717.848840391443,1336,134
4320,3099.16182145849,2054.457593724946,7,3718.279171875076,1335,130
4321,-3673.416680787018,578.6275912153593,12,3718.709453560469,1342,135
4322,2318.073970704347,-2908.355732427342,9,3719.139685464906,1334,121
4323,255.31999514259562,3710.7966395479534,8,3719.5698676056613,1327,124
4324,-2695.183768341507,-2564.0562503323663,11,3720.0,1333,141
4325,3719.7697488474973,70.0929066241864,8,3720.4300826651747,1334,131
4326,-2790.512033877249,2461.268491811947,9,3720.86011561843,1330,126
4327,395.1194046881374,-3700.2541339803797,7,3721.2900988770007,1333,158
4328,2208.392115405343,2995.697625698481,12,3721.720032458111,1338,140
4329,-3652.386113854931,-717.2695973758233,11,3722.1499163789736,1336,104
4330,3178.0314595220793,-1938.4829228775693,10,3722.5797506567947,1333,117
4331,-1034.0744654875941,3576.519257578036,8,3723.0095353087668,1332,136
4332,-1653.600565043622,-3336.1062889673367,8,3723.439270352076,1338,132
4333,3473.221776327129,1343.104795779921,9,3723.868955803897,1335,151
4334,-3468.7000482287567,1355.9203425783605,11,3724.298591681392,1331,127
4335,1641.9898083511414,-3343.2722696889314,11,3724.728178001718,1330,110
4336,1047.7165955100336,3574.7852992162843,9,3725.1577147820194,1333,125
4337,-3187.653858342891,-1928.4353448823952,8,3725.587202039432,1338,135
4338,3653.537192024056,-731.345326434085,10,3726.0166397910784,1338,128
4339,-2200.241478396365,3007.546747225083,7,3726.446028054076,1334,116
4340,-409.22619001911926,-3704.3398771444336,7,3726.8753668455297,1328,124
4341,2804.3192755079153,2455.319409163452,9,3727.3046561825345,1332,103
4342,-3726.7913195207075,83.82398669299266,8,3727.7338960821767,1330,129
4343,2691.7075171770734,-2579.5175211601945,9,3728.1630865615307,1333,123
4344,-242.37019815322438,3720.7064768733326,7,3728.592227637664,1336,130
4345,-2334.8535391793166,-2907.5864476541046,8,3729.021319327632,1331,125
4346,3686.118817164457,566.858064903466,7,3729.450361648483,1330,133
4347,-3101.2931137145188,2072.192322837556,11,3729.879354617251,1340,106
4348,887.1532346094195,-3623.2801628251223,9,3730.3082982509636,1337,134
4349,1793.537587391876,3271.333508313166,9,3730.737192566638,1334,126
4350,-3532.6588621730352,-1200.8003012617528,8,3731.166037581281,1328,149
4351,3416.3942268669202,-1501.016484463238,12,3731.594833311891,1333,117
4352,-1505.3936556583458,3414.9363012366134,7,3732.023579775455,1336,143
4353,-1196.863363868703,-3535.3526115833047,8,3732.4522769889504,1333,121
4354,3271.0017819867767,1798.5959363457189,9,3732.8809249693463,1329,91
4355,-3627.2854392540935,883.4027066832208,7,3733.3095237336006,1328,143
4356,2078.155966318347,-3101.945805402708,9,3733.738073298661,1332,101
4357,563.0313600914297,3691.476085193238,12,3734.166573681469,1334,101
4358,-2909.051810174682,-2341.926037627877,7,3734.595024898952,1332,138
4359,3727.4201078150872,-238.20020960478172,9,3735.0234269680286,1336,113
4360,-2587.8784113805314,2693.7864295282543,7,3735.451779905612,1336,119
4361,88.60457100031225,-3734.8292102849696,10,3735.880083728598,1332,125
4362,2457.788340243069,2814.1209061739373,7,3736.308338453881,1331,123
4363,-3713.6335481895153,-414.8805487864573,9,3736.7365440983394,1334,124
4364,3018.911455307658,-2202.855788519121,7,3737.164700678845,1330,113
4365,-738.1281939353111,3663.9823647662115,10,3737.5928082122596,1334,117
4366,-1930.9328877890562,-3200.671520611669,7,3738.0208667154334,1333,111
4367,3586.2429480634073,1055.87002868037,9,3738.448876205211,1328,122
4368,-3357.99825975585,1644.0947927284126,8,3738.8768366984223,1335,123
4369,1365.6696159735814,-3480.9979172654744,7,3739.304748211892,1333,127
4370,1344.5318626975718,3489.675353122551,8,3739.7326107624326,1331,128
4371,-3349.040858173694,-1665.1502425556714,7,3740.1604243668485,1332,129
4372,3594.682406804541,-1034.5329352949152,7,3740.5881890419323,1339,135
4373,-1952.013152952197,3191.370340574974,9,3741.0159048044693,1331,123
4374,-716.4678379425429,-3672.2028589382066,11,3741.443571671234,1332,157
4375,3009.1823625202132,2224.055194705668,7,3741.8711896589916,1334,128
4376,-3721.630328204221,392.7692709346576,8,3742.2987587844987,1334,172
4377,2479.18573919931,-2803.861278763764,9,3742.7262790645,1330,137
4378,65.91420065745369,3742.573355079589,12,3743.153750515734,1333,132
4379,-2576.9692820625473,-2715.4427483020218,8,3743.5811731549243,1331,127
4380,3734.8584988349207,261.59509490921283,11,3744.008546998791,1334,135
4381,-2931.007863180661,2330.234517376553,8,3744.4358720640416,1334,127
4382,587.2501831457677,-3698.531765768041,7,3744.8631483673744,1334,109
4383,2065.537919265928,3124.2203994075994,8,3745.290375925477,1334,145
4384,-3633.858356983628,-908.5556897517353,9,3745.71755475503,1333,135
4385,3293.5901404942006,-1784.8988728887114,12,3746.144684872703,1338,130
4386,-1223.0484203311553,3541.3207368897647,7,3746.571766295155,1338,167
4387,-1490.4598077483668,-3437.80883143416,9,3746.9987990390396,1329,90
4388,3421.615036417706,1528.3162442898579,9,3747.4257831209943,1336,120
4389,-3555.7602834863624,1184.469841904378,8,3747.852718557654,1341,106
4390,1822.0165960575257,-3275.645817803101,8,3748.2796053656402,1336,128
4391,869.2676013269627,3646.5290122640276,8,3748.706443561565,1326,112
4392,-3104.519240226526,-2101.8944519321876,8,3749.133233162033,1335,120
4393,3709.40734219198,-547.2633458329093,7,3749.5599741836377,1330,131
4394,-2365.799644389101,2909.5346780212817,7,3749.986666642963,1338,105
4395,-220.92053801524088,-3743.9009222845434,7,3750.4133105565843,1333,129
4396,2692.174854858627,2611.7033811034003,9,3750.839905941068,1336,79
4397,-3749.732610205866,-107.26300368113873,11,3751.266452812969,1333,147
4398,2837.713841590442,-2454.094568928838,7,3751.6929511888366,1333,121
4399,-434.774223756108,3726.844694155805,7,3752.1194010852055,1332,149
4400,-2197.1080947226383,-3042.090731734387,7,3752.545802518605,1329,151
4401,3675.3994347815687,759.104073765465,9,3752.9721555055535,1332,137
4402,-3223.2586840692743,1923.1753574679585,8,3753.3984600625604,1335,126
4403,1077.7667345938194,-3595.777922203063,7,3753.824716206126,1334,149
4404,1634.3869854221891,3379.8194007790667,11,3754.25092395274,1336,144
4405,-3488.5772561580093,-1388.3186694044914,7,3754.677083318884,1336,146
4406,3510.562445685437,-1332.9483541919706,8,3755.1031943210296,1339,153
4407,-1688.3773614416934,3354.606070073084,12,3755.5292569756393,1329,155
4408,-1021.1627446756781,-3614.474602053034,7,3755.955271299167,1329,143
4409,3194.8784326515683,1975.639592784538,9,3756.3812373080555,1339,139
4410,-3690.747723769763,701.4137434412816,7,3756.8071550187396,1340,166
4411,2247.8991240186,-3010.606172888844,7,3757.233024447645,1336,120
4412,376.1470198246372,3738.7850191575662,8,3757.658845611187,1333,111
4413,-2803.1896866862403,-2503.0636389144997,8,3758.0846185257724,1327,131
4414,3758.205718495577,-47.851619274014396,8,3758.510343207798,1333,119
4415,-2739.1708241590545,2574.2072946978856,9,3758.9360196736525,1340,121
4416,280.9590841808967,-3748.8480888155805,8,3759.3616479397133,1332,133
4417,2325.403232403697,2954.4034603835744,9,3759.787228022352,1333,105
4418,-3710.770772093912,-607.7666303553963,10,3760.212759937927,1332,137
4419,3147.103408599517,-2058.674363657667,11,3760.638243702789,1334,117
4420,-930.0667631234879,3644.252435840991,7,3761.063679333281,1338,150
4421,-1776.0557190700642,-3315.784384238293,9,3761.489066845735,1334,119
4422,3549.7897380080094,1245.388620444649,7,3761.9144062564737,1333,122
4423,-3459.143420528277,1479.7049693151453,8,3762.3396975818123,1333,116
4424,1551.3136773623462,-3428.0936210127797,9,3762.764940838053,1329,115
4425,1171.8859520060598,3576.0709326704987,7,3763.190136041494,1330,142
4426,-3280.0839625642466,-1845.4942965311018,8,3763.61528320842,1335,121
4427,3665.659305191184,-854.9513777199761,7,3764.0403823551096,1336,125
4428,-2125.6717441901947,3106.88262345899,10,3764.4654334978295,1340,107
4429,-531.3248474841729,-3727.209935923374,9,3764.890436652838,1332,142
4430,2909.804944965692,2389.693533123694,7,3765.315391836386,1336,160
4431,-3760.238682034261,203.48231896958933,7,3765.7402990647133,1332,158
4432,2635.529959635346,-2690.349760136126,10,3766.165158354052,1330,118
4433,-126.0668366638085,3764.479665597037,7,3766.5899697206223,1336,135
4434,-2450.187995007943,-2861.289707303152,9,3767.0147331806393,1333,115
4435,3739.8874088530106,454.7990425481554,7,3767.439448750305,1334,144
4436,-3065.234397728815,2191.1499462565466,7,3767.864116445815,1336,128
4437,780.1958412711589,-3686.6372820313077,8,3768.288736283354,1334,136
4438,1915.211332307712,3245.791976174709,8,3768.7133082791006,1335,120
4439,-3605.1242595367175,-1099.7631896457679,7,3769.1378324492193,1333,126
4440,3401.5688291666706,-1624.4782240589386,7,3769.56230880987,1329,80
4441,-1411.0505750419698,3495.9599932884994,8,3769.9867373772017,1333,123
4442,-1321.1709703186882,-3531.360540526438,7,3770.4111181673543,1333,156
4443,3359.9682248368313,1711.6698069682823,8,3770.835451196459,1340,102
4444,-3634.161202939063,1007.6072404724495,8,3771.2597364806365,1337,128
4445,1999.3133395873547,-3198.1785707099057,8,3771.683974036,1334,144
4446,686.184314077038,3709.1712129685557,7,3772.1081638786554,1337,134
4447,-3011.81872779608,-2271.771984794425,9,3772.5323060246947,1328,104
4448,3755.8034892081832,-359.3607525198571,7,3772.9564004902045,1329,108
4449,-2526.9518796899306,2802.3051578533564,7,3773.380447291261,1333,111
4450,-29.637593081937354,-3773.688065152751,8,3773.8044464439336,1330,111
4451,2571.2323217191083,2762.8905783159357,11,3774.228397964278,1334,162
4452,-3762.675020925875,-300.4607909536041,8,3774.652301868345,1337,96
4453,2977.772143807699,-2320.360545165967,12,3775.076158172177,1341,128
4454,-628.4060174552734,3722.835730626051,9,3775.499966891802,1335,121
4455,-2051.602608607597,-3169.9411250612375,9,3775.9237280432453,1332,152
4456,3654.4624149903393,951.6850620993149,8,3776.3474416425192,1332,93
4457,-3337.9153101882125,1767.0091629675062,7,3776.7711077056283,1328,119
4458,1267.8195159642687,-3558.0660020494465,7,3777.194726248569,1333,116
4459,1468.7530827440612,3480.397158648682,7,3777.6182972873266,1336,115
4460,-3434.3723113769497,-1574.3845867028003,10,3778.0418208378796,1328,131
4461,3596.2838237632477,-1159.112875840309,9,3778.465296916196,1337,115
4462,-1869.027697398621,3284.3165904578705,7,3778.8887255382374,1327,137
4463,-840.4552766413182,-3684.675688302264,7,3779.3121067199513,1334,129
4464,3109.036444229175,2149.486540654491,10,3779.7354404772827,1342,148
4465,-3744.883347002586,515.2171555205738,7,3780.1587268261637,1334,108
4466,2413.6064491565694,-2909.8632113193594,9,3780.5819657825164,1325,102
4467,185.88688285207667,3776.432981900187,9,3781.0051573622586,1333,123
4468,-2688.311852256442,-2659.3569495307584,7,3781.4283015812957,1332,128
4469,3779.070088521665,145.01470973957612,10,3781.851398455524,1334,126
4470,-2884.847372125051,2446.069426558287,7,3782.2744480008323,1331,144
4471,474.95362543434874,-3752.7615236898237,11,3782.6974502331004,1335,119
4472,2184.9822462162697,3088.3413968859895,12,3783.1204051681993,1336,142
4473,-3697.695858484126,-801.4021076521732,8,3783.54331282199,1336,141
4474,3268.2704232586807,-1907.0418035408982,8,3783.966173210326,1341,121
4475,-1121.858006475027,3614.2820328950365,9,3784.3889863490513,1333,106
4476,-1614.3695804647473,-3423.2456613088802,8,3784.811752254,1337,118
4477,3503.1463217371625,1433.8639574587912,8,3785.2344709410004,1337,137
4478,-3552.0688507342807,1309.2008553477388,7,3785.65714242587,1332,126
4479,1735.0262260416716,-3365.12763427297,8,3786.0797667244155,1333,149
4480,993.8676307056038,3653.74152515413,8,3786.502343852437,1333,143
4481,-3201.271182866746,-2023.0330728257868,7,3786.924873825727,1336,160
4482,3727.4727499540836,-670.7808124490012,11,3787.3473566600674,1334,141
4483,-2295.6724990313264,3012.8205683696574,7,3787.7697923712312,1335,121
4484,-342.4117766183949,-3772.6852738113516,7,3788.192180974983,1335,111
4485,2801.2083422527885,2550.849235704334,10,3788.6145224870797,1336,116
4486,-3789.020046000317,11.273464762537168,7,3789.036816923266,1331,133
4487,2786.6008463799967,-2568.045117001312,9,3789.459064299283,1337,100
4488,-320.09884763899953,3776.339064191692,7,3789.8812646308593,1333,148
4489,-2315.107307669873,-3001.112819267805,8,3790.303417933715,1337,113
4490,3734.726530155262,649.1669623097262,8,3790.725524223562,1343,121
4491,-3192.7325330584026,2044.323597758065,12,3791.147583516105,1335,128
4492,973.4092004609058,-3664.4883037687623,8,3791.569595827037,1339,120
4493,1757.760232673541,3359.981988706407,7,3791.991561172045,1338,151
4494,-3566.1496587664697,-1290.339727079575,8,3792.4134795668047,1336,125
4495,3501.5692092454947,-1457.605252756685,7,3792.835351026986,1334,118
4496,-1597.5276093456018,3440.4513566360047,7,3793.257175568248,1333,116
4497,-1146.1517863607207,-3616.3982195856315,7,3793.6789532062403,1333,123
4498,3288.3440680386157,1892.615462843747,7,3794.100683956608,1330,137
4499,-3703.577529317583,825.7805303674024,11,3794.5223678349826,1331,125
4500,2173.3375427521105,-3110.9811836885515,7,3794.944004856989,1332,97
4501,498.9415521876112,3762.427052781305,7,3795.3655950382436,1334,112
4502,-2909.7100691328965,-2437.537140965576,7,3795.787138394354,1332,105
4503,3792.4834127657323,-168.13555214999704,9,3796.2086349409196,1334,116
4504,-2683.183155765049,2686.0618296343655,7,3796.6300846935305,1332,127
4505,164.10527020644045,-3793.503586434376,9,3797.051487667767,1332,106
4506,2441.7396630212947,2908.3857065438647,9,3797.4728438792026,1328,152
4507,-3765.4668648481265,-495.2365997488682,7,3797.8941533434026,1333,143
4508,3111.410673716737,-2178.6058889761493,10,3798.3154160759213,1332,121
4509,-822.721490675903,3708.5751103058465,9,3798.736632092307,1335,124
4510,-1898.6677536487502,-3290.693051813616,8,3799.1578014080965,1335,113
4511,3623.2513087760326,1144.0498037466587,12,3799.578924038821,1336,116
4512,-3444.849012999331,1604.0621177615085,9,3800.0000000000005,1331,115
4513,1456.7574466703547,-3510.136427771785,7,3800.4210293071474,1335,128
4514,1297.0391449444285,3572.686588056924,7,3800.842011975767,1331,135
4515,-3370.0846029506624,-1758.445270389407,7,3801.2629480213545,1329,149
4516,3673.2148823139055,-979.9451149669776,10,3801.6838374593963,1333,87
4517,-2046.7974761321227,3204.1566896297645,10,3802.10468030537,1329,113
4518,-655.2044929527705,-3745.651755357738,7,3802.525476574746,1336,89
4519,3013.6122278167372,2319.5993922126813,7,3802.946226282985,1338,146
4520,-3789.429904944053,325.30139181335153,7,3803.3669294455403,1343,153
4521,2574.754483917125,-2799.8998817008905,8,3803.787586077856,1330,136
4522,-7.2394305654180755,3804.2013078496634,8,3804.2081961953663,1335,135
4523,-2564.646426059829,-2810.3004660175657,11,3804.6287598134986,1334,141
4524,3789.839982875866,339.87189380038,7,3805.049276947672,1338,125
4525,-3024.424393904268,2309.644363437107,8,3805.4697476132956,1331,127
4526,670.0480894861894,-3746.44305412159,12,3805.8901718257716,1332,96
4527,2036.8382662055333,3215.4766174427136,7,3806.310549600492,1332,126
4528,-3674.330105620262,-995.2377981832236,8,3806.7308809528417,1335,112
4529,3381.9834900012247,-1748.309947737854,7,3807.151165898197,1340,112
4530,-1312.9478796332075,3574.040831519229,7,3807.571404451924,1338,97
4531,-1446.2625755986035,-3522.6587348795074,8,3807.991596629383,1329,130
4532,3446.3309990793477,1620.7413873856449,7,3808.411742445924,1330,143
4533,-3636.4133813445037,1133.0038481746797,9,3808.8318419168886,1337,85
4534,1916.2562614957903,-3292.1667546280482,8,3809.251895057611,1333,152
4535,810.9283630198549,3722.364193634193,8,3809.671901883415,1332,128
4536,-3112.7173154217717,-2197.2234556989147,7,3810.09186240962,1342,103
4537,3779.8405275998302,-482.4993118273213,9,3810.5117766515305,1327,139
4538,-2461.4843601468956,2909.3461026066025,9,3810.931644624448,1329,131
4539,-150.2296417562208,-3808.3895618407787,11,3811.3514663436645,1332,147
4540,2683.6003826198275,2707.007385731098,7,3811.771241824462,1331,120
4541,-3807.7798624849265,-183.33717259267448,8,3812.1909710821155,1334,129
4542,2931.903582759156,-2437.1994956104895,8,3812.6106541318904,1334,122
4543,-515.6465996399111,3778.003253608948,7,3813.0302909890447,1334,96
4544,-2172.0217605697926,-3134.4411737359655,7,3813.449881668828,1333,143
4545,3719.274978205083,844.1526144587725,8,3813.869426186481,1333,134
4546,-3313.0588886007263,1890.090156755417,7,3814.288924557236,1333,125
4547,1166.3372059647577,-3632.032147707716,7,3814.708376796318,1337,114
4548,1593.5568907245288,3466.3779995875193,7,3815.1277829189416,1329,116
4549,-3516.9304912245325,-1479.7296779801263,7,3815.547142940315,1333,104
4550,3593.212963074789,-1284.6869665374893,8,3815.966456875637,1330,145
4551,-1781.9255964394913,3374.839428588235,9,3816.385724740098,1328,144
4552,-965.8408847440686,-3692.580586169623,10,3816.8049465488803,1338,133
4553,3206.8355042938306,2070.60523721943,9,3817.224122317158,1338,114
4554,-3763.7076472563776,639.4566021114049,11,3817.643252060098,1334,96
4555,2343.5513932556846,-3014.1942318253714,9,3818.062335792856,1333,141
4556,308.03089017408547,3806.0369113683805,7,3818.481373530582,1336,123
4557,-2798.3804102462705,-2598.666404052262,7,3818.900365288416,1329,108
4558,3819.231493660702,25.899765061461586,10,3819.3193110814914,1333,111
4559,-2833.988276973041,2561.036986452827,7,3819.7382109249324,1331,119
4560,359.77857592257146,-3803.177536785145,7,3820.157064833853,1334,105
4561,2303.972547903114,3047.705776237075,9,3820.5758728233627,1334,132
4562,-3757.985180944331,-691.0480300259927,11,3820.9946349085603,1332,117
4563,3238.172363740302,-2029.1475408921203,8,3821.413351104535,1331,160
4564,-1017.1694812620782,3683.9878184365693,7,3821.832021426373,1329,107
4565,-1738.6593195488535,-3403.9188842488475,7,3822.2506458891467,1336,125
4566,3581.7396376389274,1335.6426049531985,7,3822.6692245079225,1336,148
4567,-3543.664897376601,1434.726139408105,7,3823.087757297758,1330,130
4568,1644.0245678683168,-3452.0114745240044,10,3823.5062442737026,1333,125
4569,1119.6702178964433,3656.328568818143,7,3823.9246854508,1332,149
4570,-3295.785002699965,-1939.9487663281197,8,3824.343080844081,1336,106
4571,3741.035044541122,-795.8999909003704,9,3824.7614304685726,1335,102
4572,-2221.142988454783,3114.2453058226088,7,3825.1797343392896,1330,138
4573,-465.89170119243323,-3797.1232430301784,7,3825.5979924712424,1330,131
4574,2908.7718884859173,2485.446861382088,7,3826.016204879431,1328,115
4575,-3824.1510129307017,132.17045926034717,8,3826.4343715788464,1332,133
4576,2730.8284492604394,-2680.9281938742456,10,3826.8524925844736,1332,136
4577,-202.70907839079587,3821.8986158109897,11,3827.2705679112896,1333,116
4578,-2432.4497077050246,-2955.399874718435,9,3827.6885975742593,1335,105
4579,3790.3705066666835,536.1822658307059,8,3828.1065815883444,1332,136
4580,-3157.4318435089917,2165.23073911198,8,3828.5245199684955,1334,125
4581,865.6941092559985,-3729.795397766406,9,3828.942412729656,1339,95
4582,1881.3099790076596,3335.366960753524,7,3829.3602598867606,1334,138
4583,-3640.6246045976054,-1188.7188432924456,7,3829.7780614547364,1334,128
4584,3487.831736097188,-1582.8549461884627,11,3830.1958174485026,1333,121
4585,-1502.7792918311084,3523.5286858550753,8,3830.6135278829684,1337,107
4586,-1272.145439673535,-3613.647185367967,9,3831.031192773037,1333,117
4587,3379.392402427097,1805.465865204329,7,3831.4488121336035,1333,126
4588,-3711.8379467943937,951.5561237978452,9,3831.8663859795533,1329,85
4589,2094.45504779872,-3209.308033322832,8,3832.2839143257647,1331,116
4590,623.5383788941162,3781.6398413976576,7,3832.7013971871074,1337,129
4591,-3014.5670989512932,-2367.5272344622317,9,3833.118834578443,1333,140
4592,3822.505818879636,-290.60155648469015,8,3833.5362265146264,1331,121
4593,-2622.583778583088,2796.650554558587,7,3833.9535730105026,1340,138
4594,44.70621788987133,-3834.1102428180106,7,3834.37087408091,1334,123
4595,2557.2175281691507,2857.6631210876585,10,3834.788129740677,1331,114
4596,-3816.351481572115,-379.8175471227213,8,3835.205340004626,1334,141
4597,3070.9558762182314,-2298.0926888010226,8,3835.6225048875704,1333,134
4598,-712.1654212238607,3769.3527843401766,7,3836.0396244043154,1334,136
4599,-2021.2523409827106,-3260.818758237249,7,3836.4566985696583,1329,142
4600,3693.461434903355,1039.2028814825571,8,3836.873727398388,1334,116
4601,-3425.7872417111234,1728.8093517011332,7,3837.2907109052867,1331,142
4602,1358.4225396917736,-3589.2461887779937,7,3837.707649105127,1337,111
4603,1422.99702457123,3564.586857976871,10,3838.124542012674,1337,160
4604,-3457.4930126943377,-1667.3758026221426,7,3838.5413896426858,1330,123
4605,3676.143040535412,-1106.1520444871287,7,3838.9581920099104,1337,108
4606,-1963.6916545606684,3299.1991582517094,7,3839.37494912909,1331,114
4607,-780.6966228131134,-3759.589443427061,7,3839.7916610149564,1332,127
4608,3115.565614495439,2245.094853625044,9,3840.208327682237,1334,89
4609,-3814.274668110627,449.1199797488049,7,3840.6249491456465,1335,115
4610,2509.423402406731,-2907.987996442458,11,3841.041525419895,1336,125
4611,113.95930522895455,3839.767346695856,8,3841.458056519685,1323,98
4612,-2678.04593878147,-2754.645158595945,10,3841.8745424597096,1330,131
4613,3835.859541820508,222.21965580154378,11,3842.290983254651,1336,122
4614,-2978.873458152342,2427.491075228807,11,3842.707378919192,1330,112
4615,556.8422453895639,-3802.568436432079,11,3843.123729467996,1334,90
4616,2158.2336951499938,3180.3816307354064,7,3843.5400349157285,1329,93
4617,-3740.1362997715705,-887.3446112593613,11,3843.956295277042,1335,144
4618,3357.6162958779305,-1872.3281789405844,9,3844.3725105665812,1332,113
4619,-1211.193351378785,3649.028729069672,7,3844.788680798985,1332,130
4620,-1571.9573233772435,-3509.2093373694097,7,3845.2048059888825,1327,147
4621,3529.931179700622,1525.9049336630949,9,3845.620886150896,1331,109
4622,-3633.9884636777024,1259.4156763584328,10,3846.036921299638,1330,129
4623,1829.0647421692818,-3383.7438095921534,8,3846.4529114497163,1330,142
4624,937.0920084614404,3730.986272780658,8,3846.868856615729,1329,131
4625,-3211.5746767176734,-2118.3456034995265,7,3847.2847568122643,1329,121
4626,3799.4477514174737,-607.451055023118,7,3847.700612053905,1333,116
4627,-2391.525651471994,3014.7313409906787,8,3848.116422355228,1340,126
4628,-273.0146685026403,-3838.8361505516737,7,3848.5321877307974,1331,132
4629,2794.7109343032075,2646.50539271812,11,3848.947908195173,1328,139
4630,-3848.8371913971864,-63.65747495635804,10,3849.363583762906,1330,133
4631,2881.3238423179796,-2553.1887740020243,11,3849.7792144485384,1331,135
4632,-399.9874669392124,3829.361569020553,7,3850.1948002666045,1338,127
4633,-2292.0056065315507,-3094.1736052826673,12,3850.610341231634,1331,132
4634,3780.5457336300215,733.3989064157653,10,3851.0258373581446,1330,100
4635,-3283.414788062381,2013.153578228266,8,3851.441288660649,1332,123
4636,1061.336636261508,-3702.7509428165854,7,3851.856695153651,1335,120
4637,1718.761040349446,3447.58763284951,7,3852.2720568516443,1332,131
4638,-3596.5605912477,-1381.2863256703852,9,3852.68737376912,1335,135
4639,3585.423777478717,-1411.0763040637614,7,3853.1026459205573,1331,147
4640,-1690.7937481591523,3462.7758375595045,7,3853.517873320429,1333,140
4641,-1092.4504695821615,-3695.856053948762,7,3853.933055983199,1337,144
4642,3302.409561162114,1987.4836075663745,11,3854.348193923325,1331,118
4643,-3778.026749980871,765.3194603751928,7,3854.763287155257,1328,135
4644,2269.077767421256,-3116.6786946033703,8,3855.1783356934347,1332,142
4645,432.18539996662844,3831.294269572058,7,3855.5933395522934,1334,119
4646,-2906.9949894412675,-2533.4127439806102,12,3856.0082987462565,1331,120
4647,3855.23814090195,-95.59747347540069,7,3856.423213289745,1335,118
4648,-2778.4563284136907,2674.9542857959113,8,3856.838083197167,1337,113
4649,241.86757948744912,-3849.662332464093,8,3857.252908482927,1331,138
4650,2422.324367015836,3002.3232106089663,7,3857.667689161419,1343,119
4651,-3814.5968513244825,-577.6251915086012,9,3858.08242524703,1340,129
4652,3203.289484311019,-2151.0314920294513,7,3858.4971167541385,1333,105
4653,-909.1027624026563,3750.2976105093126,8,3858.9117636971177,1332,118
4654,-1863.1457078300148,-3379.8059221491685,7,3859.326366090331,1331,124
4655,3657.2445657892636,1233.7593711923344,10,3859.7409239481353,1337,118
4656,-3530.50991818665,1560.86505425219,7,3860.155437284877,1332,148
4657,1549.1052537754808,-3536.1381354134346,8,3860.569906114899,1329,127
4658,1246.4987813861258,3654.236006062403,7,3860.9843304525334,1333,129
4659,-3387.893929439285,-1852.7208971856608,7,3861.3987103121062,1331,127
4660,3750.0248714220934,-922.4497079601214,7,3861.8130457079355,1339,121
4661,-2142.27560379377,3213.635828371043,8,3862.2273366543304,1335,113
4662,-591.1958552691276,-3817.130789049886,9,3862.6415831655936,1332,101
4663,3014.687463339461,2415.5453832176054,8,3863.055785256019,1334,123
4664,-3855.0274269706892,255.2714972411583,8,3863.4699429398947,1338,114
4665,2670.4300343877762,-2792.5621625023314,9,3863.884056231501,1332,121
4666,-82.75222865457522,3863.411972421877,8,3864.2981251451083,1336,121
4667,-2548.951439909214,-2904.9692867541207,7,3864.712149694981,1336,141
4668,3842.2075473236005,420.2870010951582,8,3865.126129895375,1337,124
4669,-3117.357876397716,2285.7121145194824,9,3865.54006576054,1334,146
4670,754.7471347747936,-3791.563894034919,7,3865.9539573047164,1337,126
4671,2004.8521573159135,3305.9594412675006,7,3866.3678045421384,1333,122
4672,-3711.856325396286,-1083.569388463692,7,3866.7816074870325,1336,112
4673,3469.3191284352997,-1708.5153745497678,8,3867.1953661536163,1335,135
4674,-1404.2326097307257,3603.682946343759,10,3867.6090805561,1337,124
4675,-1398.965043780696,-3606.1748163781076,12,3868.022750708688,1328,113
4676,3467.8601676730323,1714.2770655488484,7,3868.436376625574,1336,100
4677,-3715.4668656013714,1078.5666278067015,11,3868.8499583209477,1331,128
4678,2011.323310781414,-3305.4165455366274,12,3869.263495808989,1336,130
4679,749.7696983156977,3796.3463223851936,8,3869.6769891038703,1326,113
4680,-3117.584993223122,-2293.090449596349,8,3870.090438219758,1326,116
4681,3848.181512056478,-415.0892076008683,8,3870.5038431708085,1332,124
4682,-2557.4136498594053,2905.7934240948366,8,3870.9172039711725,1336,116
4683,-77.08625131960326,-3870.5629706616955,7,3871.330520634992,1331,110
4684,2671.653896801848,2802.2607758207478,9,3871.743793176403,1333,142
4685,-3863.3066764978726,-261.65153033560523,9,3872.157021609532,1332,119
4686,3025.7480114873547,-2416.950345162333,7,3872.5702059484993,1336,99
4687,-598.5297632907731,3826.455556053813,10,3872.9833462074175,1328,129
4688,-2143.6249862414616,-3226.1543543918187,8,3873.3964424003902,1335,98
4689,3760.2792520742228,930.967210174519,7,3873.809494541517,1328,134
4690,-3401.9348684055713,1853.7635100320567,9,3874.222502644886,1333,80
4691,1256.415548861079,-3665.27215477652,7,3874.6354667245796,1338,145
4692,1549.5791638414232,3551.732593395583,7,3875.048386794673,1331,126
4693,-3542.1497105863505,-1572.3789071954116,7,3875.461262869235,1338,111
4694,3674.389020048416,-1233.3958526554393,8,3875.874094962322,1329,114
4695,-1876.4330043679793,3391.843035890452,8,3876.2868830879893,1337,131
4696,-907.6303847131234,-3768.9530488910987,8,3876.699627260281,1331,111
4697,3215.4918764095046,2166.24375192278,8,3877.112327493234,1336,133
4698,-3834.6883643298297,574.7739977359895,12,3877.5249838008776,1339,129
4699,2439.5851718818894,-3014.435965339787,10,3877.9375961972364,1327,137
4700,237.37330723453059,3871.0791664615363,11,3878.3501646963236,1333,114
4701,-2790.204845883146,-2694.3564942320104,7,3878.762689312147,1334,139
4702,3877.834216111872,101.98917762205004,7,3879.1751700587074,1335,119
4703,-2928.598302637778,2544.5062353602366,8,3879.5876069499964,1333,111
4704,440.7148212773518,-3854.8891613516557,7,3879.9999999999995,1337,139
4705,2279.2130195572786,3140.5076041112516,10,3880.412349222696,1334,140
4706,-3802.407126961653,-776.2087611147057,11,3880.824654632054,1336,135
4707,3328.451706905148,-1996.3489762063662,10,3881.2369162420373,1333,147
4708,-1105.8997862313474,3720.7775615875585,8,3881.649134066601,1334,153
4709,-1698.0733365879776,-3490.9807996563045,9,3882.0613081196952,1337,121
4710,3610.6133506604147,1427.2600435914858,8,3882.473438415258,1335,117
4711,-3626.839135000737,1386.6643028603241,7,3882.885524967225,1340,114
4712,1737.8244203031425,-3472.74621649755,7,3883.2975677895197,1329,122
4713,1064.5016470795517,3734.9747312886766,7,3883.7095668960624,1337,127
4714,-3308.2204400401665,-2035.2094536190737,7,3884.121522300764,1341,155
4715,3814.5475175021666,-734.0485247707126,11,3884.533434017527,1333,123
4716,-2317.1316233879747,3118.2849516834426,8,3884.945302060249,1333,135
4717,-397.8326419613762,-3864.9358583280564,7,3885.3571264428188,1327,123
4718,2904.3838510044893,2581.4248867678352,9,3885.7689071791183,1341,123
4719,-3885.7414086680287,58.42691984527817,7,3886.180644283022,1336,94
4720,2826.0573203581953,-2668.1454274551556,12,3886.5923377683953,1328,115
4721,-281.57019522926583,3876.792259737237,7,3887.0039876490996,1338,116
4722,-2411.3697653662152,-3049.1467420702606,8,3887.415593938986,1328,112
4723,3838.1443518938395,619.5546255379107,7,3887.8271566519006,1341,117
4724,-3248.97519245609,2136.0150277572748,8,3888.2386758016796,1326,116
4725,952.9366074383258,-3770.0811426551463,11,3888.6501514021547,1338,131
4726,1844.182523310388,3424.0021642394636,8,3889.061583467148,1329,120
4727,-3673.1115317111103,-1279.1605355118097,7,3889.472972010475,1337,102
4728,3572.8764780259417,-1538.1006705573413,9,3889.8843170459454,1335,118
4729,-1595.7245535510604,3547.9660580668283,9,3890.2956185873586,1329,122
4730,-1220.1079814753637,-3694.446712775827,10,3890.70687664851,1330,120
4731,3395.5913977604014,1900.1997419891313,11,3891.1180912431837,1328,88
4732,-3787.7701104103126,892.6351946244622,12,3891.529262385162,1336,108
4733,2190.2487548273643,-3217.1432035234584,7,3891.940390088214,1332,83
4734,558.1866941348654,3852.1198857889653,7,3892.3514743661062,1336,145
4735,-3013.9773406186223,-2463.643762851581,7,3892.762515232595,1326,134
4736,3886.990885306292,-219.32135679365334,10,3893.1735127014313,1330,139
4737,-2718.2835655888416,2787.6395852135565,9,3893.5844667863566,1331,137
4738,121.36702650515227,-3892.103550122645,7,3893.9953775011086,1338,115
4739,2539.8538636765056,2952.2097403754237,10,3894.4062448594136,1342,163
4740,-3867.4061529109867,-461.2696049234569,7,3894.817068874994,1336,126
4741,3163.621704598551,-2272.5091221363577,7,3895.2278495615633,1333,142
4742,-797.7824457008772,3813.075290278377,8,3895.6385869328283,1333,109
4743,-1987.6449264652886,-3350.890575100416,7,3896.049281002487,1336,104
4744,3729.5146263510665,1128.3264828202277,7,3896.4599317842344,1323,144
4745,-3512.571718220171,1687.4359022966748,7,3896.870539291753,1333,146
4746,1450.367283710637,-3617.351896393525,8,3897.2811035387226,1333,109
4747,1374.1751339638581,3647.4158936424315,11,3897.691624538812,1338,128
4748,-3477.434192718093,-1761.434482265822,7,3898.1021023056846,1334,117
4749,3754.3789062145433,-1050.256648906015,10,3898.512536852999,1332,133
4750,-2059.140729387137,3310.8215682182285,9,3898.922928194401,1325,128
4751,-718.157121533155,-3832.629691059549,9,3899.3332763435337,1330,139
4752,3118.7790058915402,2341.200015464329,9,3899.743581314033,1331,134
4753,-3881.556769476993,380.416936173101,10,3900.153843119525,1336,114
4754,2605.445224374214,-2902.7668150896307,7,3900.56406177363,1328,122
4755,39.62075411264316,3900.773025419903,7,3900.974237289962,1338,124
4756,-2664.42952751286,-2849.844784004489,7,3901.3843696821255,1332,102
4757,3890.11876530185,301.62226682791476,8,3901.794458963722,1337,131
4758,-3072.5182855561848,2405.583377254441,7,3902.2045051483396,1326,142
4759,640.6984485813036,-3849.6630369404425,10,3902.614508249566,1329,116
4760,2128.2024603509344,3271.7509513647624,12,3903.024468280976,1335,122
4761,-3779.703196813576,-975.0096122588918,8,3903.434385256143,1327,114
4762,3446.0068400852565,-1834.4036791517897,10,3903.8442591886264,1338,129
4763,-1301.9929871487718,3680.7627282148214,7,3904.2540900919857,1336,145
4764,-1526.4305865026456,-3593.940687405565,8,3904.663877979767,1332,134
4765,3553.5873262600057,1619.1408569498399,7,3905.073622865515,1337,116
4766,-3714.408291139479,1206.6362528592845,9,3905.483324762762,1334,125
4767,1924.0197924103957,-3399.1392790547816,7,3905.892983685037,1336,118
4768,877.4652873631793,3806.475360418435,12,3906.3025996458596,1330,109
4769,-3218.590187285466,-2214.2893230808177,9,3906.7121726587434,1338,130
4770,3869.424760644927,-541.4351500484133,10,3907.1217027371954,1333,112
4771,-2487.7199047003664,3013.3120773921846,9,3907.5311898947148,1332,128
4772,-201.1168982522018,-3902.762097955423,8,3907.9406341447925,1332,130
4773,2784.866975626021,2742.210044483752,8,3908.3500355009146,1334,92
4774,-3906.219599776723,-140.88448573273806,9,3908.7593939765593,1337,114
4775,2975.802452574447,-2534.995022332766,8,3909.168709585197,1330,133
4776,-481.95003501710806,3879.7582609934616,7,3909.5779823402936,1336,108
4777,-2265.601216766557,-3186.6990957079547,7,3909.987212255304,1335,124
4778,3823.568238580731,819.4668540683314,7,3910.396399343678,1336,134
4779,-3373.27503713864,1978.7408935525914,9,3910.8055436188592,1334,105
4780,1150.8481364418585,-3738.0674909434556,7,3911.2146450942832,1339,149
4781,1676.6040413606174,3534.0909564544663,10,3911.623703783379,1331,138
4782,-3623.898671633079,-1473.5529911530177,10,3912.032719699568,1324,116
4783,3667.904252680046,-1361.498583609853,12,3912.4416928562655,1338,130
4784,-1785.105925506374,3481.924300544461,9,3912.8506232668788,1331,106
4785,-1035.8327486601568,-3773.678645142316,9,3913.2595109448084,1340,115
4786,3313.220248806735,2083.115835208652,7,3913.6683559034486,1325,110
4787,-3850.5921978173774,702.0966643617814,7,3914.0771581561853,1328,112
4788,2365.2943558723546,-3119.0675866480333,7,3914.4859177164,1334,128
4789,362.843317426795,3898.0437051165445,8,3914.8946345974628,1331,154
4790,-2900.9428559053804,-2629.4734352663722,8,3915.3033088127413,1332,110
4791,3915.657389439267,-20.669023432842987,11,3915.711940375594,1329,137
4792,-2873.6219911791814,2660.506841151024,7,3916.120529299373,1334,150
4793,321.806443355468,-3903.285873852299,11,3916.5290755974224,1331,123
4794,2399.591924698731,3095.861527090745,7,3916.9375792830806,1334,122
4795,-3861.0114063719825,-661.9599080499087,7,3917.3460403696786,1338,87
4796,3294.480585420089,-2120.1881219104366,11,3917.75445887054,1334,124
4797,-997.184887735699,3789.145325752437,12,3918.162834798983,1332,118
4798,-1824.4279030703858,-3467.947927304877,7,3918.5711681683156,1327,151
4799,3688.2257721471483,1324.9115644712183,9,3918.9794589918433,1331,109
4800,-3614.9243372718274,1514.5699177653833,11,3919.387707282861,1335,126
4801,1642.6264858613565,-3559.013659421213,8,3919.7959130546583,1329,111
4802,1192.9817458086125,3734.272961925445,8,3920.2040763205173,1337,112
4803,-3402.4869392917617,-1947.8918419534948,8,3920.6121970937143,1334,96
4804,3825.068102730602,-862.121806633445,10,3921.0202753875174,1333,139
4805,-2238.364170824757,3219.833200457439,7,3921.4283112151875,1331,137
4806,-524.5205651853639,-3886.6023949842906,8,3921.836304589981,1331,114
4807,3012.440658803688,2511.812349118939,8,3922.2442555251455,1337,120
4808,-3918.3923172318464,182.76117820380023,8,3922.6521640339206,1333,148
4809,2766.1347296199287,-2781.887606929957,7,3923.0600301295417,1337,145
4810,-160.54027129812195,3920.181988287218,9,3923.4678538252356,1331,122
4811,-2529.930403300641,-2999.375294032918,7,3923.8756351342226,1335,104
4812,3891.945222017771,502.7547998906096,7,3924.283374069717,1335,118
4813,-3209.7386970053876,2258.4900922842576,7,3924.691070644924,1328,129
4814,841.260656846584,-3833.885823448848,9,3925.0987248730444,1333,122
4815,1969.6377571613425,3395.604085514746,9,3925.506336767271,1327,147
4816,-3746.436123188122,-1173.4634101117745,8,3925.91390634079,1337,120
4817,3555.5375874036945,-1665.5787176112433,8,3926.32143360678,1330,134
4818,-1496.815831463025,3630.253760645618,7,3926.728918578414,1331,127
4819,-1348.6356924323034,-3688.3033727037205,8,3927.136361268857,1327,110
4820,3486.2167400030758,1808.8374282180043,9,3927.543761691268,1334,136
4821,-3792.873202540972,1021.2310558568955,9,3927.9511198587998,1332,126
4822,2107.1334719459464,-3315.4167960310842,8,3928.358435784596,1332,107
4823,685.8683232113227,3868.4343917423867,9,3928.765709481796,1325,109
4824,-3119.151119950883,-2389.4133779882354,7,3929.1729409635304,1335,146
4825,3914.3961235734887,-345.11300722059804,10,3929.5801302429245,1330,140
4826,-2653.5082949289067,2898.9125079490564,7,3929.9872773330962,1340,123
4827,-1.5729915633603395,-3930.39406748198,8,3930.394382247156,1331,134
4828,2656.3780072714358,2897.3877687469853,7,3930.8014449982074,1333,115
4829,-3916.2932638187453,-342.1214283962867,7,3931.20846559935,1326,127
4830,3119.1753537974278,-2393.3961461201293,7,3931.6154440636733,1330,125
4831,-683.3376847153157,3872.1892526899965,7,3932.0223804042625,1331,123
4832,-2111.972844737854,-3317.16305042274,8,3932.429274634192,1331,132
4833,3798.407437575686,1019.4611018423966,8,3932.836126766535,1333,127
4834,-3489.8244582706598,1814.2561149010617,11,3933.242936814353,1332,131
4835,1347.9149327631264,-3695.5006878681784,8,3933.6497047907055,1337,115
4836,1502.5196647034445,3635.826543879596,8,3934.0564307086393,1333,150
4837,-3564.245197938393,-1666.1801130049253,9,3934.4631145812004,1329,116
4838,3754.0399319431363,-1179.1455335862377,9,3934.8697564214244,1334,104
4839,-1971.814580838043,3405.6346337789223,8,3935.2763562423415,1332,135
4840,-846.6058904349285,-3843.5476406935404,7,3935.682914056975,1333,122
4841,3220.8726112871327,2262.472015707688,11,3936.089429878341,1332,128
4842,-3903.652193939502,507.444133625874,10,3936.495903719449,1332,129
4843,2535.9198509016724,-3011.363563205685,10,3936.9023355933023,1328,113
4844,164.25543773055034,3933.881054528206,7,3937.308725512898,1330,115
4845,-2778.7020639132147,-2790.0564223693464,7,3937.7150734912243,1337,111
4846,3933.9903369738604,180.33310454904748,9,3938.121379541266,1335,120
4847,-3022.927121775465,2524.6606933277794,12,3938.527643675997,1330,165
4848,523.682593034931,-3903.9667700624977,7,3938.9338659083883,1336,114
4849,2251.1765321496346,3232.739429817805,7,3939.3400462514023,1338,104
4850,-3844.0278936956233,-863.162529591032,7,3939.746184717995,1338,132
4851,3417.87671401684,-1960.3363914852596,8,3940.152281321117,1333,153
4852,-1196.1709715035008,3754.6204877367263,7,3940.5583360737096,1332,138
4853,-1654.3608893107187,-3576.910684923381,7,3940.9643489887094,1331,117
4854,3636.417244146949,1520.1544745422125,9,3941.3703200790465,1335,140
4855,-3708.612414632609,1335.5874954614117,8,3941.776249357642,1333,125
4856,1832.6276726196902,-3490.311707218789,7,3942.182136837414,1336,118
4857,1006.4526744143338,3811.961832726586,7,3942.587982531271,1327,114
4858,-3317.411519894854,-2131.192344127792,12,3942.993786452116,1335,152
4859,3886.155626170139,-669.4732624878844,7,3943.399548612846,1337,76
4860,-2413.5558184701217,3119.0300272887757,7,3943.80526902635,1335,143
4861,-327.2272215928605,-3930.6134820723114,10,3944.210947705511,1332,132
4862,2896.6763009559763,2677.548581721721,8,3944.6165846632034,1330,114
4863,-3944.982624741075,-17.666083069503806,11,3945.022179912301,1332,112
4864,2921.1409460221994,-2652.0436597975786,9,3945.4277334656636,1332,134
4865,-362.5659306986937,3929.140611621909,9,3945.833245336148,1337,109
4866,-2386.9967747828714,-3142.4586548077555,8,3946.238715536606,1338,130
4867,3883.196365957098,704.8304643086808,7,3946.644144079879,1340,114
4868,-3339.7973037273814,2103.557455838873,8,3947.0495309788043,1332,138
4869,1041.8369272723348,-3807.4894375390904,9,3947.4548762462123,1333,104
4870,1803.8892290824915,3511.6354664458236,7,3947.8601798949267,1335,119
4871,-3702.587496503663,-1371.0017617547926,9,3948.2654419377636,1334,140
4872,3656.6464241058907,-1490.280822218954,8,3948.670662387533,1329,112
4873,-1689.800415241478,3569.282078604846,8,3949.0758412570403,1336,127
4874,-1165.12868398022,-3773.708408153248,8,3949.480978559082,1335,132
4875,3408.582613897241,1995.7867030916532,7,3949.8860743064474,1332,120
4876,-3861.9132773357387,830.9186713138239,11,3950.291128511922,1334,116
4877,2286.611578826201,-3221.708783794393,10,3950.6961411882844,1332,127
4878,490.2070440580249,3920.573561860037,10,3951.101112348304,1333,137
4879,-3010.0812644542166,-2560.0411679075987,11,3951.506042004744,1337,108
4880,3949.2278199976354,-145.60091262326029,7,3951.910930170365,1338,117
4881,-2813.9739267646505,2775.310926633038,10,3952.315776857917,1336,146
4882,200.26171198534146,-3947.64426547184,10,3952.720582080145,1333,113
4883,2519.186574233175,3046.4567950659207,10,3953.1253458497877,1337,105
4884,-3915.82263709138,-544.7321129167157,10,3953.530068179575,1332,121
4885,3255.7002172756124,-2243.6613147334706,11,3953.934749082235,1335,115
4886,-885.1711526206346,3853.994295606605,9,3954.339388570485,1332,146
4887,-1950.8376655062273,-3440.0919177897295,7,3954.743986657038,1335,152
4888,3762.620546321839,1218.9694928080626,7,3955.148543354598,1335,101
4889,-3598.209323771347,1642.9515094259302,12,3955.553058675866,1333,118
4890,1543.5675945316095,-3642.389199565568,7,3955.9575326335344,1335,104
4891,1322.3550223880559,3728.8305398294897,11,3956.3619652402886,1328,132
4892,-3494.2093946870273,-1856.4753448621177,11,3956.7663565088096,1336,109
4893,3830.943789999313,-991.4987029067149,8,3957.17070645177,1329,108
4894,-2155.2911598795804,3319.204726458573,7,3957.5750150818367,1332,127
4895,-652.9126412885175,-3903.755253963246,7,3957.97928241167,1329,150
4896,3118.7047259243604,2437.720417212987,7,3958.383508453924,1338,100
4897,-3946.6952369133746,309.18717134655225,9,3958.7876932212466,1333,117
4898,2701.593076859811,-2894.2347601850024,11,3959.191836726278,1338,119
4899,-37.04694716303131,3959.4226250434417,7,3959.595938981653,1332,136
4900,-2647.504427960274,-2944.880354773474,7,3960.0,1333,119
4901,3941.827591886694,383.1386639856999,7,3960.4040197939403,1333,114
4902,-3165.710321290902,2380.394539077977,7,3960.8079983760886,1333,128
4903,726.4369373511486,-3894.032534025863,7,3961.211935759055,1338,110
4904,2094.94277720218,3362.3823042968233,8,3961.6158319554406,1332,148
4905,-3816.391228292563,-1064.311041289896,11,3962.0196869778424,1338,119
4906,3533.379986462631,-1793.3281549301933,10,3962.423500838848,1338,103
4907,-1394.1707254961261,3709.4862161988967,12,3962.8272735510445,1334,134
4908,-1477.8543800229404,-3677.3830955513745,8,3963.2310051270033,1334,125
4909,3574.1244348826754,1713.486073469695,9,3963.6346955792983,1329,102
4910,-3793.277597791716,1150.9322595580966,8,3964.0383449204924,1338,144
4911,2019.806906469617,-3411.331127372075,7,3964.441953163143,1340,131
4912,815.0612766048971,3880.1643155128363,7,3964.845520319802,1328,121
4913,-3222.3420780475763,-2310.7815846687085,9,3965.2490464030125,1336,130
4914,3937.365902478035,-472.8104800058161,9,3965.652531425314,1342,116
4915,-2584.1750610285417,3008.594232188537,8,3966.055975399238,1333,128
4916,-126.79883359369933,-3964.4321227382966,9,3966.4593783373098,1328,107
4917,2771.714770696949,2837.886049491832,8,3966.862740252049,1332,94
4918,-3961.1433919341666,-220.32482505674784,7,3967.2660611559695,1331,101
4919,3069.963175424503,-2513.508723187072,7,3967.6693410615762,1335,130
4920,-565.9020628020314,3927.5125531710787,7,3968.072579981369,1334,134
4921,-2235.9452135939546,-3278.6199843541317,8,3968.4757779278434,1336,107
4922,3863.784873173517,907.2852108546159,7,3968.8789349134845,1325,136
4923,-3462.2486934002495,1941.1424432658894,8,3969.2820509507765,1334,130
4924,1241.857650598807,-3770.4362580010834,9,3969.685126052191,1331,149
4925,1631.3515258928248,3619.432579696319,10,3970.088160230198,1334,122
4926,-3648.1697013000207,-1567.0538696919505,7,3970.49115349726,1334,113
4927,3748.9569102118794,-1308.9392978188869,7,3970.8941058658315,1334,108
4928,-1880.3791349373635,3497.909991536691,7,3971.2970173483623,1336,133
4929,-976.370234808377,-3849.818328776078,10,3971.699887957296,1330,136
4930,3320.7967181129334,2179.4286308503824,7,3972.10271770507,1337,112
4931,-3921.2326276645395,636.1876136322104,11,3972.5055066041123,1338,153
4932,2461.905917305557,-3118.1756291677802,10,3972.90825466685,1331,119
4933,290.99406226558705,3962.64084364533,11,3973.3109619057,1330,126
4934,-2891.5884066991935,-2725.6405643890066,8,3973.713628333074,1333,123
4935,3973.7136310400833,56.568352338023395,7,3974.116253961376,1340,134
4936,-2968.604829228935,2642.7609365734625,8,3974.5188388030065,1325,128
4937,403.8383467726618,-3954.3538776487776,7,3974.9213828703582,1336,112
4938,2373.590162802783,3188.929246478488,7,3975.323886175817,1331,119
4939,-3904.6975427601055,-748.1557989905506,7,3975.7263487317628,1331,120
4940,3384.9170127548005,-2086.12962606908,7,3976.128770550572,1330,130
4941,-1086.882125587405,3825.112710114384,12,3976.531151644609,1338,147
4942,-1782.573796906473,-3555.0570541951133,8,3976.9334920262368,1332,136
4943,3716.196862364063,1417.4205022347808,7,3977.3357917078115,1333,127
4944,-3698.0356766388227,1465.2413228906844,8,3977.738050701679,1332,126
4945,1737.2357725262073,-3578.7723971573373,7,3978.1402690201867,1333,136
4946,1136.5573179191197,3812.746708487793,11,3978.542446675667,1333,141
4947,-3413.880418534932,-2043.8738923778437,8,3978.944583680451,1330,144
4948,3898.3000580484354,-799.0348286649131,11,3979.346680046864,1340,136
4949,-2334.980761061631,3222.772850430518,7,3979.748735787223,1333,129
4950,-455.2556200561756,-3954.028619067806,7,3980.1507509138387,1332,128
4951,3006.902932101236,2608.3202941588656,7,3980.5527254390186,1334,124
4952,-3979.493470971935,107.8504264791883,8,3980.95465937506,1332,126
4953,2861.7915998836793,-2767.914167533959,7,3981.3565527342557,1340,132
4954,-240.52118000386167,3974.48733322545,10,3981.758405528894,1332,122
4955,-2507.6278129811844,-3093.4451266449196,11,3982.160217771254,1334,140
4956,3939.036246681767,587.1911505866012,7,3982.56198947361,1333,111
4957,-3301.497657914135,2228.0289977438533,11,3982.9637206482307,1332,133
4958,929.5033936901082,-3873.3994683118567,7,3983.3654113073785,1335,126
4959,1931.2515841277586,3484.346038900847,9,3983.767061463308,1334,99
4960,-3778.067579393111,-1264.8341257013412,9,3984.168671128269,1335,147
4961,3640.579529523965,-1619.5618818714722,7,3984.570240314506,1337,137
4962,-1590.6119823214467,3653.75882095349,12,3984.971769034255,1337,131
4963,-1295.3413415224338,-3768.990688359798,8,3985.3732572997474,1335,139
4964,3501.413683784162,1904.33773659218,7,3985.7747051232086,1335,129
4965,-3868.584703719157,961.0683587290567,8,3986.176112516857,1334,129
4966,2203.603472173012,-3322.187793823077,7,3986.5774794929043,1339,117
4967,619.2993286826428,3938.587099645408,8,3986.9788060635587,1340,115
4968,-3117.4431466408573,-2486.1110649892425,11,3987.3800922410187,1329,109
4969,3978.449757231998,-272.649095323375,8,3987.7813380374805,1331,129
4970,-2749.689831189188,2888.7377576122717,9,3988.182543465131,1332,114
4971,76.22905494598108,-3987.8552043902046,7,3988.5837085361513,1335,118
4972,2637.8138063004685,2992.3132060816492,7,3988.9848332627193,1335,147
4973,-3966.7191405544354,-424.66370219160365,7,3989.3859176570018,1343,109
4974,3212.1143257104886,-2366.5843654020564,7,3989.786961731165,1334,107
4975,-769.9857488441424,3915.1911762488594,12,3990.187965497365,1335,109
4976,-2077.1188151937563,-3407.40039143745,10,3990.5889289677534,1338,119
4977,3833.6537811376506,1109.5488661474062,7,3990.989852154475,1334,121
4978,-3576.6657068459044,1771.6270548488717,7,3991.39073506967,1336,109
4979,1440.7497742989474,-3722.7194479113696,9,3991.7915777254702,1331,118
4980,1452.4426309081002,3718.603286708701,7,3992.192380134003,1330,136
4981,-3583.226092983623,-1761.0482010897158,9,3992.5931423073907,1333,128
4982,3832.1149483888285,-1122.0049119031917,8,3992.9938642577454,1338,120
4983,-2067.9863657989604,3416.230728576395,7,3993.394545997177,1337,100
4984,-782.840445097774,-3916.319807870537,7,3993.7951875377885,1334,113
4985,3223.001453900451,2359.207839117948,8,3994.195788891676,1336,102
4986,-3970.5611146044344,437.5436380421839,11,3994.5963500709304,1334,126
4987,2632.4756341667853,-3005.007826199157,9,3994.9968710876365,1335,122
4988,88.75691243982193,3994.411372216706,8,3995.39735195387,1334,109
4989,-2763.909684656482,-2885.689389913978,7,3995.797792681707,1335,148
4990,3987.675705113211,260.84951763393406,9,3996.198193283211,1338,111
4991,-3116.9015148114204,2501.5445122896117,7,3996.598553770443,1324,127
4992,608.5980886322701,-3950.39344452083,9,3996.9988741554585,1334,156
4993,2219.913431908452,3324.3321667415303,7,3997.3991544503033,1333,125
4994,-3882.8379210874496,-951.8243948151838,10,3997.799394667021,1331,139
4995,3506.3829538914924,-1921.165943030214,8,3998.1995948176473,1336,97
4996,-1287.897603068395,3785.5144649057524,8,3998.5997549142126,1332,98
4997,-1607.5835159922203,-3661.649251240497,9,3998.9998749687406,1333,133
4998,3659.1566275885107,1614.2406186114497,8,3999.3999549932487,1332,76
4999,-3788.931037620328,1281.5621686665636,7,3999.79999499975,1329,108
