id,x,y,final_sf,dist_closest_gw,packets_sent,packets_success
0,63.245553203367585,0.0,10,63.245553203367585,1331,564
1,-80.77471354515447,73.99625430856781,8,109.54451150103323,1330,494
2,12.363864559502138,-140.87985964343622,8,141.4213562373095,1336,544
3,101.81129471418758,132.79480512663454,8,167.33200530681512,1334,534
4,-186.8362473767714,-33.04870142934326,11,189.73665961010275,1333,499
5,176.98760377793138,-112.58502613112441,9,209.76176963403032,1332,596
6,-59.19888973972419,220.21691909020973,10,228.0350850198276,1331,577
7,-112.89870294121106,-217.37958246852938,8,244.9489742783178,1332,559
8,244.94502617017045,89.4535306988748,7,260.768096208106,1341,557
9,-254.824484191629,105.18784272181945,7,275.68097504180446,1336,578
10,122.84223993205634,-262.5067315107845,7,289.8275349237888,1329,527
11,90.7772906599952,289.41230709911207,8,303.31501776206204,1341,573
12,-273.6038079929897,-158.55899927703643,7,316.22776601683796,1335,577
13,320.9684115509767,-70.56400489231606,8,328.63353450309967,1330,527
14,-195.88202518470624,278.6220239132903,7,340.58772731852804,1339,559
15,-45.25328360112689,-349.2164662831865,10,352.1363372331801,1328,563
16,277.8107762223337,234.13921631103253,11,363.31804249169903,1331,545
17,-373.8462213442385,15.459714959685131,7,374.1657386773942,1332,546
18,272.69212036671496,-271.3650815597045,7,384.7076812334269,1331,535
19,-18.244159333265944,394.546766112995,10,394.96835316262997,1332,542
20,-259.4674279831237,-310.92869570984044,7,404.96913462633177,1335,534
21,411.02505508436303,55.30283982668808,8,414.7288270665544,1338,545
22,-348.26069787725396,242.31072265594858,12,424.26406871192853,1333,539
23,95.16485397402829,-423.01731710191467,8,433.5896677735759,1334,583
24,220.11135635520097,384.1236660288894,9,442.7188724235731,1334,560
25,-430.2966414642805,-137.27636484318907,12,451.66359162544853,1332,572
26,417.9784268948105,-193.11663483641044,8,460.4345773288535,1329,572
27,-181.07869842262465,432.67829270436965,7,469.041575982343,1330,516
28,-161.60874843220628,-449.3134901493342,7,477.4934554525329,1330,559
29,430.02353454350987,226.00831785292056,9,485.7983120596448,1330,545
30,-477.64794755170317,125.90646607559681,7,493.9635614091387,1335,550
31,271.49838991513747,-422.24237621712956,7,501.9960159204453,1330,534
32,86.36524087349,502.53462086593015,7,509.9019513592786,1332,570
33,-409.295469404144,-316.98141700301835,7,517.6871642217914,1335,508
34,523.5632815752956,-43.37614766329248,7,525.3570214625479,1333,502
35,-361.8925911001279,391.1952869179734,7,532.9165037789691,1334,530
36,2.6360758183993527,-540.3638136517651,9,540.3702434442517,1335,525
37,368.0066619833415,405.6736332766508,7,547.722557505166,1332,537
38,-552.6092219901121,-51.215698486723646,8,554.9774770204643,1335,583
39,447.77694712591807,-339.8467384315948,9,562.1387729022078,1339,524
40,-101.87924155858674,560.0184105361601,10,569.2099788303083,1339,524
41,-306.8843668602858,-487.66995537634,7,576.1944116355173,1331,535
42,562.358669553511,154.11919665637066,8,583.0951894845301,1333,544
43,-524.8395155194864,269.3389740629281,7,589.915248150105,1330,530
44,207.4081318296481,-559.4478231711474,8,596.657355607052,1340,551
45,227.4789297159178,558.7963283122936,9,603.3241251599343,1337,532
46,-551.155997706169,-261.20311290740307,7,609.9180272790763,1332,490
47,589.0792657456859,-181.61943362020364,9,616.4414002968977,1327,518
48,-314.9503751604914,537.4069791008169,7,622.8964600958976,1330,540
49,-132.11994767450796,-615.2595545186481,7,629.285308902091,1334,585
50,518.1791346731984,368.09018513040434,7,635.6099432828282,1339,574
51,-636.94475844906,79.38119855651281,7,641.8722614352484,1328,536
52,420.0618357204235,-493.5058805842013,9,648.074069840786,1331,507
53,23.84177939798979,653.7825093677083,8,654.217089351845,1330,566
54,-463.475682173999,-470.3087199205925,7,660.3029607687672,1331,563
55,665.4639413758789,34.02561870827318,7,666.3332499583073,1333,532
56,-518.2834302839859,428.2315797475295,7,672.3094525588645,1339,565
57,93.71831191719784,-671.7267882192809,11,678.2329983125268,1330,479
58,387.9702375643548,563.4528327768512,7,684.1052550594829,1332,555
59,-672.3581081477698,-154.70802955228868,11,689.9275324264136,1339,543
60,605.3030650801052,-342.9405187559936,7,695.7010852370435,1332,532
61,-216.4455823375044,667.1966051221922,7,701.4271166700072,1335,553
62,-293.44159367221323,-643.3444109519502,7,707.1067811865476,1333,544
63,656.1345196776873,278.3657523606858,9,712.7411872482186,1330,516
64,-677.1160039564612,239.8205937488139,7,718.3313998427188,1334,523
65,339.89236228166476,-639.1190672031227,11,723.8784428341544,1337,577
66,182.46982738801412,706.1903157740046,10,729.3833011524188,1332,536
67,-616.1534058722177,-400.4434796972804,8,734.8469228349535,1336,517
68,730.1773864708915,-121.82357853280416,8,740.2702209328698,1339,573
69,-459.4367113126202,587.2971209688023,7,745.6540752922899,1336,553
70,-58.35451258161959,-748.728756534275,7,750.9993342207435,1333,555
71,552.6662168809,516.2945406631314,8,756.3068160475614,1331,496
72,-761.5410631801288,-7.430281991889917,7,761.5773105863908,1337,543
73,570.4496626024995,-512.4326125811027,7,766.8115805072325,1330,569
74,-74.99358449937313,768.3592664137886,9,772.0103626247513,1332,513
75,-466.8231409439072,-621.3502676262922,8,777.1743691090179,1332,526
76,768.9794735535543,143.77263040404674,10,782.3042886243178,1339,545
77,-668.4652293486723,416.1180567481144,11,787.4007874011811,1335,542
78,213.18395937156964,-763.251334402149,7,792.464510246358,1330,543
79,360.64906264783997,711.289149088635,7,797.4960814950755,1334,569
80,-751.0799829475199,-282.628482668597,7,802.4961059095552,1331,543
81,749.3472125529563,-300.7968667375287,8,807.465169527454,1335,539
82,-351.4967274084414,732.4275053690677,7,812.403840463596,1327,524
83,-236.9882895547714,-782.1998150178149,7,817.312669668102,1333,565
84,707.3139181901089,419.1742133463792,7,822.1921916437785,1337,545
85,-809.4469132007123,169.69294242790056,7,827.0429251254135,1331,550
86,485.0469165119606,-675.8176446218604,7,831.8653737234168,1330,597
87,99.41950295205001,830.7320641655571,9,836.6600265340754,1333,550
88,-638.0754814566036,-548.5067729426169,7,841.4273587185052,1335,581
89,845.7461140999801,-26.71161703797576,12,846.1678320522471,1331,539
90,-608.9571751620459,594.2820532530503,7,850.8818954473059,1329,576
91,47.85653960877512,-854.230502626003,9,855.5699854482975,1331,579
92,544.6887549816372,665.8184138310941,7,860.2325267042627,1334,539
93,-855.9801514299925,-123.68500457972732,10,864.8699324175861,1330,544
94,718.5330171929302,-489.6021887242992,7,869.4826047713664,1331,536
95,-200.153037587767,850.8459094009854,12,874.0709353364863,1332,555
96,-429.38210441686937,-766.5709415354463,8,878.6353054595518,1331,496
97,838.7365301199493,276.6243536681963,7,883.1760866327846,1330,542
98,-809.4345668985851,364.4388589457769,7,887.6936408468858,1336,528
99,352.45253722916294,-819.6201614166928,8,892.1883209278185,1339,486
100,295.23041212905684,846.6634536544655,8,896.6604708583957,1328,564
101,-793.5253307744521,-426.9865916153535,8,901.110426085505,1335,534
102,877.838817374052,-222.2588821876992,8,905.5385138137416,1335,557
103,-499.57657742105926,760.5414145806002,9,909.9450532861861,1336,544
104,-146.0666872153691,-902.5876815500683,7,914.3303560529968,1334,583
105,720.818583561484,569.579291751742,7,918.6947262284682,1333,584
106,-920.5866702564829,67.23230284678394,7,923.0384607371461,1329,598
107,636.3639399998265,-674.5672211632412,8,927.3618495495704,1334,546
108,-13.634330222229362,931.5654056690765,11,931.6651759081692,1335,546
109,-622.0568161123394,-699.3177514750926,8,935.9487165438073,1333,569
110,935.3094785269637,95.89671202715576,7,940.2127418834527,1332,551
111,-757.8514904167521,563.6143348719118,8,944.4575162494075,1330,520
112,178.89696271832406,-931.6629630559316,8,948.6832980505136,1335,576
113,499.6220841652738,811.4048145126746,11,952.8903399657277,1340,570
114,-920.5304515731826,-261.961233251167,8,957.0788891204318,1329,513
115,859.4514340576509,-430.5150781288008,12,961.2491872558332,1332,544
116,-344.40530288089116,901.8785879194171,9,965.4014708917737,1336,548
117,-356.7779289456581,-901.5040262900919,7,969.5359714832657,1336,588
118,875.7370829859441,425.54031710669886,7,973.6529155710468,1331,563
119,-937.1188612450024,278.9412839628975,9,977.7525249264253,1330,581
120,504.6786182385934,-842.199199888473,7,981.8350166906862,1331,539
121,197.57783627369727,965.9000976360878,10,985.9006035092989,1327,498
122,-801.4217007486852,-581.1396196862548,7,989.9494936611666,1332,526
123,987.5037098165623,-113.29793951580389,12,993.9818911831342,1337,532
124,-654.2556743985266,753.6242515453768,9,997.9979959899721,1329,497
125,-26.744861170459775,-1001.6410097439964,7,1001.9980039900279,1331,529
126,699.088286049484,723.3778876274798,8,1005.9821071967433,1330,515
127,-1008.0817310695955,-61.41028809350846,9,1009.9504938362078,1337,504
128,787.8818243522875,-638.1553344251785,7,1013.9033484509262,1334,548
129,-150.47390852243242,1006.6566459592777,7,1017.8408519999577,1329,541
130,-571.224826623783,-847.1730622774954,7,1021.7631819555842,1337,523
131,997.2596890058,239.73550568085415,11,1025.6705123966467,1332,547
132,-900.692542314203,498.7513851806105,10,1029.5630140987,1332,580
133,328.47347971764145,-979.8495665775357,8,1033.4408546211052,1331,526
134,421.2416264092687,947.9216698546744,9,1037.3041983911953,1336,553
135,-954.4508341381433,-415.96106213563144,7,1041.1532067856297,1335,517
136,988.3871219510909,-339.25049323654633,10,1044.9880382090507,1330,553
137,-501.4723511690431,921.1544284282586,7,1048.8088481701514,1333,520
138,-253.37714699769492,-1021.6653176942579,7,1052.6157893552615,1330,528
139,880.1176458899198,584.2883957372297,7,1056.4090116995405,1337,553
140,-1047.386511641623,164.2604493820482,7,1060.1886624558858,1335,576
141,663.7032772194135,-831.5635633000103,8,1063.954886261631,1338,562
142,72.57406934942746,1065.238473046324,10,1067.707825203131,1328,555
143,-775.7799012224949,-739.0301379911482,7,1071.4476188783096,1334,558
144,1074.969716867675,20.97874680313814,7,1075.1744044572488,1331,566
145,-809.6071057820952,713.1173355536516,8,1078.8883167408942,1335,552
146,115.67070098415897,-1076.3922560729582,7,1082.5894882179484,1336,529
147,643.9872670781767,874.8030634612461,10,1086.2780491200215,1335,560
148,-1069.383848543217,-210.75622048921352,8,1089.954127475097,1329,556
149,934.0232148213223,-568.8590635428443,7,1093.6178491593853,1338,528
150,-305.47744046690775,1053.8897159408032,11,1097.2693379476161,1328,540
151,-488.25679324556796,-986.7143983187609,12,1100.9087155618306,1334,504
152,1029.9237161522378,399.07034330699736,7,1104.5361017187263,1335,511
153,-1032.3701025158534,402.75547349652027,7,1108.1516141756056,1340,560
154,490.7710049695632,-997.5689553515411,8,1111.7553687749837,1332,540
155,312.9768614964449,1070.5351391560368,7,1115.3474794878948,1328,552
156,-956.9778303010481,-579.8218970617602,7,1118.9280584559492,1333,523
157,1100.80993236541,-219.5848191602999,7,1122.4972160321825,1328,579
158,-665.4781926741422,908.3714961815772,7,1126.0550608207398,1337,558
159,-123.2802871579637,-1122.8543853938718,8,1129.601699715435,1329,531
160,852.0387599835324,747.0140236205237,9,1133.1372379372235,1335,550
161,-1136.3912895654478,24.79590691583317,7,1136.6617790706257,1337,564
162,823.7286367888212,-788.3344042562333,7,1140.175425099138,1331,546
163,-75.10966750620618,1141.2092436740543,8,1143.6782764396637,1333,566
164,-717.6769507652672,-894.9523978068713,7,1147.170431975999,1343,525
165,1137.1650559102434,175.657722906375,9,1150.651989091402,1331,540
166,-960.0525911548077,640.5458783076663,7,1154.1230437002807,1334,527
167,276.0556585575259,-1124.1856045059335,8,1157.5836902790227,1332,526
168,557.4783135432812,1018.4389672086094,7,1161.0340218959993,1336,558
169,-1102.2691376051018,-375.50332659419314,10,1164.474130240771,1331,503
170,1069.5689884690728,-469.065218178927,7,1167.9041056525145,1336,540
171,-473.199490098686,1071.4859973748346,9,1171.324037147706,1337,560
172,-375.94710015425704,-1112.952729403008,8,1174.7340124470732,1339,524
173,1031.9787580256495,568.3483465128032,7,1178.134118001851,1326,538
174,-1148.1573868857581,278.80928058381977,7,1181.524439019354,1332,583
175,660.1660631195707,-983.961772176748,8,1184.9050594878897,1331,518
176,178.37675208071133,1174.8113611627768,7,1188.2760622010358,1331,569
177,-927.7201248405311,-747.8872708943973,7,1191.6375287812984,1334,548
178,1192.6078705250025,-75.40866768361924,8,1194.9895397031723,1334,542
179,-830.7714630176002,863.6079991730021,11,1198.3321743156193,1330,544
180,29.30749709533222,-1201.3080664900272,7,1201.6655108639843,1332,561
181,792.0464630022553,908.1092447748879,7,1204.9896265113657,1333,531
182,-1200.7436201718392,-134.9620636202112,8,1208.3045973594571,1328,573
183,979.2283824471282,-713.5206899662969,7,1211.6104984688766,1335,541
184,-240.7295027890924,1190.8187546755034,9,1214.9074038789954,1337,517
185,-628.5766338241949,-1043.499600100663,7,1218.1953866272847,1330,532
186,1171.5117027367123,345.7749706831444,7,1221.4745187681979,1337,585
187,-1100.3420749259126,537.8171791117661,7,1224.7448713915892,1332,561
188,449.2609750625304,-1142.875573405025,10,1228.0065146407003,1325,535
189,441.8977957563616,1149.2285839230021,7,1231.2595177297108,1335,506
190,-1105.0386163071755,-550.3541191541339,9,1234.5039489608769,1334,552
191,1189.6902572830245,-341.5217295075837,8,1237.7398757412643,1335,572
192,-648.2318681961681,1058.2038768852183,9,1240.9673645990858,1337,537
193,-237.43476404634822,-1221.3208967434623,7,1244.1864811996631,1332,560
194,1002.6482409439636,742.0892836660395,7,1247.397290361014,1328,505
195,-1243.780820484308,130.41959436902766,7,1250.5998560690787,1335,546
196,831.1456700248464,-938.7208718245003,7,1253.7942414925985,1336,512
197,21.289854477105123,1256.8001997518713,9,1256.9805089976535,1336,544
198,-866.8410485021176,-914.6510791726805,7,1260.158720161869,1330,550
199,1260.1818563236106,89.11615449950241,7,1263.3289357883007,1329,542
200,-991.8926186150933,787.4954178513633,7,1266.4912159190053,1331,557
201,199.94198687382524,-1253.8034941269495,9,1269.6456198483106,1334,550
202,701.234679183429,1062.2005105960518,7,1272.7922061357854,1330,546
203,-1237.6193427672251,-310.31977443988507,7,1275.9310326189263,1328,528
204,1124.9538511433211,-608.6697239043605,11,1279.0621564255584,1333,535
205,-419.3770947953997,1211.6611953681484,7,1282.1856339859685,1335,557
206,-510.46725772622364,-1179.5860200890263,8,1285.30152104477,1330,550
207,1176.0388279462743,526.2439312360319,12,1288.4098726725126,1334,561
208,-1225.5896956555855,407.34493724956104,8,1291.510743277035,1332,578
209,630.0596684137752,-1130.9397924904417,11,1294.6041866145806,1334,519
210,300.06605688744344,1262.5214301167412,7,1297.6902558006666,1330,556
211,-1076.628580958295,-729.9800673057641,7,1300.769003320728,1329,532
212,1290.0057463333135,-189.43382598424947,8,1303.8404810405298,1334,540
213,-825.1841628489851,1013.4451624943597,7,1306.904740216363,1340,540
214,-76.28527956304772,-1307.7387185986304,8,1309.9618315050252,1330,560
215,941.8029012765354,914.8810278648805,7,1313.0118049735881,1335,517
216,-1315.491005181561,-38.51513061650704,10,1316.0547101089683,1333,547
217,998.316347625811,-862.1858674688774,9,1319.0905958272917,1335,560
218,-154.08221512056923,1313.1103041951724,9,1322.1195104830724,1333,537
219,-775.1455587568638,-1074.7787505991685,7,1325.1415018781956,1331,540
220,1300.523208913268,269.51694395331896,11,1328.1566172707194,1336,519
221,-1143.6058425372803,681.2970548260115,8,1331.164903383499,1328,545
222,383.91350755549513,-1277.7364433702423,7,1334.1664064126333,1332,535
223,581.314631875555,1204.1898931511541,8,1337.1611720357423,1335,546
224,-1244.8374639747228,-496.3664858599751,7,1340.1492454200763,1330,543
225,1255.9831270989646,-475.9268687967786,8,1343.1306712304652,1335,557
226,-605.9780683522723,1201.9944179055278,8,1346.1054936371072,1338,533
227,-365.91128095278117,-1298.502573917932,8,1349.073756323204,1331,562
228,1149.4554541995512,711.8652673160167,7,1352.0355024924459,1340,584
229,-1331.3344348094295,252.08852153689475,11,1354.990774876346,1330,481
230,813.1670661392071,-1087.5473886440784,7,1357.9396157414362,1329,534
231,135.3161942267846,1354.1379278271393,9,1360.8820668963199,1342,539
232,-1016.6737288091485,-909.0514447209804,7,1363.8181696985855,1333,549
233,1366.6485769893727,-16.482324257292564,8,1366.747965061591,1332,548
234,-998.7222246528647,937.3120707557504,10,1369.6714934611146,1330,515
235,103.50146191635609,-1368.6809151081113,7,1372.588794941879,1335,523
236,850.0108840944407,1081.42567794601,9,1375.499909123952,1328,548
237,-1360.1305746676533,-223.70699554157645,7,1378.404875209022,1329,554
238,1156.456844640087,-755.3857070961128,7,1381.303731986561,1330,512
239,-343.19680800338335,1340.9757458568326,7,1384.196517839862,1334,542
240,-654.114778443441,-1223.165506635095,7,1387.0832707519762,1332,556
241,1311.2779858262174,461.031499886438,8,1389.9640283115243,1337,524
242,-1280.9617675353904,546.9341369055395,9,1392.8388277184115,1332,530
243,576.2771784131041,-1271.1823683642845,7,1395.707705789432,1328,534
244,434.6322246888374,1329.3211911581157,8,1398.570698963767,1328,532
245,-1220.9169684247154,-688.0129041032602,7,1401.4278433083878,1330,564
246,1367.789454619244,-318.0440344235234,8,1404.279174523357,1338,564
247,-795.338087069706,1160.7916812487508,7,1407.1247279470292,1336,559
248,-198.04484365276025,-1395.9864755442848,7,1409.9645385611655,1330,524
249,1091.1963811695775,897.3797734083479,7,1412.7986409959487,1336,562
250,-1413.60997692996,75.5435842681442,7,1415.6270695349112,1332,559
251,993.2997626669624,-1012.5984305171306,9,1418.4498581197715,1333,545
252,-48.52410245084207,1420.4384574775986,8,1421.2670403551895,1328,524
253,-925.5395543184416,-1082.3014983783496,8,1424.0786495134319,1334,522
254,1416.3335397955725,173.20307171105028,7,1426.8847185389575,1331,494
255,-1163.6366751174578,830.6321016681142,7,1429.6852800529214,1333,516
256,297.52608610097985,-1401.2416736913847,8,1432.4803663575988,1334,524
257,728.5547196834069,1236.6115074780087,7,1435.2700094407326,1329,500
258,-1375.1951768064848,-420.52137364012884,7,1438.054240979804,1336,564
259,1300.5926087490518,-620.0474708176265,11,1440.83309234623,1336,528
260,-541.2202735946532,1338.31260004908,12,1443.606594609487,1332,532
261,-505.9064289440945,-1355.012429888757,7,1446.3747785411636,1327,519
262,1290.79841061118,658.6649096191868,7,1449.137674618944,1335,567
263,-1399.374212621111,386.97779400250704,7,1451.895313030523,1336,537
264,771.9158292112779,-1232.9419907737206,8,1454.6477236774545,1328,513
265,264.15156908364236,1433.25641409716,7,1457.3949361789341,1335,549
266,-1165.115956164721,-880.0595483774766,9,1460.1369798755184,1332,566
267,1456.3165645388842,-138.3548475828093,8,1462.8738838327795,1327,547
268,-982.2159408117545,1087.773802596514,7,1465.605676844901,1332,575
269,-10.544761445489415,-1468.2945235905697,11,1468.3323874382124,1339,467
270,1001.4468960252892,1077.5454117768372,7,1471.0540438746634,1335,549
271,-1469.0151057068103,-118.29885546871778,8,1473.7706741552431,1330,579
272,1165.2557982524195,-906.7408255058975,8,1476.48230602334,1344,524
273,-247.1810322914348,1458.3900497724678,7,1479.188966968048,1333,562
274,-804.3311442139294,-1244.608938762498,7,1481.8906842274164,1334,551
275,1436.4193132404348,375.0993955605339,8,1484.5874847916507,1328,550
276,-1314.9268586046744,694.9585286332151,9,1487.2793954062568,1336,587
277,501.052012696524,-1403.1916763481609,8,1489.966442575134,1333,555
278,579.4233908190233,1375.597518961046,7,1492.6486525636233,1334,529
279,-1358.8846473922736,-624.0452828774341,9,1495.3260514014996,1334,530
280,1426.0800815532657,-458.5799832057999,10,1497.9986648859208,1334,564
281,-743.1018129210184,1303.763665559635,7,1500.6665185843256,1338,527
282,-333.3300396957522,-1465.909644090122,7,1503.3296378372906,1336,566
283,1238.1806033892315,857.268215549065,7,1505.9880477613358,1335,537
284,-1494.70140571819,204.61600070392055,7,1508.6417732516888,1330,517
285,965.6227676743301,-1162.571576527212,10,1511.2908389850052,1331,573
286,73.41387341947555,1512.1542259933506,7,1513.935269422045,1327,530
287,-1077.4540739960214,-1067.2828671113275,9,1516.57508881031,1331,549
288,1518.0535455141876,59.274218272402116,9,1519.2103211866354,1335,554
289,-1161.4122273762164,983.4234276754928,8,1521.8409903797437,1344,528
290,192.42773698514463,-1512.273641256362,8,1524.4671200127602,1336,518
291,881.1486450564087,1247.2277519824738,8,1527.088733505686,1331,526
292,-1494.7791947880996,-325.01562859136595,7,1529.7058540778355,1335,570
293,1324.0060318646333,-771.367634520705,11,1532.3185047502366,1331,563
294,-456.0043511290573,1465.6261568870034,7,1534.9267083479915,1334,535
295,-654.8818573923328,-1391.089412244363,8,1537.5304875026052,1331,546
296,1424.9618975776548,584.3659730441954,9,1540.1298646542764,1334,535
297,-1447.891578377632,532.5504457449355,8,1542.7248620541513,1338,513
298,709.0862770644264,-1373.0246362243145,7,1545.3155017665486,1334,543
299,405.2838294086863,1493.9026131645364,7,1547.9018056711477,1328,509
300,-1310.1421519993448,-829.1728056047942,9,1550.4837954651446,1335,559
301,1528.6934835384345,-274.03691975193044,9,1553.061492665374,1336,507
302,-943.6627837207178,1236.7297807607229,8,1555.6349186104046,1333,524
303,-139.80190158918478,-1551.9199168488196,7,1558.2040944625962,1336,562
304,1153.2877100658638,1051.6308562471127,7,1560.7690412101335,1339,528
305,-1563.3256330804081,3.600687953835245,7,1563.3297796690242,1331,563
306,1152.1965768930938,-1060.3975896784364,7,1565.886330485071,1336,528
307,-133.52290455728973,1562.7449036738483,7,1568.4387141358122,1337,503
308,-958.7184804448442,-1244.5315886925205,9,1570.9869509324385,1330,544
309,1550.104412893544,270.51119963498974,7,1573.5310610216754,1338,576
310,-1327.86643733109,848.9821697831105,9,1576.0710643876437,1334,561
311,406.3008620123394,-1525.4244030852626,7,1578.6069808536893,1333,570
312,731.9878871956022,1401.496961466174,8,1581.1388300841897,1331,531
313,-1488.819090738573,-539.8311912555339,8,1583.6666315863324,1328,482
314,1464.790207207735,-608.5964581463824,8,1586.1904047118683,1331,563
315,-670.0524436473095,1440.4963459732444,7,1588.71016865884,1336,548
316,-479.7239392936222,-1517.1898174152793,10,1591.2259424732868,1329,564
317,1380.756633859781,795.9341166530094,7,1593.7377450509225,1333,548
318,-1558.220850361232,346.33478239922675,8,1596.2455951387933,1330,537
319,916.4731304098773,-1309.9912218166658,7,1598.7495113369075,1330,540
320,209.43457821570766,1587.4939865862827,8,1601.2495120998476,1332,532
321,-1228.6796631545049,-1030.7018411502588,7,1603.7456157383567,1340,569
322,1604.7090873949949,-70.06243524116525,7,1606.237840420901,1331,514
323,-1137.6958224577702,1137.3865726137872,7,1608.7262041752165,1331,553
324,70.7169485933026,-1609.658073375104,8,1611.2107248898265,1333,516
325,1036.7577154223045,1236.5813517566583,8,1613.6914203155447,1330,545
326,-1602.2270965338275,-211.8214605104521,7,1616.1683080669538,1329,517
327,1326.542541439001,-927.5154369349093,7,1618.6414056238643,1330,551
328,-352.1599306938695,1582.397985088988,7,1621.1107303327556,1339,503
329,-810.4534652676351,-1406.8280565284738,8,1623.5762994081924,1326,568
330,1550.2489455897653,490.640608488353,7,1626.0381299342278,1335,534
331,-1476.7573637455691,686.4311244569534,7,1628.4962388657827,1334,506
332,626.1796908989256,-1505.9545128275709,7,1630.9506430300091,1337,578
333,556.367000521687,1535.7264602560253,10,1633.4013591276334,1332,565
334,-1449.784743886809,-757.7098365423661,8,1635.8484037342826,1338,472
335,1583.21303422727,-421.2321073385566,7,1638.2917933017916,1330,527
336,-884.1885979803016,1382.1036586311566,7,1640.7315441594947,1333,541
337,-282.04260343144034,-1618.7810135560696,8,1643.1676725154987,1331,506
338,1303.3669348796027,1004.6067056627434,7,1645.600194457937,1333,546
339,-1642.0844637381842,139.85211456992693,10,1648.0291259562132,1338,520
340,1117.9961375495018,-1214.1188724438787,7,1650.4544828622206,1332,541
341,-4.256279535550867,1652.8708007840528,7,1652.876280911551,1334,581
342,-1114.988646038044,-1223.4379098287945,9,1655.294535724685,1330,546
343,1650.9832903147724,149.178333217021,7,1657.7092628081684,1334,494
344,-1320.0695260304403,1006.6858727754991,7,1660.1204775557705,1329,536
345,293.7971338130311,-1636.3628094537128,7,1662.5281952496325,1340,531
346,889.9955254992173,1407.0920242085706,7,1664.9324310613931,1330,540
347,-1609.048853821401,-436.9917459358183,7,1667.3332000533067,1328,486
348,1483.776564735293,-765.7722285003109,7,1669.7305171793441,1331,547
349,-577.645933893068,1569.1797778001107,8,1672.1243972862783,1341,554
350,-634.9339772258412,-1549.47050458025,10,1674.5148551147583,1330,545
351,1516.9922622143254,714.6568941680082,11,1676.9019053003667,1332,489
352,-1603.6029077273095,498.4553283179128,7,1679.2855623746666,1334,545
353,846.9439294468054,-1452.8200096272094,9,1681.6658407662326,1337,489
354,357.3601107237349,1645.6894455709194,7,1684.0427548016708,1334,540
355,-1377.0916735338553,-973.4569958060425,11,1686.4163187066235,1327,517
356,1675.3366457095647,-212.71371263419806,7,1688.786546606764,1341,546
357,-1093.1850553368486,1290.3280337914741,10,1691.1534525287764,1332,506
358,-65.61500261320488,-1692.2454524778811,11,1693.5170504013238,1334,535
359,1193.1384366168816,1205.1641676831516,7,1695.877354056006,1336,519
360,-1696.2140677949164,-82.81205355878532,8,1698.2343772283025,1337,549
361,1308.4852557024087,-1086.2165233549906,7,1700.5881335585054,1338,580
362,-231.42701611269442,1687.1400464138044,10,1702.93863659264,1334,552
363,-970.3352779316542,-1402.3014827066609,7,1705.2858997833764,1330,496
364,1665.0216253954366,379.0817681787646,10,1707.6299364909248,1331,518
365,-1485.8351814943887,846.3414284043629,10,1709.9707599839246,1329,529
366,524.6294182389958,-1629.9582735512627,7,1712.3083834403194,1337,557
367,715.1492432706011,1558.3842786198422,7,1714.6428199482245,1336,522
368,-1582.1504526622568,-666.9332388932315,7,1716.9740825067806,1329,538
369,1619.328161042869,-577.7337681437017,7,1719.3021840269964,1336,552
370,-804.8755720727595,1521.8985884350338,7,1721.6271373325876,1336,586
371,-435.1235530193933,-1668.13293643156,7,1723.948955160796,1332,555
372,1449.6012553540438,937.366630767268,7,1726.2676501632068,1334,543
373,-1704.3560429216234,288.39292459515224,7,1728.583234906552,1335,538
374,1063.3531278130997,-1365.7525857819553,9,1730.8957218735043,1332,529
375,138.65386193386968,1727.6501690362038,7,1733.2051234634637,1332,546
376,-1270.938919799951,-1181.8266633215437,7,1735.511451993331,1335,534
377,1737.7664497009239,12.952462848678739,7,1737.8147196982768,1330,530
378,-1291.8318038996151,1165.8347183170806,7,1740.1149387324965,1342,547
379,165.2644142751186,-1734.5569098113504,9,1742.4121211699598,1337,517
380,1051.1977678650103,1392.473788922298,8,1744.7062790051511,1340,570
381,-1717.976132581648,-317.1088265561256,7,1746.9974241537961,1328,489
382,1482.9258017402365,-927.8637111845024,10,1749.2855684535905,1340,535
383,-467.31007107128244,1688.082135879458,8,1751.5707236649055,1336,552
384,-796.7399431572226,-1562.435746831794,10,1753.8529014715002,1333,506
385,1645.0364458869005,614.6991879804259,7,1756.1321134812154,1338,516
386,-1630.3324775115625,658.7989167955658,7,1758.4083712266615,1329,504
387,758.1230108391554,-1589.1033636727893,7,1760.6816861659008,1332,507
388,515.0709088385355,1686.0314228590894,7,1762.9520696831212,1329,496
389,-1520.6484265703652,-896.453212816527,7,1765.2195330892985,1331,520
390,1729.0395670098019,-366.6362989592785,7,1767.4840876228564,1332,494
391,-1028.5952034076306,1440.1360725732882,7,1769.745744450315,1334,537
392,-214.61742065486428,-1758.9597388091213,7,1772.0045146669347,1335,512
393,1348.126522248516,1153.4968053749092,8,1774.26040929735,1340,545
394,-1775.4941750464336,60.17004550592357,8,1776.5134392961963,1331,527
395,1270.1566430593432,-1245.2718988607348,7,1778.7636155487328,1336,535
396,-95.52543435304477,1778.4473260098716,12,1781.010948871455,1338,565
397,-1132.311613465127,-1377.6321751512633,7,1783.2554500127007,1332,566
398,1767.7278778973541,251.27305805540874,7,1785.4971296532515,1328,515
399,-1475.0473074943566,1010.0670476031033,8,1787.735998406924,1337,516
400,405.87051248052455,-1743.3499726385394,8,1789.9720668211555,1338,551
401,879.4355718827678,1561.5995244963508,8,1792.205345377588,1333,509
402,-1705.4336118801093,-558.1184421514529,7,1794.435844492636,1332,526
403,1636.566481214651,-741.3839440969134,7,1796.6635745180565,1331,529
404,-706.8297802663637,1654.204238215041,12,1798.8885457415088,1334,511
405,-596.9411355829285,-1699.3120021493887,7,1801.1107683871085,1332,515
406,1589.991493146095,850.8390280911251,7,1803.330252615976,1333,531
407,-1749.2914371807476,447.19063922013714,11,1805.5470085267789,1332,529
408,989.0114100226208,-1513.22715771462,9,1807.7610461562667,1332,549
409,293.26231675246964,1786.0563298991926,10,1809.9723754798026,1331,534
410,-1424.4422881474723,-1120.2518322846847,8,1812.1810064118872,1322,541
411,1809.2583587602555,-136.32384698264374,7,1814.3869488066764,1333,507
412,-1243.5135744384013,1324.2635652268889,9,1816.590212458495,1327,548
413,22.42816022383126,-1818.6525170105954,8,1818.790807102345,1337,522
414,1213.408882320334,1357.8066446685689,7,1820.9887424144058,1337,550
415,-1814.0995031372327,-181.77731628904243,7,1823.184028012532,1338,559
416,1462.205732136695,-1092.6822030703127,7,1825.3766734567416,1333,549
417,-340.49680241359465,1795.5672996426833,8,1827.5666882497067,1335,516
418,-962.967725589592,-1555.857692551863,8,1829.7540818372286,1323,559
419,1763.1319241988022,497.35884215627374,7,1831.9388636087176,1329,549
420,-1637.988506483916,825.2233955884853,9,1834.1210428976597,1328,513
421,651.1442247694515,-1716.9773436331038,7,1836.3006289820846,1337,507
422,680.4738161329689,1707.9096538041565,8,1838.4776310850234,1330,534
423,-1657.3945477036823,-800.6518052450184,7,1840.6520583749664,1339,530
424,1765.0238519589038,-529.8026066528489,8,1842.8239199663108,1335,505
425,-944.7079068902626,1584.779786171889,12,1844.9932249198098,1332,562
426,-374.3442683479695,-1808.830110528632,7,1847.1599822430107,1333,538
427,1499.6319792345491,1082.1755526979296,7,1849.3242008906932,1334,517
428,-1838.9280596645751,215.27561724050634,7,1851.4858897652987,1337,546
429,1211.9634527985156,-1402.5493178782342,10,1853.6450577173614,1332,555
430,53.80684975888498,1855.0215154868217,8,1855.8017135459272,1339,515
431,-1294.225077115907,-1333.0346768799093,7,1857.9558659989746,1336,524
432,1856.9212513314187,108.82769111654615,9,1860.1075237738273,1340,540
433,-1444.4149426195431,1175.4426713104224,7,1862.2566955175648,1334,525
434,271.37897849083,-1844.5469498045513,9,1864.403389827427,1329,481
435,1047.069986830521,1545.2004538825158,7,1866.5476152512156,1329,539
436,-1817.9283168929815,-432.5929202363947,8,1868.6893802876925,1335,500
437,1634.5652256766327,-910.0530330748303,7,1870.8286933869706,1333,531
438,-591.2200594588725,1777.2053458431433,7,1872.9655629509048,1336,531
439,-765.4089583917544,-1711.7678365986578,7,1875.0999973334756,1331,534
440,1722.6277251066801,746.0252815379546,8,1877.2320048411705,1341,508
441,-1776.1575537279361,614.2184825737446,7,1879.3615937333611,1328,541
442,895.7974521708113,-1654.5533913066338,7,1881.4887722226779,1330,551
443,457.6178023716939,1827.1797795927203,8,1883.6135484753768,1333,457
444,-1573.446234854145,-1039.358911071298,8,1885.7359306117066,1338,532
445,1864.3807759161548,-296.79003082023604,7,1887.8559267062728,1337,552
446,-1175.5747467937078,1479.8729724881491,9,1889.973544788392,1337,500
447,-132.9562350519543,-1887.4116243047804,12,1892.0887928424502,1339,508
448,1374.499207568091,1303.3617795511307,9,1894.201678808252,1335,480
449,-1896.0313898312977,-32.63385932429262,7,1896.3122105813695,1335,507
450,1421.697180876784,-1258.0847053704313,7,1898.4203960134857,1332,519
451,-198.71142632698755,1890.1094595411914,8,1900.5262429127363,1328,539
452,-1131.4779168729267,-1529.6266615187192,8,1902.6297590440447,1332,548
453,1869.6270342331534,363.998286897814,11,1904.7309521294603,1327,499
454,-1626.2721620463396,995.6097905068651,7,1906.8298298484842,1337,519
455,527.2167703276075,-1834.6777583775652,8,1908.9263998384015,1330,517
456,851.4869170687824,1710.8389842590975,7,1911.0206696946007,1332,524
457,-1785.4674796953536,-687.0996135571046,8,1913.1126469708993,1323,527
458,1782.6223055972814,-700.184058363965,8,1915.202339179858,1337,549
459,-842.3998214948776,1722.3131366698096,7,1917.2897537930985,1328,545
460,-542.8361151608945,-1841.0130233317275,8,1919.3748982416123,1337,493
461,1645.6407790542091,991.9004114899112,8,1921.4577799160718,1330,511
462,-1885.5028803194302,380.6295946286007,7,1923.5384061671346,1330,503
463,1134.4239656943842,-1555.982733213395,7,1925.6167843057456,1334,567
464,214.79364156635972,1915.6888295186832,7,1927.6929216034384,1333,500
465,-1453.9739308526555,-1268.841916237353,8,1929.7668252926312,1339,524
466,1931.2766002163407,-46.59070139858853,10,1931.8385025669202,1335,534
467,-1394.0834899270385,1340.3474262715797,7,1933.9079605813713,1331,524
468,122.69311396897498,-1932.0834349956515,10,1935.9752064528097,1335,510
469,1215.92913370865,1509.1442415483457,7,1938.0402472601024,1334,549
470,-1918.0399728066075,-291.7578837255791,9,1940.1030900444441,1338,562
471,1613.094107755246,-1081.631822537275,7,1942.1637418096343,1337,533
472,-459.2998834366659,1889.1912600568173,9,1944.222209522358,1330,551
473,-938.4484140035781,-1705.084917021486,9,1946.278500112458,1334,500
474,1845.6968783598202,624.0216608522616,7,1948.3326204732086,1339,536
475,-1784.3572950966163,787.444628806043,7,1950.3845774615836,1335,560
476,784.642104214546,-1787.8301844117548,7,1952.4343778985249,1336,528
477,629.7510400638492,1850.2469098848674,8,1954.4820285692065,1332,515
478,-1715.9766643623714,-939.9064247912072,9,1956.5275362232958,1331,466
479,1902.1900045891955,-466.55459106192103,7,1958.5709075752147,1333,550
480,-1088.5959757252451,1630.6314119490037,10,1960.6121493043952,1327,522
481,-299.0896415570497,-1939.7281733050315,9,1962.651268055535,1335,510
482,1532.3957465184462,1229.53783026476,7,1964.68827043885,1332,512
483,-1962.512338967761,128.62861034501375,7,1966.7231630303238,1337,556
484,1361.6140440125846,-1421.9729938179892,7,1968.7559523719542,1338,547
485,-43.527714808921665,1970.3058996114064,7,1970.7866449720023,1338,549
486,-1300.1634590400633,-1483.7705280052494,8,1972.8152473052307,1337,531
487,1962.987015237377,216.06012591279594,7,1974.8417658131498,1331,514
488,-1595.025462178927,1167.8586280029363,8,1976.8662069042507,1330,554
489,387.64112590555783,-1940.550014172959,7,1978.8885769542458,1330,572
490,1026.03463849199,1694.4771820873275,9,1980.9088823063012,1330,564
491,-1903.1059045690597,-556.9451642616001,9,1982.92712927127,1333,492
492,1781.3114755791985,-875.7450696234945,7,1984.943324127921,1334,523
493,-722.6588979661165,1850.8819835933348,12,1986.9574731231667,1331,544
494,-718.1131025787641,-1854.8082304930342,10,1988.969582472291,1341,554
495,1784.2205438648775,883.4913982889249,7,1990.9796583591703,1331,535
496,-1914.3473792517666,554.3231111471833,8,1992.9877069364977,1337,531
497,1038.1842239061789,-1703.5766836959012,7,1994.9937343260003,1328,543
498,385.61174517058566,1959.414091504523,8,1996.9977466186585,1332,537
499,-1609.5152346996206,-1185.5212816604455,12,1998.999749874922,1333,535
500,1989.6031716266334,-213.25857416113703,7,2000.999750124922,1338,567
501,-1324.338397606365,1502.7068272372373,10,2002.997753368685,1337,544
502,-38.576362035831,-2004.6226239100667,8,2004.9937655763422,1330,517
503,1383.9231209563256,1453.5325229531338,10,2006.987792688336,1332,529
504,-2004.2963546087653,-137.09895295739372,9,2008.9798406156294,1338,524
505,1572.0705020731689,-1254.0312342646869,9,2010.969915239907,1336,551
506,-312.41849648041244,1988.5659865986136,9,2012.9580224137808,1335,505
507,-1113.9874129358432,-1678.997332880701,9,2014.9441679609884,1335,492
508,1957.4917692195245,486.0308358919382,7,2016.9283576765934,1338,516
509,-1773.4438535722295,964.8299841043918,8,2018.9105973271824,1333,489
510,656.5924175859575,-1911.2525728350577,7,2020.8908926510605,1334,502
511,807.6716476332172,1854.6337939360008,9,2022.8692493584454,1335,543
512,-1850.1449647193188,-822.7779831301697,10,2024.8456731316585,1336,548
513,1921.8901341488775,-643.6911621742291,9,2026.8201696253172,1332,561
514,-983.2908833221929,1774.5813700068707,12,2028.7927444665215,1334,533
515,-474.12448815696115,-1974.6407191511823,7,2030.7634032550418,1335,451
516,1685.087328563691,1136.8732097793861,12,2032.7321515635062,1341,577
517,-2012.4230822846173,300.25545438522926,9,2034.6989949375804,1337,525
518,1282.3156648034292,-1582.2978657003043,8,2036.6639388961546,1338,480
519,123.40601886489954,2034.888437853023,7,2038.626988931521,1337,570
520,-1466.9530015968676,-1418.4670920066985,10,2040.5881505095533,1330,519
521,2041.804808575369,55.07380210681773,7,2042.5474290698858,1328,518
522,-1544.2435925424834,1339.8924310897069,7,2044.5048300260873,1333,496
523,233.81625971661487,-2033.0592604968824,7,2046.4603587658369,1330,559
524,1202.049412026175,1658.6371547290041,8,2048.414020651099,1332,549
525,-2008.6592247573126,-411.44637414534566,7,2050.3658210182884,1339,538
526,1760.7237283770069,-1054.443906677909,11,2052.3157651784477,1335,541
527,-586.5925310356715,1968.7328926325085,8,2054.2638584174138,1336,538
528,-898.1750266617424,-1849.6706791970234,7,2056.21010599598,1333,553
529,1913.5286774128294,757.8970911137661,7,2058.1545131500698,1336,533
530,-1924.743563245359,734.4128374052017,7,2060.0970850908943,1331,506
531,924.0269307685332,-1843.4137439040874,7,2062.0378270051206,1331,550
532,564.3895833648704,1985.3121664335886,7,2063.9767440550295,1332,531
533,-1758.871613577909,-1083.683831636259,10,2065.913841378677,1336,525
534,2030.8557596369687,-389.39039991934874,7,2067.849124090053,1334,507
535,-1235.6146381210253,1660.4988606021527,9,2069.7825972792407,1332,515
536,-210.7435820757712,-2060.967525851359,8,2071.714266012569,1334,541
537,1549.000921092257,1378.621103296819,9,2073.644135332772,1337,509
538,-2075.358122121261,29.810483815441042,10,2075.572210259137,1334,517
539,1511.569345776404,-1425.18704488537,7,2077.4984957876623,1337,551
540,-152.0248749704075,2073.858345545865,9,2079.4229968912055,1332,470
541,-1289.964425896242,-1633.3988428801397,8,2081.345718519631,1329,560
542,2056.4208795152736,333.3664144655694,7,2083.266665599966,1333,515
543,-1743.130888775648,1144.33155361382,11,2085.1858430365387,1336,552
544,512.81673241629,-2023.1211033830573,7,2087.1032557111303,1331,518
545,989.3708344889016,1839.8764501625465,7,2089.018908483118,1341,515
546,-1974.1569559896718,-688.9878903998197,10,2090.9328061896204,1331,517
547,1922.843356516901,-826.2405377968433,8,2092.8449536456346,1335,565
548,-860.5121654879672,1909.8478507585908,9,2094.755355644186,1337,537
549,-656.1661259886637,-1991.3427668548247,10,2096.6640169564603,1329,557
550,1830.6326474366992,1026.0526839002482,7,2098.570942331948,1329,510
551,-2044.794860386957,480.4310345253365,8,2100.4761364985798,1329,485
552,1184.313853869742,-1737.0666928855094,8,2102.379604162864,1327,507
553,300.36697068344745,2082.7337042748527,7,2104.281350010022,1338,550
554,-1629.8179505931046,-1334.0515162183551,7,2106.181378704123,1334,510
555,2104.8112579225744,-117.3438047891242,7,2108.079694888217,1340,535
556,-1474.0827330489944,1509.662245711539,9,2109.9763031844695,1330,503
557,67.24086925129875,-2110.8004797948884,9,2111.871208194288,1331,533
558,1377.4776593749584,1603.2951374974243,12,2113.7644144984556,1331,533
559,-2100.5975095974854,-251.97242442942056,8,2115.655926657262,1334,507
560,1720.6557706286683,-1234.2381127652247,7,2117.545749210628,1334,576
561,-435.4300602106633,2074.2229057323943,7,2119.4338866782327,1329,509
562,-1081.0061878114257,-1825.2193352891616,7,2121.3203435596424,1325,518
563,2031.8219251987884,616.1977477088752,9,2123.2051243344345,1333,480
564,-1916.135801009322,918.9252374869053,9,2125.0882334623193,1335,535
565,792.8751760151679,-1973.6638404902988,7,2126.969675383267,1331,542
566,749.2108443501198,1992.6572988620446,7,2128.8494545176272,1339,568
567,-1900.1402954859502,-964.0886149470736,7,2130.7275752662517,1341,520
568,2054.1442504774695,-573.1416912338119,8,2132.604042010612,1332,555
569,-1128.5016098387516,1811.7627097915847,8,2134.478859112922,1333,528
570,-392.0499127424065,-2100.070681172105,7,2136.3520309162527,1337,527
571,1709.1587483901865,1284.8254250291327,7,2138.2235617446554,1328,534
572,-2130.0286732994273,207.31100048545358,9,2140.0934559032694,1335,473
573,1431.8291543592882,-1593.0678807655265,7,2141.9617176784463,1331,561
574,20.333338667069146,2143.731922451744,8,2143.8283513378587,1333,499
575,-1464.3360607971908,-1568.349419309666,9,2145.6933611306163,1333,553
576,2141.018365970357,167.45255022728827,7,2147.556751287379,1334,550
577,-1693.2995783376973,1323.909565643129,12,2149.418526020468,1331,483
578,354.6049673959678,-2121.8518603093157,7,2151.278689523977,1333,528
579,1172.828038468672,1805.6783745123957,11,2153.1372459738836,1333,503
580,-2086.322891090937,-539.6821232076845,7,2154.9941995281565,1337,519
581,1904.577952655238,-1012.2167861972958,10,2156.849554326866,1332,507
582,-721.2532608458151,2034.6483071330235,7,2158.7033144922902,1335,546
583,-843.2783893980466,-1989.1911818561423,8,2160.5554841290236,1331,477
584,1967.1700772610084,897.9097321718474,7,2162.4060673240815,1333,458
585,-2058.818224405328,667.2836869401893,7,2164.255068147005,1329,485
586,1068.2759399592478,-1884.353076284852,8,2166.1024906499692,1332,541
587,485.5622030931198,2112.8722978276173,8,2167.94833886788,1333,551
588,-1786.781914061817,-1231.0200614050086,8,2169.7926168184836,1335,532
589,2150.884582783038,-299.4920892882432,7,2171.635328502463,1330,529
590,-1384.8644692444784,1675.156829023542,9,2173.476477903545,1334,503
591,-110.48965675255526,-2172.5082360604997,10,2175.3160689885967,1331,548
592,1550.288674861058,1528.5957688668202,7,2177.1541057077243,1341,529
593,-2177.52147469092,-80.001420361644,10,2178.990591994376,1337,498
594,1661.0743725395141,-1413.0930361771864,7,2180.8255317654366,1334,522
595,-270.52114891840375,2165.829704290683,8,2182.6589289213284,1327,507
596,-1264.5835157764286,-1781.2435351816796,10,2184.490787346104,1331,489
597,2137.4666720616233,459.60442320087725,12,2186.321110907545,1328,553
598,-1888.137780053633,1105.8642428137994,7,2188.149903457256,1324,499
599,645.7923076362837,-2092.594632363804,7,2189.9771688307624,1337,558
600,938.1216572144012,1980.8906472254614,8,2191.8029108475976,1331,527
601,-2031.503520384536,-827.6433088385585,8,2193.6271333114023,1334,499
602,2058.7417027172114,-762.615631555658,7,2195.4498400100147,1330,550
603,-1003.7445497702905,1954.609137092743,9,2197.271034715563,1336,515
604,-580.6699969279518,-2121.042751730312,9,2199.090721184554,1335,572
605,1862.4503563326064,1172.7227593069683,8,2200.908903157966,1331,551
606,-2167.263205372511,393.66254411420533,9,2202.7255843613384,1331,492
607,1333.2549916415956,-1755.685372514896,7,2204.5407685048604,1334,516
608,203.01457571580838,2196.9945566721217,8,2206.3544592834583,1343,531
609,-1635.0870148493875,-1484.0789917894929,9,2208.1666603768836,1333,540
610,2209.953928433076,-10.180088566264702,11,2209.9773754498033,1334,502
611,-1624.003125929421,1501.5371613687983,9,2211.7866081518805,1323,534
612,183.36533111547342,-2205.9866625491895,7,2213.5943621178653,1334,533
613,1356.0202930665541,1751.9157984308765,11,2215.400640967678,1340,532
614,-2185.067927719967,-376.1358148987803,7,2217.205448306494,1332,473
615,1866.7942811462033,-1199.6162352518536,11,2219.0087877248257,1332,507
616,-566.6466348782935,2147.3033300353973,8,2220.81066279861,1331,491
617,-1033.4921396624159,-1967.7128848630334,7,2222.611077089287,1331,569
618,2092.9285185656527,753.4256540459602,9,2224.4100341438852,1332,539
619,-2053.8504076857525,858.8937669171138,12,2226.207537495101,1332,515
620,935.0247158836996,-2022.3077858443323,8,2228.0035906613793,1332,508
621,677.136134489252,2124.496800508053,12,2229.7981971469976,1334,485
622,-1935.93167091111,-1110.030884959206,11,2231.59136044214,1338,503
623,2179.0589956119484,-489.59360049192475,8,2233.3830840229803,1327,513
624,-1277.077451188394,1834.413580321013,8,2235.173371351762,1329,496
625,-297.6894581485203,-2217.0658507376907,8,2236.9622258768695,1330,500
626,1718.4854501730267,1434.8546119881307,9,2238.749651032915,1335,524
627,-2238.1721676663146,102.88511983697356,8,2240.535650240807,1332,519
628,1582.1197487721208,-1588.9924797006565,7,2242.320226907834,1335,535
629,-93.33102698700813,2242.161751391177,8,2244.1033844277317,1336,537
630,-1446.8869742429897,-1717.7072171257726,7,2245.885126180767,1333,551
631,2228.94948327335,289.4550068930691,9,2247.6654555338077,1331,473
632,-1840.5375735122213,1293.2213424196736,7,2249.444375840398,1334,562
633,483.9787993721816,-2198.5823891221953,7,2251.2218904408332,1334,534
634,1129.1402990118856,1949.626165485924,7,2252.99800266223,1334,519
635,-2151.239690858985,-675.4019488222833,7,2254.772715818603,1339,539
636,2044.0910170922577,-955.8723313511797,9,2256.5460332109337,1333,542
637,-862.2431521331558,2087.2318382488033,7,2258.317958127243,1331,554
638,-774.7204928890533,-2123.159946376566,9,2260.088493842664,1331,515
639,2006.998525063796,1043.0517342834662,7,2261.8576436195094,1334,528
640,-2186.1768576750146,587.0525930154799,8,2263.625410707346,1334,538
641,1216.418922959548,-1911.1057019081736,10,2265.3917983430592,1336,587
642,394.2908570712519,2232.6071575693777,7,2267.1568097509266,1330,564
643,-1800.2416057313062,-1380.9888344928675,9,2268.9204481426846,1335,512
644,2262.0422500116856,-197.9011348175367,7,2270.682716717595,1333,529
645,-1535.4690853832137,1675.2118337190784,9,2272.443618662518,1334,487
646,0.6182606485493684,-2274.2030731123755,9,2274.2031571519733,1336,522
647,1536.9334967256739,1678.6409463141886,7,2275.9613353482086,1330,534
648,-2268.9426473841218,-199.747998441871,7,2277.71815640127,1334,522
649,1809.3689588580032,-1386.4284946296746,9,2279.473623449063,1335,516
650,-397.95937235808674,2246.247612787236,9,2281.227739617419,1337,511
651,-1224.8159629131214,-1926.6099389843298,7,2282.9805080201627,1338,524
652,2206.2387396735608,593.7260509389987,8,2284.7319317591723,1331,542
653,-2029.4212960043894,1053.3039463155276,7,2286.482013924448,1333,529
654,785.5358447144878,-2149.17040661477,7,2288.2307575941722,1338,553
655,873.1803615549919,2116.9686006633856,8,2289.9781658347747,1334,485
656,-2075.429046067105,-971.9023998020516,9,2291.7242417009948,1330,534
657,2188.5323417039754,-685.8033167867553,7,2293.468988235943,1336,520
658,-1151.3767273475692,1985.5305668063638,7,2295.2124084711636,1338,525
659,-492.59086064049995,-2243.513816318823,7,2296.954505426696,1337,532
660,1880.1167700026983,1322.5584792948182,7,2298.695282111137,1336,558
661,-2281.4401064455355,295.0102382999301,7,2300.434741521697,1332,543
662,1484.106882670664,-1759.950783632759,9,2302.1728866442672,1335,525
663,94.56673612431213,2301.968099783052,7,2303.909720453473,1328,574
664,-1625.911547586159,-1634.7512469565459,8,2305.645245912736,1329,497
665,2304.887521672373,107.207800271178,11,2307.379465974333,1336,512
666,-1773.3009621680005,1478.987389254568,10,2309.1123835794565,1335,468
667,308.7666867889679,-2290.1229515310665,8,2310.844001658269,1333,485
668,1320.2687365333904,1898.65490896385,8,2312.5743231299616,1329,503
669,-2257.734805302073,-508.5602706932698,9,2314.3033509028155,1330,524
670,2009.8102064160512,-1150.9400219758932,7,2316.031087874254,1329,525
671,-705.047858319839,2207.919273315628,7,2317.757536930902,1331,554
672,-972.2708382313218,-2105.870227987699,9,2319.4827009486403,1332,548
673,2141.0072110028887,896.7096087550489,8,2321.206582792665,1331,506
674,-2186.0518217095027,785.6064108703333,7,2322.929185317538,1339,530
675,1082.0583015690822,-2057.4619879855454,7,2324.6505113672465,1328,535
676,592.3574601569123,2249.691676518463,7,2326.3705637752555,1340,567
677,-1957.8763091291016,-1259.650887409288,9,2328.089345364563,1335,500
678,2296.25178315138,-393.9895282543769,8,2329.806858947754,1335,547
679,-1428.0997316736582,1842.9680291295413,7,2331.523107327054,1332,503
680,-192.01185270077093,-2325.323944834873,7,2333.238093294381,1331,550
681,1713.5749900404714,1586.0834636007646,7,2334.951819631403,1336,527
682,-2336.6333002276097,-12.03412927592387,7,2336.6642891095844,1328,571
683,1732.3573459122338,-1570.6489187797258,7,2338.375504490243,1333,482
684,-216.5865579407481,2330.0408285949366,12,2340.0854685246004,1334,553
685,-1415.2484290212283,-1865.763083607601,7,2341.794183953833,1330,526
686,2305.5448149737294,420.0751196485592,8,2343.5016535091245,1333,548
687,-1985.2379946142473,1248.531178921857,10,2345.207879911715,1326,523
688,620.9331150378136,-2263.2812610564856,7,2346.9128658729533,1336,544
689,1071.7452427987146,2089.823469707029,7,2348.6166140943483,1333,499
690,-2203.5232356273777,-817.609533977101,8,2350.3191272676145,1331,494
691,2178.6726543983955,-886.2197611070583,7,2352.020408074726,1331,521
692,-1008.5810441077876,2126.6791665567343,9,2353.720459187964,1332,547
693,-693.354938823626,-2251.0572913208775,7,2355.419283269966,1331,490
694,2033.2900845412412,1192.3638002330802,7,2357.116882973774,1326,501
695,-2306.3736679362487,494.61146756852975,10,2358.8132609428835,1327,503
696,1367.5249829289041,-1924.0258369017033,7,2360.5084198112913,1331,481
697,291.4994514592584,2344.147621161891,7,2362.2023622035435,1336,512
698,-1799.6802977555212,-1532.6939765884767,7,2363.895090734781,1332,506
699,2364.038557653871,-85.56692074514832,9,2365.586608010791,1333,450
700,-1686.5730996480281,1661.1656087048166,8,2367.2769166280486,1334,554
701,121.61197931312077,-2365.842455973674,10,2368.966019173766,1337,550
702,1509.5054917623988,1827.9478029580496,8,2370.65391822594,1333,552
703,-2349.4938246344686,-328.4490341049849,8,2372.340616353394,1330,533
704,1955.696256139694,-1345.8276835171669,8,2374.0261161158273,1332,526
705,-533.3541475987244,2315.0665980138106,7,2375.7104200638596,1329,543
706,-1171.355546461009,-2068.798246271258,11,2377.3935307390743,1332,562
707,2262.7739602716415,734.7475789116909,8,2379.0754506740636,1332,529
708,-2166.3433183519082,987.3989199062573,7,2380.756182392477,1340,520
709,931.0721332640959,-2192.967095662643,9,2382.4357284090584,1328,547
710,795.3442789649017,2247.538092651112,7,2384.114091229696,1338,563
711,-2106.13287191694,-1120.805213152982,9,2385.791273351464,1332,510
712,2311.7127002302127,-596.64427559002,8,2387.4672772626645,1337,504
713,-1302.470636405491,2002.8904716188244,9,2389.1421054428724,1333,509
714,-392.8067406522045,-2358.3262845709437,8,2390.815760362977,1335,523
715,1883.986994675602,1474.650129316508,8,2392.4882444852265,1338,496
716,-2386.9715243141827,185.3832303991521,10,2394.1595602632665,1339,557
717,1635.994405335191,-1750.2920629746206,11,2395.8297101421877,1336,526
718,-24.042795610325133,2397.3781395472934,11,2397.4986965585617,1327,529
719,-1602.791466113488,-1785.2337427221614,8,2399.1665219404845,1336,505
720,2389.415351823578,233.8680749264516,8,2400.8331887076197,1333,485
721,-1921.1879782332155,1442.5798945958493,7,2402.49869927124,1331,500
722,442.48182841970663,-2363.0932760935093,9,2404.163056034262,1331,550
723,1270.852814053936,2042.7758381700116,10,2405.826261391292,1337,496
724,-2318.563230913303,-648.2781380371127,7,2407.4883177286656,1333,551
725,2149.0235330418072,-1088.897540833162,9,2409.1492274244865,1341,522
726,-849.6683208983433,2256.1169616094353,8,2410.808992848666,1329,499
727,-898.0835855999242,-2239.0725475687436,7,2412.467616362964,1337,515
728,2176.1847794536643,1045.0932043000785,7,2414.125100321025,1332,534
729,-2312.1865637854257,699.8523374613717,10,2415.781447068422,1331,523
730,1233.0352067073354,-2079.332628277688,12,2417.4366589426904,1333,491
731,495.70616636891197,2367.75746152849,9,2419.0907382733703,1335,550
732,-1966.2580982647814,-1412.030131055342,10,2420.743687382041,1335,456
733,2405.310347564271,-287.1970262733307,7,2422.395508582362,1333,537
734,-1580.6785786572198,1837.785414833351,7,2424.04620418011,1333,514
735,-75.91464557086647,-2424.507571979896,9,2425.6957764732165,1334,507
736,1694.8594385106956,1737.656894697918,7,2427.344227751804,1333,543
737,-2425.151698167132,-136.5256052067692,9,2428.9915602982232,1336,505
738,1881.7275596745521,-1538.5387194221842,8,2430.6377763870946,1333,518
739,-348.495075777597,2407.1874007145284,7,2432.282878285336,1336,526
740,-1369.987657431184,-2011.7489451932659,7,2433.926868252208,1328,513
741,2370.702273728626,558.3643338698506,7,2435.5697485393434,1328,463
742,-2126.684357223281,1190.4678260002663,7,2437.211521390788,1339,533
743,764.5157023647603,-2315.9265404666266,7,2438.8521890430343,1333,527
744,1001.3285244492048,2225.6102952054252,7,2440.4917537250567,1328,582
745,-2243.231663616468,-965.355739273609,8,2442.1302176583463,1333,538
746,2307.723861275607,-803.9966294078638,8,2443.7675830569488,1335,516
747,-1159.3275641900998,2153.1278640408354,10,2445.403852127497,1333,540
748,-599.9658218537526,-2372.349260249711,8,2447.0390270692455,1333,512
749,2046.2605642436472,1344.9229357927059,8,2448.673110074107,1331,496
750,-2418.9433378770727,390.78527114020727,8,2450.306103326684,1328,487
751,1520.693986644525,-1923.4057811557034,10,2451.938009004306,1332,538
752,178.04786182164727,2447.100112153309,7,2453.568829277059,1338,531
753,-1785.4645010058216,-1685.264523939204,7,2455.1985663078253,1329,512
754,2456.5542601346287,36.62194716842164,9,2456.8272222523096,1336,519
755,-1837.3408079539906,1633.4560769812501,8,2458.454799259079,1338,553
756,251.58053836363797,-2447.1835306565513,7,2460.081299469593,1334,547
757,1468.5106980246453,1975.7217237726497,10,2461.7067250182345,1332,476
758,-2419.0100615695974,-465.1777316521634,7,2463.331078032346,1329,530
759,2099.3082663042446,-1291.8609844045386,9,2464.9543606322604,1336,470
760,-675.7694635893629,2372.200588500084,7,2466.576574931336,1337,539
761,-1104.8327725748607,-2207.112263715769,8,2468.1977230359807,1331,519
762,2307.065540661304,881.7304526288997,8,2469.817807045694,1334,522
763,-2298.264270079519,908.8351582525031,7,2471.436829053091,1336,515
764,1081.4667526247968,-2224.057027813625,7,2473.0547911439407,1330,534
765,705.3498725394497,2372.020564267642,7,2474.6716953971895,1329,542
766,-2123.765731035226,-1273.4280975698668,8,2476.2875438849983,1333,533
767,2427.7691988594465,-495.9200712507608,8,2477.902338672773,1337,502
768,-1456.1199418988735,2006.916718452567,9,2479.516081819192,1333,513
769,-282.13862233970826,-2465.0350500113072,7,2481.1287753762394,1333,557
770,1874.3642154224726,1628.1151027933183,8,2482.7404213892355,1328,474
771,-2483.483826820257,65.63598039345791,9,2484.3510218968654,1331,474
772,1788.0649137477446,-1727.085366802773,7,2485.9605789312104,1328,444
773,-151.93225940604705,2482.9250066306417,9,2487.569094517778,1335,505
774,-1566.173036805639,-1934.7098022140176,9,2489.176570675532,1331,504
775,2463.313670934754,368.8980327759245,8,2490.7830094169185,1342,518
776,-2066.8892083453898,1392.8276994751964,8,2492.388412747901,1333,512
777,583.593606203546,-2424.7512249297533,9,2493.992782667985,1330,520
778,1208.3484799707012,2183.5507667449588,11,2495.596121170251,1336,548
779,-2367.4849923615293,-794.3644068958091,7,2497.198430241378,1324,544
780,2283.758678607288,-1014.1234135379651,8,2498.799711861677,1334,511
781,-999.5817840253316,2291.9066859374393,10,2500.3999680051193,1331,461
782,-811.618995251185,-2366.701207703976,7,2501.999200639361,1335,520
783,2198.5497622612643,1197.655602776081,10,2503.5974117257747,1328,552
784,-2431.6972402539304,602.369099258434,8,2505.1946032194783,1335,523
785,1387.046573734829,-2088.0856788672418,9,2506.7907770693587,1333,540
786,387.9633513215347,2478.2018557880556,11,2508.3859352181034,1331,500
787,-1961.3190794391953,-1566.278221973283,8,2509.980079602227,1334,535
788,2505.8108636124384,-170.03504286436365,8,2511.5732121520964,1331,460
789,-1733.948402706709,1819.1819416294927,7,2513.165334791963,1331,547
790,49.75132150284649,-2514.26426733721,12,2514.7564494399844,1332,491
791,1662.7267299761747,1888.7402736805125,11,2516.3465580082566,1337,505
792,-2503.448628110127,-269.71274796256955,7,2517.935662402834,1336,543
793,2029.432638403106,-1493.118604191981,7,2519.5237645237644,1336,552
794,-488.1606516243708,2473.3983056122743,7,2521.1108662651072,1328,515
795,-1311.626740505536,-2154.909578982567,8,2522.6969695149673,1333,507
796,2424.295564473749,703.4138298845888,7,2524.2820761555154,1338,561
797,-2264.169302601803,1119.6148307144144,7,2525.866188063018,1337,523
798,913.8114112587056,-2356.4695424837078,7,2527.44930710786,1335,498
799,918.5308301073861,2356.3321315430544,11,2529.0314351545726,1336,564
800,-2270.3940857347875,-1117.7256798787876,7,2530.6125740618613,1326,476
801,2430.647573103613,-709.8960313774936,9,2532.1927256826243,1326,501
802,-1313.5746765632273,2166.6844645891138,10,2533.7718918639857,1326,480
803,-495.29354703139825,-2486.5004126822614,7,2535.350074447314,1334,540
804,2046.092993014197,1499.8344788469847,9,2536.9272752682527,1341,501
805,-2523.415780707896,276.3562875607463,9,2538.503496156741,1332,497
806,1675.0510645980814,-1909.503582345117,7,2540.0787389370435,1333,553
807,54.7545267398923,2541.063151871966,8,2541.653005427767,1336,552
808,-1757.925268818247,-1837.8516668246907,7,2543.226297441893,1337,507
809,2539.2592432556676,167.8168511820299,7,2544.7986167867975,1340,500
810,-1986.9555309756122,1592.4847622270743,10,2546.3699652642777,1331,558
811,389.6513249458719,-2517.969786349298,9,2547.9403446705737,1328,470
812,1414.4180707098217,2121.183990428342,7,2549.509756796392,1329,481
813,-2477.3101565804927,-609.0438310196839,8,2551.078203426935,1338,510
814,2239.4697809111008,-1225.061263931721,8,2552.6456863419176,1337,487
815,-824.3038790503514,2417.54485273439,7,2554.2122073155942,1333,507
816,-1025.8404437149607,-2340.8655202806276,7,2555.777768116782,1332,480
817,2339.0858274945163,1033.7685870707696,7,2557.3423705088844,1339,534
818,-2424.5512863339345,818.2609974430306,7,2558.906016249913,1337,558
819,1235.8155358805209,-2242.489679190596,7,2560.468707092512,1334,500
820,603.8962152738225,2489.8412321226333,7,2562.0304447839803,1334,556
821,-2128.453723639928,-1428.8753431714492,8,2563.5912310662948,1335,526
822,2536.189185511731,-384.37535729198487,7,2565.151067676132,1328,524
823,-1611.4438598924958,1997.8109736445974,12,2566.7099563448924,1330,499
824,-161.37126117500097,-2563.1931874259476,7,2568.2678987987215,1329,531
825,1851.5240621902853,1782.09389402758,9,2569.824896758532,1328,522
826,-2570.5989312971883,-63.41241529664325,7,2571.380951940027,1336,537
827,1939.4863703772853,-1690.678153617874,7,2572.9360660537213,1332,523
828,-288.25421951750417,2558.302074605412,8,2574.490240804964,1339,517
829,-1516.4728949423975,-2082.3808390649924,9,2576.0434778939575,1329,500
830,2526.349402027806,511.42809746214374,7,2577.595779015787,1338,527
831,-2209.645250300644,1330.2134670133978,9,2579.147145860429,1331,534
832,731.2166540252338,-2474.938828511958,9,2580.6975801127883,1329,530
833,1133.3008022874951,2320.264918394992,8,2582.2470834527044,1340,487
834,-2404.418239500113,-945.9243783512384,9,2583.7956575549856,1335,504
835,2413.3506040833545,-927.2210425624023,7,2585.34330408942,1333,522
836,-1153.89073223863,2315.2831744850987,8,2586.8900247208035,1339,493
837,-713.5343160497251,-2488.145650845113,8,2588.4358211089566,1331,529
838,2208.1733690051246,1353.5030005199678,7,2589.9806949087474,1330,527
839,-2544.032118043683,493.8629185939881,7,2591.5246477701116,1339,516
840,1543.2088039169207,-2083.868179015484,7,2593.0676813380715,1326,525
841,269.8789886341204,2580.5358613074586,7,2594.609797252759,1332,503
842,-1943.2809202418453,-1721.5281772378885,7,2596.150997149434,1330,520
843,2597.3305185678237,-43.29176961270714,7,2597.691282658507,1336,526
844,-1887.065118908774,1787.452163555102,8,2599.2306554055567,1333,512
845,184.1654430655646,-2594.240368504905,12,2600.7691170113508,1337,524
846,1617.5420355460092,2038.5185216822715,7,2602.3066690918654,1329,502
847,-2571.2420367617697,-410.7485707695006,8,2603.8433132583077,1327,507
848,2174.692398929762,-1434.8215812557034,7,2605.3790511171305,1335,561
849,-634.7161344218764,2528.465034107561,7,2606.9138842700577,1328,503
850,-1240.663253374754,-2294.505326148878,8,2608.4478143140987,1335,574
851,2466.191119691898,854.3426485625195,7,2609.9808428415713,1331,535
852,-2396.999023180293,1036.5305991010202,11,2611.5129714401187,1335,547
853,1067.9319236082163,-2384.852491568075,8,2613.044201692731,1334,523
854,823.96722219111,2481.3460090754506,8,2614.57453517776,1329,489
855,-2285.0288157015825,-1273.8301736940537,7,2616.1039734689443,1336,542
856,2546.8562685444267,-604.585103501532,8,2617.6325181354237,1331,513
857,-1470.43882874326,2167.443113653539,7,2619.1601707417585,1332,494
858,-380.0523684479415,-2592.9828763871756,9,2620.686932847951,1334,524
859,2032.9565379664116,1656.2269514591355,8,2622.2128060094587,1337,531
860,-2619.3265342155228,152.08059427322863,7,2623.7377917772196,1332,546
861,1829.7431627492863,-1882.5620729134644,8,2625.261891697665,1327,523
862,-77.58824622835466,2625.6389820474574,8,2626.7851073127395,1334,518
863,-1717.377206636649,-1989.626982659037,7,2628.307440159922,1337,578
864,2611.825255936489,307.1951048638186,7,2629.8288917722384,1333,518
865,-2134.6194981818117,1538.6356287250173,8,2631.3494636782852,1337,520
866,534.9773401449547,-2577.9447716216555,12,2632.8691574022437,1336,519
867,1347.6780149145902,2263.5732742979344,9,2634.3879744638984,1335,508
868,-2524.211223180629,-759.1822579387334,8,2635.9059163786555,1330,523
869,2375.4614302328014,-1145.941967761167,7,2637.4229846575618,1331,502
870,-978.0806065760114,2450.9912947703224,7,2638.9391808073183,1328,516
871,-934.9511887935915,-2469.385809178762,8,2640.454506330302,1336,495
872,2358.802192676444,1189.9799224460887,9,2641.968962724581,1334,450
873,-2544.5841765453056,716.3039637439188,7,2643.482551483932,1343,528
874,1393.2376230222662,-2248.3080139952503,7,2644.9952740978574,1339,568
875,491.66104792465524,2600.4363891381054,7,2646.507132051602,1329,501
876,-2120.3149772670085,-1586.2737459774098,8,2648.0181268261736,1337,489
877,2636.469485463587,-262.73304363815805,9,2649.528259898354,1327,497
878,-1767.5832355471166,1975.7655492018241,7,2651.037532740719,1337,498
879,-31.267365620785817,-2652.3616555528647,10,2652.5459468216563,1329,475
880,1815.7315102160796,1935.7476805638778,7,2654.053503605381,1330,550
881,-2647.9450572349015,-200.96510608872796,7,2655.560204551951,1331,557
882,2089.446412595165,-1641.4060097651638,9,2657.0660511172846,1327,531
883,-432.1835838387298,2623.2074545983414,9,2658.571044753177,1334,498
884,-1454.0946703509287,-2227.4668773422927,7,2660.0751869073174,1325,549
885,2578.2926633975553,660.611036745785,7,2661.5784790233033,1333,539
886,-2348.714197860437,1255.2058065388333,7,2663.0809225406574,1335,461
887,884.4878568494133,-2513.499797311695,12,2664.5825188948456,1333,557
888,1046.2398322814652,2452.2198542030546,9,2666.083269517289,1332,504
889,-2429.2813181859624,-1102.085421876486,9,2667.583175835385,1337,478
890,2537.1494107310373,-828.7779362574443,7,2669.0822392725177,1334,520
891,-1311.7194500152286,2326.2399026007074,7,2670.5804612480792,1332,514
892,-604.4701107468718,-2602.8092295083143,7,2672.0778431774775,1331,559
893,2205.124146255469,1511.763043469806,12,2673.574386472163,1332,519
894,-2648.6521158771066,375.02262473046295,7,2675.0700925396327,1334,500
895,1700.659319735813,-2066.8231366509617,8,2676.564962783455,1340,499
896,142.1850363780437,2674.2818504095962,12,2678.0589986032796,1330,514
897,-1912.359933332602,-1876.9335324896633,9,2679.5522013948525,1336,553
898,2679.456569906801,92.26315615281628,7,2681.044572550035,1334,475
899,-2039.2045876997806,1742.8840034563882,9,2682.536113456816,1334,474
900,326.52612368609385,-2664.0909688954944,7,2684.026825499328,1335,546
901,1559.6626685856409,2186.1958650176607,7,2685.5167100578615,1332,519
902,-2628.2573020929713,-558.8054706201207,8,2687.0057685088805,1340,498
903,2316.745259659551,-1364.0716263616805,8,2688.4940022250375,1338,521
904,-787.3140495745248,2572.185177498417,9,2689.9814125751873,1332,497
905,-1157.584617952577,-2429.8143658064882,8,2691.4680009244025,1333,502
906,2496.260139058023,1010.289719907126,9,2692.953768633988,1331,493
907,-2524.4967289883134,941.762318914548,7,2694.438717061496,1331,530
908,1226.0089441184548,-2401.0210471675487,9,2695.9228475607383,1326,505
909,718.2405372475004,2600.0251019277525,9,2697.406161481804,1326,502
910,-2287.156274548869,-1432.80011718025,8,2698.888660171071,1331,554
911,2655.777645850915,-488.7178079409125,7,2700.3703449712225,1335,495
912,-1629.0565256536856,2155.498744194749,7,2701.851217221259,1333,545
913,-254.94247814495068,-2691.283027263634,11,2703.331278256514,1331,576
914,2007.019845047703,1813.2488360908142,8,2704.8105294086677,1329,534
915,-2706.224368588417,18.699381225644885,7,2706.288972005761,1333,579
916,1983.9370156202194,-1842.8222697948754,10,2707.7666073722085,1328,524
917,-218.2037986611668,2700.4420197904337,7,2709.2434368288136,1337,573
918,-1664.13182755368,-2139.781591780537,8,2710.719461692781,1341,540
919,2673.935127126442,453.9503672421697,8,2712.1946832777326,1333,506
920,-2279.554163552849,1472.2882922270603,8,2713.669102893719,1329,488
921,686.7285600073014,-2626.861984358961,8,2715.1427218472327,1337,492
922,1268.735354861346,2402.147081118235,9,2716.615541441225,1327,529
923,-2559.5391611192313,-914.7454742697884,7,2718.087562975115,1334,507
924,2506.5822180938003,-1055.0097553747862,9,2719.5587877448065,1333,575
925,-1136.2408862167688,2472.439412501211,10,2721.0292170426987,1332,508
926,-832.7296755245477,-2592.0187668110702,11,2722.498852157701,1334,558
927,2366.1883833669035,1349.5008463945178,7,2723.967694375247,1335,505
928,-2657.759994594675,603.5824808028416,7,2725.435744977305,1336,533
929,1552.8709485928825,-2241.5601301362053,12,2726.903005242394,1335,550
930,369.3119041871883,2703.25890684293,7,2728.369476445593,1336,516
931,-2099.4714919969847,-1744.7691693435997,7,2729.835159858558,1332,487
932,2728.1227710251073,-131.7047691402635,8,2731.300056749533,1327,489
933,-1923.6981783598717,1940.9753523872762,8,2732.7641683833604,1333,523
934,107.42264698605337,-2732.116464376017,7,2734.2274960214995,1334,506
935,1767.252840231144,2088.2570240980767,10,2735.6900409220343,1338,498
936,-2715.1646170443814,-346.2385050080898,8,2737.151804339686,1333,476
937,2237.1521032314936,-1579.6045286738404,8,2738.6127875258308,1334,500
938,-582.9094451098672,2677.3525316628943,8,2740.0729917285057,1337,526
939,-1379.4406968988174,-2369.207328145704,7,2741.5324181924243,1338,500
940,2618.925869685039,815.6146694944011,9,2742.9910681589904,1329,495
941,-2483.3734125575997,1168.2707279573608,7,2744.4489428663087,1337,504
942,1042.559958252093,-2540.289104304743,7,2745.906043549196,1329,551
943,947.6917223435064,2578.7362019798766,8,2747.3623714391956,1333,493
944,-2442.002749267004,-1261.991510499335,9,2748.8179277645872,1333,465
945,2654.5239829508273,-719.3764132489152,8,2750.2727137504016,1334,497
946,-1472.2095039601008,2324.779382317719,8,2751.7267306184312,1341,496
947,-485.0604749855467,-2710.11371267089,7,2753.1799795872407,1330,469
948,2189.4784913561066,1671.5812681078319,7,2754.6324618721824,1335,515
949,-2745.0361188743386,246.52932092412112,8,2756.0841786854044,1330,504
950,1858.553968741032,-2037.1001804714856,7,2757.5351312358653,1337,504
951,5.604491424703424,2758.9796283546334,8,2758.9853207293436,1335,531
952,-1868.7777818969435,-2031.6667054141387,7,2760.4347483684523,1335,546
953,2751.793091489868,235.87026440108068,7,2761.883415352647,1336,465
954,-2189.5619274596434,1685.769428427035,8,2763.3313228782395,1333,522
955,476.043106686098,-2723.487279312435,7,2764.77847213841,1326,541
956,1489.448648958661,2330.9960793864966,8,2766.224864323217,1327,534
957,-2674.2351390641315,-713.0683143953644,7,2767.67050061961,1337,518
958,2454.8493921860836,-1281.2940574605097,7,2769.1153822114384,1334,559
959,-945.1204774112708,2604.3708037024785,7,2770.5595102794673,1338,512
960,-1062.8782127969776,-2560.134743477676,7,2772.002886001384,1337,548
961,2514.387360402915,1170.4085619329953,7,2773.445510551812,1333,529
962,-2646.005516432284,835.85573337145,9,2774.887385102322,1335,548
963,1387.1897407577749,-2404.9333926610893,7,2776.328510821441,1332,490
964,601.9507564596553,2711.762394974465,8,2777.768888874666,1340,530
965,-2276.808320066002,-1593.7828815990688,9,2779.2085204244754,1337,499
966,2756.8590408188006,-362.94383732974694,7,2780.6474066303335,1333,512
967,-1788.5815890097879,2130.9565691151997,8,2782.085548648711,1334,501
968,-120.65838775020649,-2780.906606390355,8,2783.522947633089,1333,518
969,1968.4606175055671,1970.0666987007323,7,2784.959604733972,1340,508
970,-2783.6770465419713,-123.05324276656103,11,2786.395521098898,1337,496
971,2136.81812705199,-1790.5329630872545,10,2787.830697872451,1334,504
972,-366.3239366783091,2765.105201148142,12,2789.2651361962708,1328,510
973,-1598.5070770458829,-2287.5259833790365,7,2790.69883720906,1329,486
974,2725.289630055506,607.2861206317173,8,2792.1318020466006,1338,532
975,-2421.00085800039,1393.8274088140818,7,2793.5640318417622,1335,532
976,844.0861104170291,-2664.4921914318024,8,2794.9955277245076,1328,507
977,1178.0385176456834,2536.183205319198,10,2796.4262908219125,1330,535
978,-2583.1363642049782,-1074.8983784162508,8,2797.8563222581674,1337,549
979,2632.1517479308486,-952.7734126562193,7,2799.2856231545934,1339,529
980,-1297.9396336767613,2481.8043249480884,8,2800.714194629649,1335,490
981,-719.7411893877667,-2708.1308351515595,7,2802.1420377989407,1335,528
982,2361.2327991690977,1511.48260596279,7,2803.5691537752373,1333,501
983,-2763.496697273184,480.7140565452652,7,2804.9955436684745,1336,509
984,1713.8694271965583,-2222.307716433739,7,2806.4212085857675,1333,520
985,237.51385143080446,2797.7825452272923,8,2807.8461496314217,1331,549
986,-2066.057708010924,-1903.5245065847314,7,2809.270367906941,1330,518
987,2810.682474123375,8.001853266896314,8,2810.6938645110395,1331,516
988,-2078.9667994136416,1893.6464947121995,7,2812.116640539649,1332,541
989,253.95394532182178,-2802.0541382449205,7,2813.538697085932,1333,511
990,1706.3642212295738,2238.821373961663,8,2814.960035240287,1325,530
991,-2771.9201744735983,-498.4561629133078,7,2816.3806560903663,1333,553
992,2381.8301861863347,-1505.617801492653,10,2817.8005607210744,1335,503
993,-739.6295684074232,2720.4683606940644,8,2819.2197502145877,1332,497
994,-1292.9203473022267,-2506.861977758626,8,2820.638225650358,1333,524
995,2648.0505054365995,975.6169948586235,8,2822.0559881051263,1332,534
996,-2612.9212195930504,1069.8797596928196,7,2823.473038652928,1335,532
997,1204.59735410284,-2555.1800747674197,7,2824.8893783651065,1334,538
998,838.1865690747437,2699.156030210686,8,2826.3050083103203,1334,532
999,-2442.528572162032,-1424.7996961580618,7,2827.719929554552,1338,495
1000,2764.865006018521,-599.6011161549026,8,2829.1341431611195,1331,505
1001,-1634.51691134375,2310.9206967205278,7,2830.5476501906837,1334,551
1002,-355.940170887961,-2809.502908834274,7,2831.9604517012585,1332,493
1003,2161.3283145309247,1832.1189690647577,7,2833.3725487482225,1331,508
1004,-2832.6851646684518,109.06309122367965,9,2834.783942384322,1333,454
1005,2016.0655905608676,-1994.863287184478,7,2836.194633659686,1332,552
1006,-139.14237284394488,2834.191136828876,8,2837.604623621832,1342,503
1007,-1812.769210323987,-2184.9182570753874,8,2839.013913315678,1328,471
1008,2813.966145768305,386.77452148489795,7,2840.4225037835486,1335,498
1009,-2337.351459815064,1616.4121235936057,11,2841.8303960651842,1332,435
1010,631.9322829514907,-2772.1222176815577,8,2843.237591197753,1332,512
1011,1407.2702613903282,2472.163103722405,7,2844.6440902158565,1332,540
1012,-2708.9375536014504,-872.7298153998121,7,2846.0498941515416,1334,472
1013,2588.28398341838,-1186.922921330566,8,2847.4550040343047,1333,496
1014,-1107.3110204054262,2624.85472056811,9,2848.8594208911045,1336,503
1015,-957.0385342811154,-2684.7862566508074,8,2850.2631457463713,1334,521
1016,2520.4775762783993,1333.8638564252974,9,2851.666179622012,1328,500
1017,-2760.8908481491812,719.3620261079225,7,2853.0685235374212,1328,508
1018,1550.6343417795513,-2396.5669483855227,7,2854.47017850949,1330,526
1019,475.7015669185491,2815.9737248829642,7,2855.871145552614,1337,516
1020,-2254.035099238213,-1755.940138900577,8,2857.2714256787017,1333,518
1021,2849.5709922863466,-227.91480847063636,7,2858.671019897183,1332,507
1022,-1948.183614608028,2093.939016249709,7,2860.0699292150184,1331,525
1023,22.105285450208495,-2861.3827699829267,12,2861.468154636707,1332,537
1024,1917.4725771964563,2125.8642749948967,8,2862.865697164294,1337,524
1025,-2851.2758148505545,-272.44490754702133,7,2864.2625577973813,1333,513
1026,2287.5904781241434,-1725.9576484942356,9,2865.6587375331346,1337,500
1027,-521.1840637795173,2819.2848688385975,11,2867.05423736629,1331,515
1028,-1520.834182817307,-2432.0903331032778,9,2868.449058289165,1337,498
1029,2765.612718714012,766.4113060800273,11,2869.843201291667,1334,526
1030,-2558.221700186011,1303.6493902493094,12,2871.2366673612955,1336,527
1031,1006.2384279142639,-2690.6289647940366,8,2872.629457483161,1333,516
1032,1076.0460644218817,2664.981213300045,7,2874.021572639983,1337,515
1033,-2594.8675056461825,-1238.8150096529998,7,2875.4130138121036,1335,548
1034,2751.5122537676734,-839.750151751305,9,2876.8037819774922,1334,528
1035,-1462.3427016597038,2479.0227556241994,10,2878.193878111758,1341,532
1036,-596.5576578725279,-2817.1118119154667,7,2879.583303188154,1335,541
1037,2343.9446218857424,1675.0891348023551,9,2880.9720581775864,1332,542
1038,-2861.236181701036,348.3209906463802,8,2882.360144048623,1333,523
1039,1875.4013507528002,-2190.6322771279015,9,2883.7475617675004,1333,522
1040,96.93484363763443,2883.5054423546603,8,2885.134312298129,1333,511
1041,-2020.2267736066535,-2061.718647925282,8,2886.52039660211,1334,467
1042,2883.706690274064,155.6782723073611,7,2887.9058156387305,1332,562
1043,-2232.58474320189,1834.002553003172,8,2889.2905703649817,1333,534
1044,407.58273884468605,-2861.7959939513266,7,2890.6746617355607,1333,528
1045,1633.3579152939662,2386.659154665062,8,2892.058090702882,1336,512
1046,-2817.8990544790295,-656.8446686745607,7,2893.4408582170818,1330,541
1047,2522.7277163683634,-1419.8045179062015,7,2894.8229652260256,1333,584
1048,-901.5467590340984,2752.3105641033885,8,2896.204412675321,1325,472
1049,-1194.9559840307122,-2639.712142683212,7,2897.5852015083183,1336,466
1050,2665.4922652894397,1139.8030460049547,7,2898.9653326661223,1331,562
1051,-2736.6785669122037,960.5157059639207,10,2900.344807087599,1323,502
1052,1369.7734460476731,-2558.069722760246,7,2901.723625709382,1333,551
1053,718.2639357009938,2812.8449866054334,7,2903.101789465881,1334,539
1054,-2430.827830891959,-1589.6779725973095,9,2904.479299289289,1344,510
1055,2867.587556296096,-470.04426065614854,9,2905.85615610959,1324,462
1056,-1797.8105178431917,2284.7050886126185,7,2907.2323608545635,1335,590
1057,-217.74956729717917,-2900.445677123068,8,2908.6079144497976,1342,532
1058,2120.786683489593,1992.5520929534598,7,2909.9828178186895,1334,499
1059,-2911.1258419645287,-36.69240038910875,7,2911.3570718824585,1326,465
1060,2172.383423969712,-1940.2964359245807,11,2912.7306775601483,1334,506
1061,-291.333777369039,2899.5042041983465,8,2914.103635768639,1330,476
1062,-1744.5876632345862,-2335.8968053597073,9,2915.4759474226503,1333,477
1063,2865.6278479594425,544.2214962672197,8,2916.84761343475,1327,512
1064,-2481.807118741435,1535.1330318133137,7,2918.2186347153634,1331,495
1065,793.412273989477,-2809.714747707113,7,2919.589012172775,1331,515
1066,1313.5134734744738,2608.9619305388537,8,2920.9587467131405,1330,480
1067,-2732.152414970143,-1036.9875512140025,7,2922.3278392404914,1340,517
1068,2716.3505892514595,-1081.4062494147367,7,2923.696290656743,1329,489
1069,-1273.0682698504152,2633.4952402273425,7,2925.0641018617007,1341,471
1070,-840.5722519420361,-2803.1122505645562,7,2926.431273753067,1335,512
1071,2514.4605479282504,1499.8293745997778,7,2927.797807226448,1332,516
1072,-2868.542766637735,592.8426401418258,7,2929.163703175362,1345,495
1073,1715.5139266596682,-2375.923392585865,8,2930.5289624912425,1329,534
1074,340.10491095213905,2912.1003845242417,7,2931.89358606345,1328,434
1075,-2218.910133603692,-1918.446720394092,9,2933.257574779276,1326,512
1076,2933.410207728292,-84.28851164577033,8,2934.620929523948,1327,491
1077,-2107.047297408543,2044.5908359579805,8,2935.983651180639,1336,508
1078,172.64989656163283,-2932.267384332005,7,2937.345740630476,1339,541
1079,1854.2705529694242,2279.8422569095574,7,2938.7071987525396,1333,528
1080,-2908.6389948467863,-428.7414111754013,7,2940.068026423878,1336,509
1081,2435.476766452955,-1649.3795560961273,7,2941.4282245195104,1333,525
1082,-682.0199827328547,2862.6646228912455,8,2942.7877939124323,1326,459
1083,-1431.4625848935839,-2572.725183156914,8,2944.146735473624,1328,526
1084,2794.6556018930796,930.5375149920768,7,2945.5050500720586,1338,541
1085,-2690.500702130393,1202.167197953704,8,2946.862738574703,1332,500
1086,1172.3788549726826,-2705.0929411783513,7,2948.2198018465315,1332,538
1087,963.2313126936051,2787.86395619416,7,2949.576240750525,1336,509
1088,-2594.6239449700875,-1405.676557458315,10,2950.9320561476843,1330,530
1089,2864.030498895629,-716.4700282605372,7,2952.2872488970315,1332,522
1090,-1628.6253100947172,2464.057547891057,7,2953.641819855617,1333,524
1091,-463.76183150154554,-2918.377111279886,7,2954.995769878529,1333,538
1092,2314.358400475189,1839.4959076197827,10,2956.3490998188972,1336,510
1093,-2950.446881813641,207.03429087028564,8,2957.701810527897,1332,550
1094,2036.6486670261102,-2146.6397478619388,7,2959.0539028547623,1328,531
1095,-51.75065273043318,2959.9530181984264,7,2960.4053776467845,1333,477
1096,-1962.1551542030659,-2218.5461795586634,7,2961.756235749323,1329,552
1097,2946.7813594830845,310.61168587647546,7,2963.1064780058114,1335,520
1098,-2383.765300360146,1762.2891342793055,9,2964.4561052577587,1327,534
1099,567.5632985890068,-2910.9915668195886,8,2965.8051183447633,1333,506
1100,1548.546762335589,2531.0082822582717,8,2967.153518104515,1334,474
1101,-2852.81698132459,-820.6310200486299,7,2968.5013053727976,1335,509
1102,2659.1129665999456,-1322.5423361314508,9,2969.8484809834995,1338,501
1103,-1067.866597097514,2772.66314773421,11,2971.195045768621,1333,520
1104,-1085.9871816057623,-2767.0619511293876,8,2972.5410005582767,1334,486
1105,2671.10501279314,1307.3629988000116,8,2973.886346180701,1335,493
1106,-2853.9906626271404,840.6766903138791,8,2975.231083462258,1332,514
1107,1537.2691314603105,-2548.8828175220733,7,2976.5752132274433,1331,496
1108,588.4766878576288,2919.1942703164027,7,2977.9187362988937,1336,518
1109,-2406.896712581463,-1755.804150514671,10,2979.2616534973895,1336,500
1110,2962.1333848394297,-331.30923684634047,7,2980.6039656418634,1335,549
1111,-1961.2712586118244,2246.2001358167513,9,2981.9456735494027,1340,464
1112,-71.13798245819635,-2982.438496843108,7,2983.28677803526,1340,490
1113,2067.992000654289,2152.0708829473692,7,2984.6272799128533,1333,526
1114,-2979.913118818973,-190.04684762074163,8,2985.9671799937787,1332,513
1115,2326.7131294992,-1873.6077532440017,7,2987.3064790878084,1333,515
1116,-450.2436742473424,2954.535603745579,9,2988.6451780029024,1331,488
1117,-1664.5093650427402,-2483.829417187302,8,2989.9832775452105,1333,537
1118,2906.4596242047032,707.4549122508467,9,2991.3207785190807,1335,475
1119,-2622.1832011127276,1442.2743358328917,7,2992.657681727063,1332,499
1120,959.7023125441754,-2836.0133059097875,7,2993.993987969916,1337,533
1121,1208.5837899093751,2740.6797008713534,9,2995.3296980466107,1341,562
1122,-2743.697019916619,-1205.0421830378655,9,2996.6648127543394,1331,520
1123,2838.3745574367535,-965.2097552841622,7,2997.999332888518,1333,524
1124,-1441.5803712009817,2630.1798481031747,10,2999.3332592427937,1338,489
1125,-714.0017221951374,-2914.4813502066495,7,3000.666592609048,1333,499
1126,2496.294746728366,1667.4868927389994,7,3001.9993337774076,1334,483
1127,-2968.377914447492,456.8725829160233,10,3003.331483536241,1330,504
1128,1881.010093374386,-2343.0324429302473,9,3004.663042672173,1334,566
1129,195.78405978902865,2999.611408488194,7,3005.9940119700836,1331,512
1130,-2171.5341088178393,-2080.4902341132756,7,3007.3243922131182,1333,498
1131,3007.9020895292447,67.26826744908435,7,3008.654184182688,1331,473
1132,-2264.3723945976576,1983.082867301332,11,3009.9833886584825,1337,488
1133,330.2702207496312,-2993.145766795528,7,3011.3120064184645,1332,533
1134,1779.094192850382,2431.2185942374754,8,3012.640038238886,1336,503
1135,-2955.4149108622387,-591.2044524977339,11,3013.967484894288,1336,529
1136,2579.7190366149134,-1561.105279001587,7,3015.2943471575045,1334,509
1137,-848.0659256959784,2894.9584082804067,7,3016.6206257996714,1331,497
1138,-1330.7634524858054,-2708.7023892498896,12,3017.94632159023,1333,514
1139,2812.1999610187845,1098.8773267503266,7,3019.271435296932,1336,522
1140,-2817.145018068521,1089.8137213174145,7,3020.5959676858474,1332,446
1141,1341.7042923353258,-2707.73514065334,9,3021.9199195213628,1336,537
1142,840.0855509942438,2904.1791038106967,7,3023.2432915661952,1333,490
1143,-2582.327117591311,-1574.6703330388082,7,3024.56608458139,1339,524
1144,2969.099576079206,-583.478969052252,9,3025.888299326332,1333,486
1145,-1795.971338613345,2436.9010958345,7,3027.2099365587446,1336,454
1146,-321.9501035541984,-3011.3698097081074,9,3028.530997034701,1335,526
1147,2272.5374937871507,2003.8895526778963,7,3029.851481508624,1333,533
1148,-3030.6260375439383,57.49626562418476,7,3031.171390733292,1338,511
1149,2196.806908596685,-2090.4639213203072,11,3032.490725459849,1334,521
1150,-207.85931016610996,3026.6804435184877,10,3033.809486437802,1340,521
1151,-1892.0460126417142,-2373.2176229850033,10,3035.127674415032,1336,512
1152,2999.5229099713147,472.0829509283526,10,3036.445290137796,1339,459
1153,-2531.7399488184146,1678.7771834156351,7,3037.7623343507307,1337,473
1154,733.14613754092,-2949.3214034772186,8,3039.0788077968627,1338,490
1155,1452.267388961411,2671.1269964116655,8,3040.394711217608,1338,487
1156,-2876.420993869461,-989.041084094599,8,3041.710045352778,1336,550
1157,2790.276537539367,-1214.23096816764,7,3043.0248109405884,1336,522
1158,-1237.796185002716,2781.341511643747,11,3044.339008717656,1326,495
1159,-966.4736649296179,-2888.23971563953,8,3045.6526394190128,1328,512
1160,2664.7738594002444,1477.491210889976,7,3046.965703778105,1334,446
1161,-2964.228593315533,710.8789253949061,7,3048.278202526797,1334,496
1162,1706.2721361017595,-2527.5750033505906,7,3049.5901363953813,1333,560
1163,449.3935750345315,3017.62247716935,9,3050.9015061125788,1338,515
1164,-2370.7616811040266,-1922.3654833066496,10,3052.2123124055443,1333,523
1165,3047.972969292108,-184.01298450014744,7,3053.522555999873,1337,499
1166,-2124.0920741808172,2195.502871872919,7,3054.8322376196047,1338,567
1167,83.23416265896233,-3055.0077044365144,7,3056.141357987225,1335,517
1168,2003.1110848261058,2309.8800795380657,7,3057.449917823675,1334,542
1169,-3038.6327419255463,-350.30138409380686,8,3058.7579178483543,1334,490
1170,2478.277267471572,-1795.0325304945413,10,3060.065358779122,1325,497
1171,-615.1400758806706,2998.9335916364544,7,3061.3722413323085,1335,502
1172,-1572.8362488262667,-2627.9623540640982,7,3062.6785662227107,1338,496
1173,2936.1748638599333,875.7152327309951,8,3063.9843341636065,1337,497
1174,-2757.755367957921,1338.2022756292379,7,3065.2895458667517,1332,470
1175,1130.0210905107592,-2850.7985433911103,7,3066.59420204239,1335,454
1176,1092.9089366674084,2866.6269475033746,7,3067.8983033992504,1336,493
1177,-2743.4208987807788,-1376.0965707874077,7,3069.201850644561,1336,498
1178,2953.7064972697995,-838.8193655288209,8,3070.5048444840468,1337,529
1179,-1612.0404084410482,2614.8280481808397,7,3071.807285621935,1333,527
1180,-577.8673475104761,-3018.2891393438777,11,3073.1091747609617,1332,485
1181,2465.97021357621,1836.0258456119016,9,3074.4105126023746,1334,514
1182,-3059.8414039923136,312.0425971151175,7,3075.7112998459397,1331,529
1183,2046.3147783922361,-2297.9547053267893,7,3077.0115371899396,1329,512
1184,43.375581287357726,3078.0056138590758,12,3078.3112253311883,1331,552
1185,-2112.0376887689677,-2241.2712466855587,9,3079.6103649650227,1333,490
1186,3072.6029258289464,226.07799580542425,8,3080.9089567853184,1337,474
1187,-2419.3741625193275,1909.6147940707576,8,3082.207001484488,1337,470
1188,494.2529278479643,-3043.635004942891,11,3083.504499753486,1332,556
1189,1692.2106395245235,2579.2291777738565,7,3084.8014522818157,1333,493
1190,-2991.2843152184532,-759.090340821217,10,3086.097859757529,1332,486
1191,2719.579598737112,-1461.467346926672,9,3087.3937228672335,1337,553
1192,-1018.5535053649559,2915.913022829858,7,3088.6890422961,1332,529
1193,-1219.1321355686337,-2839.3162620644894,8,3089.9838187278588,1326,499
1194,2818.0605177564835,1270.6435055758393,10,3091.2780528448093,1341,518
1195,-2937.486294560391,967.0440885863815,7,3092.5717453278266,1337,509
1196,1513.4146436592396,-2698.439570632957,7,3093.8648968563575,1328,488
1197,707.1201919301221,3013.3006876454774,7,3095.157508108432,1335,488
1198,-2557.9311520477286,-1744.9894616827282,7,3096.4495797606646,1339,499
1199,3066.1406263657072,-441.3407519702988,7,3097.7411124882597,1330,521
1200,-1963.5732644243976,2397.5779518584404,8,3099.0321069650117,1333,521
1201,-171.73430270525262,-3095.5625222686654,8,3100.3225638633153,1329,478
1202,2218.5766461421144,2167.468030950585,10,3101.6124838541646,1332,501
1203,-3101.3017093470435,-99.63788235960334,12,3102.9018676071596,1335,513
1204,2355.0856070685295,-2022.2689690984857,8,3104.19071579051,1337,526
1205,-370.69755536437543,3083.274772453288,8,3105.479029071038,1336,546
1206,-1810.1316565004295,-2524.960076146752,8,3106.7668081141846,1340,493
1207,3041.5804880454502,639.3654156593082,9,3108.0540535840105,1329,494
1208,-2675.7592119397623,1583.7653360645004,7,3109.3407661432025,1337,456
1209,903.5770657618882,-2976.4993677521816,9,3110.626946453078,1334,514
1210,1344.882448328738,2806.294923948176,9,3111.912595173585,1335,551
1211,-2888.491805963185,-1161.2988792225449,9,3113.197712963313,1331,496
1212,2915.5326134385555,-1095.294289210049,7,3114.4823004794875,1338,520
1213,-1410.5436583912597,2778.1948433780167,7,3115.7663583779836,1332,532
1214,-836.8972723103362,-3002.599366482235,7,3117.049887313323,1333,509
1215,2646.4175690984675,1649.3859614920204,10,3118.332887938682,1334,475
1216,-3066.7909191865524,571.6585151949535,10,3119.615360905892,1336,522
1217,1875.9769807557263,-2494.135194345854,9,3120.8973068654473,1333,451
1218,301.6008592305174,3107.5773396186637,10,3122.1787264665036,1337,567
1219,-2322.481841143434,-2088.5588566183637,7,3123.459620356889,1333,516
1220,3124.6073806904546,-28.787437099095495,9,3124.7399891830996,1328,475
1221,-2285.47831713648,2132.742099246649,11,3126.019833590312,1334,501
1222,244.69409423385162,-3117.7114684086905,7,3127.2991542223776,1328,512
1223,1926.34141415295,2465.199536775718,7,3128.5779517218366,1336,559
1224,-3086.903300320076,-516.7475345592105,8,3129.856226729912,1331,503
1225,2626.3161145533845,-1704.8353781046471,8,3131.1339798865206,1332,496
1226,-785.2842130937264,3032.3800396166985,11,3132.4112118302733,1336,458
1227,-1469.8980045419216,-2767.5620781192383,10,3133.6879231984794,1331,454
1228,2954.5211011319548,1048.2390294994839,9,3134.9641146271515,1335,515
1229,-2887.8218276903885,1223.309074402272,7,3136.2397867510067,1332,535
1230,1303.5863400175617,-2853.885536267987,8,3137.514940203472,1336,495
1231,966.9406499353629,2986.1389417611795,7,3138.7895756166895,1336,513
1232,-2731.2080346698085,-1549.3555664711323,7,3140.0636936215164,1331,531
1233,3061.7237751267935,-702.7428582513916,9,3141.3372948475303,1334,525
1234,-1783.6464078253055,2587.393571115899,7,3142.6103799230345,1334,533
1235,-432.72905259528653,-3113.9597889247034,7,3143.8829494750594,1336,549
1236,2423.510736547877,2004.6435368506707,10,3145.155004129367,1330,502
1237,-3142.4085620415217,158.96046429265212,7,3146.4265445104547,1338,512
1238,2210.630668204209,-2240.783802332347,7,3147.6975712415574,1329,521
1239,-116.4695375930213,3146.8134432808165,12,3148.9680849446536,1335,513
1240,-2040.5835766574921,-2400.003888887624,8,3150.238086240467,1333,530
1241,3127.101814063554,391.45145865155325,10,3151.50757574847,1333,546
1242,-2571.2841475347072,1824.4171213395014,10,3152.7765540868895,1334,494
1243,663.8758410433821,-3083.3859420576828,10,3154.0450218727065,1331,453
1244,1593.9164061766987,2723.1288052754235,7,3155.312979721663,1340,528
1245,-3015.9624169257777,-931.6494510765432,8,3156.5804282482654,1333,543
1246,2854.342157977646,-1350.825986273403,8,3157.8473680657835,1330,488
1247,-1192.7113681823705,2925.3101702569147,10,3159.113799786263,1334,540
1248,-1096.9897953964917,-2963.8848474250753,8,3160.379724020517,1336,520
1249,2812.0870926275297,1445.04885158864,7,3161.64514137814,1333,485
1250,-3050.8820873931636,834.337155365581,9,3162.910052467505,1334,541
1251,1686.7128624999043,-2677.1252715323913,7,3164.1744578957714,1336,515
1252,564.8681076583147,3114.630639570367,7,3165.4383582688824,1335,529
1253,-2521.4248845578095,-1915.8331220470736,10,3166.701754191575,1332,518
1254,3154.604483771548,-290.6381787866939,8,3167.9646462673795,1336,479
1255,-2130.6325886444565,2346.1467925528914,7,3169.2270350986214,1331,533
1256,-13.742695526186157,-3170.45913683171,7,3170.4889212864314,1334,476
1257,2152.603887610788,2329.4412426680615,10,3171.7503054307413,1337,472
1258,-3162.0345848756797,-263.6992302796619,7,3173.0111881302905,1334,528
1259,2510.709071512431,-1942.2512603227183,7,3174.2715699826313,1326,481
1260,-539.5609248895271,3129.356804254248,7,3175.5314515841283,1329,493
1261,-1716.675259938251,-2673.01815405656,8,3176.7908335299635,1337,535
1262,3072.63785723869,811.7244595696459,7,3178.049716414141,1333,515
1263,-2815.0937503278337,1477.5815296846304,7,3179.308100829487,1335,503
1264,1078.0969161557607,-2992.2745594907296,10,3180.5659873676573,1336,474
1265,1226.782107498814,2935.814309645753,9,3181.823376619136,1330,563
1266,-2888.8457272901974,-1336.6264863143972,8,3183.0802691732424,1328,503
1267,3034.220318698028,-966.1816897457949,10,3184.336665618132,1330,495
1268,-1585.318280627598,2763.108023423615,7,3185.5925665408,1339,555
1269,-697.7631620784833,-3109.5219197886736,8,3186.8479725270863,1340,493
1270,2615.990431429718,1822.2497256600589,7,3188.1028841616767,1332,476
1271,-3161.1052388344524,423.57250738614005,7,3189.3573020281065,1328,470
1272,2045.5854301417326,-2448.5873984793484,7,3190.6112267087633,1333,516
1273,145.7032057343589,3188.537372501494,8,3191.8646587848925,1332,483
1274,-2262.1506974556114,-2253.591405290917,10,3193.1175988365976,1330,465
1275,3191.5699940934664,133.71975471946075,7,3194.3700474428447,1333,464
1276,-2444.648529084215,2058.0800687160795,8,3195.622005181464,1336,509
1277,412.5561336780974,-3170.141548348367,7,3196.8734726291564,1338,491
1278,1837.9127114854814,2617.2651499150948,7,3198.1244503614926,1336,529
1279,-3124.3780160923275,-688.6668371273394,7,3199.37493895292,1336,535
1280,2770.088731530155,-1603.3117037711836,7,3200.6249389767618,1335,569
1281,-959.9303325457586,3054.592240653176,8,3201.8744510052234,1339,500
1282,-1356.053438045376,-2901.9164483432864,9,3203.123475609393,1334,530
1283,2961.2818189700106,1224.2589548938033,10,3204.3720133592483,1328,513
1284,-3011.7046481484767,1098.014167632121,8,3205.6200648236527,1340,481
1285,1479.6149780184312,-2845.125571362979,8,3206.867630570367,1322,494
1286,831.1557657141344,3098.5771078222583,8,3208.1147111660457,1330,527
1287,-2706.978614865117,-1724.0263277174547,7,3209.3613071762425,1332,473
1288,3161.8320167618813,-557.5108050786939,7,3210.607419165414,1326,514
1289,-1955.6018152689128,2547.8660757812477,7,3211.853047696921,1337,484
1290,-279.1670721054736,-3200.9476324757416,7,3213.0981933330327,1337,514
1291,2368.975487644639,2172.545773726953,7,3214.34285663493,1336,543
1292,-3215.586562854886,-1.7483669811672264,8,3215.5870381627055,1336,521
1293,2373.171983691387,-2171.647930909217,8,3216.8307384753703,1337,504
1294,-283.085425952959,3205.598640131517,8,3218.0739581308567,1334,524
1295,-1957.3679804649732,-2555.9167805408833,8,3219.316697686017,1325,480
1296,3171.0223622923827,562.687460178061,8,3220.5589576966295,1335,515
1297,-2719.3512412403406,1727.7525363212806,7,3221.8007387174025,1334,514
1298,838.4078039074839,-3112.0848886794574,9,3223.042041301975,1331,461
1299,1484.5386214952032,2862.1923557457003,8,3224.2828660029195,1338,490
1300,-3029.200587593524,-1108.1262563999862,10,3225.5232133717464,1335,466
1301,2983.313095682198,-1229.570239201934,9,3226.7630839589074,1336,492
1302,-1369.7653902369666,2922.9681448330853,7,3228.002478313794,1334,528
1303,-964.7843888093197,-3081.7513013073963,8,3229.241396984747,1335,544
1304,2794.1662531661523,1621.306556351213,9,3230.4798405190527,1334,540
1305,-3156.7173167250103,692.1963466303852,9,3231.717809462949,1343,502
1306,1860.8054624313813,-2643.7479136607435,7,3232.95530436163,1330,552
1307,413.8843234349125,3207.6003128218495,10,3234.192325759246,1336,481
1308,-2472.8333905072373,-2086.407204452784,7,3235.4288741989058,1338,557
1309,3233.973247385823,-131.97361551761736,10,3236.664950222682,1330,494
1310,-2296.3606351021695,2282.7018713693565,7,3237.9005543716135,1334,486
1311,151.3796297730539,-3235.596422251974,8,3239.135687185704,1329,502
1312,2074.7818953202727,2489.0319577802165,7,3240.37034920393,1335,485
1313,-3212.419608036591,-434.00490999761115,7,3241.6045409642425,1335,462
1314,2662.9174406440015,-1850.6406199783894,9,3242.8382630035676,1334,518
1315,-713.7339988360641,3164.5827179749117,8,3244.0715158578114,1333,547
1316,-1611.9720084797489,-2816.655151749636,7,3245.30430006186,1333,536
1317,3092.41502349178,988.4175850733992,10,3246.536616149585,1334,486
1318,-2949.035623723139,1360.5840253405427,9,3247.7684646538455,1333,527
1319,1255.9417916351015,-2996.432915321885,7,3248.9998461064906,1337,532
1320,1098.384938008363,3059.0113644699595,9,3250.23076103836,1338,502
1321,-2877.3362251708813,-1514.2444476765904,7,3251.4612099792917,1336,496
1322,3145.7051391693126,-827.3688279139925,10,3252.6911934581185,1338,508
1323,-1761.3309884357984,2736.003133985005,10,3253.920712002675,1330,499
1324,-549.6004210618644,-3208.416958122591,9,3255.1497661398007,1331,499
1325,2573.4837037894226,1995.2898602284015,8,3256.3783563953375,1334,511
1326,-3246.6297148646822,267.19935358767685,8,3257.6064832941383,1336,492
1327,2214.3073115813877,-2390.992080680571,7,3258.8341473600644,1327,496
1328,-17.676007776538107,3260.013429228334,8,3260.0613491159947,1333,536
1329,-2189.8974268331294,-2416.6814560362805,9,3261.2880890838205,1331,500
1330,3248.4280606963644,302.8450667923441,7,3262.514367784455,1334,515
1331,-2600.8354975749835,1971.7136492284792,9,3263.740185737829,1330,521
1332,586.1216941671045,-3211.9248683035353,8,3264.9655434629017,1340,510
1333,1738.0880021536077,2765.3300158877387,8,3266.190441477655,1336,526
1334,-3150.746304473555,-865.33099149761,7,3267.4148802991026,1337,529
1335,2908.8742157743745,-1490.7886492736031,7,3268.638860443288,1334,475
1336,-1138.3259940947912,3065.324441420207,7,3269.862382425291,1334,493
1337,-1231.6912792236712,-3030.336052764504,8,3271.085446759225,1330,517
1338,2956.277940000207,1403.0041844086334,7,3272.3080539582456,1336,562
1339,-3128.7511555700553,962.7648760310294,9,3273.530204534548,1336,493
1340,1657.3236889847358,-2824.407582118775,8,3274.7518989993723,1332,503
1341,686.0567523596543,3203.3304750746092,8,3275.973137863007,1333,475
1342,-2670.690398846459,-1899.3190341565428,10,3277.1939216347882,1329,519
1343,3253.4665992564,-403.67695936601945,12,3278.4142508231016,1333,511
1344,-2127.116338870392,2496.2724372372936,9,3279.6341259353917,1331,510
1345,-117.78219191738715,-3278.7386835896414,8,3280.8535474781556,1336,531
1346,2302.4602193545566,2338.9478271842163,10,3282.0725159569524,1328,535
1347,-3278.9159570262,-169.4406880266884,7,3283.2910318764,1333,530
1348,2533.165548031126,-2090.71095713113,8,3284.509095740184,1330,470
1349,-455.79138395592554,3253.959774538023,8,3285.7267080510514,1331,502
1350,-1862.6215963384732,-2708.2541957603457,8,3286.9438693108223,1336,500
1351,3204.0241983180185,739.073025209676,7,3288.1605800203865,1336,524
1352,-2862.842931715722,1619.9167720365542,11,3289.3768406797053,1334,555
1353,1017.1090260016914,-3129.455101008143,11,3290.5926517878197,1335,482
1354,1364.4357663561032,2995.7161146357366,8,3291.8080138428486,1333,468
1355,-3030.7877956619745,-1287.7598136556485,8,3293.0229273419886,1335,496
1356,3105.822855901912,-1098.1185672582417,9,3294.2373927815224,1333,501
1357,-1548.939297452188,2908.743208467932,8,3295.451410656816,1328,525
1358,-822.9911339639449,-3192.285324562443,9,3296.6649814623265,1339,525
1359,2764.2226214717507,1798.6309512915218,9,3297.8781056915977,1330,487
1360,-3254.4057365473964,541.1499809917767,9,3299.090783837268,1332,502
1361,2034.9033861553646,-2598.301023556245,7,3300.3030163910707,1337,545
1362,254.74619813769752,3291.671972498838,7,3301.514803843836,1334,539
1363,-2412.2191186782193,-2255.9252920882095,10,3302.726146685492,1332,480
1364,3303.7617790876784,34.0309717671875,8,3303.9370454050727,1333,466
1365,-2459.9796340833727,2207.374050743335,7,3305.1475004907124,1332,474
1366,322.9708719121598,-3290.545519499206,7,3306.3575124296526,1338,513
1367,1985.3089144398439,2645.4769918193747,7,3307.5670817082455,1332,460
1368,-3252.0874498587086,-609.8583593519738,9,3308.776208811953,1333,493
1369,2810.9679396056304,-1747.7011307741593,12,3309.9848942253493,1330,515
1370,-892.4907919822516,3188.645509652475,11,3311.193138432127,1333,457
1371,-1496.3497748821949,-2955.1543701150376,7,3312.400941915094,1329,474
1372,3100.6696255914135,1168.6949443438207,7,3313.6083051561786,1330,492
1373,-3076.899673450675,1233.1619518616085,10,3314.815228636432,1331,531
1374,1436.343722312282,-2988.7985397771627,9,3316.0217128360305,1334,532
1375,960.1383238177551,3175.237691754183,9,3317.227758234276,1329,445
1376,-2853.8551843762953,-1693.372548085194,7,3318.4333653096005,1332,536
1377,3249.380378849082,-679.3578979820554,8,3319.6385345395665,1336,494
1378,-1937.795289224846,2696.8406361996986,8,3320.84326640087,1333,495
1379,-392.9621915933255,-3298.7241042527594,12,3322.0475613693434,1332,469
1380,2518.9266955353833,2167.719608833024,8,3323.251419919956,1336,460
1381,-3322.8545512114174,103.13889418435019,8,3324.4548425268163,1334,540
1382,2381.3616182014084,-2321.447144209226,9,3325.6578296631783,1334,528
1383,-187.89484805164625,3321.550169134233,8,3326.860381801437,1336,468
1384,-2105.887748067521,-2577.0597184658145,8,3328.0624994131344,1336,529
1385,3294.784151844642,477.9093980592771,9,3329.2641829689633,1331,532
1386,-2753.2875238558677,1873.8750788085172,10,3330.465432938766,1328,495
1387,764.6797140246449,-3242.724924343597,7,3331.6662497915363,1328,479
1388,1627.164239261974,2908.665766028645,10,3332.8666339954266,1334,485
1389,-3165.7351322055815,-1046.0024248152145,7,3334.0665860177414,1328,504
1390,3041.973086653439,-1367.6255847548882,8,3335.2661063249516,1331,533
1391,-1319.7127636811588,3064.369139215613,9,3336.465195382682,1336,491
1392,-1097.2305410414115,-3152.1556338172727,10,3337.6638536557275,1331,494
1393,2939.3690503161324,1583.70123004424,9,3338.8620816080443,1333,502
1394,-3238.335386883609,818.0366263544607,7,3340.059879702758,1337,504
1395,1835.929851102024,-2791.6592882786576,9,3341.2572484021644,1328,507
1396,532.1717914000621,3299.817144091177,9,3342.4541881677305,1334,486
1397,-2622.3397636589316,-2074.4479178647075,8,3343.6506994600977,1333,496
1398,3336.094117352621,-241.81819651389424,10,3344.846782739083,1341,454
1399,-2297.40707409823,2432.6776884502,7,3346.0424384636844,1336,518
1400,50.80445030996178,-3346.852089326432,9,3347.2376670920753,1337,496
1401,2224.0980943334107,2503.0756414424413,8,3348.4324690816147,1329,454
1402,-3331.97209880934,-343.45586726111026,11,3349.6268448888454,1331,530
1403,2689.852069671345,-1998.1731264544583,9,3350.8207949694956,1327,468
1404,-633.892354594074,3291.5316317464094,7,3352.014319778482,1336,528
1405,-1756.610193159453,-2856.2774076213796,9,3353.2074197699135,1328,473
1406,3225.804306596234,919.8840011355734,9,3354.400095397089,1327,458
1407,-3001.0466976841485,1501.2390610156222,9,3355.5923471125034,1329,541
1408,1199.2318094302318,-3135.258054331524,7,3356.7841753678476,1333,484
1409,1233.997992668664,3123.019204886468,7,3357.9755806140097,1329,556
1410,-3020.5518049123043,-1469.7846079752721,8,3359.166563301082,1329,447
1411,3221.227400401797,-956.9190325731236,7,3360.3571238783534,1333,528
1412,-1729.4556204437195,2882.530703551244,9,3361.5472627943227,1330,533
1413,-672.1125523220257,-3294.884628786139,8,3362.7369804966906,1339,506
1414,2722.219891410023,1976.2385642456231,9,3363.9262774323697,1331,498
1415,-3343.391398236798,381.7511731431742,7,3365.1151540474807,1339,494
1416,2208.223154210423,-2540.8168964348783,10,3366.3036107873572,1335,471
1417,88.05318807610043,3366.340243657737,7,3367.491648096547,1335,530
1418,-2339.682690773278,-2423.6098915658667,8,3368.6792664188138,1340,515
1419,3363.5191232009806,206.7343896435904,7,3369.86646619714,1340,503
1420,-2620.7240237073397,2120.331481529059,8,3371.053247873727,1332,480
1421,500.3530224189039,-3334.9133201563527,7,3372.2396118899974,1325,544
1422,1884.4193114305804,2798.0285664566577,11,3373.4255586866,1332,528
1423,-3280.70583349638,-790.5499567154644,7,3374.611088703408,1332,503
1424,2954.136287554765,-1633.7315552293624,7,3375.7962023795217,1331,555
1425,-1075.0955113968528,3201.2762519617613,7,3376.9809001532717,1332,501
1426,-1370.16940624353,-3087.820557965481,7,3378.1651824622195,1333,527
1427,3097.198118206844,1351.8002132622953,8,3379.3490497431603,1335,503
1428,-3198.024986128403,1095.7354553442317,7,3380.5325024321246,1337,526
1429,1618.5316480656973,-2969.2348011246495,7,3381.7155409643788,1338,516
1430,812.5184717925317,3283.8717595234943,11,3382.89816577443,1333,425
1431,-2818.333905948082,-1873.2308972957471,8,3384.080377296024,1330,495
1432,3344.668627727894,-522.6775016133817,10,3385.2621759621516,1328,553
1433,-2113.9284339963647,2645.620262989698,8,3386.443562205046,1336,484
1434,-228.42540459281898,-3379.9144714824674,7,3387.624536456188,1337,459
1435,2452.387546850032,2338.7593548834566,10,3388.805099146305,1334,537
1436,-3389.303413062908,-67.9880445381694,9,3389.9852507053774,1332,489
1437,2545.977830938581,-2240.0885885092302,7,3391.1649915626335,1337,537
1438,-364.29336165032134,3372.7274343856348,7,3392.344322146559,1336,521
1439,-2010.324452836952,-2733.9706644962025,8,3393.5232428848926,1337,511
1440,3330.2774806872826,658.218733877398,8,3394.701754204631,1330,516
1441,-2901.269847545156,1764.8323636326784,11,3395.87985653203,1332,483
1442,947.5074422501517,-3262.2430392109923,9,3397.0575502926054,1334,528
1443,1505.4725672685013,3046.5640234864563,10,3398.2348359111375,1332,494
1444,-3169.110194024241,-1229.935192655139,11,3399.4117138116703,1333,503
1445,3168.708762872032,-1234.2142342794443,7,3400.5881844175133,1329,475
1446,-1503.3272219901244,3051.558169791861,9,3401.764248151244,1330,468
1447,-953.1205057679538,-3266.7355726297533,7,3402.9399054347114,1332,497
1448,2910.4543889444485,1765.5750479302762,7,3404.115156689033,1331,532
1449,-3339.8595678912898,664.3327982005786,10,3405.2900023346033,1334,543
1450,2014.6527332741957,-2746.848078127149,7,3406.4644427910885,1338,482
1451,370.05448602339567,3387.4857457078633,7,3407.6384784774336,1335,535
1452,-2561.9624709987575,-2248.632539387869,7,3408.812109811862,1327,516
1453,3409.2138105875783,-72.53408646232354,10,3409.9853372118773,1331,523
1454,-2465.699847781932,2357.1856652898928,9,3411.1581610942635,1337,474
1455,225.95192513403128,-3404.8415128355423,10,3412.330581875091,1329,490
1456,2134.0602024380337,2664.167234309839,8,3413.502599969714,1337,513
1457,-3374.366472040215,-523.1165380399234,8,3414.6742157927747,1334,462
1458,2842.4875868210625,-1894.2714480158786,10,3415.8454297582025,1331,466
1459,-816.6797336104104,3317.986469639385,7,3417.01624227922,1333,515
1460,-1639.6348604811255,-2999.2661642967005,7,3418.1866537683404,1341,531
1461,3236.0982062283356,1104.385983090037,7,3419.3566646373697,1334,495
1462,-3133.271503480872,1372.082244428051,7,3420.526275297414,1335,513
1463,1384.0215814552041,-3129.294531051086,10,3421.695486158872,1337,500
1464,1093.6470924468683,3243.4450877396566,7,3422.8642976314436,1335,520
1465,-2998.3601628528195,-1653.4316840490312,10,3424.032710124131,1335,558
1466,3328.9097022642154,-806.4491268339088,10,3425.200724045235,1335,497
1467,-1910.536914867818,2844.2659328774726,8,3426.3683398023627,1330,500
1468,-512.6781586883324,-3388.9764097148773,7,3427.5355578024273,1335,530
1469,2668.1615921796824,2153.3494184681654,9,3428.7023784516505,1337,545
1470,-3423.1500909026295,214.57738732988287,7,3429.868802155557,1335,495
1471,2379.988231560922,-2471.3672364971408,11,3431.0348293189913,1334,505
1472,-85.57373256553824,3431.133506043564,8,3432.2004603461023,1328,500
1473,-2255.363412612451,-2588.6938554122453,7,3433.3656956403574,1331,529
1474,3412.829843417149,385.47692522546805,8,3434.530535604539,1335,506
1475,-2777.8419161456636,2021.7799803401424,8,3435.6949806407433,1330,508
1476,682.832696058579,-3368.3437338242916,7,3436.85903115039,1330,498
1477,1772.3838139257275,2945.9558068874844,8,3438.0226875342164,1326,478
1478,-3297.9807209877426,-975.3579671039585,8,3439.185950192283,1332,514
1479,3091.718213369793,-1509.0654356645687,7,3440.3488195239734,1337,494
1480,-1260.803610369276,3202.2451898753466,8,3441.5112959279963,1338,505
1481,-1233.8246828688277,-3213.9814330427666,7,3442.6733798023884,1331,503
1482,3081.836766765367,1536.9717443769719,11,3443.8350715445135,1336,502
1483,-3311.776406887426,948.7555168660748,7,3444.9963715510653,1336,491
1484,1801.732660874184,-2937.645216621509,8,3446.157280218069,1333,517
1485,656.0300894441497,3384.3203928918874,7,3447.3177979408856,1336,537
1486,-2770.743874913179,-2053.041251322317,9,3448.4779251142095,1334,545
1487,3431.0232204846066,-357.8821880108527,7,3449.6376621320674,1335,493
1488,-2288.9528064468154,2582.3816623147027,7,3450.797009387831,1330,488
1489,-56.59018566786669,-3451.4920760282907,11,3451.9559672742066,1330,509
1490,2373.973741658769,2507.6380667701355,7,3453.114536183241,1336,536
1491,-3445.5347806858817,-245.54037363312287,12,3454.272716506327,1331,524
1492,2707.397407636635,-2147.090887019557,9,3455.430508634199,1332,565
1493,-546.1944217095818,3413.161533489638,9,3456.587912956938,1335,479
1494,-1903.4476447788304,-2886.674048725613,8,3457.7449298639713,1335,485
1495,3354.5851041878213,843.0651094436221,8,3458.901559744076,1333,504
1496,-3044.066185389302,1644.889375906301,7,3460.0578029853773,1328,439
1497,1133.8715107330372,-3270.219472321083,9,3461.213659975356,1342,523
1498,1373.3782773910177,3178.3379472910806,11,3462.369131100842,1339,463
1499,-3160.676920901123,-1416.3761511981893,8,3463.524216748022,1342,449
1500,3288.4290986940446,-1090.9784887257263,8,3464.6789173024385,1336,479
1501,-1688.4022269095915,3026.763604936258,11,3465.833233148993,1337,468
1502,-799.8403965088546,-3373.4634042942516,9,3466.987164671944,1330,501
1503,2869.4736267808507,1947.8503806014348,8,3468.1407122549113,1336,497
1504,-3432.755594633904,502.18425653303206,7,3469.293876280878,1333,473
1505,2192.7149060570277,-2689.9816617879237,11,3470.446657132191,1337,495
1506,200.28325812525983,3465.8168757905732,10,3471.5990551905616,1335,526
1507,-2489.6341889280357,-2421.099255569801,9,3472.751070837068,1330,446
1508,3472.3589391378846,103.55384005059462,7,3473.9027044521554,1336,507
1509,-2631.230730567051,2269.9393918163505,7,3475.053956415641,1339,531
1510,407.0003700587856,-3452.2964384264583,8,3476.204827106711,1332,459
1511,2032.5558058805575,2821.474241594496,9,3477.3553169039255,1347,517
1512,-3405.7479131537,-707.7295755083381,11,3478.505426185217,1329,449
1513,2990.3450308521947,-1779.2797971251136,8,3479.655155327895,1335,482
1514,-1003.4324565939118,3333.035149087676,7,3480.8045047086457,1334,528
1515,-1512.0319670269296,-3136.520258294002,9,3481.953474703532,1339,508
1516,3234.680978792695,1291.8355024679936,9,3483.1020656879987,1335,473
1517,-3258.8493608944436,1232.842586463446,7,3484.2502780368695,1335,436
1518,1570.7181747364657,-3111.405536980441,7,3485.3981121243523,1331,483
1519,943.8361691609266,3356.363103983779,7,3486.54556832404,1332,571
1520,-2964.1209973885757,-1837.9300076009847,9,3487.6926470089074,1334,481
1521,3428.2812534836135,-647.2153018994705,9,3488.8393485513197,1336,464
1522,-2091.4071929375627,2793.9248295773855,7,3489.9856733230295,1333,519
1523,-345.2438545687656,-3474.018808366256,8,3491.1316216951777,1334,507
1524,2602.091625444243,2329.188522381333,7,3492.277194038297,1328,495
1525,-3493.1907436313404,40.229698088898765,8,3493.422390722313,1333,499
1526,2549.4305632550245,-2390.0635562974403,7,3494.567212116545,1334,500
1527,-265.49293784544534,3485.6152254593735,8,3495.711658589708,1329,497
1528,-2159.439531920101,-2750.4219508978426,9,3496.8557305099107,1331,495
1529,3451.315271877102,569.5813323028448,8,3497.999428244664,1337,485
1530,-2930.5966865795444,1911.9631431094576,7,3499.1427521608775,1331,509
1531,869.7022291359333,-3390.5188441647083,8,3500.2857026248585,1333,504
1532,1649.5094786189352,3088.5463376718644,7,3501.428280002319,1339,544
1533,-3303.657366258702,-1163.549743829038,7,3502.570484658375,1337,502
1534,3223.0310450396228,-1374.0709161869333,10,3503.712316957544,1331,501
1535,-1448.8630837151527,3191.3626814649915,10,3504.8537772637537,1335,579
1536,-1087.7419953402893,-3332.989251643804,9,3505.9948659403367,1338,503
1537,3054.4624678020255,1723.4439453573073,9,3507.1355833500365,1333,517
1538,-3417.5460760548226,792.7034868362094,7,3508.275929855005,1336,496
1539,1985.1734552002617,-2893.97414514509,9,3509.415905816807,1336,462
1540,491.2057799519052,3476.0202648635172,9,3510.5555115964194,1336,497
1541,-2711.097318975778,-2232.028522900715,10,3511.6947475542343,1330,473
1542,3507.9296688172585,-185.55171417057113,7,3512.8336140500587,1330,451
1543,-2462.097481132284,2507.2048168033784,8,3513.9721114431172,1330,479
1544,121.92101370833902,-3512.995198746553,7,3515.1102400920513,1338,502
1545,2283.8323842223217,2673.594890924461,8,3516.248000354923,1336,493
1546,-3491.1432289695927,-428.85773261043994,10,3517.385392589217,1331,432
1547,2864.875397872822,-2042.667117927696,9,3518.5224171518357,1331,467
1548,-732.9048335451195,3442.506427730557,7,3519.6590743991096,1334,525
1549,-1785.5347228078094,-3034.4465316837664,8,3520.795364686792,1331,502
1550,3367.4230062728907,1031.7278210962634,7,3521.931288370061,1337,504
1551,-3180.980349489216,1514.3856893682887,7,3523.0668458035257,1330,515
1552,1323.0292415659812,-3266.43439027349,9,3524.2020373412192,1335,449
1553,1231.280496151143,3303.3238321118015,8,3525.336863336609,1334,481
1554,-3140.2813294753228,-1604.5663500611915,7,3526.47132414259,1334,513
1555,3400.507951914478,-938.3739494286943,8,3527.6054201114957,1338,493
1556,-1874.1683806398055,2989.8984733615907,7,3528.7391515950853,1335,504
1557,-637.898779216544,-3471.755340958525,7,3529.872518944558,1334,440
1558,2816.4074525216347,2129.753286505411,7,3531.0055225105502,1331,520
1559,-3516.4864988438603,332.1486165090124,8,3532.138162643132,1333,465
1560,2369.343821136174,-2621.1085168767495,8,3533.270439691816,1327,496
1561,23.460481548454503,3534.324490734476,7,3534.4023540055537,1335,503
1562,-2405.4707930738123,-2591.0828361264034,8,3535.533905932738,1329,508
1563,3525.098097594787,285.8030831422458,7,3536.665095821203,1333,496
1564,-2793.2476773716767,2171.121234030411,7,3537.79592401823,1334,527
1565,593.2720983382832,-3488.843392491742,8,3538.9263908705416,1334,468
1566,1919.8323437442812,2974.263567996848,9,3540.056496724311,1333,496
1567,-3425.803728862358,-896.5873138254653,8,3541.1862419251547,1337,484
1568,3132.715874059811,-1653.5087699839019,10,3542.3156268181415,1331,524
1569,-1193.418314978563,3336.42813881458,9,3543.4446517477872,1335,513
1570,-1374.172866282349,-3267.361157505143,8,3544.5733170580625,1334,463
1571,3221.368151727934,1481.4814312143608,9,3545.7016230923887,1324,471
1572,-3377.136930026865,1083.9493326944394,7,3546.8295701936395,1330,462
1573,1758.5573086724196,-3081.4730555555434,7,3547.9571587041464,1331,549
1574,785.0490519851513,3461.1700313589354,7,3549.084388965695,1336,498
1575,-2917.7836352076743,-2022.5080118788867,8,3550.211261319528,1336,511
1576,3518.7835659710163,-479.7522442389375,10,3551.3377761063507,1329,515
1577,-2271.2935225920496,2731.524434126738,8,3552.463933666322,1330,490
1578,-170.3910682651366,-3549.5023431257887,8,3553.5897343390666,1338,501
1579,2524.094596554342,2502.987508487642,7,3554.71517846367,1327,492
1580,-3553.056776669227,-140.6681974181978,7,3555.84026637868,1330,517
1581,2715.792239784208,-2297.057358954685,7,3556.964998422109,1335,507
1582,-451.0432578462163,3529.385212689523,8,3558.089374931439,1329,498
1583,-2052.1282695105683,-2908.0525382935502,10,3559.2133962436137,1332,497
1584,3478.634665204018,758.3540505864847,8,3560.3370626950473,1333,460
1585,-3078.268650660596,1791.1622244677324,7,3561.4603746216244,1331,488
1586,1060.2410006146615,-3401.159952224479,9,3562.5833323586976,1330,488
1587,1516.139419293658,3225.1079456762204,7,3563.7059362410923,1338,507
1588,-3297.521236816099,-1354.3831410449645,9,3564.8281866031075,1334,495
1589,3347.4153444442422,-1229.1503210670523,8,3565.9500837785154,1335,511
1590,-1638.515960527424,3168.4799900104927,7,3567.071628100563,1334,485
1591,-932.3797761581002,-3444.222401792801,8,3568.192819901974,1339,519
1592,3014.993404563819,1910.4488400469336,8,3569.3136595149494,1337,520
1593,-3514.7549675676214,628.0903740376295,9,3570.434147271169,1333,484
1594,2168.081944838003,-2838.207300474626,11,3571.5542835017927,1335,512
1595,318.60519391240257,3558.439367252453,7,3572.674068537459,1335,524
1596,-2639.447574800365,-2409.4224411423734,9,3573.793502708292,1331,460
1597,3574.907052648014,-6.290065777751713,9,3574.9125863438953,1329,523
1598,-2632.5999125547073,2420.210259547081,9,3576.0313197733603,1334,505
1599,306.46451863106864,-3563.997685018921,11,3577.149703325261,1331,491
1600,2182.1502621669215,2835.880856687184,9,3578.2677373276583,1330,487
1601,-3525.760625099323,-617.261706652236,7,3579.385422108103,1334,496
1602,3017.682149792237,-1927.0688733995223,7,3580.5027579936313,1328,496
1603,-923.7166571417923,3460.4548165405645,7,3581.619745310772,1337,478
1604,-1656.9001367571204,-3176.5833747619845,7,3582.7363843855446,1334,511
1605,3368.5470616949237,1223.4748436917268,7,3583.8526755434577,1334,516
1606,-3311.337916514499,1373.696182805142,7,3584.9686191095175,1333,515
1607,1514.2301481206237,-3250.708700963929,10,3586.0842154082216,1332,532
1608,1079.6116394612286,3420.8827381159736,11,3587.1994647635647,1336,508
1609,-3107.810719203289,-1793.742605170857,11,3588.3143674990347,1335,488
1610,3504.346761003303,-776.8872367632611,11,3589.428923937622,1336,494
1611,-2059.8556618504404,2940.917314774879,9,3590.5431344018134,1327,476
1612,-467.8327308844121,-3561.057783287605,8,3591.656999213594,1335,515
1613,2751.2779786763945,2310.512818412902,7,3592.7705186944518,1335,496
1614,-3590.547881254917,154.8092775509041,7,3593.8836931653764,1333,537
1615,2543.773522548962,-2540.3181426700958,11,3594.996522946858,1331,500
1616,-159.78861059644004,3592.5572507510105,8,3596.1090083588956,1329,491
1617,-2309.628466384756,-2757.828193935438,8,3597.2211497209896,1333,471
1618,3567.036457054562,473.55138479750696,8,3598.3329473521485,1328,496
1619,-2951.012262808159,2060.9528438942675,7,3599.444401570887,1334,483
1620,784.0729189216243,-3514.147074015788,9,3600.5555126952286,1336,514
1621,1796.1752202007622,3121.819113647801,8,3601.666281042706,1335,492
1622,-3434.2607055730737,-1088.96896473533,10,3602.776706930365,1329,553
1623,3268.911833334632,-1517.305317292737,7,3603.8867906747564,1332,527
1624,-1385.895462107763,3327.956395163421,8,3604.9965325919525,1333,499
1625,-1226.4633779376952,-3391.133672177736,10,3606.1059329975315,1330,462
1626,3196.016440918761,1672.5665635115922,7,3607.2149922065914,1327,503
1627,-3487.5171359878577,925.8640430382027,11,3608.323710533743,1327,454
1628,1946.7722341971978,-3039.4206467941967,10,3609.4320882931156,1333,504
1629,617.7994851700919,3557.291637766514,7,3610.540125798355,1331,498
1630,-2859.339051811887,-2206.39529250393,8,3611.647823362627,1333,531
1631,3599.8896485483615,-304.6219267786807,7,3612.7551812986167,1335,505
1632,-2449.4277589022563,2657.1231913328875,7,3613.86219991853,1328,452
1633,11.274323612819195,-3614.95129837555,10,3614.9688795340962,1323,462
1634,2434.2959555984207,2673.986387504089,7,3616.075220456565,1336,522
1635,-3602.3273902146375,-327.47117996764564,10,3617.181222996714,1334,459
1636,2878.32725989725,-2192.5401216243213,7,3618.2868874648407,1338,542
1637,-641.5452920449687,3562.080801758283,9,3619.3922141707712,1335,515
1638,-1933.6856448039841,-3060.8593282081747,9,3620.497203423861,1341,501
1639,3494.4862623926356,951.0866216855043,7,3621.60185553299,1332,504
1640,-3220.1568022215547,1659.6958061965001,7,3622.70617080657,1334,530
1641,1253.7169396486931,-3400.028505062555,7,3623.8101495525393,1334,476
1642,1372.6523203731201,3354.9702841268636,8,3624.9137920783714,1335,483
1643,-3279.398805235253,-1547.108101013499,7,3626.0170986910694,1326,521
1644,3464.236563953659,-1074.7395167976977,8,3627.1200696971696,1331,532
1645,-1828.99995868164,3133.4899315527664,7,3628.222705402743,1340,466
1646,-768.2277149620088,-3547.086998928029,7,3629.325006113396,1328,495
1647,2963.389544979843,2097.217777128584,7,3630.4269721342694,1344,497
1648,-3602.8544107545217,455.45591982834577,7,3631.528603770043,1335,537
1649,2349.689012215165,-2770.372095202253,8,3632.629901324934,1333,479
1650,138.8139694997376,3631.0784461192416,7,3633.730865102698,1332,527
1651,-2555.889274619251,-2584.459327574392,7,3634.8314954066304,1336,490
1652,3631.5093574345947,179.27572859976326,8,3635.931792539568,1331,495
1653,-2799.707723789052,2321.5591014135143,8,3637.0317568038913,1334,496
1654,496.37673343075113,-3604.1101729148927,9,3638.13138850152,1328,419
1655,2069.1537137863443,2993.760663233482,7,3639.2306879339208,1330,564
1656,-3549.057237392426,-810.0572360718976,8,3640.329655402104,1330,483
1657,3165.105081017485,-1800.5859674331855,7,3641.4282912066255,1331,465
1658,-1117.9087124545963,3466.739117761547,7,3642.5265956475873,1332,468
1659,-1517.8949376272071,-3312.400180884806,7,3643.624569024641,1329,526
1660,3357.7538794780394,1417.5644200000843,8,3644.722211636986,1334,442
1661,-3434.4879241192675,1223.2304358046854,7,3645.8195237833697,1331,510
1662,1706.71759608612,-3222.904753046546,8,3646.916505762094,1339,514
1663,918.8366582387789,3530.4021294289682,9,3648.0131578710075,1337,473
1664,-3063.1942218039535,-1983.139218387572,7,3649.109480407514,1338,477
1665,3599.3761123375643,-607.0350911880842,8,3650.205473668572,1341,553
1666,-2244.6951903290524,2879.8165744563703,10,3651.30113795069,1332,492
1667,-290.2068027597377,-3640.848803731346,8,3652.3964735499353,1334,476
1668,2674.1489776580215,2489.36281913476,8,3653.4914807619302,1338,510
1669,-3654.469298806874,-29.225743412200156,7,3654.5861598818547,1333,507
1670,2715.2464592297183,-2447.7411353410066,8,3655.6805112044462,1333,481
1671,-348.81721374228823,3640.099799647953,9,3656.7745350240016,1329,483
1672,-2202.3036124271134,-2920.5921999982274,7,3657.8682316343766,1332,500
1673,3597.8169269411737,666.1181278238597,7,3658.9616013289883,1333,495
1674,-3103.8014840929754,1939.694910892495,7,3660.0546444008182,1325,485
1675,978.6936357299967,-3527.9113888222305,7,3661.1473611424053,1338,498
1676,1661.907395832806,3263.443550557635,8,3662.2397518458565,1334,463
1677,-3430.8860074351487,-1284.1422055153023,9,3663.3318168028404,1330,504
1678,3398.2666059161616,-1371.0521781154246,12,3664.4235563045927,1339,505
1679,-1580.1140774662742,3307.452116387009,12,3665.514970641915,1336,483
1680,-1069.3430683371027,-3507.207636026044,7,3666.606060105176,1338,484
1681,3158.524354794902,1864.3293432672901,9,3667.696824984311,1339,531
1682,-3589.4007818173773,759.0797240664523,7,3668.7872655688284,1341,524
1683,2134.5955109586835,-2985.213895953695,11,3669.877382147802,1332,532
1684,442.63011868434955,3644.1842129663914,7,3670.9671750098773,1337,487
1685,-2788.820160707762,-2388.824420343599,8,3672.0566444432743,1331,527
1686,3671.1054449977596,-122.4124654918899,8,3673.145790735783,1332,463
1687,-2625.0483783235304,2570.8210772943735,8,3674.234614174767,1337,468
1688,199.1232649072851,-3669.925057187498,7,3675.323115047165,1322,507
1689,2332.8619606507364,2841.435389472864,7,3676.411293639492,1330,483
1690,-3640.618780856837,-519.5140926601287,8,3677.4991502378352,1340,488
1691,3036.3033639568102,-2076.743094854189,8,3678.5866851278624,1329,564
1692,-836.3028986595973,3583.377940113707,7,3679.6738985948195,1336,501
1693,-1804.4061124130528,-3208.133192603825,7,3680.7607909235285,1334,462
1694,3498.608239717157,1147.0572718845447,7,3681.8473623983923,1336,471
1695,-3355.580587504852,1517.9192734663438,12,3682.9336133033944,1335,478
1696,1449.3881894899687,-3386.9269074142994,7,3684.0195439221,1337,498
1697,1219.4617565114754,3477.486595862872,7,3685.1051545376554,1328,480
1698,-3249.1582107321838,-1740.9683861666276,7,3686.190445432791,1334,503
1699,3572.8867048863576,-911.3070799935134,7,3687.2754168898205,1334,481
1700,-2019.550271504444,3086.3273807012642,11,3688.360069190642,1336,546
1701,-595.8057808973949,-3641.018466232936,12,3689.4444026167407,1332,523
1702,2899.6529872468004,2282.9832573960553,8,3690.5284174491862,1336,504
1703,-3681.3275797833994,275.3674823324301,11,3691.612113968639,1330,544
1704,2529.2303618812743,-2690.537822915322,8,3692.6954924553424,1336,489
1705,-47.55751305962393,3693.472388275237,11,3693.7785531891323,1335,492
1706,-2460.558363113128,-2756.3839612278334,9,3694.861296449435,1337,490
1707,3677.3267464597543,370.4969632422306,11,3695.943722515265,1338,466
1708,-2962.6805684284295,2211.452882034025,9,3697.025831665232,1331,461
1709,690.9756171254289,-3632.981240873414,8,3698.107624177533,1335,475
1710,1945.1083138589363,3146.5145236208336,9,3699.1891003299625,1331,491
1711,-3560.742748942295,-1006.5341901072571,9,3700.270260399908,1333,478
1712,3306.4504901516834,-1663.545958540277,7,3701.3511046643494,1332,511
1713,-1314.7482393545843,3461.132338861665,7,3702.431633399866,1330,545
1714,-1368.9061404634754,-3441.234659043377,7,3703.511846882631,1329,477
1715,3334.8815244261705,1613.246793903829,7,3704.591745388417,1335,507
1716,-3549.804574418955,1063.4319364370542,10,3705.6713291925935,1334,497
1717,1899.730596409745,-3182.9269016213166,8,3706.7505985701277,1336,487
1718,749.4520967376557,3631.297502917591,7,3707.8295537955896,1335,431
1719,-3006.4032062327387,-2171.9898161716847,8,3708.9081951431476,1337,523
1720,3685.057281213802,-429.36328927044906,10,3709.9865228865724,1325,468
1721,-2427.9210969617225,2806.6348438883506,7,3711.064537299237,1328,536
1722,-105.61180224883357,-3710.63958735226,8,3712.1422386541167,1331,495
1723,2585.1259557267445,2665.5438081239417,7,3713.2196272237925,1337,534
1724,-3707.815593638878,-219.32515489194049,8,3714.296703280447,1338,480
1725,2883.015373374053,-2343.549094192155,8,3715.373467095872,1340,505
1726,-542.9584093889099,3676.5739711957194,11,3716.449918941462,1332,514
1727,-2083.7325942047105,-3078.645558658695,8,3717.5260590882212,1336,500
1728,3617.1212288977913,862.8058967444147,8,3718.6018878067603,1336,451
1729,-3250.909608282254,1807.646735061396,10,3719.677405367299,1335,513
1730,1176.4116998694485,-3529.8803821674,7,3720.752612039666,1334,482
1731,1517.388797809829,3398.4601272166256,8,3721.827508093302,1329,502
1732,-3415.4879599087985,-1481.3649097092964,8,3722.902093797257,1331,460
1733,3520.1376170101908,-1215.1671314308228,10,3723.976369420193,1335,505
1734,-1775.3181624847123,3274.7893706239956,10,3725.0503352303845,1327,504
1735,-903.2843488998129,-3614.9795829344102,7,3726.123991495721,1331,486
1736,3108.8326613620484,2056.0057109960967,10,3727.1973384837033,1329,454
1737,-3682.2281408722206,584.11978101132,7,3728.27037646145,1337,496
1738,2321.2608908487114,-2918.860715521768,11,3729.3431056956933,1336,483
1739,260.11132169131116,3721.3360638792083,12,3730.415526452784,1337,440
1740,-2706.3019475565184,-2569.0328469390565,7,3731.4876389986875,1335,487
1741,3731.971220249278,66.2631966563184,12,3732.5594435989897,1335,496
1742,-2797.402391062894,2472.759564226899,11,3733.630940518894,1333,483
1743,392.5049554590276,-3714.0193672004602,10,3734.7021300232236,1332,476
1744,2219.9994731230922,3004.5968680229294,7,3735.773012376422,1336,504
1745,-3667.585276869786,-716.113284954257,7,3736.8435878425526,1331,465
1746,3189.0039150799057,-1949.9369296479904,8,3737.9138566853035,1335,486
1747,-1034.6048352840123,3592.99218407262,7,3738.983819167983,1332,483
1748,-1664.6220234337839,-3349.1840079486847,7,3740.0534755535245,1333,477
1749,3490.779558143775,1345.5326367076916,7,3741.122826104484,1332,502
1750,-3483.8816957275694,1366.2241141827344,7,3742.1918710830423,1332,482
1751,1646.5049026184195,-3361.699214036483,9,3743.260610751007,1335,481
1752,1057.0153351072424,3592.035437095258,9,3744.329045369811,1331,488
1753,-3206.7097906123204,-1935.2034308545153,12,3745.3971752005154,1331,482
1754,3672.785960739757,-739.3532894313386,12,3746.465000503808,1331,447
1755,-2209.4014617148114,3026.969636612243,11,3747.5325215400067,1326,500
1756,-415.6630717484155,-3725.4830842166857,8,3748.599738569056,1339,520
1757,2823.8281570596887,2466.9808550933026,11,3749.666651850535,1331,483
1758,-3749.6909371851116,88.41875135873383,8,3750.733261643648,1332,481
1759,2705.948454215495,-2598.815684716554,7,3751.7995682072356,1336,528
1760,-239.87554100707297,3745.1915471476977,10,3752.865571799768,1338,506
1761,-2353.6319526004345,-2924.451509548119,9,3753.93127267935,1334,496
1762,3711.9867583357136,566.7047784696346,10,3754.996671103717,1330,503
1763,-3120.7920435200895,2090.1332543887493,9,3756.0617673302445,1333,516
1764,889.5623085819748,-3650.2984671325585,7,3757.1265616159376,1332,533
1765,1810.318389698757,3293.4400446825352,7,3758.191054217441,1339,476
1766,-3560.5671703243497,-1205.969081530889,10,3759.255245391034,1333,524
1767,3441.045388789111,-1516.3135006631044,7,3760.3191353926336,1335,506
1768,-1513.4926884376478,3443.4488354040896,9,3761.382724477795,1330,508
1769,-1210.355914845442,-3562.4483939277857,7,3762.4460129017143,1334,474
1770,3299.810115037613,1809.7660635273987,9,3763.5090009192218,1331,462
1771,-3656.6889272085577,894.7771172925302,8,3764.5716887847952,1334,472
1772,2092.505706350288,-3130.7219405260953,9,3765.6340767525458,1336,479
1773,571.9849813378008,3723.0139915294435,9,3766.6961650762332,1339,460
1774,-2937.4515415735614,-2359.52928375706,7,3767.7579540092534,1340,461
1775,3760.8837325216828,-244.44539360310307,7,3768.819443804651,1329,520
1776,-2608.772475931935,2721.4529517924725,8,3769.88063471511,1330,468
1777,85.33658655546722,-3769.9758178262978,8,3770.9415269929605,1331,481
1778,2484.356071062795,2838.3049364318545,8,3772.002120890178,1330,497
1779,-3750.188153285857,-414.8358891831959,11,3773.0624166583834,1337,487
1780,3046.345242831533,-2227.954367009721,9,3774.1224145488445,1335,461
1781,-741.526770841196,3701.639913352706,7,3775.1821148124764,1339,458
1782,-1954.1913083963366,-3231.2747221782633,7,3776.241517699841,1329,511
1783,3624.6708759206335,1062.902178590649,10,3777.300623461151,1334,494
1784,-3391.650043961829,1665.1456330584792,11,3778.359432346266,1328,475
1785,1376.492992366036,-3519.839064782251,10,3779.4179446046974,1331,498
1786,1363.0155620636285,3526.2144826389062,7,3780.4761604856076,1335,457
1787,-3387.916715899559,-1679.8869980234833,7,3781.534080237808,1333,474
1788,3633.907761847331,-1050.102079983522,7,3782.5917041097628,1333,538
1789,-1970.7474452513738,3229.8845965506544,7,3783.6490323495914,1329,501
1790,-728.7914084674272,-3713.8744032269137,7,3784.7060652050645,1332,546
1791,3046.924719082435,2246.83104755218,10,3785.762802923606,1340,491
1792,-3765.4705141481722,401.53680663259456,7,3786.819245752298,1336,500
1793,2506.0052856250877,-2840.4115033598778,7,3787.875393937873,1336,429
1794,70.83983710071955,3788.268960551711,10,3788.9312477267254,1334,450
1795,-2611.9014539620994,-2746.2648806680454,8,3789.9868073649022,1328,541
1796,3782.0628834282593,260.76875923761,7,3791.0420730981077,1333,543
1797,-2965.7473103367097,2363.121429641433,7,3792.097045171708,1330,522
1798,590.748433488337,-3746.8675301284775,8,3793.151723830725,1333,445
1799,2095.955593445933,3162.7472472998384,8,3794.20610931984,1331,467
1800,-3682.9203845858256,-916.568295765347,8,3795.2602018833963,1339,493
1801,3335.7298084617664,-1812.4311421236473,7,3796.314001765397,1332,526
1802,-1235.726529757582,3590.679593566277,7,3797.3675092095054,1331,520
1803,-1514.7029228997583,-3483.3425119214057,8,3798.420724459048,1330,493
1804,3470.8206991257534,1545.7696058986985,8,3799.4736477570154,1333,453
1805,-3604.425848535581,1205.0370543715896,9,3800.5262793460593,1330,460
1806,1844.3111455662224,-3324.2317004595525,7,3801.5786194684965,1332,482
1807,885.7936760343572,3698.0223854781543,11,3802.630668366309,1334,474
1808,-3152.006481167889,-2129.0502912509182,8,3803.6824262811424,1332,503
1809,3763.384330355424,-559.4089577717335,12,3804.733893454311,1335,492
1810,-2397.789441266443,2955.436650539334,7,3805.785070126793,1332,516
1811,-228.3765064664739,-3799.9794961676002,8,3806.835956539236,1330,506
1812,2736.0018596725686,2648.451212287711,9,3807.8865529319537,1333,450
1813,-3807.495619606508,-104.77168833827328,7,3808.936859544931,1334,506
1814,2879.0944987787207,-2495.358665022347,9,3809.986876617819,1332,443
1815,-437.4846241045547,3785.8429977578435,8,3811.0366043899394,1337,451
1816,-2235.328023177109,-3087.9295051537556,8,3812.0860431002866,1337,485
1817,3735.1554211362945,767.2118220909716,8,3813.1351929875236,1338,450
1818,-3273.331634258942,1957.8815112666255,9,3814.1840542899868,1334,486
1819,1091.422881624083,-3655.789394025234,7,3815.232627245684,1333,561
1820,1665.1263772763916,3433.854124405753,7,3816.280912092295,1328,457
1821,-3548.321646219619,-1407.6269019059314,8,3817.3289090671765,1330,506
1822,3568.2393366688684,-1359.2895336347267,7,3818.3766184073565,1333,508
1823,-1713.3916222655553,3413.5449533806072,9,3819.42404034954,1333,463
1824,-1042.7006156679752,-3675.4286044059713,8,3820.4711751301047,1334,488
1825,3252.462296202512,2006.3621337587806,8,3821.5180229851076,1333,471
1826,-3754.570567888836,717.7742338248844,8,3822.564584150279,1338,467
1827,2284.279018147671,-3066.279401367447,7,3823.610858861032,1336,484
1828,386.9915548959759,3805.027928470328,8,3824.656847352452,1336,436
1829,-2856.395719721855,-2544.9957745258953,9,3825.702549859306,1332,462
1830,3826.382568762765,-52.88135274804226,8,3826.7479666160402,1330,494
1831,-2786.495399167739,2624.393909156364,9,3827.793097856779,1339,479
1832,281.9993266840298,-3818.4389977777246,9,3828.8379438153293,1333,502
1833,2372.0279012130736,3006.9059905269237,7,3829.8825047251776,1335,488
1834,-3781.226092780386,-615.0847382895897,9,3830.926780819492,1333,517
1835,3204.5152586492204,-2101.2096413933373,8,3831.970772331125,1333,443
1836,-943.8200987147608,3714.9971226451926,10,3833.0144794926096,1338,517
1837,-1813.9946034097716,-3377.783826534822,7,3834.0579025361626,1331,508
1838,3620.228050664077,1265.68118465314,9,3835.101041693686,1336,480
1839,-3525.3572201301404,1512.5661871390246,11,3836.143897196767,1339,475
1840,1578.1937181295332,-3497.614127953008,9,3837.186469276676,1331,464
1841,1199.2191187129717,3646.076453574895,7,3838.2287581643695,1331,476
1842,-3348.0648017258386,-1878.9523898823313,7,3839.2707640904937,1334,503
1843,3738.987127003579,-876.3419789679818,7,3840.312487285377,1334,499
1844,-2165.6393745617784,3172.696975657724,10,3841.3539279790402,1329,477
1845,-546.3989932940224,-3803.3469655196163,7,3842.395086401188,1329,484
1846,2972.8266722265644,2436.042195221243,7,3843.43596278122,1333,510
1847,-3838.631739839481,211.9112217342948,8,3844.4765573482173,1332,463
1848,2688.070799353908,-2749.9591592714323,7,3845.5168703309573,1333,505
1849,-124.56270706387676,3844.5395214523305,7,3846.5569019579048,1331,526
1850,-2505.777614788501,-2919.773714729422,7,3847.5966524572186,1332,478
1851,3820.993237864003,460.4461707925932,11,3848.6361220567474,1334,525
1852,-3129.3531600966066,2242.130415340147,10,3849.6753109840315,1334,505
1853,793.1642875391436,-3768.1415064952803,7,3850.7142194663056,1330,493
1854,1961.017144064191,3315.1789937628296,7,3851.752847730498,1337,538
1855,-3686.3577389838697,-1120.163657790115,8,3852.7911960032297,1333,420
1856,3475.8013918269544,-1664.5734242062765,7,3853.829264510819,1329,491
1857,-1438.9319629964302,3576.2375208964017,7,3854.867053479277,1337,487
1858,-1355.0546932186326,-3609.9621574728676,7,3855.904563134311,1328,516
1859,3438.5942850895217,1747.0172702494037,8,3856.9417937013254,1326,451
1860,-3716.604573124259,1034.8190407176742,9,3857.978745405423,1323,498
1861,2042.046894710515,-3274.453310066146,7,3859.0154184714006,1334,496
1862,706.3092409052181,3794.881718342733,8,3860.0518131237563,1331,483
1863,-3085.0440875535187,-2321.745674670479,8,3861.0879295866857,1339,480
1864,3844.1631880361288,-372.03411637631746,8,3862.1237680840836,1337,483
1865,-2583.9535184627916,2871.791116084831,7,3863.1593288395443,1339,487
1866,-34.54937551141547,-3864.040157743158,9,3864.1946120763637,1331,500
1867,2636.3031894990777,2826.642087891035,11,3865.2296180175376,1333,523
1868,-3854.328755381093,-303.56193015995325,7,3866.2643468857636,1332,499
1869,3047.9304893072867,-2380.3612608910944,7,3867.298798903441,1329,490
1870,-639.709179165609,3815.071711788818,10,3868.332974292673,1334,464
1871,-2105.9049735555927,-3246.099850952496,8,3869.366873275265,1332,509
1872,3746.538275569228,971.3140324811316,10,3870.4004960727257,1335,475
1873,-3419.6066735822446,1815.0179607904104,8,3871.433842906269,1333,488
1874,1295.830212949363,-3649.2223910317675,7,3872.466913996813,1337,476
1875,1509.9120259751776,3567.0948506894983,9,3873.499709564982,1333,459
1876,-3523.8391513561287,-1610.7630599718013,8,3874.532229831106,1332,483
1877,3687.40626472936,-1192.9103230480769,7,3875.5644750152196,1332,522
1878,-1913.6887092768611,3371.3195523394493,8,3876.59644533707,1330,521
1879,-866.4296652976665,-3779.5898765728766,7,3877.628141016103,1342,449
1880,3192.803585150225,2202.272750285911,7,3878.6595622714813,1337,514
1881,-3842.9092368854576,532.9620972080783,7,3879.690709322072,1340,562
1882,2474.288217448106,-2989.631719292106,9,3880.721582386451,1341,463
1883,195.0558698909165,3876.848360153012,11,3881.7521816829058,1330,498
1884,-2763.3348393814726,-2727.632776870921,11,3882.7825074294337,1331,456
1885,3881.1159145739266,144.70403463964743,8,3883.812559843742,1338,480
1886,-2960.34497559818,2515.6227112686456,7,3884.8423391432502,1337,489
1887,483.71568147815015,-3855.647693902041,8,3885.8718455450894,1331,523
1888,2248.3710643917802,3170.6194279360893,10,3886.9010792661034,1337,450
1889,-3800.60735046659,-819.3801117792193,7,3887.9300405228487,1333,515
1890,3356.820821247395,-1963.6073879571657,9,3888.958729531595,1327,459
1891,-1149.1212699852933,3716.385381909065,9,3889.9871465083274,1332,476
1892,-1663.4955485070388,-3517.496632563743,7,3891.015291668745,1335,520
1893,3603.5963775622104,1470.4057765190246,10,3892.043165228258,1329,485
1894,-3651.3884571390963,1350.3193455888018,8,3893.0707674020005,1336,511
1895,1780.7623941528366,-3463.074543750258,7,3894.0980984048156,1330,459
1896,1026.4651305067296,3757.441860608598,9,3895.125158451266,1332,491
1897,-3295.8675405095582,-2077.8010384575987,7,3896.151947755631,1332,491
1898,3834.8146776473823,-694.4036204544166,7,3897.1784665319087,1324,468
1899,-2359.2311860716763,3103.228675213419,7,3898.2047149938135,1337,533
1900,-356.6710466363028,-3882.8836918572993,8,3899.230693354781,1336,455
1901,2886.6075112343606,2622.879538996286,8,3900.256401827962,1330,473
1902,-3901.2496439559395,15.84978024009476,7,3901.281840626232,1330,470
1903,2866.7068086800837,-2647.6389619937327,7,3902.307009962184,1335,492
1904,-325.45141572258416,3889.7405281077768,7,3903.3319100481326,1332,515
1905,-2388.130952438563,-3088.823490263709,7,3904.3565410961123,1330,470
1906,3848.4131493239825,664.6173576654965,8,3905.3809033178823,1334,501
1907,-3287.504504964068,2110.0507410583646,11,3906.4049969249213,1329,459
1908,999.0464828561243,-3777.552928165641,8,3907.4288221284337,1331,472
1909,1815.5100059248628,3461.202597131047,9,3908.452379139344,1333,499
1910,-3677.671952412696,-1326.1708074139578,7,3909.4756681683034,1333,494
1911,3608.5603819415796,-1506.7488078248612,7,3910.498689425685,1334,489
1912,-1643.4756477490146,3549.5052888051814,9,3911.5214431215886,1330,521
1913,-1186.1185522865023,-3728.4209499360145,7,3912.5439294658404,1331,509
1914,3394.0055813209883,1948.518953965288,7,3913.5661486679896,1332,505
1915,-3819.836945571858,856.0640801039706,8,3914.588100937313,1335,495
1916,2238.9501065718255,-3212.335975623037,7,3915.6097864828157,1336,453
1917,519.10502278456,3882.0780485868445,7,3916.631205513228,1339,511
1918,-3005.861422187049,-2512.528031805347,10,3917.652358237009,1330,477
1919,3914.63679913838,-177.8165651215242,7,3918.6732448623475,1337,518
1920,-2767.1384959434586,2776.1384231100183,11,3919.69386559716,1346,520
1921,165.1902382090876,-3917.2327203269942,9,3920.7142206490894,1337,506
1922,2524.9032996028136,3000.810445138917,7,3921.7343102255154,1332,532
1923,-3889.814704720928,-507.2884415565187,8,3922.7541345335426,1331,458
1924,3211.7312644868925,-2254.059068595458,10,3923.773693780007,1337,498
1925,-845.8553298147747,3832.561644778064,9,3924.792988171478,1340,504
1926,-1965.661027642317,-3398.26083819476,7,3925.812017914256,1331,481
1927,3745.8813005084066,1178.2925284077157,7,3926.8307832143723,1330,488
1928,-3558.944301796094,1661.901157323478,9,3927.849284277593,1335,495
1929,1502.0459475228201,-3630.407411232282,10,3928.8675213094175,1333,475
1930,1345.0914595204065,3692.5233872685576,7,3929.8854945150756,1328,446
1931,-3486.9950717627917,-1814.6254074882795,10,3930.903204099536,1341,528
1932,3797.946272604012,-1017.6463582273036,8,3931.9206502675,1331,511
1933,-2113.6237944752015,3316.7144066724004,11,3932.937833223404,1335,468
1934,-682.0642968799325,-3874.3758587573407,7,3933.954753171419,1334,495
1935,3120.842589390404,2396.7355991529394,9,3934.971410315455,1336,519
1936,-3921.19640888151,340.90867248392857,10,3935.9878048591568,1335,520
1937,2661.7746955057632,-2900.8542656199056,7,3937.0039370059053,1327,488
1938,-3.211747944653993,3938.0184972489833,8,3938.0198069588223,1329,503
1939,-2658.4104528615503,-2906.691222699179,8,3939.0354149207647,1336,484
1940,3924.682228168585,347.6627789937695,7,3940.0507610943287,1340,504
1941,-3129.5874396218387,2395.3459995919634,7,3941.0658456818505,1332,475
1942,689.8049839154385,-3881.258698433463,7,3942.080668885404,1333,527
1943,2113.655698776787,3328.732429473479,12,3943.095230906806,1326,473
1944,-3808.0496902790337,-1027.0139027129835,8,3944.1095319476103,1333,501
1945,3502.57554046235,-1815.4791608153685,7,3945.123572209114,1336,473
1946,-1356.700186210443,3705.5855953865844,8,3946.1373518923538,1334,500
1947,-1503.0845606358894,-3649.758458251452,7,3947.15087119811,1336,510
1948,3574.6215840348423,1676.3294816211514,7,3948.164130326905,1331,483
1949,-3769.1258161789497,1178.851382411441,8,3949.1771294790005,1338,459
1950,1983.4419168799427,-3416.1320469741236,8,3950.189868854407,1339,474
1951,845.2522931811596,3859.734260395655,7,3951.202348652876,1337,491
1952,-3231.303350872309,-2275.671033924146,7,3952.2145690739007,1330,516
1953,3920.8598988267936,-504.83428347522664,7,3953.2265303167233,1331,532
1954,-2550.7620251813196,3021.5249611566824,8,3954.238232580328,1329,534
1955,-160.19921880493848,-3952.0040751869537,7,3955.2496760634467,1329,498
1956,2788.3789986509973,2806.5891327164472,11,3956.2608609645545,1337,456
1957,-3952.8974220620457,-186.01604945605203,7,3957.2717874818763,1328,519
1958,3041.1720757693324,-2533.6283084858464,7,3958.28245581338,1335,546
1959,-531.1598617427704,3923.5021602228535,8,3959.2928661567835,1328,506
1960,-2259.20313124964,-3252.6913797272287,8,3960.3030187095533,1335,478
1961,3864.0126247506632,872.5860620978825,9,3961.3129136689013,1329,520
1962,-3439.5024878731447,1967.1864771582914,8,3962.32255123179,1332,466
1963,1207.6742884884486,-3774.8540121339684,7,3963.3319315949298,1338,539
1964,1659.7983140705412,3600.1485464642406,7,3964.341054954782,1334,528
1965,-3656.6793561323852,-1533.850086036848,9,3965.3499215075585,1332,428
1966,3733.3717637574705,-1339.378689384908,7,3966.3585314492184,1333,545
1967,-1848.604688762226,3510.364753795012,7,3967.3668849754745,1329,499
1968,-1008.3699141519257,-3838.123254434807,8,3968.37498228179,1336,443
1969,3337.0028764613835,2149.5143178142475,8,3969.382823563381,1334,466
1970,-3913.571292405729,669.2979450571703,7,3970.390409015214,1334,496
1971,2434.2588477347385,-3137.894813760516,10,3971.39773883201,1327,454
1972,324.75310621934887,3959.107907092314,10,3972.4048132082407,1337,491
1973,-2914.5403114559717,-2700.6396969788707,10,3973.4116323381345,1330,480
1974,3974.3537709400402,22.62970204581252,9,3974.4181964156714,1340,502
1975,-2946.596804731036,2668.626476363608,11,3975.4245056345867,1334,476
1976,370.19115626203086,-3959.161338948614,7,3976.4305601883707,1338,496
1977,2402.0150333982206,3170.2245629180507,9,3977.4363602702683,1331,538
1978,-3913.6162143822958,-715.2678704681156,8,3978.441906073281,1332,470
1979,3369.786580202225,-2116.7282309944735,7,3979.4471977901653,1336,560
1980,-1055.21280862375,3838.036728395962,9,3980.452235613436,1330,508
1981,-1814.9335016097414,-3543.729163569728,8,3981.4570197353632,1336,473
1982,3732.971734997667,1387.4155922824666,8,3982.461550347976,1328,502
1983,-3690.693412848702,1498.9269936708715,9,3983.465827643058,1334,462
1984,1709.3225477144483,-3599.196636455834,10,3984.469851812158,1333,520
1985,1171.1161000984814,3809.5258340231953,7,3985.4736230465755,1334,525
1986,-3437.7076678444746,-2018.4563385030901,12,3986.4771415373743,1334,500
1987,3899.287388473061,-834.0011163631214,9,3987.480407475377,1326,530
1988,-2312.4350326633094,3249.7144827986713,10,3988.483421051164,1330,446
1989,-490.1561678364711,-3959.260907181019,9,3989.486182455079,1332,466
1990,3036.6310956221087,2588.9904575144483,7,3990.488691877224,1334,488
1991,-3988.956811415204,142.20955194447663,12,3991.4909495074644,1335,489
1992,2845.985700855293,-2800.065247548207,9,3992.4929555354256,1330,497
1993,-207.17635473714108,3988.117094323815,9,3993.4947101504963,1334,509
1994,-2541.8062771088235,-3081.4316233936106,9,3994.4962135418277,1333,455
1995,3956.7175311690935,555.3254708179301,7,3995.4974658983333,1334,489
1996,-3293.5022548296183,2263.8115861158194,9,3996.4984674086895,1333,485
1997,899.5685099193458,-3894.9680994793125,9,3997.499218261337,1337,479
1998,1968.191803621916,3480.5489544259412,7,3998.499718644482,1333,474
1999,-3803.3116041060143,-1237.2634489358102,8,3999.499968746093,1332,515
